date,portid,portname,n_container,n_dry_bulk,n_general_cargo,n_roro,n_tanker,n_cargo,n_total,capacity_container,capacity_dry_bulk,capacity_general_cargo,capacity_roro,capacity_tanker,capacity_cargo,capacity,year,month,day,objectid,expected_tanker_capacity,tanker_capacity_loss,tanker_capacity_shortfall_fraction,severe_flow_shortfall,flow_episode_id,episode_onset,target_flow_episode_onset_next_1d,target_flow_episode_onset_next_3d,target_flow_episode_onset_next_7d,episode_tanker_capacity_loss
2019-01-01,chokepoint6,Strait of Hormuz,6,9,1,3,33,19,52,129147,272678,0,2898,2390755,404724,2795480,2019,1,1,14433,1719314.4561033829,0.0,0.0,0,0,0,0.0,0.0,0.0,
2019-01-02,chokepoint6,Strait of Hormuz,13,9,0,2,37,24,61,547743,419636,0,2013,1022523,969394,1991917,2019,1,2,14434,1826548.0,804025.0,0.4401882677049823,1,0,0,0.0,0.0,0.0,
2019-01-03,chokepoint6,Strait of Hormuz,10,9,3,0,49,22,71,428426,330114,3891,0,2841667,762432,3604099,2019,1,3,14435,1897125.3475262388,0.0,0.0,0,0,0,0.0,0.0,1.0,
2019-01-04,chokepoint6,Strait of Hormuz,10,11,2,1,35,24,59,448045,279996,22708,8512,1207506,759264,1966770,2019,1,4,14436,1896965.0783293045,689459.0783293045,0.36345375368561084,1,0,0,0.0,0.0,1.0,
2019-01-05,chokepoint6,Strait of Hormuz,10,13,3,1,34,27,61,359502,659561,2521,0,1830227,1021585,2851813,2019,1,5,14437,1927476.3740089703,97249.37400897034,0.050454249567117,0,0,0,0.0,0.0,1.0,
2019-01-06,chokepoint6,Strait of Hormuz,6,12,0,2,36,20,56,78135,352530,0,7826,2219169,438493,2657662,2019,1,6,14438,1802039.6741673504,0.0,0.0,0,0,0,0.0,0.0,1.0,
2019-01-07,chokepoint6,Strait of Hormuz,8,7,4,1,52,20,72,290939,226869,14350,2281,1940965,534441,2475406,2019,1,7,14439,1844350.751483137,0.0,0.0,0,0,0,0.0,1.0,1.0,
2019-01-08,chokepoint6,Strait of Hormuz,7,10,6,1,31,24,55,305673,382677,50264,0,515105,738615,1253720,2019,1,8,14440,1744767.6670685906,1229662.6670685906,0.7047715809260523,1,0,0,0.0,1.0,1.0,
2019-01-09,chokepoint6,Strait of Hormuz,5,7,4,1,21,17,38,182230,281960,9307,0,1805444,473499,2278943,2019,1,9,14441,1835785.0,30341.0,0.016527534542443694,0,0,0,1.0,1.0,1.0,
2019-01-10,chokepoint6,Strait of Hormuz,8,8,5,2,35,23,58,279030,189300,25189,12097,789993,505618,1295612,2019,1,10,14442,1897125.3475262388,1107132.3475262388,0.5835841838125703,1,1,1,0.0,0.0,0.0,4697968.326882237
2019-01-11,chokepoint6,Strait of Hormuz,8,8,3,1,40,20,60,315331,220227,4757,6926,1008345,547242,1555588,2019,1,11,14443,1929464.183167649,921119.183167649,0.4773963627847317,1,1,0,0.0,0.0,0.0,4697968.326882237
2019-01-12,chokepoint6,Strait of Hormuz,7,9,4,0,35,20,55,181450,214084,28206,0,481324,423741,905066,2019,1,12,14444,1956885.3806388269,1475561.3806388269,0.7540356707847287,1,1,0,0.0,0.0,0.0,4697968.326882237
2019-01-13,chokepoint6,Strait of Hormuz,6,11,2,1,24,20,44,338527,350088,5407,0,1557452,694023,2251475,2019,1,13,14445,1887599.4657986003,330147.46579860034,0.17490334776023178,0,1,0,0.0,0.0,0.0,4697968.326882237
2019-01-14,chokepoint6,Strait of Hormuz,4,4,3,4,35,15,50,233937,71235,15603,0,2088547,320776,2409324,2019,1,14,14446,1934284.6408113595,0.0,0.0,0,1,0,0.0,0.0,0.0,4697968.326882237
2019-01-15,chokepoint6,Strait of Hormuz,10,7,2,4,26,23,49,461651,113578,23098,13915,972941,612244,1585185,2019,1,15,14447,1836948.9497509215,864007.9497509215,0.470349461735491,1,1,0,0.0,0.0,0.0,4697968.326882237
2019-01-16,chokepoint6,Strait of Hormuz,6,17,5,1,28,29,57,257160,510438,17972,0,1922947,785571,2708518,2019,1,16,14448,1935599.0,12652.0,0.006536477855175581,0,0,0,0.0,0.0,0.0,
2019-01-17,chokepoint6,Strait of Hormuz,9,10,3,0,31,22,53,291415,455594,6993,0,1607029,754003,2361033,2019,1,17,14449,1987199.7514139935,380170.75141399354,0.19130978209084554,0,0,0,0.0,0.0,0.0,
2019-01-18,chokepoint6,Strait of Hormuz,8,5,1,0,32,14,46,329701,165136,4546,0,2116818,499384,2616203,2019,1,18,14450,1990700.3520396187,0.0,0.0,0,0,0,0.0,0.0,0.0,
2019-01-19,chokepoint6,Strait of Hormuz,8,9,4,2,38,23,61,296004,149061,15137,0,1395862,460203,1856065,2019,1,19,14451,2029310.7029282772,633448.7029282772,0.3121496880759641,1,0,0,0.0,0.0,0.0,
2019-01-20,chokepoint6,Strait of Hormuz,11,9,4,2,40,26,66,379462,443271,35572,3476,1387500,861782,2249283,2019,1,20,14452,1900018.8972448567,512518.8972448567,0.2697441051707645,0,0,0,0.0,0.0,0.0,
2019-01-21,chokepoint6,Strait of Hormuz,4,9,6,2,36,21,57,224519,288606,59561,8883,312553,581569,894123,2019,1,21,14453,1934284.6408113595,1621731.6408113595,0.8384141643864288,1,0,0,0.0,0.0,0.0,
2019-01-22,chokepoint6,Strait of Hormuz,8,8,1,3,39,20,59,267049,378121,3283,6352,2228951,654807,2883759,2019,1,22,14454,1854162.96554577,0.0,0.0,0,0,0,0.0,0.0,0.0,
2019-01-23,chokepoint6,Strait of Hormuz,5,10,1,1,42,17,59,265863,75644,1599,0,2096046,343107,2439153,2019,1,23,14455,1942712.0,0.0,0.0,0,0,0,0.0,0.0,0.0,
2019-01-24,chokepoint6,Strait of Hormuz,5,5,0,0,32,10,42,111583,221396,0,0,1942712,332980,2275692,2019,1,24,14456,2016073.329861297,73361.32986129704,0.03638822495923012,0,0,0,0.0,0.0,0.0,
2019-01-25,chokepoint6,Strait of Hormuz,8,8,3,0,27,19,46,270518,253029,31811,0,1444862,555359,2000221,2019,1,25,14457,2075477.7448794777,630615.7448794777,0.30384124639992094,1,0,0,0.0,0.0,0.0,
2019-01-26,chokepoint6,Strait of Hormuz,9,10,3,0,38,22,60,394179,337253,9592,0,1796329,741026,2537356,2019,1,26,14458,2104974.060792397,308645.0607923968,0.14662653879744741,0,0,0,0.0,0.0,0.0,
2019-01-27,chokepoint6,Strait of Hormuz,10,9,2,0,40,21,61,327753,471112,32752,0,2352926,831618,3184544,2019,1,27,14459,1973135.6985968826,0.0,0.0,0,0,0,0.0,0.0,0.0,
2019-01-28,chokepoint6,Strait of Hormuz,10,11,4,3,33,28,61,278162,369533,23678,9034,846159,680408,1526568,2019,1,28,14460,2014365.225525145,1168206.225525145,0.5799376452304441,1,0,0,0.0,0.0,1.0,
2019-01-29,chokepoint6,Strait of Hormuz,7,3,3,0,33,13,46,354674,267738,11055,0,2288161,633467,2921629,2019,1,29,14461,1930169.992442062,0.0,0.0,0,0,0,0.0,0.0,1.0,
2019-01-30,chokepoint6,Strait of Hormuz,6,12,2,2,38,22,60,126467,329378,3908,4234,1181678,463988,1645666,2019,1,30,14462,2015734.0,834056.0,0.41377284899694106,1,0,0,0.0,0.0,1.0,
2019-01-31,chokepoint6,Strait of Hormuz,6,9,6,1,28,22,50,293004,368901,20187,2013,1522445,684108,2206553,2019,1,31,14463,2098717.4893311523,576272.4893311523,0.27458316436616087,0,0,0,0.0,0.0,1.0,
2019-02-01,chokepoint6,Strait of Hormuz,7,8,2,0,34,17,51,282202,158790,13991,0,1249494,454983,1704478,2019,2,1,14464,2108622.8358108723,859128.8358108723,0.40743599150129367,1,0,0,0.0,1.0,1.0,
2019-02-02,chokepoint6,Strait of Hormuz,10,3,3,1,32,17,49,357447,126345,15330,2013,2139350,501137,2640488,2019,2,2,14465,2138590.203786617,0.0,0.0,0,0,0,0.0,1.0,1.0,
2019-02-03,chokepoint6,Strait of Hormuz,4,8,4,2,39,18,57,161296,205446,46477,0,1686854,413220,2100075,2019,2,3,14466,1993527.8317666997,306673.8317666997,0.1538347380356962,0,0,0,1.0,1.0,1.0,
2019-02-04,chokepoint6,Strait of Hormuz,7,11,2,1,36,21,57,336169,321886,8381,0,1010318,666437,1676755,2019,2,4,14467,2056101.8652028295,1045783.8652028295,0.5086245399128926,1,2,1,0.0,0.0,0.0,16969070.506437175
2019-02-05,chokepoint6,Strait of Hormuz,9,16,1,3,30,29,59,384026,251039,0,7281,840247,642347,1482594,2019,2,5,14468,1955489.1941191142,1115242.1941191142,0.5703136573053248,1,2,0,0.0,0.0,0.0,16969070.506437175
2019-02-06,chokepoint6,Strait of Hormuz,7,11,3,0,29,21,50,249135,373934,17196,0,846722,640266,1486989,2019,2,6,14469,2036856.0,1190134.0,0.5842995282926235,1,2,0,0.0,0.0,0.0,16969070.506437175
2019-02-07,chokepoint6,Strait of Hormuz,7,12,1,5,35,25,60,203105,379087,4180,4219,1604455,590593,2195049,2019,2,7,14470,2126247.629983843,521792.62998384284,0.24540539052255542,0,2,0,0.0,0.0,0.0,16969070.506437175
2019-02-08,chokepoint6,Strait of Hormuz,9,9,2,1,35,21,56,302333,278857,3152,0,1138264,584343,1722607,2019,2,8,14471,2212083.0988771385,1073819.0988771385,0.48543343576116693,1,2,0,0.0,0.0,0.0,16969070.506437175
2019-02-09,chokepoint6,Strait of Hormuz,6,7,3,0,40,16,56,217217,245527,29744,0,1597088,492489,2089577,2019,2,9,14472,2243520.8254782003,646432.8254782003,0.28813319588438185,0,2,0,0.0,0.0,0.0,16969070.506437175
2019-02-10,chokepoint6,Strait of Hormuz,4,10,6,0,39,20,59,176780,440699,57873,0,1584091,675353,2259444,2019,2,10,14473,2097516.520487107,513425.52048710687,0.2447778196130126,0,2,0,0.0,0.0,0.0,16969070.506437175
2019-02-11,chokepoint6,Strait of Hormuz,7,6,1,2,26,16,42,393358,331067,0,0,1160991,724425,1885416,2019,2,11,14474,2090702.353942208,929711.353942208,0.44468852880428117,1,2,0,0.0,0.0,0.0,16969070.506437175
2019-02-12,chokepoint6,Strait of Hormuz,10,10,2,2,30,24,54,326544,465292,7862,8901,418259,808600,1226860,2019,2,12,14475,1969187.6045459667,1550928.6045459667,0.7875981958070281,1,2,0,0.0,0.0,0.0,16969070.506437175
2019-02-13,chokepoint6,Strait of Hormuz,3,12,1,1,27,17,44,158819,428082,10900,0,909455,597801,1507256,2019,2,13,14476,2036856.0,1127401.0,0.5535005911070787,1,2,0,0.0,0.0,0.0,16969070.506437175
2019-02-14,chokepoint6,Strait of Hormuz,8,8,5,2,39,23,62,425231,263745,3257,341,971138,692575,1663714,2019,2,14,14477,2098717.4893311523,1127579.4893311523,0.537270735610301,1,2,0,0.0,0.0,0.0,16969070.506437175
2019-02-15,chokepoint6,Strait of Hormuz,8,13,5,1,36,27,63,238164,305141,17129,0,1826351,560435,2386786,2019,2,15,14478,2129993.1738218283,303642.1738218283,0.14255546804265376,0,2,0,0.0,0.0,0.0,16969070.506437175
2019-02-16,chokepoint6,Strait of Hormuz,10,12,2,0,40,24,64,479288,288881,6856,0,1490346,775026,2265373,2019,2,16,14479,2169750.521486042,679404.5214860421,0.3131256403711908,1,2,0,0.0,0.0,0.0,16969070.506437175
2019-02-17,chokepoint6,Strait of Hormuz,6,14,1,2,42,23,65,356958,549523,1719,2797,1925960,910999,2836960,2019,2,17,14480,2028547.0553554753,102587.05535547528,0.050571691243069684,0,2,0,0.0,0.0,0.0,16969070.506437175
2019-02-18,chokepoint6,Strait of Hormuz,9,14,4,1,43,28,71,270632,286971,14049,3877,1368765,575530,1944296,2019,2,18,14481,2056101.8652028295,687336.8652028295,0.3342912512435396,1,2,0,0.0,0.0,0.0,16969070.506437175
2019-02-19,chokepoint6,Strait of Hormuz,11,12,6,4,32,33,65,466254,482786,55533,13259,788852,1017833,1806686,2019,2,19,14482,1905546.4985588386,1116694.4985588386,0.5860232218963918,1,2,0,0.0,0.0,1.0,16969070.506437175
2019-02-20,chokepoint6,Strait of Hormuz,8,10,5,0,39,23,62,197910,252221,16227,0,760090,466359,1226449,2019,2,20,14483,2004839.0,1244749.0,0.6208722994714289,1,2,0,0.0,0.0,1.0,16969070.506437175
2019-02-21,chokepoint6,Strait of Hormuz,6,16,1,3,42,26,68,192782,360272,2720,6324,711691,562100,1273792,2019,2,21,14484,2071828.065165124,1360137.065165124,0.6564912832459008,1,2,0,0.0,0.0,1.0,16969070.506437175
2019-02-22,chokepoint6,Strait of Hormuz,14,15,0,3,44,32,76,267815,521817,0,3736,1443209,793370,2236580,2019,2,22,14485,2075477.7448794777,632268.7448794777,0.3046376895340756,1,2,0,0.0,0.0,1.0,16969070.506437175
2019-02-23,chokepoint6,Strait of Hormuz,11,10,6,1,45,28,73,506468,439172,4919,5803,2383118,956364,3339482,2019,2,23,14486,2104974.060792397,0.0,0.0,0,0,0,0.0,1.0,1.0,
2019-02-24,chokepoint6,Strait of Hormuz,11,14,3,3,41,31,72,526274,304306,35951,10575,1466085,877107,2343192,2019,2,24,14487,1968096.0715778281,502011.07157782814,0.25507447468017375,0,0,0,0.0,1.0,1.0,
2019-02-25,chokepoint6,Strait of Hormuz,11,15,2,1,36,29,65,449924,356062,5759,3525,1548761,815272,2364034,2019,2,25,14488,2003589.5476694172,454828.5476694172,0.22700684788382705,0,0,0,1.0,1.0,1.0,
2019-02-26,chokepoint6,Strait of Hormuz,12,9,3,1,27,25,52,453473,370656,18801,3679,578299,846611,1424911,2019,2,26,14489,1964076.2431863877,1385777.2431863877,0.7055618375273427,1,3,1,0.0,0.0,0.0,25399007.35591492
2019-02-27,chokepoint6,Strait of Hormuz,2,19,1,1,30,23,53,102919,722603,712,0,910995,826235,1737230,2019,2,27,14490,2066534.0,1155539.0,0.5591676691503745,1,3,0,0.0,0.0,0.0,25399007.35591492
2019-02-28,chokepoint6,Strait of Hormuz,6,12,1,4,33,23,56,306150,225223,5265,6910,1417121,543549,1960670,2019,2,28,14491,2148290.343952382,731169.343952382,0.3403494066855,1,3,0,0.0,0.0,0.0,25399007.35591492
2019-03-01,chokepoint6,Strait of Hormuz,6,6,3,3,40,18,58,322290,186899,12210,0,2161005,521400,2682406,2019,3,1,14492,2165837.1201131297,4832.1201131297275,0.002231063484994351,0,3,0,0.0,0.0,0.0,25399007.35591492
2019-03-02,chokepoint6,Strait of Hormuz,12,12,2,1,34,27,61,319765,471151,8047,0,1013580,798964,1812544,2019,3,2,14493,2196617.6071929825,1183037.6071929825,0.538572395722879,1,3,0,0.0,0.0,0.0,25399007.35591492
2019-03-03,chokepoint6,Strait of Hormuz,6,11,1,3,45,21,66,305706,381433,4406,3496,1059240,695043,1754283,2019,3,3,14494,2053665.6793894814,994425.6793894814,0.4842198461850454,1,3,0,0.0,0.0,0.0,25399007.35591492
2019-03-04,chokepoint6,Strait of Hormuz,6,11,3,1,35,21,56,299177,250239,25586,2901,631764,577905,1209669,2019,3,4,14495,2090702.353942208,1458938.353942208,0.6978221224036257,1,3,0,0.0,0.0,0.0,25399007.35591492
2019-03-05,chokepoint6,Strait of Hormuz,11,12,3,2,40,28,68,452875,421074,7334,0,1720874,881285,2602160,2019,3,5,14496,1988396.552935415,267522.55293541495,0.13454185109126185,0,3,0,0.0,0.0,0.0,25399007.35591492
2019-03-06,chokepoint6,Strait of Hormuz,10,11,6,1,52,28,80,377475,601666,13653,0,1360314,992794,2353109,2019,3,6,14497,2092123.0,731809.0,0.3497925313186653,1,3,0,0.0,0.0,0.0,25399007.35591492
2019-03-07,chokepoint6,Strait of Hormuz,6,9,3,1,39,19,58,182703,213955,16790,0,1370719,413449,1784169,2019,3,7,14498,2146458.101483267,775739.1014832668,0.36140425985823244,1,3,0,0.0,0.0,0.0,25399007.35591492
2019-03-08,chokepoint6,Strait of Hormuz,4,15,3,1,42,23,65,167123,571517,8721,3732,1740780,751094,2491874,2019,3,8,14499,2152074.7176756137,411294.7176756137,0.19111544515510123,0,3,0,0.0,0.0,0.0,25399007.35591492
2019-03-09,chokepoint6,Strait of Hormuz,14,9,2,1,48,26,74,795279,283269,18199,0,2352261,1096748,3449010,2019,3,9,14500,2217853.8288315213,0.0,0.0,0,3,0,0.0,0.0,0.0,25399007.35591492
2019-03-10,chokepoint6,Strait of Hormuz,6,5,1,2,32,14,46,420771,131557,1501,7573,698929,561403,1260333,2019,3,10,14501,2053665.6793894814,1354736.6793894814,0.6596675851311011,1,3,0,0.0,0.0,0.0,25399007.35591492
2019-03-11,chokepoint6,Strait of Hormuz,6,9,1,1,23,17,40,201018,166708,31146,4322,509330,403195,912526,2019,3,11,14502,2075645.5851160695,1566315.5851160695,0.7546161041883659,1,3,0,0.0,0.0,0.0,25399007.35591492
2019-03-12,chokepoint6,Strait of Hormuz,8,5,0,1,33,14,47,320647,168952,0,3182,2969275,492781,3462056,2019,3,12,14503,1964076.2431863877,0.0,0.0,0,3,0,0.0,0.0,0.0,25399007.35591492
2019-03-13,chokepoint6,Strait of Hormuz,10,16,4,1,39,31,70,230981,501198,13928,0,1964304,746107,2710412,2019,3,13,14504,2066534.0,102230.0,0.04946930464245931,0,3,0,0.0,0.0,0.0,25399007.35591492
2019-03-14,chokepoint6,Strait of Hormuz,9,12,3,3,35,27,62,346203,338771,7098,3242,1142726,695315,1838041,2019,3,14,14505,2135584.522656405,992858.5226564049,0.4649118366064064,1,3,0,0.0,0.0,0.0,25399007.35591492
2019-03-15,chokepoint6,Strait of Hormuz,5,8,3,2,33,18,51,217460,294612,4018,0,2217509,516091,2733601,2019,3,15,14506,2150239.247574687,0.0,0.0,0,3,0,0.0,0.0,0.0,25399007.35591492
2019-03-16,chokepoint6,Strait of Hormuz,9,11,1,1,29,22,51,356008,256731,19909,0,1322216,632649,1954865,2019,3,16,14507,2197753.649505496,875537.649505496,0.3983784304953814,1,3,0,0.0,0.0,0.0,25399007.35591492
2019-03-17,chokepoint6,Strait of Hormuz,9,12,3,2,42,26,68,519621,422671,12120,7573,886031,961986,1848017,2019,3,17,14508,2054727.7901091187,1168696.7901091187,0.568784242727867,1,3,0,0.0,0.0,0.0,25399007.35591492
2019-03-18,chokepoint6,Strait of Hormuz,10,5,0,1,52,16,68,290086,213872,0,2884,1295476,506842,1802319,2019,3,18,14509,2135238.0916143185,839762.0916143185,0.3932873317089559,1,3,0,0.0,0.0,0.0,25399007.35591492
2019-03-19,chokepoint6,Strait of Hormuz,13,12,4,2,39,31,70,512261,343939,13832,0,1278044,870034,2148078,2019,3,19,14510,2030752.9921974086,752708.9921974086,0.37065511910580906,1,3,0,0.0,0.0,0.0,25399007.35591492
2019-03-20,chokepoint6,Strait of Hormuz,6,10,3,2,40,21,61,180764,209356,550,4602,1126521,395274,1521795,2019,3,20,14511,2176373.0,1049852.0,0.4823860615804368,1,3,0,0.0,0.0,0.0,25399007.35591492
2019-03-21,chokepoint6,Strait of Hormuz,5,12,4,1,42,22,64,212669,315322,83312,3267,1583323,614571,2197895,2019,3,21,14512,2208083.6599495537,624760.6599495537,0.28294247690045726,0,3,0,0.0,0.0,0.0,25399007.35591492
2019-03-22,chokepoint6,Strait of Hormuz,7,10,1,1,29,19,48,255925,413559,152,0,1368091,669637,2037729,2019,3,22,14513,2279284.2867685882,911193.2867685882,0.399771670457315,1,3,0,0.0,0.0,0.0,25399007.35591492
2019-03-23,chokepoint6,Strait of Hormuz,12,12,1,2,31,27,58,509366,381504,4118,0,2250838,894988,3145827,2019,3,23,14514,2363259.8952064663,112421.89520646632,0.04757068633648716,0,3,0,0.0,0.0,0.0,25399007.35591492
2019-03-24,chokepoint6,Strait of Hormuz,8,10,5,1,31,24,55,240386,141644,19634,3332,641687,404998,1046686,2019,3,24,14515,2209463.1866604695,1567776.1866604695,0.7095733461982281,1,3,0,0.0,0.0,0.0,25399007.35591492
2019-03-25,chokepoint6,Strait of Hormuz,10,8,4,0,25,22,47,566170,365245,33811,0,581800,965227,1547027,2019,3,25,14516,2252509.4049823526,1670709.4049823526,0.741710290437363,1,3,0,0.0,0.0,1.0,25399007.35591492
2019-03-26,chokepoint6,Strait of Hormuz,9,12,1,2,33,24,57,378306,371319,0,0,949423,749625,1699049,2019,3,26,14517,2153938.891888328,1204515.891888328,0.559215443123526,1,3,0,0.0,0.0,1.0,25399007.35591492
2019-03-27,chokepoint6,Strait of Hormuz,9,6,4,4,38,23,61,376295,112006,17249,9022,761454,514574,1276028,2019,3,27,14518,2266301.0,1504847.0,0.664010208705728,1,3,0,0.0,0.0,1.0,25399007.35591492
2019-03-28,chokepoint6,Strait of Hormuz,8,14,1,0,45,23,68,200484,443399,18274,0,2942718,662159,3604877,2019,3,28,14519,2347973.7706752564,0.0,0.0,0,0,0,0.0,0.0,1.0,
2019-03-29,chokepoint6,Strait of Hormuz,13,20,7,2,45,42,87,646114,479030,24634,0,2632187,1149779,3781967,2019,3,29,14520,2372264.874802887,0.0,0.0,0,0,0,0.0,1.0,1.0,
2019-03-30,chokepoint6,Strait of Hormuz,15,11,4,0,57,30,87,562392,433985,41351,0,3111288,1037729,4149017,2019,3,30,14521,2409749.434498033,0.0,0.0,0,0,0,0.0,1.0,1.0,
2019-03-31,chokepoint6,Strait of Hormuz,8,7,4,2,39,21,60,277885,273846,25146,0,2266301,576878,2843179,2019,3,31,14522,2249402.2798673795,0.0,0.0,0,0,0,1.0,1.0,1.0,
2019-04-01,chokepoint6,Strait of Hormuz,13,12,1,1,43,27,70,596990,372518,17458,0,1071342,986967,2058310,2019,4,1,14523,2289968.9509734455,1218626.9509734455,0.5321587222636438,1,4,1,0.0,0.0,0.0,15613702.45248417
2019-04-02,chokepoint6,Strait of Hormuz,6,10,3,2,25,21,46,206273,203094,27050,4157,1162177,440576,1602753,2019,4,2,14524,2205358.5408797646,1043181.5408797646,0.47302128952855765,1,4,0,0.0,0.0,0.0,15613702.45248417
2019-04-03,chokepoint6,Strait of Hormuz,9,12,2,3,32,26,58,273931,258777,4000,2043,1699083,538753,2237837,2019,4,3,14525,2409198.0,710115.0,0.2947516144376676,0,4,0,0.0,0.0,0.0,15613702.45248417
2019-04-04,chokepoint6,Strait of Hormuz,4,10,1,3,35,18,53,130659,325616,20862,8236,624019,485375,1109395,2019,4,4,14526,2511907.284269784,1887888.284269784,0.7515756238664663,1,4,0,0.0,0.0,0.0,15613702.45248417
2019-04-05,chokepoint6,Strait of Hormuz,9,16,2,1,41,28,69,220592,547303,8578,0,1982435,776474,2758910,2019,4,5,14527,2554772.5098355617,572337.5098355617,0.2240267998939758,0,4,0,0.0,0.0,0.0,15613702.45248417
2019-04-06,chokepoint6,Strait of Hormuz,10,11,1,2,46,24,70,455910,315235,4406,7746,1462514,783299,2245813,2019,4,6,14528,2595775.8381987866,1133261.8381987866,0.4365792382847507,1,4,0,0.0,0.0,0.0,15613702.45248417
2019-04-07,chokepoint6,Strait of Hormuz,9,8,2,1,41,20,61,372088,400295,12971,5159,1767947,790513,2558461,2019,4,7,14529,2456397.0576498234,688450.0576498234,0.28026823086512864,0,4,0,0.0,0.0,0.0,15613702.45248417
2019-04-08,chokepoint6,Strait of Hormuz,13,10,5,1,41,29,70,461800,170753,57181,5449,968474,695183,1663658,2019,4,8,14530,2506639.721753673,1538165.7217536732,0.6136365383524502,1,4,0,0.0,0.0,0.0,15613702.45248417
2019-04-09,chokepoint6,Strait of Hormuz,6,8,3,4,51,21,72,292343,151938,10263,4340,2272056,458886,2730943,2019,4,9,14531,2378328.415910236,106272.41591023607,0.044683658993143464,0,4,0,0.0,0.0,0.0,15613702.45248417
2019-04-10,chokepoint6,Strait of Hormuz,8,12,3,0,29,23,52,279306,500245,33111,0,1125214,812662,1937877,2019,4,10,14532,2515871.0,1390657.0,0.5527536984209445,1,4,0,0.0,0.0,0.0,15613702.45248417
2019-04-11,chokepoint6,Strait of Hormuz,9,7,3,0,42,19,61,329582,172551,35170,0,2288556,537304,2825861,2019,4,11,14533,2599935.529054974,311379.5290549742,0.11976432706704639,0,4,0,0.0,0.0,0.0,15613702.45248417
2019-04-12,chokepoint6,Strait of Hormuz,7,13,4,1,37,25,62,237699,473462,27634,3136,1506460,741932,2248393,2019,4,12,14534,2609218.578091639,1102758.578091639,0.42263940144799506,1,4,0,0.0,0.0,0.0,15613702.45248417
2019-04-13,chokepoint6,Strait of Hormuz,12,7,3,3,41,25,66,485210,123032,9775,8171,1172514,626190,1798705,2019,4,13,14535,2648161.878069906,1475647.878069906,0.5572347711407362,1,4,0,0.0,0.0,0.0,15613702.45248417
2019-04-14,chokepoint6,Strait of Hormuz,7,12,1,1,28,21,49,240313,284939,8443,0,1015514,533696,1549211,2019,4,14,14536,2481358.622797377,1465844.622797377,0.5907427525106576,1,4,0,0.0,0.0,0.0,15613702.45248417
2019-04-15,chokepoint6,Strait of Hormuz,7,21,4,3,40,35,75,237545,865732,19259,8171,1549587,1130709,2680297,2019,4,15,14537,2518702.5249991976,969115.5249991976,0.38476775855040934,1,4,0,0.0,0.0,0.0,15613702.45248417
2019-04-16,chokepoint6,Strait of Hormuz,14,11,5,2,38,32,70,546934,424960,6765,9542,1716065,988203,2704268,2019,4,16,14538,2392823.278702155,676758.2787021552,0.2828283579175235,0,0,0,0.0,0.0,0.0,
2019-04-17,chokepoint6,Strait of Hormuz,9,15,4,2,39,30,69,256042,698644,24390,7538,3170336,986616,4156952,2019,4,17,14539,2520414.0,0.0,0.0,0,0,0,0.0,0.0,1.0,
2019-04-18,chokepoint6,Strait of Hormuz,9,21,3,1,47,34,81,271415,587779,5071,0,2637718,864266,3501985,2019,4,18,14540,2612288.956283287,0.0,0.0,0,0,0,0.0,0.0,1.0,
2019-04-19,chokepoint6,Strait of Hormuz,11,14,2,1,57,28,85,516566,347805,9368,0,2971950,873740,3845691,2019,4,19,14541,2611054.048192566,0.0,0.0,0,0,0,0.0,0.0,1.0,
2019-04-20,chokepoint6,Strait of Hormuz,12,15,3,2,48,32,80,430573,510122,9932,3179,2275844,953807,3229651,2019,4,20,14542,2648161.878069906,372317.87806990603,0.14059483340243054,0,0,0,0.0,0.0,1.0,
2019-04-21,chokepoint6,Strait of Hormuz,12,16,4,3,41,35,76,405620,366627,16689,4429,1700031,793367,2493399,2019,4,21,14543,2520739.175339339,820708.1753393388,0.3255823463880812,1,0,0,0.0,1.0,1.0,
2019-04-22,chokepoint6,Strait of Hormuz,19,19,0,2,46,40,86,796079,889283,0,0,3027693,1685362,4713055,2019,4,22,14544,2564603.3350955797,0.0,0.0,0,0,0,0.0,1.0,1.0,
2019-04-23,chokepoint6,Strait of Hormuz,7,17,1,2,40,27,67,104028,605119,31697,8309,2227717,749154,2976871,2019,4,23,14545,2439107.8058219287,211390.80582192866,0.08666726633294274,0,0,0,1.0,1.0,1.0,
2019-04-24,chokepoint6,Strait of Hormuz,14,7,3,1,34,25,59,486494,265324,8843,0,1116454,760662,1877117,2019,4,24,14546,2566346.0,1449892.0,0.5649635707733875,1,5,1,0.0,0.0,0.0,4142470.654464022
2019-04-25,chokepoint6,Strait of Hormuz,10,12,2,2,46,26,72,275003,308400,7120,7998,1104716,598524,1703240,2019,4,25,14547,2612288.956283287,1507572.9562832871,0.5771080387784635,1,5,0,0.0,0.0,0.0,4142470.654464022
2019-04-26,chokepoint6,Strait of Hormuz,11,13,2,1,38,27,65,417498,599180,12171,464,1431885,1029314,2461199,2019,4,26,14548,2616890.6981807346,1185005.6981807346,0.45282964970778183,1,5,0,0.0,0.0,0.0,4142470.654464022
2019-04-27,chokepoint6,Strait of Hormuz,12,13,6,2,58,33,91,446979,339664,71857,0,2859488,858501,3717990,2019,4,27,14549,2696203.2385610063,0.0,0.0,0,0,0,0.0,0.0,0.0,
2019-04-28,chokepoint6,Strait of Hormuz,11,13,5,2,42,31,73,477531,379400,29978,2673,3222397,889583,4111980,2019,4,28,14550,2519171.5313289315,0.0,0.0,0,0,0,0.0,0.0,0.0,
2019-04-29,chokepoint6,Strait of Hormuz,15,19,4,4,52,42,94,422281,735097,22215,11153,2317026,1190748,3507774,2019,4,29,14551,2562259.927456548,245233.92745654797,0.09571001163023371,0,0,0,0.0,0.0,0.0,
2019-04-30,chokepoint6,Strait of Hormuz,6,11,2,2,33,21,54,246454,363498,8471,6930,1849085,625355,2474440,2019,4,30,14552,2440560.048320522,591475.0483205221,0.24235218007749787,0,0,0,0.0,0.0,0.0,
2019-05-01,chokepoint6,Strait of Hormuz,7,19,3,1,51,30,81,215834,394422,23836,0,1743576,634093,2377669,2019,5,1,14553,2567943.0,824367.0,0.32102231241114,1,0,0,0.0,0.0,0.0,
2019-05-02,chokepoint6,Strait of Hormuz,10,12,7,2,46,31,77,500040,250876,9436,3859,2372706,764212,3136919,2019,5,2,14554,2663124.642431453,290418.64243145287,0.10905184000937278,0,0,0,0.0,0.0,0.0,
2019-05-03,chokepoint6,Strait of Hormuz,17,19,7,1,46,44,90,627477,463600,55129,0,2458929,1146207,3605137,2019,5,3,14555,2661502.0422637714,202573.0422637714,0.07611230013991294,0,0,0,0.0,0.0,0.0,
2019-05-04,chokepoint6,Strait of Hormuz,8,10,3,1,41,22,63,411854,493418,45392,0,3518777,950665,4469443,2019,5,4,14556,2699326.8299470767,0.0,0.0,0,0,0,0.0,0.0,0.0,
2019-05-05,chokepoint6,Strait of Hormuz,11,11,2,0,30,24,54,435404,519894,4934,0,1599252,960233,2559486,2019,5,5,14557,2520739.175339339,921487.1753393388,0.36556228599703866,1,0,0,0.0,0.0,0.0,
2019-05-06,chokepoint6,Strait of Hormuz,8,18,1,2,37,29,66,366124,559881,0,2277,2150731,928283,3079015,2019,5,6,14558,2566130.2975145313,415399.2975145313,0.16187771054216277,0,0,0,0.0,0.0,0.0,
2019-05-07,chokepoint6,Strait of Hormuz,9,8,4,3,49,24,73,348480,112725,17758,5299,1962989,484264,2447254,2019,5,7,14559,2440625.627333875,477636.6273338748,0.19570253708088867,0,0,0,0.0,0.0,0.0,
2019-05-08,chokepoint6,Strait of Hormuz,15,19,2,1,50,37,87,317814,503828,6409,2761,2724319,830814,3555134,2019,5,8,14560,2553192.0,0.0,0.0,0,0,0,0.0,0.0,0.0,
2019-05-09,chokepoint6,Strait of Hormuz,14,16,6,1,44,37,81,338357,443238,33195,6223,2147060,821014,2968075,2019,5,9,14561,2638503.5613109446,491443.5613109446,0.18625844153371926,0,0,0,0.0,0.0,0.0,
2019-05-10,chokepoint6,Strait of Hormuz,10,10,0,0,40,20,60,528093,127745,0,0,1293036,655838,1948875,2019,5,10,14562,2657891.14564108,1364855.14564108,0.5135105506030341,1,0,0,0.0,0.0,0.0,
2019-05-11,chokepoint6,Strait of Hormuz,14,16,0,1,50,31,81,540154,529388,0,3944,1988602,1073487,3062089,2019,5,11,14563,2654081.477476516,665479.4774765158,0.2507381491954985,0,0,0,0.0,0.0,0.0,
2019-05-12,chokepoint6,Strait of Hormuz,11,11,4,2,57,28,85,280249,352642,9328,2193,2567430,644414,3211844,2019,5,12,14564,2516869.6370243574,0.0,0.0,0,0,0,0.0,0.0,0.0,
2019-05-13,chokepoint6,Strait of Hormuz,11,14,2,2,47,29,76,453462,231322,8443,3209,2383458,696437,3079895,2019,5,13,14565,2551458.267255995,168000.26725599496,0.0658448031120154,0,0,0,0.0,0.0,0.0,
2019-05-14,chokepoint6,Strait of Hormuz,14,10,4,2,28,30,58,361814,317295,36636,13095,1697004,728841,2425846,2019,5,14,14566,2426605.974783642,729601.9747836422,0.30066767426001,1,0,0,0.0,0.0,0.0,
2019-05-15,chokepoint6,Strait of Hormuz,6,16,0,1,47,23,70,317139,469899,0,0,2828230,787039,3615269,2019,5,15,14567,2564001.0,0.0,0.0,0,0,0,0.0,0.0,0.0,
2019-05-16,chokepoint6,Strait of Hormuz,8,14,1,1,58,24,82,208747,435541,0,3209,2918123,647498,3565621,2019,5,16,14568,2653676.141080569,0.0,0.0,0,0,0,0.0,0.0,0.0,
2019-05-17,chokepoint6,Strait of Hormuz,14,20,4,3,47,41,88,435000,685092,10567,3362,2419184,1134022,3553207,2019,5,17,14569,2658422.220746424,239238.22074642405,0.08999255982717878,0,0,0,0.0,0.0,0.0,
2019-05-18,chokepoint6,Strait of Hormuz,14,16,0,3,51,33,84,548375,458179,0,2711,2489789,1009266,3499055,2019,5,18,14570,2696130.7922397833,206341.79223978333,0.07653256022804701,0,0,0,0.0,0.0,0.0,
2019-05-19,chokepoint6,Strait of Hormuz,9,7,4,2,42,22,64,315917,88578,47428,0,2645047,451924,3096972,2019,5,19,14571,2520671.443694556,0.0,0.0,0,0,0,0.0,0.0,0.0,
2019-05-20,chokepoint6,Strait of Hormuz,11,14,0,4,48,29,77,386711,383036,0,0,2342200,769748,3111948,2019,5,20,14572,2569172.230500976,226972.2305009761,0.08834449781388054,0,0,0,0.0,0.0,0.0,
2019-05-21,chokepoint6,Strait of Hormuz,7,10,1,2,35,20,55,319712,285421,22260,5703,2793845,633098,3426944,2019,5,21,14573,2500408.976578993,0.0,0.0,0,0,0,0.0,0.0,0.0,
2019-05-22,chokepoint6,Strait of Hormuz,9,9,4,2,35,24,59,291020,245129,41072,1602,1349228,578824,1928053,2019,5,22,14574,2567430.0,1218202.0,0.4744830433546387,1,0,0,0.0,0.0,0.0,
2019-05-23,chokepoint6,Strait of Hormuz,7,10,5,1,43,23,66,213759,149939,31480,0,2121730,395179,2516910,2019,5,23,14575,2718751.2344379476,597021.2344379476,0.21959391755876145,0,0,0,0.0,0.0,0.0,
2019-05-24,chokepoint6,Strait of Hormuz,14,11,5,3,42,33,75,483949,415592,35858,0,1465014,935399,2400414,2019,5,24,14576,2723540.5175814363,1258526.5175814363,0.46209208545171027,1,0,0,0.0,0.0,1.0,
2019-05-25,chokepoint6,Strait of Hormuz,16,16,1,1,52,34,86,617902,797259,3914,0,2939998,1419077,4359075,2019,5,25,14577,2699326.8299470767,0.0,0.0,0,0,0,0.0,0.0,1.0,
2019-05-26,chokepoint6,Strait of Hormuz,9,15,1,1,54,26,80,282282,719579,14260,0,2367234,1016121,3383356,2019,5,26,14578,2591637.5199202187,224403.51992021874,0.0865875409641109,0,0,0,0.0,0.0,1.0,
2019-05-27,chokepoint6,Strait of Hormuz,15,14,2,1,53,32,85,782317,524436,6243,0,3161050,1312997,4474047,2019,5,27,14579,2643250.893560166,0.0,0.0,0,0,0,0.0,0.0,1.0,
2019-05-28,chokepoint6,Strait of Hormuz,14,10,6,2,43,32,75,441691,194617,52157,0,1692234,688466,2380700,2019,5,28,14580,2500408.976578993,808174.9765789928,0.3232171153395557,1,0,0,0.0,1.0,1.0,
2019-05-29,chokepoint6,Strait of Hormuz,12,22,4,1,50,39,89,502963,513776,16183,0,2039626,1032923,3072549,2019,5,29,14581,2640169.0,600543.0,0.22746384795821784,0,0,0,0.0,1.0,1.0,
2019-05-30,chokepoint6,Strait of Hormuz,13,16,2,1,58,32,90,389039,338724,28500,2483,2640169,758747,3398917,2019,5,30,14582,2728386.783666389,88217.78366638906,0.03233331292854401,0,0,0,1.0,1.0,1.0,
2019-05-31,chokepoint6,Strait of Hormuz,14,16,3,0,49,33,82,490733,681704,31275,0,1649583,1203713,2853296,2019,5,31,14583,2737000.6316548972,1087417.6316548972,0.3973026601011057,1,6,1,0.0,0.0,0.0,2447287.959369365
2019-06-01,chokepoint6,Strait of Hormuz,6,11,1,2,36,20,56,215734,554264,2678,0,1417288,772677,2189965,2019,6,1,14584,2777158.327714468,1359870.327714468,0.4896625137082506,1,6,0,0.0,0.0,0.0,2447287.959369365
2019-06-02,chokepoint6,Strait of Hormuz,11,13,4,1,50,29,79,513019,397096,8067,5962,2272259,924145,3196405,2019,6,2,14585,2591637.5199202187,319378.51992021874,0.12323425535606944,0,0,0,0.0,0.0,0.0,
2019-06-03,chokepoint6,Strait of Hormuz,14,9,4,2,55,29,84,554669,312406,28561,464,4071825,896101,4967927,2019,6,3,14586,2643250.893560166,0.0,0.0,0,0,0,0.0,0.0,0.0,
2019-06-04,chokepoint6,Strait of Hormuz,8,19,3,3,60,33,93,316339,531418,25373,292,2381885,873424,3255309,2019,6,4,14587,2521387.6079084813,139502.60790848127,0.05532771219741189,0,0,0,0.0,0.0,0.0,
2019-06-05,chokepoint6,Strait of Hormuz,10,17,4,1,53,32,85,398865,472059,17213,0,1879902,888138,2768040,2019,6,5,14588,2655706.0,775804.0,0.2921272158891082,0,0,0,0.0,0.0,0.0,
2019-06-06,chokepoint6,Strait of Hormuz,16,17,2,0,38,35,73,429104,425256,0,0,425477,854360,1279838,2019,6,6,14589,2737431.220265201,2311954.220265201,0.8445707067084667,1,0,0,0.0,0.0,0.0,
2019-06-07,chokepoint6,Strait of Hormuz,14,14,5,0,44,33,77,631106,563111,10615,0,3407731,1204833,4612564,2019,6,7,14590,2746391.2403889657,0.0,0.0,0,0,0,0.0,0.0,0.0,
2019-06-08,chokepoint6,Strait of Hormuz,15,17,3,3,46,38,84,523384,668863,4365,5676,2764728,1202289,3967017,2019,6,8,14591,2788349.7094234163,23621.709423416294,0.008471573469993785,0,0,0,0.0,0.0,0.0,
2019-06-09,chokepoint6,Strait of Hormuz,8,14,4,4,45,30,75,430110,245388,7598,2912,1192375,686009,1878385,2019,6,9,14592,2609058.295281957,1416683.295281957,0.5429864475791094,1,0,0,0.0,0.0,0.0,
2019-06-10,chokepoint6,Strait of Hormuz,13,23,1,3,57,40,97,376811,501639,3043,0,3023499,881494,3904993,2019,6,10,14593,2656111.15492763,0.0,0.0,0,0,0,0.0,0.0,0.0,
2019-06-11,chokepoint6,Strait of Hormuz,8,17,5,4,47,34,81,232242,420724,28786,5088,2655706,686843,3342549,2019,6,11,14594,2547108.83745,0.0,0.0,0,0,0,0.0,0.0,0.0,
2019-06-12,chokepoint6,Strait of Hormuz,6,13,0,2,46,21,67,273494,233590,0,0,2357276,507084,2864361,2019,6,12,14595,2679981.0,322705.0,0.12041316710827428,0,0,0,0.0,0.0,1.0,
2019-06-13,chokepoint6,Strait of Hormuz,10,8,5,1,41,24,65,430769,121228,58582,0,1862675,610580,2473256,2019,6,13,14596,2770699.907128266,908024.9071282661,0.32772401832192727,1,0,0,0.0,0.0,1.0,
2019-06-14,chokepoint6,Strait of Hormuz,12,22,0,1,45,35,80,410083,622179,0,3747,2054180,1036010,3090191,2019,6,14,14597,2774407.7814726504,720227.7814726504,0.2595969439973077,0,0,0,0.0,0.0,1.0,
2019-06-15,chokepoint6,Strait of Hormuz,18,15,2,1,49,36,85,682264,533324,0,2013,3203898,1217602,4421501,2019,6,15,14598,2815026.7547804816,0.0,0.0,0,0,0,0.0,0.0,1.0,
2019-06-16,chokepoint6,Strait of Hormuz,16,8,4,0,69,28,97,434083,378262,20880,0,4245394,833226,5078621,2019,6,16,14599,2630717.69734184,0.0,0.0,0,0,0,0.0,1.0,1.0,
2019-06-17,chokepoint6,Strait of Hormuz,10,15,1,1,47,27,74,451268,867395,0,0,2192748,1318663,3511412,2019,6,17,14600,2678161.1717955363,485413.1717955363,0.1812486779763511,0,0,0,0.0,1.0,1.0,
2019-06-18,chokepoint6,Strait of Hormuz,11,18,2,1,43,32,75,341289,903111,2418,0,2967846,1246819,4214665,2019,6,18,14601,2563388.589909693,0.0,0.0,0,0,0,1.0,1.0,1.0,
2019-06-19,chokepoint6,Strait of Hormuz,10,16,0,4,51,30,81,333633,677764,0,4035,1231263,1015433,2246697,2019,6,19,14602,2697110.0,1465847.0,0.5434880297800238,1,7,1,0.0,0.0,0.0,4188781.991789957
2019-06-20,chokepoint6,Strait of Hormuz,11,13,5,3,45,32,77,376269,326742,38362,6835,1486181,748209,2234391,2019,6,20,14603,2791522.1595310834,1305341.1595310834,0.4676090981668414,1,7,0,0.0,0.0,0.0,4188781.991789957
2019-06-21,chokepoint6,Strait of Hormuz,14,17,1,3,42,35,77,668431,458823,29329,11900,2648921,1168484,3817405,2019,6,21,14604,2775580.701734551,126659.70173455123,0.04563358638983094,0,7,0,0.0,0.0,0.0,4188781.991789957
2019-06-22,chokepoint6,Strait of Hormuz,14,14,6,2,50,36,86,547500,584808,78881,2577,1545248,1213767,2759015,2019,6,22,14605,2836182.1305243224,1290934.1305243224,0.45516616039241053,1,7,0,0.0,0.0,0.0,4188781.991789957
2019-06-23,chokepoint6,Strait of Hormuz,12,10,4,1,43,27,70,743972,323062,27644,0,2521295,1094679,3615975,2019,6,23,14606,2647531.832754654,126236.83275465388,0.04768094992962157,0,0,0,0.0,0.0,0.0,
2019-06-24,chokepoint6,Strait of Hormuz,11,15,3,4,69,33,102,474857,475901,3389,6990,2657916,961138,3619055,2019,6,24,14607,2695174.611051195,37258.611051194835,0.013824191908910464,0,0,0,0.0,0.0,0.0,
2019-06-25,chokepoint6,Strait of Hormuz,15,12,3,0,63,30,93,511402,501303,10515,0,3645780,1023221,4669001,2019,6,25,14608,2548185.6638576617,0.0,0.0,0,0,0,0.0,0.0,0.0,
2019-06-26,chokepoint6,Strait of Hormuz,10,13,5,2,51,30,81,358122,433669,45360,3070,3106980,840222,3947203,2019,6,26,14609,2697006.0,0.0,0.0,0,0,0,0.0,0.0,0.0,
2019-06-27,chokepoint6,Strait of Hormuz,15,14,5,1,51,35,86,588381,350457,16539,0,2053476,955378,3008855,2019,6,27,14610,2747311.6885377374,693835.6885377374,0.25255077224493333,0,0,0,0.0,0.0,0.0,
2019-06-28,chokepoint6,Strait of Hormuz,13,16,3,2,45,34,79,446984,674781,3121,0,2810390,1124887,3935278,2019,6,28,14611,2792032.6424248633,0.0,0.0,0,0,0,0.0,0.0,0.0,
2019-06-29,chokepoint6,Strait of Hormuz,10,9,8,0,57,27,84,479568,243001,46620,0,1812900,769190,2582091,2019,6,29,14612,2831712.50748886,1018812.5074888598,0.3597867032032622,1,0,0,0.0,0.0,0.0,
2019-06-30,chokepoint6,Strait of Hormuz,21,20,3,2,53,46,99,749402,618119,8211,0,3022622,1375733,4398355,2019,6,30,14613,2647531.832754654,0.0,0.0,0,0,0,0.0,0.0,0.0,
2019-07-01,chokepoint6,Strait of Hormuz,15,14,2,3,56,34,90,511210,426972,4243,13175,2697110,955602,3652712,2019,7,1,14614,2695278.540430495,0.0,0.0,0,0,0,0.0,0.0,0.0,
2019-07-02,chokepoint6,Strait of Hormuz,14,9,11,2,37,36,73,479304,193648,11645,341,1462444,684939,2147383,2019,7,2,14615,2563289.7461794224,1100845.7461794224,0.4294659812922946,1,0,0,0.0,0.0,0.0,
2019-07-03,chokepoint6,Strait of Hormuz,12,18,4,3,65,37,102,271229,623125,59088,464,2946298,953908,3900206,2019,7,3,14616,2697110.0,0.0,0.0,0,0,0,0.0,0.0,0.0,
2019-07-04,chokepoint6,Strait of Hormuz,22,25,3,1,48,51,99,816395,990415,2838,0,3519533,1809648,5329182,2019,7,4,14617,2770699.907128266,0.0,0.0,0,0,0,0.0,0.0,0.0,
2019-07-05,chokepoint6,Strait of Hormuz,12,19,4,5,62,40,102,391598,787296,21414,633,3891337,1200942,5092279,2019,7,5,14618,2752151.2830519974,0.0,0.0,0,0,0,0.0,0.0,0.0,
2019-07-06,chokepoint6,Strait of Hormuz,18,20,5,1,59,44,103,679974,370510,50131,0,1711922,1100616,2812539,2019,7,6,14619,2781225.8211698076,1069303.8211698076,0.3844721320471738,1,0,0,0.0,0.0,0.0,
2019-07-07,chokepoint6,Strait of Hormuz,15,20,3,2,46,40,86,390128,683874,31668,5034,2093153,1110705,3203858,2019,7,7,14620,2578016.587992599,484863.58799259877,0.18807620953678314,0,0,0,0.0,0.0,0.0,
2019-07-08,chokepoint6,Strait of Hormuz,12,13,6,2,46,33,79,383404,285870,22795,6154,1803162,698225,2501387,2019,7,8,14621,2621619.5921723256,818457.5921723256,0.3121954057011511,1,0,0,0.0,0.0,0.0,
2019-07-09,chokepoint6,Strait of Hormuz,10,17,6,2,56,35,91,236666,370901,25723,2973,2037901,636264,2674165,2019,7,9,14622,2491046.384397287,453145.3843972869,0.1819096534033132,0,0,0,0.0,0.0,0.0,
2019-07-10,chokepoint6,Strait of Hormuz,12,18,0,3,42,33,75,398309,407774,0,0,2620994,806083,3427078,2019,7,10,14623,2620994.0,0.0,0.0,0,0,0,0.0,0.0,0.0,
2019-07-11,chokepoint6,Strait of Hormuz,12,17,3,4,50,36,86,384706,470965,32123,15914,2072698,903709,2976407,2019,7,11,14624,2693743.6565980655,621045.6565980655,0.2305511346920016,0,0,0,0.0,0.0,0.0,
2019-07-12,chokepoint6,Strait of Hormuz,17,12,9,1,57,39,96,582307,293413,31513,1692,3294508,908927,4203436,2019,7,12,14625,2698488.8870273926,0.0,0.0,0,0,0,0.0,0.0,0.0,
2019-07-13,chokepoint6,Strait of Hormuz,15,15,2,2,57,34,91,717900,530560,10900,0,2809206,1259361,4068567,2019,7,13,14626,2731611.6405454865,0.0,0.0,0,0,0,0.0,0.0,0.0,
2019-07-14,chokepoint6,Strait of Hormuz,11,17,7,2,40,37,77,396028,559692,70468,6153,1998625,1032342,3030968,2019,7,14,14627,2536071.0675112545,537446.0675112545,0.21192074401868843,0,0,0,0.0,0.0,0.0,
2019-07-15,chokepoint6,Strait of Hormuz,15,18,6,2,46,41,87,446320,801288,17061,289,2102855,1264960,3367816,2019,7,15,14628,2573208.487837458,470353.48783745803,0.18278872079764757,0,0,0,0.0,0.0,0.0,
2019-07-16,chokepoint6,Strait of Hormuz,8,14,5,3,47,30,77,300510,476609,53005,5226,2442434,835353,3277788,2019,7,16,14629,2472677.60771514,30243.607715140097,0.012231116430534785,0,0,0,0.0,0.0,0.0,
2019-07-17,chokepoint6,Strait of Hormuz,14,10,2,3,47,29,76,384522,415821,8197,1952,2165205,810494,2975699,2019,7,17,14630,2620994.0,455789.0,0.17389929164278894,0,0,0,0.0,0.0,0.0,
2019-07-18,chokepoint6,Strait of Hormuz,10,13,4,2,40,29,69,379067,162798,43550,2013,1685186,587430,2272617,2019,7,18,14631,2688598.289844697,1003412.2898446969,0.37321019418734275,1,0,0,0.0,0.0,0.0,
2019-07-19,chokepoint6,Strait of Hormuz,13,8,5,0,44,26,70,409441,170719,12766,0,2065696,592927,2658624,2019,7,19,14632,2674591.542521027,608895.5425210269,0.22765926416827437,0,0,0,0.0,0.0,0.0,
2019-07-20,chokepoint6,Strait of Hormuz,17,14,8,2,39,41,80,670230,330794,40347,4635,2539643,1046007,3585651,2019,7,20,14633,2703567.5646053413,163924.5646053413,0.0606326865107477,0,0,0,0.0,0.0,0.0,
2019-07-21,chokepoint6,Strait of Hormuz,11,14,4,4,54,33,87,418336,436235,8425,6429,2176215,869426,3045641,2019,7,21,14634,2514460.7463533874,338245.74635338737,0.13452019358183676,0,0,0,0.0,0.0,0.0,
2019-07-22,chokepoint6,Strait of Hormuz,20,11,0,6,46,37,83,509503,235048,0,2614,2583562,747167,3330730,2019,7,22,14635,2586610.381162429,3048.3811624292284,0.001178523516579748,0,0,0,0.0,0.0,0.0,
2019-07-23,chokepoint6,Strait of Hormuz,6,15,3,0,47,24,71,181440,873243,0,0,2649431,1054684,3704115,2019,7,23,14636,2436768.821012348,0.0,0.0,0,0,0,0.0,0.0,0.0,
2019-07-24,chokepoint6,Strait of Hormuz,10,5,3,2,47,20,67,360768,282240,30617,0,2485801,673626,3159427,2019,7,24,14637,2588368.0,102567.0,0.03962612735128854,0,0,0,0.0,0.0,0.0,
2019-07-25,chokepoint6,Strait of Hormuz,16,14,4,3,53,37,90,435030,605042,24968,3185,2267083,1068227,3335310,2019,7,25,14638,2708571.0761958435,441488.0761958435,0.16299667380924276,0,0,0,0.0,0.0,0.0,
2019-07-26,chokepoint6,Strait of Hormuz,14,10,4,1,44,29,73,574744,291266,11319,4812,2807478,882143,3689621,2019,7,26,14639,2732534.631646213,0.0,0.0,0,0,0,0.0,0.0,0.0,
2019-07-27,chokepoint6,Strait of Hormuz,11,9,2,1,38,23,61,374100,222679,9460,2302,1280229,608541,1888771,2019,7,27,14640,2719605.500209449,1439376.5002094489,0.5292592988573512,1,0,0,0.0,0.0,0.0,
2019-07-28,chokepoint6,Strait of Hormuz,14,10,3,1,46,28,74,546147,219848,8730,0,1926540,774726,2701266,2019,7,28,14641,2590928.7916951007,664388.7916951007,0.25642881187036715,0,0,0,0.0,0.0,0.0,
2019-07-29,chokepoint6,Strait of Hormuz,13,20,3,1,45,37,82,447039,804961,44609,0,2320599,1296610,3617209,2019,7,29,14642,2598307.432938493,277708.43293849286,0.10688051360589967,0,0,0,0.0,0.0,0.0,
2019-07-30,chokepoint6,Strait of Hormuz,10,19,3,1,43,33,76,360139,574574,7473,0,1806784,942187,2748971,2019,7,30,14643,2471162.637464644,664378.6374646439,0.268852655584936,0,0,0,0.0,0.0,0.0,
2019-07-31,chokepoint6,Strait of Hormuz,14,14,0,4,42,32,74,503266,390622,0,10398,2949083,904287,3853370,2019,7,31,14644,2600073.0,0.0,0.0,0,0,0,0.0,0.0,0.0,
2019-08-01,chokepoint6,Strait of Hormuz,12,13,2,3,54,30,84,462976,360757,15599,289,1934992,839623,2774615,2019,8,1,14645,2674854.9212058033,739862.9212058033,0.2765992709886034,0,0,0,0.0,0.0,0.0,
2019-08-02,chokepoint6,Strait of Hormuz,15,14,4,3,48,36,84,650174,375694,8222,6513,2109404,1040604,3150008,2019,8,2,14646,2691684.293133772,582280.293133772,0.21632562727327015,0,0,0,0.0,0.0,0.0,
2019-08-03,chokepoint6,Strait of Hormuz,13,12,5,4,55,34,89,593955,598598,25783,5883,2924440,1224220,4148661,2019,8,3,14647,2771278.6262818654,0.0,0.0,0,0,0,0.0,0.0,0.0,
2019-08-04,chokepoint6,Strait of Hormuz,13,13,6,2,59,34,93,352129,155618,39245,0,2600073,546993,3147067,2019,8,4,14648,2590928.7916951007,0.0,0.0,0,0,0,0.0,0.0,0.0,
2019-08-05,chokepoint6,Strait of Hormuz,10,11,1,1,42,23,65,322855,320351,15967,1679,1714567,660853,2375421,2019,8,5,14649,2637740.637815338,923173.6378153381,0.34998650912848667,1,0,0,0.0,0.0,0.0,
2019-08-06,chokepoint6,Strait of Hormuz,16,16,0,2,52,34,86,415578,445482,0,289,2540766,861351,3402117,2019,8,6,14650,2518073.49168296,0.0,0.0,0,0,0,0.0,0.0,0.0,
2019-08-07,chokepoint6,Strait of Hormuz,14,19,5,2,53,40,93,364733,752105,28987,3320,2439662,1149146,3588808,2019,8,7,14651,2649431.0,209769.0,0.07917511344888771,0,0,0,0.0,0.0,0.0,
2019-08-08,chokepoint6,Strait of Hormuz,9,10,7,5,53,31,84,243603,293375,53600,12184,2696775,602763,3299538,2019,8,8,14652,2736044.3790956847,39269.37909568474,0.014352610431218233,0,0,0,0.0,0.0,0.0,
2019-08-09,chokepoint6,Strait of Hormuz,12,19,4,1,43,36,79,575173,489887,16946,0,2914046,1082008,3996054,2019,8,9,14653,2756898.8667422673,0.0,0.0,0,0,0,0.0,0.0,0.0,
2019-08-10,chokepoint6,Strait of Hormuz,8,20,1,1,58,30,88,385626,519411,4720,0,2865393,909757,3775150,2019,8,10,14654,2783219.669923471,0.0,0.0,0,0,0,0.0,0.0,0.0,
2019-08-11,chokepoint6,Strait of Hormuz,16,15,5,1,39,37,76,662681,335537,13084,0,2251066,1011303,3262370,2019,8,11,14655,2598911.3095990648,347845.30959906476,0.13384270110114954,0,0,0,0.0,0.0,0.0,
2019-08-12,chokepoint6,Strait of Hormuz,15,14,3,1,45,33,78,427447,677668,6808,0,2037012,1111924,3148936,2019,8,12,14656,2644410.105867747,607398.1058677472,0.2296913419442682,0,0,0,0.0,0.0,0.0,
2019-08-13,chokepoint6,Strait of Hormuz,12,11,1,1,50,25,75,391508,224563,741,0,2360768,616813,2977582,2019,8,13,14657,2515009.3360445662,154241.33604456624,0.061328335379918074,0,0,0,0.0,0.0,0.0,
2019-08-14,chokepoint6,Strait of Hormuz,14,12,2,1,50,29,79,597647,384523,0,0,2218088,982171,3200259,2019,8,14,14658,2647579.0,429491.0,0.16222027746858544,0,0,0,0.0,0.0,0.0,
2019-08-15,chokepoint6,Strait of Hormuz,12,17,3,2,39,34,73,440797,540695,36862,3743,2562268,1022100,3584369,2019,8,15,14659,2744121.540482375,181853.54048237484,0.06627022083373456,0,0,0,0.0,0.0,0.0,
2019-08-16,chokepoint6,Strait of Hormuz,11,8,2,1,46,22,68,537828,303549,42774,5270,2253126,889422,3142548,2019,8,16,14660,2735002.6297965846,481876.6297965846,0.17618872630935062,0,0,0,0.0,0.0,0.0,
2019-08-17,chokepoint6,Strait of Hormuz,14,11,4,1,50,30,80,517151,274284,45870,0,2646207,837306,3483514,2019,8,17,14661,2776370.8677011733,130163.8677011733,0.046882737899115255,0,0,0,0.0,0.0,0.0,
2019-08-18,chokepoint6,Strait of Hormuz,10,13,6,2,55,31,86,388064,400705,35702,3788,2675883,828261,3504144,2019,8,18,14662,2597564.5296477317,0.0,0.0,0,0,0,0.0,0.0,0.0,
2019-08-19,chokepoint6,Strait of Hormuz,15,14,1,2,48,32,80,496606,341125,7191,0,2238762,844923,3083685,2019,8,19,14663,2644410.105867747,405648.1058677472,0.15339833445941103,0,0,0,0.0,0.0,0.0,
2019-08-20,chokepoint6,Strait of Hormuz,11,9,1,3,35,24,59,419547,371250,6814,12088,2271474,809701,3081175,2019,8,20,14664,2522406.458666657,250932.4586666571,0.09948137335459405,0,0,0,0.0,0.0,0.0,
2019-08-21,chokepoint6,Strait of Hormuz,8,18,2,2,57,30,87,305885,545037,17199,6618,2135314,874740,3010054,2019,8,21,14665,2663068.0,527754.0,0.1981751874154171,0,0,0,0.0,0.0,0.0,
2019-08-22,chokepoint6,Strait of Hormuz,10,11,3,0,40,24,64,405203,207628,6039,0,1898292,618871,2517164,2019,8,22,14666,2742669.5942505044,844377.5942505044,0.30786704895864403,1,0,0,0.0,0.0,0.0,
2019-08-23,chokepoint6,Strait of Hormuz,11,15,5,3,41,34,75,332228,732796,42459,2013,2136123,1109498,3245621,2019,8,23,14667,2747501.011369334,611378.0113693341,0.2225214872858692,0,0,0,0.0,0.0,0.0,
2019-08-24,chokepoint6,Strait of Hormuz,20,14,2,1,46,37,83,810867,367125,7368,3467,2698760,1188828,3887589,2019,8,24,14668,2776370.8677011733,77610.8677011733,0.02795407076340448,0,0,0,0.0,0.0,0.0,
2019-08-25,chokepoint6,Strait of Hormuz,17,12,2,5,44,36,80,477018,468408,7086,11165,3191174,963678,4154853,2019,8,25,14669,2595689.6391907013,0.0,0.0,0,0,0,0.0,0.0,0.0,
2019-08-26,chokepoint6,Strait of Hormuz,12,13,4,2,54,31,85,425884,507362,3593,2081,1857617,938922,2796540,2019,8,26,14670,2640123.0189716076,782506.0189716076,0.2963899838562874,0,0,0,0.0,0.0,0.0,
2019-08-27,chokepoint6,Strait of Hormuz,14,15,3,1,44,33,77,389167,457129,2324,0,2425568,848621,3274189,2019,8,27,14671,2515009.3360445662,89441.33604456624,0.03556302346981877,0,0,0,0.0,0.0,0.0,
2019-08-28,chokepoint6,Strait of Hormuz,9,12,0,1,46,22,68,306936,473611,0,0,2634039,780548,3414587,2019,8,28,14672,2641917.0,7878.0,0.002981925624461329,0,0,0,0.0,0.0,0.0,
2019-08-29,chokepoint6,Strait of Hormuz,14,12,10,0,52,36,88,571154,295619,58212,0,2920533,924985,3845519,2019,8,29,14673,2734626.5355155235,0.0,0.0,0,0,0,0.0,0.0,0.0,
2019-08-30,chokepoint6,Strait of Hormuz,11,14,5,1,51,31,82,479994,367954,23402,287,2060171,871638,2931810,2019,8,30,14674,2747501.011369334,687330.0113693341,0.2501655171463518,0,0,0,0.0,0.0,0.0,
2019-08-31,chokepoint6,Strait of Hormuz,11,8,1,2,42,22,64,440548,320092,4018,7540,2120342,772200,2892543,2019,8,31,14675,2782735.6445019655,662393.6445019655,0.2380368562176218,0,0,0,0.0,0.0,0.0,
2019-09-01,chokepoint6,Strait of Hormuz,17,14,3,1,41,35,76,425812,411118,10088,0,1858579,847019,2705598,2019,9,1,14676,2597564.5296477317,738985.5296477317,0.2844916925886531,0,0,0,0.0,0.0,0.0,
2019-09-02,chokepoint6,Strait of Hormuz,11,18,4,1,47,34,81,404877,744186,37259,2983,2452522,1189306,3641829,2019,9,2,14677,2632250.368489606,179728.36848960584,0.06827935922855795,0,0,0,0.0,0.0,0.0,
2019-09-03,chokepoint6,Strait of Hormuz,16,12,1,2,32,31,63,420467,446842,6807,0,2669959,874118,3544077,2019,9,3,14678,2508137.7959497804,0.0,0.0,0,0,0,0.0,0.0,0.0,
2019-09-04,chokepoint6,Strait of Hormuz,14,21,1,1,44,37,81,424061,480786,3841,0,3080643,908688,3989332,2019,9,4,14679,2641917.0,0.0,0.0,0,0,0,0.0,0.0,0.0,
2019-09-05,chokepoint6,Strait of Hormuz,11,16,3,2,49,32,81,316773,601661,14002,6223,2550205,938659,3488864,2019,9,5,14680,2727154.9545500977,176949.9545500977,0.06488445192850781,0,0,0,0.0,0.0,0.0,
2019-09-06,chokepoint6,Strait of Hormuz,9,17,5,1,52,32,84,402079,601158,24436,0,2818898,1027674,3846572,2019,9,6,14681,2726847.055371825,0.0,0.0,0,0,0,0.0,0.0,0.0,
2019-09-07,chokepoint6,Strait of Hormuz,12,11,7,2,46,32,78,585641,277485,70120,10442,1947167,943690,2890857,2019,9,7,14682,2765600.5146126663,818433.5146126663,0.2959333823841479,0,0,0,0.0,0.0,0.0,
2019-09-08,chokepoint6,Strait of Hormuz,16,13,2,5,36,36,72,468717,360247,7887,2880,1876328,839733,2716062,2019,9,8,14683,2546726.531339037,670398.5313390372,0.2632393086141644,0,0,0,0.0,0.0,0.0,
2019-09-09,chokepoint6,Strait of Hormuz,10,9,2,1,52,22,74,434373,180822,25195,0,2535365,640391,3175756,2019,9,9,14684,2570781.1372382217,35416.13723822171,0.013776410883529782,0,0,0,0.0,0.0,0.0,
2019-09-10,chokepoint6,Strait of Hormuz,10,17,6,3,42,36,78,255838,536811,28422,7573,2863745,828645,3692391,2019,9,10,14685,2481636.2711914126,0.0,0.0,0,0,0,0.0,0.0,0.0,
2019-09-11,chokepoint6,Strait of Hormuz,14,10,4,1,43,29,72,515984,503807,63684,4706,1248453,1088183,2336636,2019,9,11,14686,2594417.0,1345964.0,0.5187924685969911,1,0,0,0.0,0.0,0.0,
2019-09-12,chokepoint6,Strait of Hormuz,14,11,2,1,53,28,81,402054,215341,10262,6048,2744257,633705,3377962,2019,9,12,14687,2698339.247269331,0.0,0.0,0,0,0,0.0,0.0,0.0,
2019-09-13,chokepoint6,Strait of Hormuz,15,10,4,1,51,30,81,442897,470068,3918,2677,2572528,919561,3492090,2019,9,13,14688,2684327.919452337,111799.91945233708,0.04164912887213376,0,0,0,0.0,0.0,0.0,
2019-09-14,chokepoint6,Strait of Hormuz,16,18,6,4,53,44,97,623919,311547,29029,0,3252541,964495,4217037,2019,9,14,14689,2701017.24410895,0.0,0.0,0,0,0,0.0,0.0,0.0,
2019-09-15,chokepoint6,Strait of Hormuz,12,15,1,1,38,29,67,483092,441709,4311,4207,1764877,933321,2698198,2019,9,15,14690,2525239.894054252,760362.8940542522,0.30110521216005964,1,0,0,0.0,0.0,0.0,
2019-09-16,chokepoint6,Strait of Hormuz,20,14,2,6,47,42,89,689621,526675,12784,11089,2034286,1240171,3274458,2019,9,16,14691,2591206.2582336054,556920.2582336054,0.21492702731169358,0,0,0,0.0,0.0,0.0,
2019-09-17,chokepoint6,Strait of Hormuz,10,15,5,1,44,31,75,344465,628440,11110,2212,1325944,986229,2312173,2019,9,17,14692,2444983.3052501394,1119039.3052501394,0.45768791257069696,1,0,0,0.0,0.0,1.0,
2019-09-18,chokepoint6,Strait of Hormuz,9,11,1,1,63,22,85,282046,305619,3283,2177,3003317,593127,3596444,2019,9,18,14693,2560909.0,0.0,0.0,0,0,0,0.0,0.0,1.0,
2019-09-19,chokepoint6,Strait of Hormuz,9,11,3,3,47,26,73,183889,237548,39309,2797,2745102,463543,3208646,2019,9,19,14694,2646478.4147425066,0.0,0.0,0,0,0,0.0,0.0,1.0,
2019-09-20,chokepoint6,Strait of Hormuz,10,19,4,1,47,34,81,383354,634275,24462,5981,1513001,1048074,2561075,2019,9,20,14695,2648511.9244823693,1135510.9244823693,0.42873543969574385,1,0,0,0.0,0.0,1.0,
2019-09-21,chokepoint6,Strait of Hormuz,15,15,3,2,47,35,82,663841,321225,16149,2174,3165880,1003391,4169271,2019,9,21,14696,2675065.7119108005,0.0,0.0,0,0,0,0.0,1.0,1.0,
2019-09-22,chokepoint6,Strait of Hormuz,11,16,1,2,41,30,71,213914,235626,14686,2302,1805822,466530,2272352,2019,9,22,14697,2500977.2409514138,695155.2409514138,0.2779534453847989,0,0,0,0.0,1.0,1.0,
2019-09-23,chokepoint6,Strait of Hormuz,17,10,5,3,43,35,78,561551,230296,16410,9930,1995314,818189,2813503,2019,9,23,14698,2551027.5599244717,555713.5599244717,0.21783910478055543,0,0,0,1.0,1.0,1.0,
2019-09-24,chokepoint6,Strait of Hormuz,12,15,2,4,43,33,76,545377,388831,8937,8462,1627137,951608,2578746,2019,9,24,14699,2444983.3052501394,817846.3052501394,0.33449975036392643,1,8,1,0.0,0.0,0.0,1757706.3052501394
2019-09-25,chokepoint6,Strait of Hormuz,12,11,1,1,33,25,58,296468,446396,0,2013,1621049,744878,2365927,2019,9,25,14700,2560909.0,939860.0,0.36700249794116074,1,8,0,0.0,0.0,0.0,1757706.3052501394
2019-09-26,chokepoint6,Strait of Hormuz,12,14,3,2,49,31,80,412698,344002,9915,0,2355048,766616,3121665,2019,9,26,14701,2632942.762254934,277894.7622549338,0.10554531083574947,0,0,0,0.0,0.0,0.0,
2019-09-27,chokepoint6,Strait of Hormuz,7,16,4,0,47,27,74,331492,560867,39268,0,2592967,931627,3524594,2019,9,27,14702,2637580.8873725655,44613.887372565456,0.01691469921781535,0,0,0,0.0,0.0,0.0,
2019-09-28,chokepoint6,Strait of Hormuz,14,22,1,1,47,38,85,449825,414332,18704,7905,2101482,890767,2992250,2019,9,28,14703,2674867.27198745,573385.2719874498,0.21436027050471912,0,0,0,0.0,0.0,0.0,
2019-09-29,chokepoint6,Strait of Hormuz,21,13,4,0,59,38,97,531443,833188,52894,0,2430447,1417526,3847973,2019,9,29,14704,2482639.6343400073,52192.634340007324,0.02102304080627569,0,0,0,0.0,0.0,1.0,
2019-09-30,chokepoint6,Strait of Hormuz,9,12,1,3,49,25,74,241027,520586,8514,287,1976483,770415,2746898,2019,9,30,14705,2499449.6074838075,522966.6074838075,0.209232707039962,0,0,0,0.0,0.0,1.0,
2019-10-01,chokepoint6,Strait of Hormuz,15,12,0,1,51,28,79,498952,206168,0,0,1598125,705120,2303246,2019,10,1,14706,2403736.9571127254,805611.9571127254,0.3351497986203927,1,0,0,0.0,0.0,1.0,
2019-10-02,chokepoint6,Strait of Hormuz,11,14,3,1,40,29,69,449263,383935,5656,0,3050531,838855,3889386,2019,10,2,14707,2547622.0,0.0,0.0,0,0,0,0.0,0.0,1.0,
2019-10-03,chokepoint6,Strait of Hormuz,10,8,1,3,34,22,56,382763,333760,4018,5700,2143308,726242,2869551,2019,10,3,14708,2642431.566739656,499123.56673965603,0.18888798219872002,0,0,0,0.0,1.0,1.0,
2019-10-04,chokepoint6,Strait of Hormuz,5,4,3,0,37,12,49,243479,117820,25121,0,2106280,386421,2492701,2019,10,4,14709,2637580.8873725655,531300.8873725655,0.20143491709246594,0,0,0,0.0,1.0,1.0,
2019-10-05,chokepoint6,Strait of Hormuz,13,11,4,3,44,31,75,504157,268155,15301,5700,2387086,793314,3180401,2019,10,5,14710,2674867.27198745,287781.27198744984,0.1075871221728418,0,0,0,1.0,1.0,1.0,
2019-10-06,chokepoint6,Strait of Hormuz,13,11,2,0,35,26,61,414781,566240,3045,0,1568176,984068,2552245,2019,10,6,14711,2486720.2205336597,918544.2205336597,0.3693798011328096,1,9,1,0.0,0.0,0.0,1976931.8269749908
2019-10-07,chokepoint6,Strait of Hormuz,8,6,5,1,44,20,64,264600,297723,38024,0,1469025,600347,2069372,2019,10,7,14712,2527412.606441331,1058387.606441331,0.41876328532347196,1,9,0,0.0,0.0,0.0,1976931.8269749908
2019-10-08,chokepoint6,Strait of Hormuz,8,11,2,4,35,25,60,202073,249769,9111,9237,1934676,470191,2404867,2019,10,8,14713,2377142.2911469867,442466.29114698665,0.18613370044983457,0,0,0,0.0,0.0,0.0,
2019-10-09,chokepoint6,Strait of Hormuz,8,10,3,5,42,26,68,271187,92171,12586,16047,2620992,391993,3012985,2019,10,9,14714,2521811.0,0.0,0.0,0,0,0,0.0,0.0,0.0,
2019-10-10,chokepoint6,Strait of Hormuz,11,11,1,1,45,24,69,371144,230235,1151,0,2347589,602531,2950121,2019,10,10,14715,2584720.5793241346,237131.57932413463,0.09174360324323372,0,0,0,0.0,0.0,0.0,
2019-10-11,chokepoint6,Strait of Hormuz,9,5,2,1,49,17,66,261291,134706,1737,0,2862491,397736,3260227,2019,10,11,14716,2580892.5020050346,0.0,0.0,0,0,0,0.0,0.0,0.0,
2019-10-12,chokepoint6,Strait of Hormuz,17,15,3,1,32,36,68,451223,366927,12308,0,1800615,830459,2631075,2019,10,12,14717,2614056.4599207584,813441.4599207584,0.31117975927169406,1,0,0,0.0,0.0,0.0,
2019-10-13,chokepoint6,Strait of Hormuz,13,7,2,2,45,24,69,481349,211071,8762,2448,2160944,703632,2864577,2019,10,13,14718,2437123.9690459827,276179.9690459827,0.11332208478261938,0,0,0,0.0,0.0,0.0,
2019-10-14,chokepoint6,Strait of Hormuz,16,13,4,3,50,36,86,471370,739649,44744,2829,2403371,1258593,3661965,2019,10,14,14719,2481076.092408651,77705.09240865102,0.0313191089327753,0,0,0,0.0,0.0,0.0,
2019-10-15,chokepoint6,Strait of Hormuz,11,20,5,3,59,39,98,411771,402007,37272,6704,2340688,857755,3198443,2019,10,15,14720,2366265.679135268,25577.67913526809,0.010809301491713828,0,0,0,0.0,0.0,0.0,
2019-10-16,chokepoint6,Strait of Hormuz,12,16,2,2,57,32,89,381678,378086,26258,390,3257073,786413,4043487,2019,10,16,14721,2478850.0,0.0,0.0,0,0,0,0.0,0.0,0.0,
2019-10-17,chokepoint6,Strait of Hormuz,12,12,6,2,62,32,94,408871,255211,45014,9098,2780829,718195,3499025,2019,10,17,14722,2565720.2352535506,0.0,0.0,0,0,0,0.0,0.0,0.0,
2019-10-18,chokepoint6,Strait of Hormuz,8,14,4,4,37,30,67,326955,492256,39471,11078,2865887,869761,3735648,2019,10,18,14723,2570239.942874446,0.0,0.0,0,0,0,0.0,0.0,0.0,
2019-10-19,chokepoint6,Strait of Hormuz,11,14,3,1,50,29,79,415458,304528,2690,0,2527504,722676,3250180,2019,10,19,14724,2617571.681420107,90067.6814201069,0.0344088691283681,0,0,0,0.0,0.0,0.0,
2019-10-20,chokepoint6,Strait of Hormuz,20,19,0,1,49,40,89,569263,778330,0,3608,1961459,1351203,3312662,2019,10,20,14725,2447224.818680979,485765.81868097885,0.19849660520474782,0,0,0,0.0,0.0,0.0,
2019-10-21,chokepoint6,Strait of Hormuz,12,11,3,3,45,29,74,568214,292339,15373,0,2452771,875927,3328698,2019,10,21,14726,2481076.092408651,28305.09240865102,0.01140839351733553,0,0,0,0.0,0.0,0.0,
2019-10-22,chokepoint6,Strait of Hormuz,11,16,1,1,37,29,66,382443,459001,3588,0,1171899,845033,2016933,2019,10,22,14727,2355949.8152087396,1184050.8152087396,0.502578963085354,1,0,0,0.0,0.0,0.0,
2019-10-23,chokepoint6,Strait of Hormuz,13,7,8,2,45,30,75,528992,83334,43118,5194,2521811,660640,3182452,2019,10,23,14728,2452771.0,0.0,0.0,0,0,0,0.0,0.0,0.0,
2019-10-24,chokepoint6,Strait of Hormuz,10,17,5,2,54,34,88,332093,120468,19494,10557,2882488,482613,3365102,2019,10,24,14729,2483676.4891365184,0.0,0.0,0,0,0,0.0,0.0,0.0,
2019-10-25,chokepoint6,Strait of Hormuz,13,11,2,2,43,28,71,423985,339862,20913,2013,1951455,786776,2738231,2019,10,25,14730,2472066.620476782,520611.62047678186,0.21059773072635588,0,0,0,0.0,0.0,0.0,
2019-10-26,chokepoint6,Strait of Hormuz,15,14,3,3,55,35,90,399408,395878,14977,6775,2906968,817040,3724008,2019,10,26,14731,2492882.1130749267,0.0,0.0,0,0,0,0.0,0.0,0.0,
2019-10-27,chokepoint6,Strait of Hormuz,11,15,1,4,36,31,67,497090,676792,2522,2013,2315365,1178419,3493785,2019,10,27,14732,2344035.1670454005,28670.167045400478,0.01223111643053484,0,0,0,0.0,0.0,0.0,
2019-10-28,chokepoint6,Strait of Hormuz,12,16,4,1,43,33,76,411092,194013,29317,2364,2724079,636788,3360867,2019,10,28,14733,2386308.4876220073,0.0,0.0,0,0,0,0.0,0.0,0.0,
2019-10-29,chokepoint6,Strait of Hormuz,8,10,4,0,42,22,64,331151,379017,21515,0,2374294,731684,3105979,2019,10,29,14734,2270807.346626268,0.0,0.0,0,0,0,0.0,0.0,0.0,
2019-10-30,chokepoint6,Strait of Hormuz,10,17,1,2,60,30,90,493012,488620,0,2921,1994362,984554,2978917,2019,10,30,14735,2387930.0,393568.0,0.16481555154464328,0,0,0,0.0,0.0,0.0,
2019-10-31,chokepoint6,Strait of Hormuz,10,10,2,1,39,23,62,382097,261086,23422,0,1797824,666605,2464430,2019,10,31,14736,2453627.9193257727,655803.9193257727,0.26727928638258225,0,0,0,0.0,0.0,0.0,
2019-11-01,chokepoint6,Strait of Hormuz,10,10,5,1,43,26,69,340644,332696,14513,0,2356759,687854,3044613,2019,11,1,14737,2439797.33761385,83038.3376138499,0.03403493246494906,0,0,0,0.0,0.0,0.0,
2019-11-02,chokepoint6,Strait of Hormuz,11,9,3,4,40,27,67,489426,342944,21220,2354,458584,855945,1314529,2019,11,2,14738,2466069.6245955746,2007485.6245955746,0.8140425576689847,1,0,0,0.0,0.0,0.0,
2019-11-03,chokepoint6,Strait of Hormuz,8,8,1,2,31,19,50,196661,171903,12274,2191,1935237,383030,2318267,2019,11,3,14739,2302652.113701165,367415.1137011652,0.1595617121296716,0,0,0,0.0,0.0,0.0,
2019-11-04,chokepoint6,Strait of Hormuz,10,10,3,1,40,24,64,313630,575663,32141,0,2525665,921435,3447101,2019,11,4,14740,2323117.426365484,0.0,0.0,0,0,0,0.0,0.0,1.0,
2019-11-05,chokepoint6,Strait of Hormuz,11,16,6,3,33,36,69,377421,843538,35109,5629,2282766,1261698,3544465,2019,11,5,14741,2183031.26288437,0.0,0.0,0,0,0,0.0,0.0,1.0,
2019-11-06,chokepoint6,Strait of Hormuz,9,10,0,1,38,20,58,268864,427259,0,201,2052174,696326,2748500,2019,11,6,14742,2282766.0,230592.0,0.10101429581481414,0,0,0,0.0,0.0,1.0,
2019-11-07,chokepoint6,Strait of Hormuz,12,8,4,6,39,30,69,590311,148796,21947,16720,1990345,777776,2768121,2019,11,7,14743,2346379.2133544195,356034.21335441945,0.1517377120151979,0,0,0,0.0,0.0,1.0,
2019-11-08,chokepoint6,Strait of Hormuz,10,12,6,1,48,29,77,548666,323630,12566,0,2412803,884863,3297667,2019,11,8,14744,2350512.5354003673,0.0,0.0,0,0,0,0.0,1.0,1.0,
2019-11-09,chokepoint6,Strait of Hormuz,12,7,5,2,36,26,62,407635,146268,21758,4452,2063653,580115,2643769,2019,11,9,14745,2362681.3745833654,299028.3745833654,0.12656314042179978,0,0,0,0.0,1.0,1.0,
2019-11-10,chokepoint6,Strait of Hormuz,9,8,0,1,31,18,49,477735,335343,0,0,1757844,813079,2570923,2019,11,10,14746,2194512.1622882024,436668.16228820244,0.19898188298619024,0,0,0,1.0,1.0,1.0,
2019-11-11,chokepoint6,Strait of Hormuz,6,8,2,2,43,18,61,271305,324913,15498,10655,1472131,622372,2094504,2019,11,11,14747,2233724.169673814,761593.169673814,0.3409521999240523,1,10,1,0.0,0.0,0.0,23607893.49758985
2019-11-12,chokepoint6,Strait of Hormuz,6,10,1,0,43,17,60,118507,606002,1799,0,784577,726308,1510886,2019,11,12,14748,2124419.782095251,1339842.7820952511,0.6306864553736196,1,10,0,0.0,0.0,0.0,23607893.49758985
2019-11-13,chokepoint6,Strait of Hormuz,12,10,5,1,38,28,66,468818,306142,12728,5038,1320308,792727,2113035,2019,11,13,14749,2224178.0,903870.0,0.40638384158102453,1,10,0,0.0,0.0,0.0,23607893.49758985
2019-11-14,chokepoint6,Strait of Hormuz,10,6,3,2,26,21,47,467950,204617,7154,0,409224,679722,1088947,2019,11,14,14750,2273188.7223038888,1863964.7223038888,0.8199779912750714,1,10,0,0.0,0.0,0.0,23607893.49758985
2019-11-15,chokepoint6,Strait of Hormuz,8,6,2,1,22,17,39,354617,319654,8671,0,1081749,682942,1764691,2019,11,15,14751,2217537.7474737437,1135788.7474737437,0.5121846285447241,1,10,0,0.0,0.0,0.0,23607893.49758985
2019-11-16,chokepoint6,Strait of Hormuz,5,10,4,2,31,21,52,122481,383321,28563,4186,1294517,538552,1833069,2019,11,16,14752,2230834.319690676,936317.3196906759,0.4197162072620903,1,10,0,0.0,0.0,0.0,23607893.49758985
2019-11-17,chokepoint6,Strait of Hormuz,9,9,0,2,35,20,55,394353,208165,0,2916,387340,605435,992775,2019,11,17,14753,2061415.5538178876,1674075.5538178876,0.8120999915409491,1,10,0,0.0,0.0,0.0,23607893.49758985
2019-11-18,chokepoint6,Strait of Hormuz,6,12,3,2,20,23,43,201986,603514,4451,5598,723492,815551,1539044,2019,11,18,14754,2098591.9928804412,1375099.9928804412,0.6552488513944226,1,10,0,0.0,0.0,0.0,23607893.49758985
2019-11-19,chokepoint6,Strait of Hormuz,10,8,1,1,27,20,47,356536,136092,2681,5395,948883,500706,1449590,2019,11,19,14755,1982956.346088589,1034073.3460885889,0.5214806408261655,1,10,0,0.0,0.0,0.0,23607893.49758985
2019-11-20,chokepoint6,Strait of Hormuz,6,9,2,2,34,19,53,220630,261202,37498,5395,838877,524727,1363605,2019,11,20,14756,2100018.0,1261141.0,0.6005381858631688,1,10,0,0.0,0.0,0.0,23607893.49758985
2019-11-21,chokepoint6,Strait of Hormuz,5,9,1,1,31,16,47,65028,336214,10553,7003,351676,418800,770476,2019,11,21,14757,2134291.7221325114,1782615.7221325114,0.8352258988997917,1,10,0,0.0,0.0,0.0,23607893.49758985
2019-11-22,chokepoint6,Strait of Hormuz,10,6,1,1,27,18,45,431904,282740,12626,0,612472,727272,1339744,2019,11,22,14758,2138051.436238981,1525579.4362389809,0.7135372939963541,1,10,0,0.0,0.0,0.0,23607893.49758985
2019-11-23,chokepoint6,Strait of Hormuz,8,6,3,3,42,20,62,350488,46000,12849,5188,1588825,414526,2003352,2019,11,23,14759,2168437.038183866,579612.0381838661,0.26729484323386643,0,10,0,0.0,0.0,0.0,23607893.49758985
2019-11-24,chokepoint6,Strait of Hormuz,6,10,1,1,35,18,53,264462,330625,6455,0,957580,601543,1559124,2019,11,24,14760,2025719.0137812842,1068139.0137812842,0.5272888325155498,1,10,0,0.0,0.0,0.0,23607893.49758985
2019-11-25,chokepoint6,Strait of Hormuz,3,8,2,4,31,17,48,57801,232854,14734,40013,754161,345403,1099565,2019,11,25,14761,2006239.7468415762,1252078.7468415762,0.624092284490288,1,10,0,0.0,0.0,0.0,23607893.49758985
2019-11-26,chokepoint6,Strait of Hormuz,2,12,1,2,36,17,53,127774,245247,17438,3944,759712,394404,1154117,2019,11,26,14762,1870929.3332929502,1111217.3332929502,0.5939386985488863,1,10,0,0.0,0.0,0.0,23607893.49758985
2019-11-27,chokepoint6,Strait of Hormuz,10,12,2,1,36,25,61,462595,376605,4618,2013,955628,845833,1801461,2019,11,27,14763,1936419.0,980791.0,0.5064973024949663,1,10,0,0.0,0.0,0.0,23607893.49758985
2019-11-28,chokepoint6,Strait of Hormuz,4,8,3,1,42,16,58,115159,327735,17066,3954,1528589,463916,1992505,2019,11,28,14764,1916481.1859055513,387892.1859055513,0.20239811836309232,0,10,0,0.0,0.0,1.0,23607893.49758985
2019-11-29,chokepoint6,Strait of Hormuz,2,10,5,0,37,17,54,158954,231401,47020,0,850128,437375,1287504,2019,11,29,14765,1947112.8545047014,1096984.8545047014,0.5633904845149553,1,10,0,0.0,0.0,1.0,23607893.49758985
2019-11-30,chokepoint6,Strait of Hormuz,5,7,4,0,39,16,55,189162,110392,24516,0,1740179,324072,2064252,2019,11,30,14766,2033136.7086462064,292957.7086462064,0.14409149537282054,0,10,0,0.0,0.0,1.0,23607893.49758985
2019-12-01,chokepoint6,Strait of Hormuz,10,8,4,0,26,22,48,395107,187726,13937,0,656565,596770,1253336,2019,12,1,14767,1900823.8240379272,1244258.8240379272,0.6545892408875345,1,10,0,0.0,0.0,1.0,23607893.49758985
2019-12-02,chokepoint6,Strait of Hormuz,4,10,1,3,38,18,56,197657,176480,0,7421,1700278,381559,2081837,2019,12,2,14768,1913586.7051953126,213308.70519531262,0.11147062456913391,0,0,0,0.0,1.0,1.0,
2019-12-03,chokepoint6,Strait of Hormuz,11,5,1,2,37,19,56,261487,49751,11000,0,1440368,322240,1762608,2019,12,3,14769,1787591.7132084034,347223.71320840344,0.19424106223070353,0,0,0,0.0,1.0,1.0,
2019-12-04,chokepoint6,Strait of Hormuz,8,12,1,0,34,21,55,268358,313539,664,0,1577977,582562,2160540,2019,12,4,14770,1854515.0,276538.0,0.14911607617085867,0,0,0,1.0,1.0,1.0,
2019-12-05,chokepoint6,Strait of Hormuz,7,4,2,1,31,14,45,230849,62656,5872,0,314950,299377,614328,2019,12,5,14771,1978870.4370873913,1663920.4370873913,0.8408435468551643,1,11,1,0.0,0.0,0.0,6219613.797019275
2019-12-06,chokepoint6,Strait of Hormuz,4,9,3,1,20,17,37,263067,367466,10556,0,482185,641090,1123276,2019,12,6,14772,1954513.7432534457,1472328.7432534457,0.753296695065769,1,11,0,0.0,0.0,0.0,6219613.797019275
2019-12-07,chokepoint6,Strait of Hormuz,5,8,0,1,30,14,44,212688,270506,0,2183,804813,485377,1290191,2019,12,7,14773,2033136.7086462064,1228323.7086462064,0.6041520491084457,1,11,0,0.0,0.0,0.0,6219613.797019275
2019-12-08,chokepoint6,Strait of Hormuz,7,8,1,2,38,18,56,314611,355527,12626,4912,1422352,687677,2110030,2019,12,8,14774,1900823.8240379272,478471.8240379272,0.25171813294169876,0,11,0,0.0,0.0,0.0,6219613.797019275
2019-12-09,chokepoint6,Strait of Hormuz,8,8,2,0,30,18,48,301996,367124,4510,0,558535,673630,1232166,2019,12,9,14775,1935104.0839943045,1376569.0839943045,0.7113669468119195,1,11,0,0.0,0.0,0.0,6219613.797019275
2019-12-10,chokepoint6,Strait of Hormuz,6,11,2,0,27,19,46,327768,473431,11813,0,1725989,813013,2539002,2019,12,10,14776,1844173.0958450383,118184.0958450383,0.0640851426101539,0,0,0,0.0,0.0,0.0,
2019-12-11,chokepoint6,Strait of Hormuz,8,9,4,1,29,22,51,323801,155466,8290,0,1359005,487558,1846564,2019,12,11,14777,1940376.0,581371.0,0.2996177029606633,0,0,0,0.0,0.0,1.0,
2019-12-12,chokepoint6,Strait of Hormuz,7,5,4,1,35,17,52,237138,135840,21376,0,1573082,394356,1967439,2019,12,12,14778,1998813.2544415812,425731.2544415812,0.21299201088223718,0,0,0,0.0,0.0,1.0,
2019-12-13,chokepoint6,Strait of Hormuz,6,7,2,1,39,16,55,352293,351509,5431,3944,1914887,713178,2628065,2019,12,13,14779,2002334.313119264,87447.31311926409,0.043672683700374415,0,0,0,0.0,0.0,1.0,
2019-12-14,chokepoint6,Strait of Hormuz,6,14,1,1,42,22,64,176857,301797,0,0,1992062,478655,2470717,2019,12,14,14780,2010529.2566378498,18467.256637849845,0.00918527127962918,0,0,0,0.0,0.0,1.0,
2019-12-15,chokepoint6,Strait of Hormuz,11,9,6,3,41,29,70,446322,337532,9132,13060,1992952,806047,2799000,2019,12,15,14781,1853287.0071988625,0.0,0.0,0,0,0,0.0,1.0,1.0,
2019-12-16,chokepoint6,Strait of Hormuz,6,12,1,1,34,20,54,153062,214186,0,5812,1647768,373061,2020829,2019,12,16,14782,1886709.9681156687,238941.96811566874,0.12664477961830534,0,0,0,0.0,1.0,1.0,
2019-12-17,chokepoint6,Strait of Hormuz,7,7,1,2,36,17,53,226445,238261,0,6223,1257493,470929,1728422,2019,12,17,14783,1763888.2263530851,506395.22635308513,0.28709031490055303,0,0,0,1.0,1.0,1.0,
2019-12-18,chokepoint6,Strait of Hormuz,8,12,4,2,36,26,62,332058,323853,20830,0,960329,676741,1637071,2019,12,18,14784,1887992.0,927663.0,0.491349009953432,1,12,1,0.0,0.0,0.0,9531419.662772827
2019-12-19,chokepoint6,Strait of Hormuz,10,6,2,1,37,19,56,250409,314087,18422,0,1025971,582919,1608891,2019,12,19,14785,1917915.564104723,891944.564104723,0.46505934922170566,1,12,0,0.0,0.0,0.0,9531419.662772827
2019-12-20,chokepoint6,Strait of Hormuz,5,6,4,1,44,16,60,243227,277501,4232,0,694702,524962,1219665,2019,12,20,14786,1920399.6731824756,1225697.6731824756,0.6382513443939803,1,12,0,0.0,0.0,0.0,9531419.662772827
2019-12-21,chokepoint6,Strait of Hormuz,10,12,3,3,27,28,55,219617,585239,3841,4452,997972,813150,1811123,2019,12,21,14787,1947141.875407657,949169.8754076569,0.4874682668970576,1,12,0,0.0,0.0,0.0,9531419.662772827
2019-12-22,chokepoint6,Strait of Hormuz,9,12,3,0,38,24,62,302516,439785,5095,0,1482057,747397,2229455,2019,12,22,14788,1820425.3800627326,338368.3800627326,0.1858732490595535,0,12,0,0.0,0.0,0.0,9531419.662772827
2019-12-23,chokepoint6,Strait of Hormuz,10,10,2,3,37,25,62,306137,412927,664,5064,714849,724793,1439643,2019,12,23,14789,1835567.7196113025,1120718.7196113025,0.6105569996886983,1,12,0,0.0,0.0,0.0,9531419.662772827
2019-12-24,chokepoint6,Strait of Hormuz,11,19,4,2,42,36,78,411748,587062,32826,0,1082782,1031638,2114420,2019,12,24,14790,1763067.063055451,680285.063055451,0.38585319714185773,1,12,0,0.0,0.0,0.0,9531419.662772827
2019-12-25,chokepoint6,Strait of Hormuz,8,18,8,3,41,37,78,339821,518563,51136,0,645851,909520,1555371,2019,12,25,14791,1855039.0,1209188.0,0.6518396648264538,1,12,0,0.0,0.0,0.0,9531419.662772827
2019-12-26,chokepoint6,Strait of Hormuz,8,16,3,1,48,28,76,314923,461838,21118,0,1420075,797880,2217956,2019,12,26,14792,1893629.3090191798,473554.3090191798,0.25007761907976644,0,12,0,0.0,0.0,0.0,9531419.662772827
2019-12-27,chokepoint6,Strait of Hormuz,6,8,1,1,26,16,42,240913,366158,3414,2094,182135,612580,794715,2019,12,27,14793,1896965.0783293045,1714830.0783293045,0.9039861080835447,1,12,0,0.0,0.0,0.0,9531419.662772827
2019-12-28,chokepoint6,Strait of Hormuz,11,9,5,3,44,28,72,387073,298611,43526,5285,1752749,734496,2487246,2019,12,28,14794,1921640.7703371122,168891.77033711225,0.08788935629601763,0,0,0,0.0,0.0,0.0,
2019-12-29,chokepoint6,Strait of Hormuz,7,14,1,1,29,23,52,205659,452576,9696,0,1448796,667932,2116729,2019,12,29,14795,1796583.8410991956,347787.84109919565,0.19358286161942223,0,0,0,0.0,0.0,0.0,
2019-12-30,chokepoint6,Strait of Hormuz,7,8,5,4,42,24,66,216938,313849,40103,11781,1486662,582672,2069335,2019,12,30,14796,1825307.6913682572,338645.69136825716,0.18552800328935617,0,0,0,0.0,0.0,1.0,
2019-12-31,chokepoint6,Strait of Hormuz,6,9,3,1,41,19,60,332194,122356,5980,5440,2470549,465972,2936522,2019,12,31,14797,1719314.4561033829,0.0,0.0,0,0,0,0.0,0.0,1.0,
2020-01-01,chokepoint6,Strait of Hormuz,9,9,2,1,55,21,76,273252,76602,6753,8553,1988711,365162,2353873,2020,1,1,14798,1809004.0,0.0,0.0,0,0,0,0.0,0.0,1.0,
2020-01-02,chokepoint6,Strait of Hormuz,15,9,3,0,40,27,67,523703,183766,25229,0,2424528,732699,3157227,2020,1,2,14799,1887579.7052886675,0.0,0.0,0,0,0,0.0,0.0,1.0,
2020-01-03,chokepoint6,Strait of Hormuz,8,16,0,3,42,27,69,303789,535772,0,4945,1344298,844506,2188805,2020,1,3,14800,1900467.2753690304,556169.2753690304,0.29264869886330147,0,0,0,0.0,1.0,1.0,
2020-01-04,chokepoint6,Strait of Hormuz,7,8,3,1,40,19,59,246068,232667,29122,3322,1932775,511180,2443955,2020,1,4,14801,1923924.4043756677,0.0,0.0,0,0,0,0.0,1.0,1.0,
2020-01-05,chokepoint6,Strait of Hormuz,13,13,4,1,43,31,74,518715,370118,19790,0,2289206,908624,3197831,2020,1,5,14802,1802039.6741673504,0.0,0.0,0,0,0,1.0,1.0,1.0,
2020-01-06,chokepoint6,Strait of Hormuz,10,11,2,3,30,26,56,339675,392969,3556,0,1187729,736202,1923932,2020,1,6,14353,1834538.419027847,646809.419027847,0.3525733843015412,1,13,1,0.0,0.0,0.0,28545267.0381501
2020-01-07,chokepoint6,Strait of Hormuz,5,5,4,2,46,16,62,298934,136338,16461,2805,646317,454538,1100856,2020,1,7,14803,1754099.8457948284,1107782.8457948284,0.6315392185060384,1,13,0,0.0,0.0,0.0,28545267.0381501
2020-01-08,chokepoint6,Strait of Hormuz,11,4,4,1,22,20,42,371634,103409,34504,0,323119,509548,832668,2020,1,8,14804,1835785.0,1512666.0,0.8239886479081157,1,13,0,0.0,0.0,0.0,28545267.0381501
2020-01-09,chokepoint6,Strait of Hormuz,10,16,2,0,29,28,57,438218,639135,33335,0,660055,1110689,1770744,2020,1,9,14805,1897125.3475262388,1237070.3475262388,0.6520762316202878,1,13,0,0.0,0.0,0.0,28545267.0381501
2020-01-10,chokepoint6,Strait of Hormuz,5,6,6,2,39,19,58,212327,52986,33982,0,789236,299296,1088533,2020,1,10,14806,1900467.2753690304,1111231.2753690304,0.5847147645061412,1,13,0,0.0,0.0,0.0,28545267.0381501
2020-01-11,chokepoint6,Strait of Hormuz,10,14,2,1,43,27,70,398598,363156,9388,3436,1314894,774579,2089474,2020,1,11,14807,1956885.3806388269,641991.3806388269,0.32806795277363066,1,13,0,0.0,0.0,0.0,28545267.0381501
2020-01-12,chokepoint6,Strait of Hormuz,8,9,4,2,31,23,54,331220,111907,18138,3154,518774,464420,983194,2020,1,12,14808,1829534.7954769956,1310760.7954769956,0.7164448573033313,1,13,0,0.0,0.0,0.0,28545267.0381501
2020-01-13,chokepoint6,Strait of Hormuz,9,18,3,4,24,34,58,241970,660269,21652,8586,430881,932478,1363360,2020,1,13,14809,1921641.23209109,1490760.23209109,0.7757744823516697,1,13,0,0.0,0.0,0.0,28545267.0381501
2020-01-14,chokepoint6,Strait of Hormuz,12,10,6,1,30,29,59,671426,241701,37711,2784,541344,953622,1494967,2020,1,14,14810,1839632.9371959663,1298288.9371959663,0.7057326007517915,1,13,0,0.0,0.0,0.0,28545267.0381501
2020-01-15,chokepoint6,Strait of Hormuz,6,15,1,1,35,23,58,282905,249471,2564,0,581605,534941,1116547,2020,1,15,14811,1932775.0,1351170.0,0.6990829248101823,1,13,0,0.0,0.0,0.0,28545267.0381501
2020-01-16,chokepoint6,Strait of Hormuz,7,6,0,0,24,13,37,267893,250192,0,0,202587,518085,720673,2020,1,16,14812,2000274.501396645,1797687.501396645,0.8987204006957303,1,13,0,0.0,0.0,0.0,28545267.0381501
2020-01-17,chokepoint6,Strait of Hormuz,12,11,4,2,40,29,69,313939,283942,12987,3788,1175153,614659,1789812,2020,1,17,14813,1990700.3520396187,815547.3520396187,0.40967860944216467,1,13,0,0.0,0.0,0.0,28545267.0381501
2020-01-18,chokepoint6,Strait of Hormuz,9,9,4,1,33,23,56,470586,270591,28206,0,1028924,769384,1798309,2020,1,18,14814,2018991.82691406,990067.8269140599,0.49037733274400375,1,13,0,0.0,0.0,0.0,28545267.0381501
2020-01-19,chokepoint6,Strait of Hormuz,8,14,4,2,35,28,63,278596,316424,15107,3083,1311930,613212,1925142,2020,1,19,14815,1897246.8078989645,585316.8078989645,0.3085085216441354,1,13,0,0.0,0.0,0.0,28545267.0381501
2020-01-20,chokepoint6,Strait of Hormuz,9,9,2,1,38,21,59,306562,154978,6445,0,1550966,467987,2018953,2020,1,20,14816,1934284.6408113595,383318.6408113595,0.19817075146219007,0,13,0,0.0,0.0,0.0,28545267.0381501
2020-01-21,chokepoint6,Strait of Hormuz,11,18,3,1,27,33,60,373799,685244,25724,2766,946433,1087535,2033968,2020,1,21,14817,1839632.9371959663,893199.9371959663,0.4855316074941631,1,13,0,0.0,0.0,0.0,28545267.0381501
2020-01-22,chokepoint6,Strait of Hormuz,10,11,2,2,34,25,59,505749,287083,0,0,941668,792832,1734501,2020,1,22,14818,1950887.0,1009219.0,0.5173128940835631,1,13,0,0.0,0.0,0.0,28545267.0381501
2020-01-23,chokepoint6,Strait of Hormuz,12,11,1,0,32,24,56,274940,317285,1566,0,976627,593792,1570420,2020,1,23,14819,2007625.1729605559,1030998.1729605559,0.5135411663723007,1,13,0,0.0,0.0,0.0,28545267.0381501
2020-01-24,chokepoint6,Strait of Hormuz,10,8,5,1,42,24,66,329180,282982,28190,0,1074055,640353,1714409,2020,1,24,14820,2019624.7934495935,945569.7934495935,0.46819082263023987,1,13,0,0.0,0.0,0.0,28545267.0381501
2020-01-25,chokepoint6,Strait of Hormuz,14,14,3,2,37,33,70,611377,484100,17538,0,1651130,1113016,2764147,2020,1,25,14821,2104974.060792397,453844.0607923968,0.21560553607085858,0,13,0,0.0,0.0,0.0,28545267.0381501
2020-01-26,chokepoint6,Strait of Hormuz,11,8,5,2,45,26,71,452277,294340,27913,12651,1863795,787182,2650978,2020,1,26,14823,1967986.130357311,104191.1303573111,0.05294302065959885,0,13,0,0.0,0.0,0.0,28545267.0381501
2020-01-27,chokepoint6,Strait of Hormuz,9,5,2,1,34,17,51,229718,229658,9100,0,684174,468478,1152652,2020,1,27,14824,2008720.0614514172,1324546.0614514172,0.6593980350324951,1,13,0,0.0,0.0,0.0,28545267.0381501
2020-01-28,chokepoint6,Strait of Hormuz,7,11,2,0,31,20,51,354507,541459,17092,0,855530,913058,1768588,2020,1,28,14825,1915794.8826310479,1060264.8826310479,0.5534334036715549,1,13,0,0.0,0.0,0.0,28545267.0381501
2020-01-29,chokepoint6,Strait of Hormuz,7,11,5,1,28,24,52,301267,145043,37863,2013,1092246,486188,1578435,2020,1,29,14826,2030859.0,938613.0,0.4621753652026064,1,13,0,0.0,0.0,0.0,28545267.0381501
2020-01-30,chokepoint6,Strait of Hormuz,12,9,5,0,39,26,65,300637,304253,19616,0,1904944,624506,2529451,2020,1,30,14827,2083087.107297671,178143.10729767103,0.08551879884119246,0,13,0,0.0,0.0,0.0,28545267.0381501
2020-01-31,chokepoint6,Strait of Hormuz,10,9,1,3,44,23,67,386237,240830,8214,0,1869234,635282,2504516,2020,1,31,14828,2102414.5367723745,233180.53677237453,0.1109108278571709,0,13,0,0.0,0.0,0.0,28545267.0381501
2020-02-01,chokepoint6,Strait of Hormuz,10,10,3,1,39,24,63,457468,428392,6596,2013,1417157,894471,2311628,2020,2,1,14829,2138590.203786617,721433.2037866171,0.33734055384207673,1,13,0,0.0,0.0,0.0,28545267.0381501
2020-02-02,chokepoint6,Strait of Hormuz,6,10,0,0,37,16,53,218296,242618,0,0,1182266,460915,1643182,2020,2,2,14830,1999414.5951545592,817148.5951545592,0.4086939232787744,1,13,0,0.0,0.0,1.0,28545267.0381501
2020-02-03,chokepoint6,Strait of Hormuz,8,9,0,3,45,20,65,153459,257096,0,3627,2454589,414183,2868773,2020,2,3,14831,2029479.9549666625,0.0,0.0,0,13,0,0.0,0.0,1.0,28545267.0381501
2020-02-04,chokepoint6,Strait of Hormuz,17,7,3,2,42,29,71,614511,328756,13617,0,680144,956884,1637029,2020,2,4,14832,1955489.1941191142,1275345.1941191142,0.652187287945417,1,13,0,0.0,0.0,1.0,28545267.0381501
2020-02-05,chokepoint6,Strait of Hormuz,7,20,2,0,38,29,67,228059,737710,7839,0,778398,973609,1752008,2020,2,5,14833,2057499.0,1279101.0,0.6216775804022262,1,13,0,0.0,0.0,1.0,28545267.0381501
2020-02-06,chokepoint6,Strait of Hormuz,11,12,3,0,38,26,64,346983,309661,6478,0,2547562,663123,3210686,2020,2,6,14834,2104914.871219072,0.0,0.0,0,0,0,0.0,1.0,1.0,
2020-02-07,chokepoint6,Strait of Hormuz,8,19,0,1,43,28,71,363945,372968,0,2062,2345476,738976,3084453,2020,2,7,14835,2129993.1738218283,0.0,0.0,0,0,0,0.0,1.0,1.0,
2020-02-08,chokepoint6,Strait of Hormuz,13,9,1,0,51,23,74,414008,343202,20537,0,3112680,777748,3890429,2020,2,8,14836,2243520.8254782003,0.0,0.0,0,0,0,1.0,1.0,1.0,
2020-02-09,chokepoint6,Strait of Hormuz,6,6,5,1,25,18,43,307431,156967,28496,0,1270054,492895,1762949,2020,2,9,14837,2097516.520487107,827462.5204871069,0.3944963066583833,1,14,1,0.0,0.0,0.0,9406139.80959752
2020-02-10,chokepoint6,Strait of Hormuz,5,11,1,2,26,19,45,222387,308962,1633,3523,768755,536507,1305262,2020,2,10,14838,2135344.0196355283,1366589.0196355283,0.6399854108139376,1,14,0,0.0,0.0,0.0,9406139.80959752
2020-02-11,chokepoint6,Strait of Hormuz,4,12,6,1,38,23,61,129139,335349,25238,0,1329071,489727,1818798,2020,2,11,14839,1988396.552935415,659325.552935415,0.33158654995758813,1,14,0,0.0,0.0,0.0,9406139.80959752
2020-02-12,chokepoint6,Strait of Hormuz,11,7,2,1,32,21,53,522524,181821,12095,0,456426,716441,1172868,2020,2,12,14840,2071912.0,1615486.0,0.7797078254288792,1,14,0,0.0,0.0,0.0,9406139.80959752
2020-02-13,chokepoint6,Strait of Hormuz,7,14,0,0,18,21,39,177410,313865,0,0,247856,491275,739132,2020,2,13,14841,2104914.871219072,1857058.871219072,0.882248919712153,1,14,0,0.0,0.0,0.0,9406139.80959752
2020-02-14,chokepoint6,Strait of Hormuz,4,11,4,2,24,21,45,167642,373450,37796,7320,463522,586210,1049732,2020,2,14,14842,2102414.5367723745,1638892.5367723745,0.7795287314215403,1,14,0,0.0,0.0,0.0,9406139.80959752
2020-02-15,chokepoint6,Strait of Hormuz,12,4,3,0,35,19,54,522798,298202,39343,0,1607406,860344,2467751,2020,2,15,14843,2160264.253192548,552858.2531925482,0.255921585692818,0,14,0,0.0,0.0,0.0,9406139.80959752
2020-02-16,chokepoint6,Strait of Hormuz,9,9,10,1,29,29,58,377218,152451,13595,0,1140080,543265,1683346,2020,2,16,14844,2028547.0553554753,888467.0553554753,0.43798197976718045,1,14,0,0.0,0.0,0.0,9406139.80959752
2020-02-17,chokepoint6,Strait of Hormuz,11,19,2,4,52,36,88,482325,559178,1038,4636,2767646,1047178,3814824,2020,2,17,14845,2065130.7300295476,0.0,0.0,0,0,0,0.0,0.0,0.0,
2020-02-18,chokepoint6,Strait of Hormuz,12,16,6,1,39,35,74,535765,453713,40147,3706,1442114,1033333,2475448,2020,2,18,14846,1955489.1941191142,513375.1941191142,0.2625303150040537,0,0,0,0.0,0.0,0.0,
2020-02-19,chokepoint6,Strait of Hormuz,10,8,2,2,35,22,57,269700,283893,0,0,2596577,553593,3150171,2020,2,19,14847,2004951.0,0.0,0.0,0,0,0,0.0,0.0,1.0,
2020-02-20,chokepoint6,Strait of Hormuz,6,20,5,0,53,31,84,227702,440982,6298,0,2601752,674984,3276736,2020,2,20,14848,2071828.065165124,0.0,0.0,0,0,0,0.0,0.0,1.0,
2020-02-21,chokepoint6,Strait of Hormuz,12,12,3,2,32,29,61,484628,211540,20280,0,1135716,716449,1852165,2020,2,21,14849,2075477.7448794777,939761.7448794777,0.4527929760740698,1,0,0,0.0,0.0,1.0,
2020-02-22,chokepoint6,Strait of Hormuz,8,9,4,3,31,24,55,233905,156662,8502,0,2733823,399070,3132894,2020,2,22,14850,2104974.060792397,0.0,0.0,0,0,0,0.0,0.0,1.0,
2020-02-23,chokepoint6,Strait of Hormuz,7,8,3,0,46,18,64,371733,372948,8557,0,1466615,753238,2219854,2020,2,23,14851,1967986.130357311,501371.1303573111,0.254763548697511,0,0,0,0.0,1.0,1.0,
2020-02-24,chokepoint6,Strait of Hormuz,5,11,5,5,36,26,62,204755,447794,104152,13424,2092123,770127,2862250,2020,2,24,14852,2003589.5476694172,0.0,0.0,0,0,0,0.0,1.0,1.0,
2020-02-25,chokepoint6,Strait of Hormuz,18,12,7,1,33,38,71,674813,142064,69313,0,1680221,886191,2566413,2020,2,25,14853,1905546.4985588386,225325.49855883862,0.11824717934159669,0,0,0,1.0,1.0,1.0,
2020-02-26,chokepoint6,Strait of Hormuz,6,7,4,1,43,18,61,289836,109926,30172,0,1373965,429934,1803900,2020,2,26,14854,2066534.0,692569.0,0.3351355457979399,1,15,1,0.0,0.0,1.0,3583223.2403320186
2020-02-27,chokepoint6,Strait of Hormuz,5,4,2,1,18,12,30,193376,0,8707,0,514230,202083,716314,2020,2,27,14855,2135584.522656405,1621354.5226564049,0.7592087812284943,1,15,0,0.0,0.0,1.0,3583223.2403320186
2020-02-28,chokepoint6,Strait of Hormuz,10,11,1,0,40,22,62,267440,471490,6807,0,882775,745738,1628513,2020,2,28,14856,2152074.7176756137,1269299.7176756137,0.5898028108645518,1,15,0,0.0,0.0,1.0,3583223.2403320186
2020-02-29,chokepoint6,Strait of Hormuz,11,14,5,2,43,32,75,353310,276776,17789,0,2550798,647876,3198675,2020,2,29,14857,2196617.6071929825,0.0,0.0,0,0,0,0.0,0.0,1.0,
2020-03-01,chokepoint6,Strait of Hormuz,9,5,2,2,33,18,51,343222,80962,0,0,1674727,424184,2098912,2020,3,1,14858,2053665.6793894814,378938.67938948143,0.18451819261162958,0,0,0,0.0,1.0,1.0,
2020-03-02,chokepoint6,Strait of Hormuz,7,17,3,2,47,29,76,316276,458323,8666,0,3336031,783266,4119297,2020,3,2,14859,2090702.353942208,0.0,0.0,0,0,0,0.0,1.0,1.0,
2020-03-03,chokepoint6,Strait of Hormuz,9,14,4,1,41,28,69,216651,116261,27813,0,1548048,360726,1908775,2020,3,3,14860,1988396.552935415,440348.55293541495,0.22145912106181262,0,0,0,1.0,1.0,1.0,
2020-03-04,chokepoint6,Strait of Hormuz,5,5,2,3,29,15,44,177549,215370,13148,6852,1457336,412919,1870256,2020,3,4,14861,2092123.0,634787.0,0.3034176288870205,1,16,1,0.0,0.0,0.0,2997596.7930975216
2020-03-05,chokepoint6,Strait of Hormuz,6,14,0,2,27,22,49,201070,557237,0,4009,954942,762317,1717260,2020,3,5,14862,2162028.5455228346,1207086.5455228346,0.558312029701222,1,16,0,0.0,0.0,0.0,2997596.7930975216
2020-03-06,chokepoint6,Strait of Hormuz,6,9,3,2,35,20,55,350957,307633,9239,2013,994516,669843,1664360,2020,3,6,14863,2150239.247574687,1155723.247574687,0.5374858862232463,1,16,0,0.0,0.0,0.0,2997596.7930975216
2020-03-07,chokepoint6,Strait of Hormuz,9,8,3,0,38,20,58,330119,57091,14385,0,2570398,401596,2971995,2020,3,7,14864,2182659.6159706577,0.0,0.0,0,0,0,0.0,0.0,0.0,
2020-03-08,chokepoint6,Strait of Hormuz,8,15,3,2,53,28,81,346102,418973,8747,3152,1609368,776976,2386344,2020,3,8,14865,2073519.8858731976,464151.8858731976,0.22384732793519105,0,0,0,0.0,0.0,1.0,
2020-03-09,chokepoint6,Strait of Hormuz,8,9,1,1,32,19,51,422786,296147,0,4842,1535556,723777,2259333,2020,3,9,14866,2090702.353942208,555146.353942208,0.26553103214115076,0,0,0,0.0,0.0,1.0,
2020-03-10,chokepoint6,Strait of Hormuz,3,7,2,0,37,12,49,122273,233395,8557,0,1909210,364226,2273436,2020,3,10,14867,1974076.5675124365,64866.56751243654,0.03285919532198078,0,0,0,0.0,0.0,1.0,
2020-03-11,chokepoint6,Strait of Hormuz,9,10,4,2,33,25,58,259683,228712,22230,5498,1183818,516125,1699944,2020,3,11,14868,2066534.0,882716.0,0.42714806531128935,1,0,0,0.0,0.0,1.0,
2020-03-12,chokepoint6,Strait of Hormuz,9,8,3,0,40,20,60,360233,248844,21756,0,2966855,630835,3597691,2020,3,12,14869,2135584.522656405,0.0,0.0,0,0,0,0.0,1.0,1.0,
2020-03-13,chokepoint6,Strait of Hormuz,8,15,3,2,43,28,71,371782,467181,4284,6154,1787267,849402,2636669,2020,3,13,14870,2139346.514127452,352079.5141274519,0.1645733927638413,0,0,0,0.0,1.0,1.0,
2020-03-14,chokepoint6,Strait of Hormuz,13,9,2,2,51,26,77,578408,264316,7192,7065,3057265,856983,3914249,2020,3,14,14871,2180798.060499228,0.0,0.0,0,0,0,1.0,1.0,1.0,
2020-03-15,chokepoint6,Strait of Hormuz,8,6,0,4,27,18,45,278661,149547,0,2801,1102372,431010,1533382,2020,3,15,14872,2054727.7901091187,952355.7901091187,0.4634948700715936,1,17,1,0.0,0.0,1.0,2932265.4093244323
2020-03-16,chokepoint6,Strait of Hormuz,7,9,1,2,22,19,41,358378,360050,0,3826,1057684,722255,1779939,2020,3,16,14873,2091783.6192153136,1034099.6192153136,0.494362614620356,1,17,0,0.0,0.0,1.0,2932265.4093244323
2020-03-17,chokepoint6,Strait of Hormuz,8,5,3,1,40,17,57,234646,180874,0,0,2300979,415520,2716500,2020,3,17,14874,2030752.9921974086,0.0,0.0,0,17,0,0.0,0.0,1.0,2932265.4093244323
2020-03-18,chokepoint6,Strait of Hormuz,12,7,3,1,38,23,61,388738,185429,1682,2859,1190879,578709,1769589,2020,3,18,14875,2136689.0,945810.0,0.4426521594860085,1,17,0,0.0,0.0,1.0,2932265.4093244323
2020-03-19,chokepoint6,Strait of Hormuz,11,9,2,1,31,23,54,411076,258470,3841,0,1934466,673388,2607855,2020,3,19,14876,2249093.648750656,314627.6487506558,0.13989086178133475,0,0,0,0.0,1.0,1.0,
2020-03-20,chokepoint6,Strait of Hormuz,7,10,2,1,38,20,58,153608,335975,10112,6924,2077056,506620,2583677,2020,3,20,14877,2211973.36406005,134917.36406004988,0.06099411785520361,0,0,0,0.0,1.0,1.0,
2020-03-21,chokepoint6,Strait of Hormuz,7,6,3,1,41,17,58,453972,214110,20782,0,2034501,688865,2723367,2020,3,21,14878,2311677.0645489073,277176.06454890734,0.11990258881726394,0,0,0,1.0,1.0,1.0,
2020-03-22,chokepoint6,Strait of Hormuz,13,5,3,1,36,22,58,369444,193067,8864,5981,1117800,577359,1695159,2020,3,22,14879,2209463.1866604695,1091663.1866604695,0.49408525711192425,1,18,1,0.0,0.0,0.0,8480077.751118131
2020-03-23,chokepoint6,Strait of Hormuz,7,8,2,3,32,20,52,209498,187336,23022,0,967365,419857,1387222,2020,3,23,14880,2249309.5792850475,1281944.5792850475,0.5699280308460336,1,18,0,0.0,0.0,0.0,8480077.751118131
2020-03-24,chokepoint6,Strait of Hormuz,9,8,2,2,27,21,48,445858,480119,14061,5226,831255,945265,1776521,2020,3,24,14881,2142285.7863416937,1311030.7863416937,0.6119775403917957,1,18,0,0.0,0.0,0.0,8480077.751118131
2020-03-25,chokepoint6,Strait of Hormuz,7,14,3,1,29,25,54,181865,475412,4237,0,679900,661515,1341415,2020,3,25,14882,2266301.0,1586401.0,0.6999957198977541,1,18,0,0.0,0.0,0.0,8480077.751118131
2020-03-26,chokepoint6,Strait of Hormuz,8,14,3,1,44,26,70,251852,525024,11419,0,2566135,788296,3354431,2020,3,26,14883,2342026.474899872,0.0,0.0,0,18,0,0.0,0.0,0.0,8480077.751118131
2020-03-27,chokepoint6,Strait of Hormuz,6,9,2,0,30,17,47,196321,275658,4183,0,1204831,476163,1680994,2020,3,27,14884,2352109.901652894,1147278.901652894,0.48776585687882557,1,18,0,0.0,0.0,0.0,8480077.751118131
2020-03-28,chokepoint6,Strait of Hormuz,12,12,3,2,42,29,71,432520,418627,12300,3150,2118572,866598,2985170,2020,3,28,14885,2405979.0759543767,287407.0759543767,0.11945535138969209,0,18,0,0.0,0.0,0.0,8480077.751118131
2020-03-29,chokepoint6,Strait of Hormuz,3,7,1,1,31,12,43,141638,93621,14813,3717,1655761,253790,1909552,2020,3,29,14886,2252927.270250205,597166.270250205,0.2650623826768651,0,18,0,0.0,0.0,0.0,8480077.751118131
2020-03-30,chokepoint6,Strait of Hormuz,10,5,3,3,37,21,58,417874,153990,7046,6085,1112783,584996,1697779,2020,3,30,14887,2289968.9509734455,1177185.9509734455,0.5140619703481282,1,18,0,0.0,0.0,0.0,8480077.751118131
2020-03-31,chokepoint6,Strait of Hormuz,5,12,3,3,38,23,61,197156,555161,13969,0,1528259,766287,2294547,2020,3,31,14888,2177912.298160924,649653.2981609241,0.29829176257900986,0,0,0,0.0,0.0,0.0,
2020-04-01,chokepoint6,Strait of Hormuz,8,10,3,1,33,22,55,326860,355386,0,0,2490083,682246,3172330,2020,4,1,14889,2320403.0,0.0,0.0,0,0,0,0.0,0.0,0.0,
2020-04-02,chokepoint6,Strait of Hormuz,13,11,5,0,49,29,78,359930,441574,42103,0,2763003,843608,3606612,2020,4,2,14890,2489698.1906974507,0.0,0.0,0,0,0,0.0,0.0,0.0,
2020-04-03,chokepoint6,Strait of Hormuz,13,11,3,2,48,29,77,348817,353425,22909,0,2928895,725152,3654048,2020,4,3,14891,2516332.196362577,0.0,0.0,0,0,0,0.0,0.0,0.0,
2020-04-04,chokepoint6,Strait of Hormuz,8,10,1,4,38,23,61,246081,344699,31668,8468,1920097,630917,2551015,2020,4,4,14892,2591080.4766261796,670983.4766261796,0.25895894885513576,0,0,0,0.0,0.0,0.0,
2020-04-05,chokepoint6,Strait of Hormuz,10,13,5,0,57,28,85,124216,210347,37442,0,3865969,372006,4237976,2020,4,5,14893,2426847.409781767,0.0,0.0,0,0,0,0.0,0.0,0.0,
2020-04-06,chokepoint6,Strait of Hormuz,13,12,2,3,51,30,81,627394,525706,2673,2013,2617130,1157788,3774919,2020,4,6,14894,2500696.760035412,0.0,0.0,0,0,0,0.0,0.0,0.0,
2020-04-07,chokepoint6,Strait of Hormuz,13,17,4,2,41,36,77,436165,537775,14104,4419,1014140,992464,2006604,2020,4,7,14895,2383980.5665248544,1369840.5665248544,0.5746022370147424,1,0,0,0.0,0.0,0.0,
2020-04-08,chokepoint6,Strait of Hormuz,18,12,7,1,47,38,85,473505,420960,31978,0,2522187,926443,3448630,2020,4,8,14896,2502396.0,0.0,0.0,0,0,0,0.0,0.0,1.0,
2020-04-09,chokepoint6,Strait of Hormuz,12,14,2,2,47,30,77,304950,419897,10150,2013,3668175,737013,4405188,2020,4,9,14897,2599935.529054974,0.0,0.0,0,0,0,0.0,0.0,1.0,
2020-04-10,chokepoint6,Strait of Hormuz,9,11,5,1,44,26,70,201606,452919,8333,0,1469385,662860,2132245,2020,4,10,14898,2604515.509468679,1135130.5094686789,0.43583173351893206,1,0,0,0.0,0.0,1.0,
2020-04-11,chokepoint6,Strait of Hormuz,10,15,2,3,46,30,76,558653,722306,11587,0,2981307,1292547,4273855,2020,4,11,14899,2646300.322598477,0.0,0.0,0,0,0,0.0,0.0,1.0,
2020-04-12,chokepoint6,Strait of Hormuz,7,13,1,1,48,22,70,265866,686004,0,0,2846843,951870,3798713,2020,4,12,14900,2475824.260285996,0.0,0.0,0,0,0,0.0,1.0,1.0,
2020-04-13,chokepoint6,Strait of Hormuz,12,8,0,1,45,21,66,345858,173303,0,0,2430689,519162,2949851,2020,4,13,14901,2526108.4925953024,95419.4925953024,0.037773315308903946,0,0,0,0.0,1.0,1.0,
2020-04-14,chokepoint6,Strait of Hormuz,1,15,2,1,32,19,51,18605,472073,6389,0,2606017,497068,3103085,2020,4,14,14902,2395453.0921796476,0.0,0.0,0,0,0,1.0,1.0,1.0,
2020-04-15,chokepoint6,Strait of Hormuz,9,11,3,2,31,25,56,435452,394736,22827,4346,1076004,857363,1933367,2020,4,15,14903,2517647.0,1441643.0,0.5726152236592342,1,19,1,0.0,0.0,1.0,3157463.903690944
2020-04-16,chokepoint6,Strait of Hormuz,7,9,2,0,49,18,67,290594,206495,4714,0,1807543,501804,2309347,2020,4,16,14904,2604630.3274403033,797087.3274403033,0.3060270469259412,1,19,0,0.0,0.0,1.0,3157463.903690944
2020-04-17,chokepoint6,Strait of Hormuz,9,8,3,3,41,23,64,219717,570158,13351,0,2495754,803226,3298981,2020,4,17,14905,2616890.6981807346,121136.69818073465,0.04629031631506391,0,19,0,0.0,0.0,1.0,3157463.903690944
2020-04-18,chokepoint6,Strait of Hormuz,17,8,0,1,42,26,68,643481,312958,0,0,1850565,956439,2807005,2020,4,18,14906,2648161.878069906,797596.878069906,0.30118886789927996,1,19,0,0.0,0.0,1.0,3157463.903690944
2020-04-19,chokepoint6,Strait of Hormuz,10,16,1,1,45,28,73,375571,546424,35314,0,2732440,957310,3689751,2020,4,19,14907,2475824.260285996,0.0,0.0,0,0,0,0.0,1.0,1.0,
2020-04-20,chokepoint6,Strait of Hormuz,9,10,2,1,43,22,65,283544,427712,0,0,2601499,711257,3312756,2020,4,20,14908,2566199.250660413,0.0,0.0,0,0,0,0.0,1.0,1.0,
2020-04-21,chokepoint6,Strait of Hormuz,5,10,4,2,55,21,76,213046,337775,16157,1672,3306083,568651,3874734,2020,4,21,14909,2439107.8058219287,0.0,0.0,0,0,0,1.0,1.0,1.0,
2020-04-22,chokepoint6,Strait of Hormuz,10,9,7,2,30,28,58,446355,356303,24072,0,238218,826731,1064950,2020,4,22,14910,2566346.0,2328128.0,0.9071761952597195,1,20,1,0.0,0.0,0.0,3222678.0849650544
2020-04-23,chokepoint6,Strait of Hormuz,10,8,3,3,46,24,70,277860,453643,9106,10317,1757547,750928,2508476,2020,4,23,14911,2652097.0849650544,894550.0849650544,0.3372991471678502,1,20,0,0.0,0.0,0.0,3222678.0849650544
2020-04-24,chokepoint6,Strait of Hormuz,11,11,1,3,51,26,77,333175,386155,6173,18086,3041014,743590,3784604,2020,4,24,14912,2616890.6981807346,0.0,0.0,0,0,0,0.0,0.0,0.0,
2020-04-25,chokepoint6,Strait of Hormuz,6,9,7,1,50,23,73,447747,271714,31764,3629,2178554,754856,2933410,2020,4,25,14913,2654081.477476516,475527.4774765158,0.17916837953620188,0,0,0,0.0,0.0,0.0,
2020-04-26,chokepoint6,Strait of Hormuz,8,14,4,0,47,26,73,291001,380362,30418,0,2467393,701783,3169176,2020,4,26,14914,2520739.175339339,53346.175339338835,0.021162909618428666,0,0,0,0.0,0.0,0.0,
2020-04-27,chokepoint6,Strait of Hormuz,8,7,5,2,46,22,68,299274,48359,9499,4538,1725397,361671,2087069,2020,4,27,14915,2564603.3350955797,839206.3350955797,0.3272265631146048,1,0,0,0.0,0.0,0.0,
2020-04-28,chokepoint6,Strait of Hormuz,11,15,8,2,50,36,86,482250,525587,48335,8049,2281322,1064223,3345545,2020,4,28,14916,2436879.069788419,155557.06978841918,0.06383454629200182,0,0,0,0.0,0.0,0.0,
2020-04-29,chokepoint6,Strait of Hormuz,14,8,3,0,37,25,62,362160,216183,20923,0,2153604,599267,2752872,2020,4,29,14917,2567874.0,414270.0,0.16132800908455788,0,0,0,0.0,0.0,0.0,
2020-04-30,chokepoint6,Strait of Hormuz,10,12,8,2,33,32,65,370657,311485,48894,2297,2053022,733335,2786358,2020,4,30,14918,2653747.4466250525,600725.4466250525,0.22636873278541825,0,0,0,0.0,0.0,0.0,
2020-05-01,chokepoint6,Strait of Hormuz,6,11,4,6,39,27,66,118894,229984,31173,2734,3958899,382787,4341686,2020,5,1,14919,2667815.9351828634,0.0,0.0,0,0,0,0.0,0.0,0.0,
2020-05-02,chokepoint6,Strait of Hormuz,9,11,4,0,53,24,77,341345,274886,18375,0,3855177,634607,4489785,2020,5,2,14920,2699326.8299470767,0.0,0.0,0,0,0,0.0,0.0,0.0,
2020-05-03,chokepoint6,Strait of Hormuz,14,11,2,0,44,27,71,533027,657772,21065,0,2890254,1211865,4102119,2020,5,3,14921,2523659.4890093207,0.0,0.0,0,0,0,0.0,0.0,0.0,
2020-05-04,chokepoint6,Strait of Hormuz,16,9,7,1,60,33,93,412685,180984,34814,2577,3124356,631062,3755419,2020,5,4,14922,2566199.250660413,0.0,0.0,0,0,0,0.0,0.0,0.0,
2020-05-05,chokepoint6,Strait of Hormuz,12,11,1,2,40,26,66,491990,358726,324,0,2179256,851042,3030298,2020,5,5,14923,2440560.048320522,261304.04832052207,0.1070672481508247,0,0,0,0.0,0.0,0.0,
2020-05-06,chokepoint6,Strait of Hormuz,15,17,5,1,60,38,98,675742,845784,1572,2556,3773162,1525656,5298818,2020,5,6,14924,2567943.0,0.0,0.0,0,0,0,0.0,0.0,0.0,
2020-05-07,chokepoint6,Strait of Hormuz,12,19,5,1,46,37,83,311528,531138,3750,1167,1293736,847584,2141321,2020,5,7,14925,2638503.5613109446,1344767.5613109446,0.5096705500154014,1,0,0,0.0,0.0,0.0,
2020-05-08,chokepoint6,Strait of Hormuz,11,11,4,4,55,30,85,569276,365657,34233,2013,2874267,971181,3845449,2020,5,8,14926,2643151.4821910006,0.0,0.0,0,0,0,0.0,0.0,0.0,
2020-05-09,chokepoint6,Strait of Hormuz,13,19,2,1,49,35,84,545283,577421,24569,0,2393375,1147274,3540650,2020,5,9,14927,2695664.6159119126,302289.61591191264,0.1121391786380115,0,0,0,0.0,0.0,0.0,
2020-05-10,chokepoint6,Strait of Hormuz,13,17,8,4,39,42,81,304753,541868,12597,2013,1737216,861233,2598450,2020,5,10,14928,2481358.622797377,744142.622797377,0.2998932181590352,0,0,0,0.0,0.0,0.0,
2020-05-11,chokepoint6,Strait of Hormuz,13,16,3,3,56,35,91,495060,410536,21678,11224,3604348,938499,4542848,2020,5,11,14929,2562259.927456548,0.0,0.0,0,0,0,0.0,0.0,0.0,
2020-05-12,chokepoint6,Strait of Hormuz,13,8,2,2,53,25,78,322444,312435,4480,0,2357620,639361,2996982,2020,5,12,14930,2426605.974783642,68985.97478364222,0.02842899733228962,0,0,0,0.0,0.0,0.0,
2020-05-13,chokepoint6,Strait of Hormuz,10,12,3,4,51,29,80,387821,385904,10908,0,2341268,784634,3125903,2020,5,13,14931,2553192.0,211924.0,0.08300355006595665,0,0,0,0.0,0.0,0.0,
2020-05-14,chokepoint6,Strait of Hormuz,17,13,3,4,59,37,96,533278,618107,7059,7851,2570918,1166296,3737214,2020,5,14,14932,2649673.7298663096,78755.72986630956,0.029722802841194794,0,0,0,0.0,0.0,0.0,
2020-05-15,chokepoint6,Strait of Hormuz,9,15,4,1,46,29,75,337465,598440,53670,4986,2630845,994562,3625408,2020,5,15,14933,2658350.7895919043,27505.789591904264,0.010346937544734947,0,0,0,0.0,0.0,0.0,
2020-05-16,chokepoint6,Strait of Hormuz,12,13,5,1,58,31,89,541159,461455,31576,0,2698053,1034191,3732244,2020,5,16,14934,2696203.2385610063,0.0,0.0,0,0,0,0.0,0.0,0.0,
2020-05-17,chokepoint6,Strait of Hormuz,11,17,7,1,47,36,83,395919,692496,33859,0,2423074,1122274,3545348,2020,5,17,14935,2520671.443694556,97597.44369455613,0.038718827849895124,0,0,0,0.0,0.0,0.0,
2020-05-18,chokepoint6,Strait of Hormuz,13,5,2,0,41,20,61,427109,166591,4302,0,2233789,598003,2831793,2020,5,18,14936,2566130.2975145313,332341.2975145313,0.12951068690332135,0,0,0,0.0,0.0,0.0,
2020-05-19,chokepoint6,Strait of Hormuz,14,15,2,4,53,35,88,671802,377409,5574,8711,2709424,1063498,3772922,2020,5,19,14937,2443453.128271909,0.0,0.0,0,0,0,0.0,0.0,0.0,
2020-05-20,chokepoint6,Strait of Hormuz,17,15,6,4,44,42,86,510474,734219,30524,16870,2307759,1292089,3599848,2020,5,20,14938,2630845.0,323086.0,0.1228069308530149,0,0,0,0.0,0.0,0.0,
2020-05-21,chokepoint6,Strait of Hormuz,12,16,2,2,53,32,85,194500,404502,6401,0,4084718,605405,4690123,2020,5,21,14939,2653217.3054030244,0.0,0.0,0,0,0,0.0,0.0,0.0,
2020-05-22,chokepoint6,Strait of Hormuz,11,6,2,2,37,21,58,560737,195010,744,4867,2448218,761359,3209578,2020,5,22,14940,2723540.5175814363,275322.5175814363,0.10108992901120074,0,0,0,0.0,0.0,0.0,
2020-05-23,chokepoint6,Strait of Hormuz,14,15,5,3,48,37,85,740984,669140,11552,9778,1547009,1431455,2978465,2020,5,23,14941,2762246.9849027144,1215237.9849027144,0.43994544714672384,1,0,0,0.0,0.0,0.0,
2020-05-24,chokepoint6,Strait of Hormuz,10,10,3,1,42,24,66,187739,332744,15190,0,2173854,535674,2709529,2020,5,24,14942,2523659.4890093207,349805.48900932074,0.1386104149679239,0,0,0,0.0,0.0,0.0,
2020-05-25,chokepoint6,Strait of Hormuz,11,14,7,1,41,33,74,256455,665871,19739,3353,1272705,945420,2218125,2020,5,25,14943,2638376.2059425977,1365671.2059425977,0.5176180723835372,1,0,0,0.0,0.0,0.0,
2020-05-26,chokepoint6,Strait of Hormuz,14,15,3,3,51,35,86,668670,402592,9295,341,2466096,1080899,3546996,2020,5,26,14944,2513906.848283854,47810.84828385385,0.01901854411053156,0,0,0,0.0,0.0,0.0,
2020-05-27,chokepoint6,Strait of Hormuz,8,12,6,4,47,30,77,313501,419984,46115,5038,2099657,784639,2884297,2020,5,27,14945,2630845.0,531188.0,0.2019077520720529,0,0,0,0.0,0.0,0.0,
2020-05-28,chokepoint6,Strait of Hormuz,16,10,3,1,51,30,81,392087,139241,52705,0,2222845,584034,2806880,2020,5,28,14946,2728386.783666389,505541.78366638906,0.18528963220788117,0,0,0,0.0,0.0,0.0,
2020-05-29,chokepoint6,Strait of Hormuz,9,14,1,2,52,26,78,392264,337476,0,760,3077328,730500,3807829,2020,5,29,14947,2733193.040548745,0.0,0.0,0,0,0,0.0,0.0,0.0,
2020-05-30,chokepoint6,Strait of Hormuz,13,16,4,2,41,35,76,381060,706216,16061,6223,1442424,1109561,2551986,2020,5,30,14948,2775898.3916931963,1333474.3916931963,0.4803757931787358,1,0,0,0.0,0.0,0.0,
2020-05-31,chokepoint6,Strait of Hormuz,17,12,5,0,55,34,89,707744,380185,38793,0,3277094,1126724,4403819,2020,5,31,14949,2596425.852720949,0.0,0.0,0,0,0,0.0,0.0,0.0,
2020-06-01,chokepoint6,Strait of Hormuz,12,14,3,2,46,31,77,400597,708483,26914,2889,2434904,1138884,3573789,2020,6,1,14950,2638376.2059425977,203472.2059425977,0.07712023989767007,0,0,0,0.0,0.0,0.0,
2020-06-02,chokepoint6,Strait of Hormuz,12,18,3,3,55,36,91,327894,757326,14563,341,2426621,1100125,3526747,2020,6,2,14951,2513906.848283854,87285.84828385385,0.03472119436065839,0,0,0,0.0,0.0,0.0,
2020-06-03,chokepoint6,Strait of Hormuz,18,12,4,1,49,35,84,654637,188015,8735,0,2702550,851388,3553939,2020,6,3,14952,2652918.0,0.0,0.0,0,0,0,0.0,0.0,0.0,
2020-06-04,chokepoint6,Strait of Hormuz,12,13,6,2,65,33,98,394860,169127,19509,341,3809429,583838,4393268,2020,6,4,14953,2744442.932139394,0.0,0.0,0,0,0,0.0,0.0,0.0,
2020-06-05,chokepoint6,Strait of Hormuz,11,15,6,4,44,36,80,383921,417754,32940,6179,2427333,840795,3268129,2020,6,5,14954,2742253.4095974243,314920.4095974243,0.11484001022489607,0,0,0,0.0,0.0,0.0,
2020-06-06,chokepoint6,Strait of Hormuz,11,14,2,1,48,28,76,259805,362994,8316,2592,2679981,633708,3313690,2020,6,6,14955,2785422.4580673277,105441.45806732774,0.037854745430784154,0,0,0,0.0,0.0,0.0,
2020-06-07,chokepoint6,Strait of Hormuz,14,14,1,2,47,31,78,498691,400067,1376,4382,1868224,904518,2772743,2020,6,7,14956,2606888.919412827,738664.9194128271,0.28335112935276247,0,0,0,0.0,0.0,0.0,
2020-06-08,chokepoint6,Strait of Hormuz,9,13,3,3,44,28,72,283550,522965,10907,5234,2004806,822657,2827463,2020,6,8,14957,2656111.15492763,651305.15492763,0.24521005219202727,0,0,0,0.0,0.0,0.0,
2020-06-09,chokepoint6,Strait of Hormuz,14,11,7,1,52,33,85,420852,271643,56608,2013,2323696,751118,3074814,2020,6,9,14958,2526137.8094843784,202441.80948437843,0.08013886207011793,0,0,0,0.0,0.0,0.0,
2020-06-10,chokepoint6,Strait of Hormuz,19,11,5,2,56,37,93,710723,410813,24964,0,3537632,1146501,4684134,2020,6,10,14959,2679981.0,0.0,0.0,0,0,0,0.0,0.0,0.0,
2020-06-11,chokepoint6,Strait of Hormuz,12,12,5,4,51,33,84,285574,342255,33355,5329,1960405,666515,2626920,2020,6,11,14960,2769529.0494195763,809124.0494195763,0.2921522161282794,0,0,0,0.0,0.0,0.0,
2020-06-12,chokepoint6,Strait of Hormuz,17,10,5,2,54,34,88,777442,142414,11068,0,3190379,930925,4121304,2020,6,12,14961,2775580.701734551,0.0,0.0,0,0,0,0.0,0.0,0.0,
2020-06-13,chokepoint6,Strait of Hormuz,13,15,1,1,51,30,81,297389,317592,6587,0,2436340,621569,3057909,2020,6,13,14962,2813837.165187064,377497.1651870641,0.1341574309478452,0,0,0,0.0,0.0,0.0,
2020-06-14,chokepoint6,Strait of Hormuz,14,17,6,1,59,38,97,258777,672093,20611,341,2784261,951823,3736085,2020,6,14,14963,2631829.8705815338,0.0,0.0,0,0,0,0.0,0.0,0.0,
2020-06-15,chokepoint6,Strait of Hormuz,14,15,2,2,45,33,78,425186,516938,6373,760,1961867,949258,2911126,2020,6,15,14964,2678161.1717955363,716294.1717955363,0.26745745526409326,0,0,0,0.0,0.0,0.0,
2020-06-16,chokepoint6,Strait of Hormuz,17,12,7,0,50,36,86,577293,233734,24126,0,2015063,835154,2850217,2020,6,16,14965,2547108.83745,532045.83745,0.20888225490303342,0,0,0,0.0,0.0,0.0,
2020-06-17,chokepoint6,Strait of Hormuz,22,13,6,0,54,41,95,630637,439676,43906,0,2238221,1114220,3352442,2020,6,17,14966,2697110.0,458889.0,0.17014100277704655,0,0,0,0.0,0.0,0.0,
2020-06-18,chokepoint6,Strait of Hormuz,9,13,3,1,51,26,77,249741,623302,35539,0,2681114,908583,3589698,2020,6,18,14967,2787230.3924841383,106116.39248413825,0.03807234334495086,0,0,0,0.0,0.0,0.0,
2020-06-19,chokepoint6,Strait of Hormuz,25,16,7,3,47,51,98,844775,428367,45544,0,2965987,1318688,4284676,2020,6,19,14968,2796439.6340885093,0.0,0.0,0,0,0,0.0,0.0,0.0,
2020-06-20,chokepoint6,Strait of Hormuz,13,10,4,3,57,30,87,444415,536288,16215,7999,2137578,1004919,3142497,2020,6,20,14969,2815026.7547804816,677448.7547804816,0.24065446398690077,0,0,0,0.0,0.0,1.0,
2020-06-21,chokepoint6,Strait of Hormuz,14,11,3,2,58,30,88,456288,337003,3108,2562,2826314,798963,3625278,2020,6,21,14970,2651608.492476145,0.0,0.0,0,0,0,0.0,0.0,1.0,
2020-06-22,chokepoint6,Strait of Hormuz,12,13,5,1,65,31,96,494373,709149,6738,3750,2701263,1214012,3915276,2020,6,22,14971,2695278.540430495,0.0,0.0,0,0,0,0.0,0.0,1.0,
2020-06-23,chokepoint6,Strait of Hormuz,9,12,3,3,55,27,82,401747,246398,7986,1537,2032641,657669,2690311,2020,6,23,14972,2563289.7461794224,530648.7461794224,0.2070186357084107,0,0,0,0.0,0.0,1.0,
2020-06-24,chokepoint6,Strait of Hormuz,16,14,5,2,46,37,83,663500,347776,39749,3788,2283656,1054815,3338471,2020,6,24,14973,2681114.0,397458.0,0.1482436032186621,0,0,0,0.0,1.0,1.0,
2020-06-25,chokepoint6,Strait of Hormuz,11,11,5,3,45,30,75,167819,456400,17080,341,2526001,641641,3167643,2020,6,25,14974,2787122.917460569,261121.91746056918,0.09368869805659133,0,0,0,0.0,1.0,1.0,
2020-06-26,chokepoint6,Strait of Hormuz,11,13,2,2,69,28,97,228523,366394,14020,0,3474632,608938,4083571,2020,6,26,14975,2752151.2830519974,0.0,0.0,0,0,0,1.0,1.0,1.0,
2020-06-27,chokepoint6,Strait of Hormuz,14,12,4,0,53,30,83,564155,302044,46226,0,1306790,912426,2219217,2020,6,27,14976,2831712.50748886,1524922.5074888598,0.5385160052286343,1,21,1,0.0,0.0,0.0,6484594.774791645
2020-06-28,chokepoint6,Strait of Hormuz,14,11,3,2,41,30,71,607249,322422,15424,0,1496119,945097,2441216,2020,6,28,14977,2647429.7444784595,1151310.7444784595,0.43487867690527376,1,21,0,0.0,0.0,0.0,6484594.774791645
2020-06-29,chokepoint6,Strait of Hormuz,19,14,5,1,60,39,99,658224,522972,13156,0,1573780,1194353,2768133,2020,6,29,14978,2695278.540430495,1121498.540430495,0.41609745471848975,1,21,0,0.0,0.0,0.0,6484594.774791645
2020-06-30,chokepoint6,Strait of Hormuz,13,17,8,0,55,38,93,343190,671908,46579,0,1624856,1061678,2686534,2020,6,30,14979,2563388.589909693,938532.5899096932,0.3661296588445676,1,21,0,0.0,0.0,0.0,6484594.774791645
2020-07-01,chokepoint6,Strait of Hormuz,14,12,4,3,37,33,70,469282,437031,40078,7743,2014081,954136,2968218,2020,7,1,14980,2697006.0,682925.0,0.25321597356476033,0,21,0,0.0,0.0,0.0,6484594.774791645
2020-07-02,chokepoint6,Strait of Hormuz,12,10,5,2,40,29,69,508915,286860,7604,0,1721825,803380,2525206,2020,7,2,14981,2787230.3924841383,1065405.3924841383,0.38224518337523883,1,21,0,0.0,0.0,0.0,6484594.774791645
2020-07-03,chokepoint6,Strait of Hormuz,14,15,5,0,55,34,89,433424,642335,30742,0,2888327,1106502,3994829,2020,7,3,14982,2775580.701734551,0.0,0.0,0,0,0,0.0,0.0,0.0,
2020-07-04,chokepoint6,Strait of Hormuz,14,19,3,2,43,38,81,346569,521032,4642,11531,3167920,883775,4051696,2020,7,4,14983,2791264.361419292,0.0,0.0,0,0,0,0.0,0.0,0.0,
2020-07-05,chokepoint6,Strait of Hormuz,13,11,8,1,56,33,89,386904,198638,50241,0,2259157,635783,2894941,2020,7,5,14984,2600228.641009188,341071.6410091878,0.13116986546106682,0,0,0,0.0,0.0,0.0,
2020-07-06,chokepoint6,Strait of Hormuz,13,13,3,1,43,30,73,527412,509756,16349,0,2093883,1053518,3147401,2020,7,6,14985,2624509.628373639,530626.6283736392,0.2021812465982298,0,0,0,0.0,0.0,0.0,
2020-07-07,chokepoint6,Strait of Hormuz,13,12,8,1,70,34,104,456272,396552,82551,5310,3693333,940687,4634021,2020,7,7,14986,2493334.0465007653,0.0,0.0,0,0,0,0.0,0.0,0.0,
2020-07-08,chokepoint6,Strait of Hormuz,15,9,4,1,41,29,70,556264,323086,31827,0,1581283,911178,2492461,2020,7,8,14987,2620994.0,1039711.0,0.3966857612035739,1,0,0,0.0,0.0,0.0,
2020-07-09,chokepoint6,Strait of Hormuz,20,14,1,0,47,35,82,659492,375016,17217,0,1953259,1051726,3004985,2020,7,9,14988,2708571.0761958435,755312.0761958435,0.27885998002189055,0,0,0,0.0,0.0,0.0,
2020-07-10,chokepoint6,Strait of Hormuz,9,13,4,3,51,29,80,439308,652530,1656,0,2767271,1093496,3860767,2020,7,10,14989,2698488.8870273926,0.0,0.0,0,0,0,0.0,0.0,0.0,
2020-07-11,chokepoint6,Strait of Hormuz,10,13,5,2,63,30,93,274832,354770,27768,8347,3918150,665719,4583870,2020,7,11,14990,2736839.3250870807,0.0,0.0,0,0,0,0.0,0.0,0.0,
2020-07-12,chokepoint6,Strait of Hormuz,15,11,3,0,51,29,80,467803,174160,24082,0,2535302,666047,3201349,2020,7,12,14991,2553843.26213143,18541.26213143021,0.007260140982949644,0,0,0,0.0,0.0,0.0,
2020-07-13,chokepoint6,Strait of Hormuz,15,17,4,3,47,39,86,463177,358137,10927,8769,2313395,841011,3154407,2020,7,13,14992,2581807.644653607,268412.64465360716,0.103963068360044,0,0,0,0.0,0.0,0.0,
2020-07-14,chokepoint6,Strait of Hormuz,11,16,3,2,54,32,86,435804,537528,8013,0,2846631,981346,3827977,2020,7,14,14993,2447291.876604252,0.0,0.0,0,0,0,0.0,0.0,0.0,
2020-07-15,chokepoint6,Strait of Hormuz,12,14,1,0,45,27,72,348549,553376,0,0,2740548,901926,3642474,2020,7,15,14994,2601667.0,0.0,0.0,0,0,0,0.0,0.0,0.0,
2020-07-16,chokepoint6,Strait of Hormuz,12,9,4,1,57,26,83,279721,415911,36021,0,2358881,731654,3090535,2020,7,16,14995,2708571.0761958435,349690.0761958435,0.1291050027333893,0,0,0,0.0,0.0,0.0,
2020-07-17,chokepoint6,Strait of Hormuz,8,12,6,1,54,27,81,467865,467119,57153,2996,2561547,995134,3556682,2020,7,17,14996,2693334.456326596,131787.45632659597,0.04893096585796447,0,0,0,0.0,0.0,0.0,
2020-07-18,chokepoint6,Strait of Hormuz,13,18,3,1,55,35,90,500617,538968,6682,0,2325879,1046268,3372147,2020,7,18,14997,2712602.3558245455,386723.3558245455,0.14256544273589034,0,0,0,0.0,0.0,0.0,
2020-07-19,chokepoint6,Strait of Hormuz,10,14,3,0,44,27,71,182336,327702,26817,0,1567599,536856,2104456,2020,7,19,14998,2527624.244274214,960025.2442742139,0.3798132758256863,1,0,0,0.0,0.0,0.0,
2020-07-20,chokepoint6,Strait of Hormuz,15,15,3,2,60,35,95,899397,406989,4478,0,2438701,1310865,3749566,2020,7,20,14999,2559807.5938334414,121106.59383344138,0.04731081903389392,0,0,0,0.0,0.0,0.0,
2020-07-21,chokepoint6,Strait of Hormuz,10,8,5,0,49,23,72,204529,192296,8622,0,2561426,405449,2966875,2020,7,21,15000,2460037.965706765,0.0,0.0,0,0,0,0.0,0.0,0.0,
2020-07-22,chokepoint6,Strait of Hormuz,10,12,5,3,44,30,74,365588,307961,22325,12486,1346806,708362,2055168,2020,7,22,15001,2563885.0,1217079.0,0.47470108838734965,1,0,0,0.0,0.0,0.0,
2020-07-23,chokepoint6,Strait of Hormuz,14,7,0,1,45,22,67,443234,87336,0,0,2327674,530570,2858245,2020,7,23,15002,2674854.9212058033,347180.9212058033,0.12979429966590372,0,0,0,0.0,0.0,0.0,
2020-07-24,chokepoint6,Strait of Hormuz,7,19,4,2,62,32,94,320299,356612,21027,1260,2908969,699199,3608168,2020,7,24,15003,2713342.4262310546,0.0,0.0,0,0,0,0.0,0.0,0.0,
2020-07-25,chokepoint6,Strait of Hormuz,15,12,5,1,58,33,91,420982,266672,32908,0,2809349,720562,3529912,2020,7,25,15004,2771368.9216967234,0.0,0.0,0,0,0,0.0,0.0,0.0,
2020-07-26,chokepoint6,Strait of Hormuz,19,14,7,2,56,42,98,608703,429104,53283,6328,1983340,1097420,3080760,2020,7,26,15005,2542618.459840256,559278.4598402558,0.2199616138535364,0,0,0,0.0,0.0,0.0,
2020-07-27,chokepoint6,Strait of Hormuz,13,16,3,3,61,35,96,428734,579509,13775,2920,2107720,1024939,3132659,2020,7,27,15006,2637654.696213224,529934.696213224,0.2009113235989647,0,0,0,0.0,0.0,0.0,
2020-07-28,chokepoint6,Strait of Hormuz,7,10,4,2,55,23,78,284263,375640,14821,557,2743651,675282,3418933,2020,7,28,15007,2471162.637464644,0.0,0.0,0,0,0,0.0,0.0,0.0,
2020-07-29,chokepoint6,Strait of Hormuz,24,15,3,1,44,43,87,742398,608519,8935,0,2232111,1359852,3591964,2020,7,29,15008,2600073.0,367962.0,0.14151987271126618,0,0,0,0.0,0.0,0.0,
2020-07-30,chokepoint6,Strait of Hormuz,9,14,5,2,65,30,95,240028,731104,17462,4009,3141525,992606,4134131,2020,7,30,15009,2686951.0284257634,0.0,0.0,0,0,0,0.0,0.0,0.0,
2020-07-31,chokepoint6,Strait of Hormuz,13,13,4,3,60,33,93,431933,333172,11931,15477,2500762,792515,3293277,2020,7,31,15010,2679566.877718462,178804.87771846214,0.06672902221821272,0,0,0,0.0,0.0,0.0,
2020-08-01,chokepoint6,Strait of Hormuz,9,13,6,1,51,29,80,249574,425456,19407,0,2087924,694438,2782363,2020,8,1,15011,2729938.025530563,642014.0255305632,0.23517531150026302,0,0,0,0.0,0.0,0.0,
2020-08-02,chokepoint6,Strait of Hormuz,17,15,2,2,52,36,88,606603,583437,9026,2236,2311696,1201303,3512999,2020,8,2,15012,2590928.7916951007,279232.7916951007,0.10777324046502035,0,0,0,0.0,0.0,0.0,
2020-08-03,chokepoint6,Strait of Hormuz,11,16,4,0,59,31,90,537568,391148,1950,0,2926889,930667,3857556,2020,8,3,15013,2637654.696213224,0.0,0.0,0,0,0,0.0,0.0,0.0,
2020-08-04,chokepoint6,Strait of Hormuz,18,13,2,2,63,35,98,578399,455401,6662,1833,3009901,1042295,4052197,2020,8,4,15014,2508666.229738536,0.0,0.0,0,0,0,0.0,0.0,0.0,
2020-08-05,chokepoint6,Strait of Hormuz,10,16,4,2,52,32,84,440705,415112,39665,3256,3583615,898739,4482354,2020,8,5,15015,2649431.0,0.0,0.0,0,0,0,0.0,0.0,0.0,
2020-08-06,chokepoint6,Strait of Hormuz,21,13,3,2,60,39,99,699083,444695,6724,0,2282850,1150502,3433353,2020,8,6,15016,2737958.2612461643,455108.26124616433,0.16622176739795322,0,0,0,0.0,0.0,0.0,
2020-08-07,chokepoint6,Strait of Hormuz,11,13,7,2,54,33,87,557194,466064,39450,3496,3876156,1066205,4942362,2020,8,7,15017,2740864.125403717,0.0,0.0,0,0,0,0.0,0.0,0.0,
2020-08-08,chokepoint6,Strait of Hormuz,6,12,3,0,57,21,78,283425,379595,34868,0,2639533,697888,3337421,2020,8,8,15018,2796079.41691392,156546.41691392008,0.055987829232226526,0,0,0,0.0,0.0,0.0,
2020-08-09,chokepoint6,Strait of Hormuz,18,11,4,1,52,34,86,538905,201166,5593,0,1851121,745665,2596786,2020,8,9,15019,2602092.7336677746,750971.7336677746,0.28860298633909326,0,0,0,0.0,0.0,0.0,
2020-08-10,chokepoint6,Strait of Hormuz,11,11,5,2,46,29,75,471622,463219,6586,6223,1312711,947652,2260364,2020,8,10,15020,2645781.174217748,1333070.174217748,0.5038474788497517,1,0,0,0.0,0.0,0.0,
2020-08-11,chokepoint6,Strait of Hormuz,10,13,2,1,52,26,78,381147,448254,4839,3944,2848697,838185,3686883,2020,8,11,15021,2515009.3360445662,0.0,0.0,0,0,0,0.0,0.0,0.0,
2020-08-12,chokepoint6,Strait of Hormuz,11,14,2,0,59,27,86,280346,605458,0,0,2379138,885805,3264943,2020,8,12,15022,2646207.0,267069.0,0.10092521106625445,0,0,0,0.0,0.0,0.0,
2020-08-13,chokepoint6,Strait of Hormuz,16,12,5,3,49,36,85,652722,272017,41470,7962,2439258,974171,3413430,2020,8,13,15023,2736044.3790956847,296786.37909568474,0.10847279428770755,0,0,0,0.0,0.0,0.0,
2020-08-14,chokepoint6,Strait of Hormuz,11,22,5,0,55,38,93,334037,676752,14768,0,2742871,1025557,3768429,2020,8,14,15024,2748955.5153128207,6084.515312820673,0.0022133916969290348,0,0,0,0.0,0.0,0.0,
2020-08-15,chokepoint6,Strait of Hormuz,11,22,7,1,76,41,117,288549,614772,76596,2013,3088932,981931,4070864,2020,8,15,15025,2773871.994592317,0.0,0.0,0,0,0,0.0,0.0,0.0,
2020-08-16,chokepoint6,Strait of Hormuz,16,8,2,2,57,28,85,496261,139512,0,0,3675894,635774,4311668,2020,8,16,15026,2595689.6391907013,0.0,0.0,0,0,0,0.0,0.0,0.0,
2020-08-17,chokepoint6,Strait of Hormuz,13,16,6,2,43,37,80,511019,542107,32280,2013,1431769,1087420,2519190,2020,8,17,15027,2644410.105867747,1212641.1058677472,0.4585677173056432,1,0,0,0.0,0.0,0.0,
2020-08-18,chokepoint6,Strait of Hormuz,17,10,7,2,60,36,96,730478,213822,11902,5436,3176628,961639,4138268,2020,8,18,15028,2515009.3360445662,0.0,0.0,0,0,0,0.0,0.0,0.0,
2020-08-19,chokepoint6,Strait of Hormuz,13,16,3,2,51,34,85,542047,504756,26445,6481,2155953,1079730,3235683,2020,8,19,15029,2653990.0,498037.0,0.18765594444590974,0,0,0,0.0,0.0,0.0,
2020-08-20,chokepoint6,Strait of Hormuz,17,21,4,3,59,45,104,423991,622404,12389,4110,3312225,1062895,4375121,2020,8,20,15030,2752050.9237116575,0.0,0.0,0,0,0,0.0,0.0,0.0,
2020-08-21,chokepoint6,Strait of Hormuz,12,8,4,0,43,24,67,436504,273001,48568,0,1481148,758073,2239222,2020,8,21,15031,2747501.011369334,1266353.011369334,0.46091084448343594,1,0,0,0.0,0.0,0.0,
2020-08-22,chokepoint6,Strait of Hormuz,9,15,3,0,45,27,72,161772,730796,39436,0,2764625,932004,3696630,2020,8,22,15032,2786548.0009129974,21923.000912997406,0.007867440613193978,0,0,0,0.0,0.0,0.0,
2020-08-23,chokepoint6,Strait of Hormuz,15,15,3,0,55,33,88,563670,298017,35262,0,2064371,896950,2961321,2020,8,23,15033,2595689.6391907013,531318.6391907013,0.20469266863366561,0,0,0,0.0,0.0,0.0,
2020-08-24,chokepoint6,Strait of Hormuz,9,12,1,0,43,22,65,397159,214673,3138,0,1290965,614971,1905937,2020,8,24,15034,2642501.402844058,1351536.402844058,0.5114609972919724,1,0,0,0.0,0.0,0.0,
2020-08-25,chokepoint6,Strait of Hormuz,6,10,2,0,56,18,74,157263,358772,2952,0,2289426,518987,2808414,2020,8,25,15035,2510932.032170897,221506.03217089688,0.08821665793135293,0,0,0,0.0,0.0,0.0,
2020-08-26,chokepoint6,Strait of Hormuz,8,12,3,0,42,23,65,479275,538847,14424,0,2033780,1032548,3066328,2020,8,26,15036,2646207.0,612427.0,0.23143578714741514,0,0,0,0.0,0.0,0.0,
2020-08-27,chokepoint6,Strait of Hormuz,10,14,6,5,41,35,76,382753,500014,31025,11427,1436519,925220,2361740,2020,8,27,15037,2730193.1907933,1293674.1907933,0.47383979828086925,1,0,0,0.0,0.0,0.0,
2020-08-28,chokepoint6,Strait of Hormuz,16,17,3,0,38,36,74,748829,453053,0,0,2168011,1201883,3369894,2020,8,28,15038,2739443.784186305,571432.784186305,0.20859445537263954,0,0,0,0.0,0.0,0.0,
2020-08-29,chokepoint6,Strait of Hormuz,17,16,3,3,44,39,83,611015,674098,1128,7379,2046014,1293620,3339635,2020,8,29,15039,2786548.0009129974,740534.0009129974,0.2657531830316095,0,0,0,0.0,0.0,0.0,
2020-08-30,chokepoint6,Strait of Hormuz,12,17,5,3,47,37,84,451589,499900,30939,10194,1832276,992623,2824900,2020,8,30,15040,2601640.2077511824,769364.2077511824,0.29572275422980526,0,0,0,0.0,0.0,0.0,
2020-08-31,chokepoint6,Strait of Hormuz,15,14,4,1,43,34,77,429289,356342,38463,0,2644297,824096,3468393,2020,8,31,15041,2644410.105867747,113.10586774721742,4.2771681856851174e-05,0,0,0,0.0,0.0,0.0,
2020-09-01,chokepoint6,Strait of Hormuz,17,10,2,3,54,32,86,588493,554900,5849,4188,2638977,1153432,3792409,2020,9,1,15042,2503444.6196028856,0.0,0.0,0,0,0,0.0,0.0,0.0,
2020-09-02,chokepoint6,Strait of Hormuz,15,20,3,0,43,38,81,505226,768294,12678,0,1992833,1286199,3279033,2020,9,2,15043,2638977.0,646144.0,0.2448463931288526,0,0,0,0.0,0.0,0.0,
2020-09-03,chokepoint6,Strait of Hormuz,13,17,8,3,46,41,87,531393,487163,58762,0,2125030,1077319,3202350,2020,9,3,15044,2730193.1907933,605163.1907933,0.22165581279523316,0,0,0,0.0,0.0,0.0,
2020-09-04,chokepoint6,Strait of Hormuz,10,9,3,1,57,23,80,226700,430705,13755,3203,3449817,674365,4124183,2020,9,4,15045,2731959.041473559,0.0,0.0,0,0,0,0.0,0.0,0.0,
2020-09-05,chokepoint6,Strait of Hormuz,12,13,2,3,52,30,82,485664,294748,2175,4912,1618398,787501,2405899,2020,9,5,15046,2765600.5146126663,1147202.5146126663,0.4148113614208438,1,0,0,0.0,0.0,0.0,
2020-09-06,chokepoint6,Strait of Hormuz,23,17,3,2,46,45,91,816310,403494,34859,7366,1871421,1262030,3133451,2020,9,6,15047,2585620.2013329957,714199.2013329957,0.27621968646624745,0,0,0,0.0,0.0,0.0,
2020-09-07,chokepoint6,Strait of Hormuz,19,23,1,0,59,43,102,788963,612774,12067,0,2014117,1413805,3427923,2020,9,7,15048,2592655.2736180816,578538.2736180816,0.22314508199569644,0,0,0,0.0,0.0,0.0,
2020-09-08,chokepoint6,Strait of Hormuz,13,15,2,2,52,32,84,333403,511011,2934,2215,1940393,849564,2789957,2020,9,8,15049,2444983.3052501394,504590.30525013944,0.20637781213746006,0,0,0,0.0,0.0,0.0,
2020-09-09,chokepoint6,Strait of Hormuz,13,23,5,3,51,44,95,529803,770121,10439,151,2929609,1310515,4240125,2020,9,9,15050,2611093.0,0.0,0.0,0,0,0,0.0,0.0,0.0,
2020-09-10,chokepoint6,Strait of Hormuz,19,17,5,3,42,44,86,587019,544037,8011,3496,2688601,1142564,3831165,2020,9,10,15051,2681106.0406055073,0.0,0.0,0,0,0,0.0,0.0,0.0,
2020-09-11,chokepoint6,Strait of Hormuz,6,17,5,4,61,32,93,160488,924316,46922,8970,2173240,1140697,3313938,2020,9,11,15052,2703092.5731744994,529852.5731744994,0.19601717619024903,0,0,0,0.0,0.0,0.0,
2020-09-12,chokepoint6,Strait of Hormuz,17,17,8,2,55,44,99,505303,289156,34386,8709,3534206,837556,4371762,2020,9,12,15053,2722477.1043912647,0.0,0.0,0,0,0,0.0,0.0,0.0,
2020-09-13,chokepoint6,Strait of Hormuz,9,16,2,2,62,29,91,344190,487549,15549,5133,2923009,852423,3775432,2020,9,13,15054,2525239.894054252,0.0,0.0,0,0,0,0.0,0.0,0.0,
2020-09-14,chokepoint6,Strait of Hormuz,13,13,1,0,40,27,67,338187,356995,7381,0,1220274,702564,1922839,2020,9,14,15055,2570781.1372382217,1350507.1372382217,0.5253294874759604,1,0,0,0.0,0.0,0.0,
2020-09-15,chokepoint6,Strait of Hormuz,11,11,2,0,45,24,69,401012,345832,11945,0,2319560,758790,3078350,2020,9,15,15056,2464408.9495097967,144848.9495097967,0.058776344542414136,0,0,0,0.0,0.0,0.0,
2020-09-16,chokepoint6,Strait of Hormuz,14,17,7,2,51,40,91,483930,641184,6380,0,1885171,1131496,3016667,2020,9,16,15057,2572528.0,687357.0,0.26719126089200973,0,0,0,0.0,0.0,0.0,
2020-09-17,chokepoint6,Strait of Hormuz,20,14,4,1,55,39,94,458983,357783,16847,3106,3937886,836720,4774606,2020,9,17,15058,2646478.4147425066,0.0,0.0,0,0,0,0.0,0.0,0.0,
2020-09-18,chokepoint6,Strait of Hormuz,18,11,4,1,50,34,84,406568,400552,11462,0,1963906,818582,2782489,2020,9,18,15059,2651140.3839218803,687234.3839218803,0.25922217778043194,0,0,0,0.0,0.0,0.0,
2020-09-19,chokepoint6,Strait of Hormuz,19,24,6,0,43,49,92,609044,476846,42675,0,1215195,1128565,2343761,2020,9,19,15060,2686152.0989513095,1470957.0989513095,0.5476075236117792,1,0,0,0.0,0.0,0.0,
2020-09-20,chokepoint6,Strait of Hormuz,15,11,5,3,57,34,91,493379,148298,32915,1729,2693384,676323,3369708,2020,9,20,15061,2500977.2409514138,0.0,0.0,0,0,0,0.0,0.0,0.0,
2020-09-21,chokepoint6,Strait of Hormuz,23,22,7,1,53,53,106,863332,917890,23604,0,2552761,1804826,4357588,2020,9,21,15062,2546080.9211981567,0.0,0.0,0,0,0,0.0,0.0,0.0,
2020-09-22,chokepoint6,Strait of Hormuz,14,21,5,1,54,41,95,342810,507793,32515,0,2260655,883120,3143775,2020,9,22,15063,2426196.343555309,165541.34355530888,0.06823081074828728,0,0,0,0.0,0.0,0.0,
2020-09-23,chokepoint6,Strait of Hormuz,11,14,3,2,47,30,77,326732,399343,455,0,2611093,726531,3337624,2020,9,23,15064,2572528.0,0.0,0.0,0,0,0,0.0,0.0,0.0,
2020-09-24,chokepoint6,Strait of Hormuz,16,14,3,3,57,36,93,728442,556260,47884,3326,2338522,1335914,3674436,2020,9,24,15065,2646478.4147425066,307956.4147425066,0.11636460476193594,0,0,0,0.0,0.0,0.0,
2020-09-25,chokepoint6,Strait of Hormuz,17,18,4,2,60,41,101,513801,679970,10350,5525,2817983,1209646,4027630,2020,9,25,15066,2637580.8873725655,0.0,0.0,0,0,0,0.0,0.0,0.0,
2020-09-26,chokepoint6,Strait of Hormuz,19,20,2,1,41,42,83,553704,885831,6760,0,1796742,1446296,3243039,2020,9,26,15067,2675065.7119108005,878323.7119108005,0.32833724719360763,1,0,0,0.0,0.0,0.0,
2020-09-27,chokepoint6,Strait of Hormuz,18,23,4,1,66,46,112,810387,857443,28187,4620,2887670,1700638,4588308,2020,9,27,15068,2500791.7151417914,0.0,0.0,0,0,0,0.0,0.0,0.0,
2020-09-28,chokepoint6,Strait of Hormuz,21,18,11,1,40,51,91,517632,503622,31616,9416,1779861,1062288,2842150,2020,9,28,15069,2527412.606441331,747551.6064413311,0.29577743045837895,0,0,0,0.0,0.0,0.0,
2020-09-29,chokepoint6,Strait of Hormuz,11,12,7,1,41,31,72,439521,323700,44339,0,1891190,807561,2698752,2020,9,29,15070,2377142.2911469867,485952.29114698665,0.20442709422855437,0,0,0,0.0,0.0,0.0,
2020-09-30,chokepoint6,Strait of Hormuz,20,16,5,0,53,41,94,555628,660296,16907,0,2032495,1232832,3265327,2020,9,30,15071,2529130.0,496635.0,0.19636594402027574,0,0,0,0.0,0.0,0.0,
2020-10-01,chokepoint6,Strait of Hormuz,15,14,5,2,52,36,88,532424,359620,8690,1524,2489704,902259,3391964,2020,10,1,15072,2632747.4470678708,143043.44706787076,0.05433238468322525,0,0,0,0.0,0.0,0.0,
2020-10-02,chokepoint6,Strait of Hormuz,13,17,2,4,54,36,90,401303,392141,5638,0,2590432,799083,3389516,2020,10,2,15074,2647086.4070943403,56654.407094340306,0.02140255298901589,0,0,0,0.0,0.0,0.0,
2020-10-03,chokepoint6,Strait of Hormuz,17,20,2,3,65,42,107,380415,827238,7881,0,4027033,1215535,5242568,2020,10,3,15075,2675065.7119108005,0.0,0.0,0,0,0,0.0,0.0,1.0,
2020-10-04,chokepoint6,Strait of Hormuz,12,18,4,2,52,36,88,538730,266015,41019,9912,1203023,855677,2058701,2020,10,4,15076,2500791.7151417914,1297768.7151417914,0.5189431439987835,1,0,0,0.0,0.0,1.0,
2020-10-05,chokepoint6,Strait of Hormuz,17,18,3,1,49,39,88,592536,724825,17188,0,2684992,1334550,4019542,2020,10,5,15077,2531566.7836504807,0.0,0.0,0,0,0,0.0,0.0,1.0,
2020-10-06,chokepoint6,Strait of Hormuz,11,12,5,0,72,28,100,442910,336263,6127,0,2795373,785302,3580675,2020,10,6,15078,2403736.9571127254,0.0,0.0,0,0,0,0.0,0.0,1.0,
2020-10-07,chokepoint6,Strait of Hormuz,16,16,6,2,60,40,100,604748,504419,11389,0,2456157,1120556,3576714,2020,10,7,15079,2501148.0,44991.0,0.017988139846182635,0,0,0,0.0,1.0,1.0,
2020-10-08,chokepoint6,Strait of Hormuz,22,15,6,3,62,46,108,664413,447812,27744,2763,2726675,1142732,3869408,2020,10,8,15080,2606074.0063626687,0.0,0.0,0,0,0,0.0,1.0,1.0,
2020-10-09,chokepoint6,Strait of Hormuz,10,22,4,0,52,36,88,415530,560596,11049,0,3185554,987176,4172730,2020,10,9,15081,2589273.7574687125,0.0,0.0,0,0,0,1.0,1.0,1.0,
2020-10-10,chokepoint6,Strait of Hormuz,11,22,6,0,47,39,86,415304,566384,13310,0,1676558,994999,2671557,2020,10,10,15082,2617571.681420107,941013.6814201069,0.35949872475300476,1,22,1,0.0,0.0,0.0,4833953.995450405
2020-10-11,chokepoint6,Strait of Hormuz,10,15,3,0,40,28,68,424844,376685,8380,0,1577014,809910,2386924,2020,10,11,15083,2443938.361481954,866924.3614819539,0.35472431512399877,1,22,0,0.0,0.0,0.0,4833953.995450405
2020-10-12,chokepoint6,Strait of Hormuz,15,15,1,2,44,33,77,560383,471428,0,7993,1452391,1039806,2492197,2020,10,12,15084,2481076.092408651,1028685.092408651,0.41461247220757114,1,22,0,0.0,0.0,0.0,4833953.995450405
2020-10-13,chokepoint6,Strait of Hormuz,15,10,1,0,37,26,63,605029,336662,0,0,1643005,941692,2584697,2020,10,13,15085,2359667.860139694,716662.8601396941,0.30371344723798,1,22,0,0.0,0.0,0.0,4833953.995450405
2020-10-14,chokepoint6,Strait of Hormuz,9,11,0,0,40,20,60,565367,272034,0,0,1209036,837401,2046438,2020,10,14,15086,2489704.0,1280668.0,0.5143856458438433,1,22,0,0.0,0.0,0.0,4833953.995450405
2020-10-15,chokepoint6,Strait of Hormuz,9,14,2,2,68,27,95,208896,243901,14595,3496,3484670,470889,3955559,2020,10,15,15087,2561677.520905453,0.0,0.0,0,0,0,0.0,0.0,0.0,
2020-10-16,chokepoint6,Strait of Hormuz,12,15,0,1,44,28,72,429898,351760,0,5064,2625611,786722,3412333,2020,10,16,15088,2570239.942874446,0.0,0.0,0,0,0,0.0,0.0,0.0,
2020-10-17,chokepoint6,Strait of Hormuz,10,20,3,2,43,35,78,465973,518788,2117,0,2493052,986880,3479932,2020,10,17,15089,2606767.7300377,113715.73003769992,0.043623269049772734,0,0,0,0.0,0.0,0.0,
2020-10-18,chokepoint6,Strait of Hormuz,8,9,3,6,57,26,83,197592,320962,9391,15999,2406624,543945,2950569,2020,10,18,15090,2447224.818680979,40600.818680978846,0.016590555298005738,0,0,0,0.0,0.0,0.0,
2020-10-19,chokepoint6,Strait of Hormuz,11,12,5,1,42,29,71,551899,230786,30456,6088,2326438,819230,3145668,2020,10,19,15091,2491359.105033657,164921.10503365705,0.06619724338432097,0,0,0,0.0,0.0,0.0,
2020-10-20,chokepoint6,Strait of Hormuz,10,16,9,1,50,36,86,287995,630146,17066,1260,1859726,936468,2796194,2020,10,20,15092,2359667.860139694,499941.86013969406,0.21186958918451224,0,0,0,0.0,0.0,1.0,
2020-10-21,chokepoint6,Strait of Hormuz,18,11,2,1,60,32,92,904469,636467,4123,3209,2842377,1548270,4390647,2020,10,21,15093,2478850.0,0.0,0.0,0,0,0,0.0,0.0,1.0,
2020-10-22,chokepoint6,Strait of Hormuz,13,16,4,3,53,36,89,366721,468144,22958,8786,2528002,866611,3394614,2020,10,22,15094,2534727.125331823,6725.125331822783,0.0026531949986302343,0,0,0,0.0,0.0,1.0,
2020-10-23,chokepoint6,Strait of Hormuz,13,23,4,4,55,44,99,590902,910095,5919,4342,2346930,1511259,3858189,2020,10,23,15095,2488051.6705774055,141121.6705774055,0.056719750737594284,0,0,0,0.0,0.0,1.0,
2020-10-24,chokepoint6,Strait of Hormuz,14,17,5,2,59,38,97,380676,521805,36200,0,1937829,938682,2876512,2020,10,24,15096,2507199.186063314,569370.1860633139,0.22709411730358453,0,0,0,0.0,1.0,1.0,
2020-10-25,chokepoint6,Strait of Hormuz,8,16,3,3,45,30,75,186947,690224,12129,3126,2296556,892428,3188985,2020,10,25,15097,2330649.82344746,34093.82344745984,0.014628462459035912,0,0,0,0.0,1.0,1.0,
2020-10-26,chokepoint6,Strait of Hormuz,12,18,5,2,53,37,90,519976,730892,58229,6584,2355158,1315682,3670840,2020,10,26,15098,2386308.4876220073,31150.487622007262,0.013053839343734304,0,0,0,1.0,1.0,1.0,
2020-10-27,chokepoint6,Strait of Hormuz,13,15,5,2,55,35,90,371609,375013,6236,4660,1550429,757519,2307948,2020,10,27,15099,2269537.584860482,719108.5848604818,0.3168524679465436,1,23,1,0.0,0.0,0.0,1449904.5848604818
2020-10-28,chokepoint6,Strait of Hormuz,19,13,2,3,57,37,94,547198,165213,16653,12821,1658470,741886,2400356,2020,10,28,15100,2389266.0,730796.0,0.30586632045155293,1,23,0,0.0,0.0,0.0,1449904.5848604818
2020-10-29,chokepoint6,Strait of Hormuz,14,15,2,1,45,32,77,430214,423269,35937,1260,2259255,890681,3149937,2020,10,29,15101,2467719.5483775777,208464.54837757768,0.08447659642467654,0,0,0,0.0,0.0,0.0,
2020-10-30,chokepoint6,Strait of Hormuz,9,17,4,2,58,32,90,523059,510108,18062,6971,2361486,1058202,3419689,2020,10,30,15102,2457950.167969036,96464.16796903592,0.03924577854592662,0,0,0,0.0,0.0,0.0,
2020-10-31,chokepoint6,Strait of Hormuz,17,18,6,1,44,42,86,623072,582898,31144,0,2633204,1237115,3870320,2020,10,31,15103,2474471.29796409,0.0,0.0,0,0,0,0.0,0.0,0.0,
2020-11-01,chokepoint6,Strait of Hormuz,17,11,6,1,51,35,86,444348,509152,31539,0,3766666,985040,4751706,2020,11,1,15104,2305582.2435515504,0.0,0.0,0,0,0,0.0,0.0,0.0,
2020-11-02,chokepoint6,Strait of Hormuz,12,12,4,2,55,30,85,454660,385554,13386,0,2508706,853601,3362307,2020,11,2,15105,2344179.114809082,0.0,0.0,0,0,0,0.0,0.0,0.0,
2020-11-03,chokepoint6,Strait of Hormuz,13,11,4,3,52,31,83,527045,322357,5445,6905,3072625,861753,3934379,2020,11,3,15106,2209438.6960148844,0.0,0.0,0,0,0,0.0,0.0,0.0,
2020-11-04,chokepoint6,Strait of Hormuz,13,19,2,0,47,34,81,467358,342138,6025,0,2680839,815522,3496362,2020,11,4,15107,2296911.0,0.0,0.0,0,0,0,0.0,0.0,0.0,
2020-11-05,chokepoint6,Strait of Hormuz,16,16,3,4,49,39,88,580781,583508,4363,2181,2102578,1170834,3273413,2020,11,5,15108,2359041.6312754937,256463.63127549365,0.10871517817887263,0,0,0,0.0,0.0,1.0,
2020-11-06,chokepoint6,Strait of Hormuz,13,12,0,2,34,27,61,391916,418007,0,10147,580007,820070,1400078,2020,11,6,15109,2350512.5354003673,1770505.5354003673,0.7532423285284857,1,0,0,0.0,0.0,1.0,
2020-11-07,chokepoint6,Strait of Hormuz,9,9,1,0,42,19,61,232243,123387,3846,0,2235242,359477,2594719,2020,11,7,15110,2383917.5962219047,148675.59622190474,0.06236608029469212,0,0,0,0.0,0.0,1.0,
2020-11-08,chokepoint6,Strait of Hormuz,7,8,1,0,41,16,57,295532,328810,2692,0,2100018,627036,2727054,2020,11,8,15111,2208922.3151202477,108904.31512024766,0.04930201228662005,0,0,0,0.0,0.0,1.0,
2020-11-09,chokepoint6,Strait of Hormuz,10,9,4,0,43,23,66,406040,185805,8004,0,2197319,599850,2797170,2020,11,9,15112,2234088.92182232,36769.921822320204,0.016458575781454307,0,0,0,0.0,1.0,1.0,
2020-11-10,chokepoint6,Strait of Hormuz,11,14,3,2,59,30,89,296728,431426,1960,0,1997074,730115,2727189,2020,11,10,15113,2124419.782095251,127345.78209525114,0.05994379414489063,0,0,0,0.0,1.0,1.0,
2020-11-11,chokepoint6,Strait of Hormuz,15,18,4,1,55,38,93,600869,313297,24397,0,2881938,938564,3820503,2020,11,11,15114,2235242.0,0.0,0.0,0,0,0,1.0,1.0,1.0,
2020-11-12,chokepoint6,Strait of Hormuz,8,10,2,2,49,22,71,483674,208264,6225,4452,960961,702616,1663577,2020,11,12,15115,2298495.990113338,1337534.990113338,0.5819174781537838,1,24,1,0.0,0.0,0.0,21888535.13500255
2020-11-13,chokepoint6,Strait of Hormuz,6,14,0,2,31,22,53,300481,683145,0,2877,1135696,986504,2122201,2020,11,13,15116,2277193.113839163,1141497.113839163,0.5012737421793321,1,24,0,0.0,0.0,0.0,21888535.13500255
2020-11-14,chokepoint6,Strait of Hormuz,11,12,2,0,35,25,60,396993,394665,23056,0,1371598,814716,2186315,2020,11,14,15117,2249052.9945582687,877454.9945582687,0.3901442058863569,1,24,0,0.0,0.0,0.0,21888535.13500255
2020-11-15,chokepoint6,Strait of Hormuz,9,11,3,0,30,23,53,487034,221974,28014,0,455472,737023,1192495,2020,11,15,15118,2085655.6297057983,1630183.6297057983,0.7816168721658768,1,24,0,0.0,0.0,0.0,21888535.13500255
2020-11-16,chokepoint6,Strait of Hormuz,9,13,0,0,27,22,49,471652,188785,0,0,715837,660438,1376275,2020,11,16,15119,2098591.9928804412,1382754.9928804412,0.6588965351871606,1,24,0,0.0,0.0,0.0,21888535.13500255
2020-11-17,chokepoint6,Strait of Hormuz,9,11,1,1,42,22,64,210938,223852,0,0,1715650,434790,2150440,2020,11,17,15120,1995900.1226516436,280250.1226516436,0.14041289915815958,0,24,0,0.0,0.0,0.0,21888535.13500255
2020-11-18,chokepoint6,Strait of Hormuz,5,7,4,4,34,20,54,437416,310978,33161,13216,963418,794773,1758191,2020,11,18,15121,2086399.0,1122981.0,0.5382388507663204,1,24,0,0.0,0.0,0.0,21888535.13500255
2020-11-19,chokepoint6,Strait of Hormuz,8,13,2,2,34,25,59,286235,501720,5250,0,600973,793207,1394180,2020,11,19,15122,2170187.3465908896,1569214.3465908896,0.7230778250808354,1,24,0,0.0,0.0,0.0,21888535.13500255
2020-11-20,chokepoint6,Strait of Hormuz,6,13,3,1,30,23,53,366685,362597,0,6597,966685,735880,1702566,2020,11,20,15123,2138051.436238981,1171366.4362389809,0.547866349885163,1,24,0,0.0,0.0,0.0,21888535.13500255
2020-11-21,chokepoint6,Strait of Hormuz,9,7,1,0,36,17,53,229911,210898,0,0,1649091,440810,2089901,2020,11,21,15124,2168437.038183866,519346.03818386607,0.2395024753030573,0,24,0,0.0,0.0,0.0,21888535.13500255
2020-11-22,chokepoint6,Strait of Hormuz,9,18,2,0,36,29,65,355071,667298,7782,0,1299060,1030152,2329212,2020,11,22,15125,2027319.0511870224,728259.0511870224,0.35922271374139014,1,24,0,0.0,0.0,0.0,21888535.13500255
2020-11-23,chokepoint6,Strait of Hormuz,3,5,2,4,29,14,43,32337,174873,1227,4826,642666,213264,855930,2020,11,23,15126,2062251.6863587368,1419585.6863587368,0.6883668447207147,1,24,0,0.0,0.0,0.0,21888535.13500255
2020-11-24,chokepoint6,Strait of Hormuz,12,14,4,0,31,30,61,564755,438491,21174,0,260933,1024421,1285355,2020,11,24,15127,1908067.0136807435,1647134.0136807435,0.8632474655611551,1,24,0,0.0,0.0,0.0,21888535.13500255
2020-11-25,chokepoint6,Strait of Hormuz,9,8,1,1,41,19,60,435894,267072,2430,4110,855478,709508,1564986,2020,11,25,15128,1968528.0,1113050.0,0.5654224882755033,1,24,0,0.0,0.0,0.0,21888535.13500255
2020-11-26,chokepoint6,Strait of Hormuz,8,10,2,3,34,23,57,482137,393491,1206,0,754613,876835,1631449,2020,11,26,15129,2001121.9006209397,1246508.9006209397,0.6229050315396345,1,24,0,0.0,0.0,0.0,21888535.13500255
2020-11-27,chokepoint6,Strait of Hormuz,6,11,4,1,42,22,64,437811,378797,48858,0,1552465,865467,2417932,2020,11,27,15130,1919857.2105017733,367392.2105017733,0.1913643413125249,0,24,0,0.0,0.0,0.0,21888535.13500255
2020-11-28,chokepoint6,Strait of Hormuz,6,9,3,1,44,19,63,340894,272540,2996,3819,689170,620250,1309420,2020,11,28,15131,1974784.871714364,1285614.871714364,0.6510151511330381,1,24,0,0.0,0.0,0.0,21888535.13500255
2020-11-29,chokepoint6,Strait of Hormuz,8,7,3,1,38,19,57,460706,58406,11751,8171,806326,539035,1345362,2020,11,29,15132,1900823.8240379272,1094497.8240379272,0.575801823502444,1,24,0,0.0,0.0,0.0,21888535.13500255
2020-11-30,chokepoint6,Strait of Hormuz,6,10,2,1,38,19,57,317914,384487,25102,0,607731,727504,1335236,2020,11,30,15133,1935104.0839943045,1327373.0839943045,0.6859440249097274,1,24,0,0.0,0.0,1.0,21888535.13500255
2020-12-01,chokepoint6,Strait of Hormuz,10,7,4,1,34,22,56,383327,218505,24864,0,1193412,626698,1820110,2020,12,1,15134,1819947.8281443482,626535.8281443482,0.3442603235407993,1,24,0,0.0,0.0,1.0,21888535.13500255
2020-12-02,chokepoint6,Strait of Hormuz,10,9,6,1,54,26,80,366295,350128,46946,5363,2181178,768734,2949912,2020,12,2,15135,1880843.0,0.0,0.0,0,0,0,0.0,0.0,1.0,
2020-12-03,chokepoint6,Strait of Hormuz,13,12,2,3,56,30,86,431716,350720,15319,0,3286019,797756,4083776,2020,12,3,15136,1916481.1859055513,0.0,0.0,0,0,0,0.0,0.0,1.0,
2020-12-04,chokepoint6,Strait of Hormuz,7,8,3,4,54,22,76,305189,172029,8286,0,2418631,485505,2904136,2020,12,4,15137,1982356.365004386,0.0,0.0,0,0,0,0.0,1.0,1.0,
2020-12-05,chokepoint6,Strait of Hormuz,13,9,4,0,45,26,71,417647,414587,3448,0,2966443,835683,3802126,2020,12,5,15138,1982290.9405610918,0.0,0.0,0,0,0,0.0,1.0,1.0,
2020-12-06,chokepoint6,Strait of Hormuz,10,8,4,0,26,22,48,479080,226461,16675,0,1753346,722217,2475564,2020,12,6,15139,1900823.8240379272,147477.8240379272,0.0775862666349791,0,0,0,1.0,1.0,1.0,
2020-12-07,chokepoint6,Strait of Hormuz,4,8,0,0,41,12,53,191736,243894,0,0,1210877,435630,1646508,2020,12,7,15140,1935104.0839943045,724227.0839943045,0.374257431413925,1,25,1,0.0,0.0,0.0,17230211.61846106
2020-12-08,chokepoint6,Strait of Hormuz,12,10,3,1,25,26,51,362426,124282,2485,0,369612,489194,858806,2020,12,8,15141,1840412.2819923318,1470800.2819923318,0.7991689125222106,1,25,0,0.0,0.0,0.0,17230211.61846106
2020-12-09,chokepoint6,Strait of Hormuz,7,13,1,1,40,22,62,325835,347331,2265,0,1836815,675432,2512248,2020,12,9,15142,1940376.0,103561.0,0.053371614573670255,0,25,0,0.0,0.0,0.0,17230211.61846106
2020-12-10,chokepoint6,Strait of Hormuz,10,13,0,2,30,25,55,450995,696042,0,0,930816,1147037,2077854,2020,12,10,15143,2005211.1185850047,1074395.1185850047,0.5358014967237771,1,25,0,0.0,0.0,0.0,17230211.61846106
2020-12-11,chokepoint6,Strait of Hormuz,8,11,2,1,37,22,59,428627,356350,0,0,1328077,784977,2113055,2020,12,11,15144,2002334.313119264,674257.3131192641,0.3367356333562984,1,25,0,0.0,0.0,0.0,17230211.61846106
2020-12-12,chokepoint6,Strait of Hormuz,4,10,1,2,31,17,48,273293,221031,3461,4988,1002940,502775,1505715,2020,12,12,15145,2030791.127753272,1027851.127753272,0.506133355472365,1,25,0,0.0,0.0,0.0,17230211.61846106
2020-12-13,chokepoint6,Strait of Hormuz,6,9,1,2,35,18,53,119072,273512,2265,0,719467,394850,1114318,2020,12,13,15146,1879687.62439354,1160220.62439354,0.6172411890874007,1,25,0,0.0,0.0,0.0,17230211.61846106
2020-12-14,chokepoint6,Strait of Hormuz,10,5,1,1,42,17,59,309829,105080,16159,2520,857137,433589,1290726,2020,12,14,15147,1886709.9681156687,1029572.9681156687,0.5456975293049114,1,25,0,0.0,0.0,0.0,17230211.61846106
2020-12-15,chokepoint6,Strait of Hormuz,10,10,2,2,29,24,53,283984,348157,19607,4784,1397123,656534,2053658,2020,12,15,15148,1794386.269244036,397263.26924403594,0.22139228105629707,0,25,0,0.0,0.0,0.0,17230211.61846106
2020-12-16,chokepoint6,Strait of Hormuz,13,14,3,0,29,30,59,500742,395596,4994,0,1029798,901334,1931132,2020,12,16,15149,1855903.0,826105.0,0.44512294015366105,1,25,0,0.0,0.0,0.0,17230211.61846106
2020-12-17,chokepoint6,Strait of Hormuz,7,6,2,2,38,17,55,357737,209474,7001,0,1314917,574213,1889130,2020,12,17,15150,1951076.7759442192,636159.7759442192,0.32605573690781653,1,25,0,0.0,0.0,0.0,17230211.61846106
2020-12-18,chokepoint6,Strait of Hormuz,4,15,2,2,30,23,53,254177,365593,1881,0,636630,621652,1258283,2020,12,18,15151,1921294.1154651607,1284664.1154651607,0.6686452142461974,1,25,0,0.0,0.0,0.0,17230211.61846106
2020-12-19,chokepoint6,Strait of Hormuz,7,13,3,1,32,24,56,194241,459308,6894,0,553076,660444,1213521,2020,12,19,15152,1947692.047470279,1394616.047470279,0.716035191128725,1,25,0,0.0,0.0,0.0,17230211.61846106
2020-12-20,chokepoint6,Strait of Hormuz,9,10,0,1,43,20,63,403440,170717,0,8102,1061470,582260,1643730,2020,12,20,15153,1820425.3800627326,758955.3800627326,0.4169110079296844,1,25,0,0.0,0.0,0.0,17230211.61846106
2020-12-21,chokepoint6,Strait of Hormuz,4,8,1,0,32,13,45,174748,33113,0,0,1123926,207862,1331789,2020,12,21,15154,1853255.7005114583,729329.7005114583,0.3935397043754832,1,25,0,0.0,0.0,0.0,17230211.61846106
2020-12-22,chokepoint6,Strait of Hormuz,4,6,3,1,38,14,52,200129,111551,9249,0,1731722,320930,2052652,2020,12,22,15155,1745746.6001664647,14024.60016646469,0.008033582975402834,0,25,0,0.0,0.0,0.0,17230211.61846106
2020-12-23,chokepoint6,Strait of Hormuz,15,8,1,2,41,26,67,673418,289502,2200,12539,1934185,977660,2911846,2020,12,23,15156,1855039.0,0.0,0.0,0,25,0,0.0,0.0,0.0,17230211.61846106
2020-12-24,chokepoint6,Strait of Hormuz,7,8,3,2,35,20,55,238187,142874,7799,0,850672,388860,1239533,2020,12,24,15157,1917022.6946781492,1066350.6946781492,0.5562535579982687,1,25,0,0.0,0.0,0.0,17230211.61846106
2020-12-25,chokepoint6,Strait of Hormuz,10,13,4,2,34,29,63,447378,217284,30404,9660,1786255,704727,2490983,2020,12,25,15158,1896965.0783293045,110710.07832930447,0.058361684985160124,0,25,0,0.0,0.0,1.0,17230211.61846106
2020-12-26,chokepoint6,Strait of Hormuz,11,3,0,0,57,14,71,193245,109569,0,0,985136,302814,1287950,2020,12,26,15159,1923924.4043756677,938788.4043756677,0.48795493328144235,1,25,0,0.0,0.0,1.0,17230211.61846106
2020-12-27,chokepoint6,Strait of Hormuz,11,7,2,0,39,20,59,348082,163049,25212,0,1425392,536343,1961736,2020,12,27,15160,1796583.8410991956,371191.84109919565,0.20660980723955027,0,25,0,0.0,0.0,1.0,17230211.61846106
2020-12-28,chokepoint6,Strait of Hormuz,9,13,1,1,34,24,58,326527,257908,3846,6223,391817,594505,986322,2020,12,28,15161,1828984.193161007,1437167.193161007,0.7857734356233946,1,25,0,0.0,0.0,1.0,17230211.61846106
2020-12-29,chokepoint6,Strait of Hormuz,6,15,2,0,40,23,63,149393,366540,0,0,1281476,515934,1797410,2020,12,29,15162,1735988.6330636758,454512.63306367584,0.2618177471943184,0,0,0,0.0,1.0,1.0,
2020-12-30,chokepoint6,Strait of Hormuz,8,8,3,3,43,22,65,391687,72021,21110,4879,1446398,489698,1936096,2020,12,30,15163,1809004.0,362606.0,0.20044510681015631,0,0,0,0.0,1.0,1.0,
2020-12-31,chokepoint6,Strait of Hormuz,13,9,3,1,44,26,70,451024,273576,5808,0,1832402,730409,2562812,2020,12,31,15164,1865770.5428136534,33368.54281365336,0.017884590868999527,0,0,0,1.0,1.0,1.0,
2021-01-01,chokepoint6,Strait of Hormuz,8,14,1,0,43,23,66,383188,428453,3232,0,758317,814873,1573191,2021,1,1,15165,1872742.6703081666,1114425.6703081666,0.5950767758844219,1,26,1,0.0,0.0,0.0,9519412.24592043
2021-01-02,chokepoint6,Strait of Hormuz,11,4,4,2,43,21,64,380519,64931,7961,3902,1296630,457315,1753945,2021,1,2,15166,1917778.0164852294,621148.0164852294,0.32388942366939133,1,26,0,0.0,0.0,0.0,9519412.24592043
2021-01-03,chokepoint6,Strait of Hormuz,5,16,1,1,43,23,66,99054,415682,0,3809,1545637,518547,2064185,2021,1,3,15167,1802039.6741673504,256402.6741673504,0.14228469985591394,0,26,0,0.0,0.0,0.0,9519412.24592043
2021-01-04,chokepoint6,Strait of Hormuz,10,5,2,1,33,18,51,262806,142563,24483,0,806470,429853,1236323,2021,1,4,15168,1831157.7162377213,1024687.7162377213,0.5595846317066749,1,26,0,0.0,0.0,0.0,9519412.24592043
2021-01-05,chokepoint6,Strait of Hormuz,14,9,1,0,47,24,71,273384,227094,0,0,2036510,500478,2536989,2021,1,5,15169,1744767.6670685906,0.0,0.0,0,26,0,0.0,0.0,0.0,9519412.24592043
2021-01-06,chokepoint6,Strait of Hormuz,9,12,4,2,42,27,69,337235,202720,26829,5576,1018448,572362,1590810,2021,1,6,15170,1835785.0,817337.0,0.4452247948425333,1,26,0,0.0,0.0,0.0,9519412.24592043
2021-01-07,chokepoint6,Strait of Hormuz,12,8,1,0,38,21,59,450263,239066,5638,0,1919987,694968,2614956,2021,1,7,15171,1907272.4365303214,0.0,0.0,0,26,0,0.0,0.0,0.0,9519412.24592043
2021-01-08,chokepoint6,Strait of Hormuz,6,12,1,1,34,20,54,233389,283424,1996,0,1129927,518810,1648738,2021,1,8,15172,1900467.2753690304,770540.2753690304,0.40544779978882184,1,26,0,0.0,0.0,0.0,9519412.24592043
2021-01-09,chokepoint6,Strait of Hormuz,6,14,1,2,40,23,63,280049,235870,1685,3253,935549,520858,1456407,2021,1,9,15173,1927476.3740089703,991927.3740089703,0.5146249196019219,1,26,0,0.0,0.0,0.0,9519412.24592043
2021-01-10,chokepoint6,Strait of Hormuz,5,5,2,1,30,13,43,172821,157909,0,0,595034,330730,925764,2021,1,10,15174,1802039.6741673504,1207005.6741673504,0.6697997227641832,1,26,0,0.0,0.0,0.0,9519412.24592043
2021-01-11,chokepoint6,Strait of Hormuz,9,13,2,1,39,25,64,520071,260857,7099,0,825311,788028,1613340,2021,1,11,15175,1862529.3989721052,1037218.3989721052,0.5568869943983308,1,26,0,0.0,0.0,0.0,9519412.24592043
2021-01-12,chokepoint6,Strait of Hormuz,10,8,5,1,35,24,59,241422,209385,18872,6847,1142436,476528,1618964,2021,1,12,15176,1771388.9448078636,628952.9448078636,0.3550620244364706,1,26,0,0.0,0.0,0.0,9519412.24592043
2021-01-13,chokepoint6,Strait of Hormuz,5,17,2,1,37,25,62,335104,288857,12691,7573,1532549,644227,2176777,2021,1,13,15177,1922947.0,390398.0,0.20302067607687577,0,26,0,0.0,0.0,0.0,9519412.24592043
2021-01-14,chokepoint6,Strait of Hormuz,11,13,1,2,37,27,64,498853,370766,4018,2801,1340906,876440,2217346,2021,1,14,15178,2000274.501396645,659368.5013966451,0.3296390075143468,1,26,0,0.0,0.0,0.0,9519412.24592043
2021-01-15,chokepoint6,Strait of Hormuz,11,16,2,0,43,29,72,359785,667091,1700,0,1583492,1028577,2612069,2021,1,15,15179,2000874.6330051601,417382.63300516014,0.20860009223980389,0,0,0,0.0,0.0,1.0,
2021-01-16,chokepoint6,Strait of Hormuz,8,10,2,1,45,21,66,233852,350393,21482,0,2264517,605727,2870245,2021,1,16,15180,2032275.752365004,0.0,0.0,0,0,0,0.0,0.0,1.0,
2021-01-17,chokepoint6,Strait of Hormuz,6,16,2,2,46,26,72,360980,461197,15600,0,2052758,837778,2890536,2021,1,17,15181,1887599.4657986003,0.0,0.0,0,0,0,0.0,0.0,1.0,
2021-01-18,chokepoint6,Strait of Hormuz,17,17,5,1,46,40,86,608759,493010,55698,3237,2334880,1160705,3495586,2021,1,18,15182,1921641.23209109,0.0,0.0,0,0,0,0.0,0.0,1.0,
2021-01-19,chokepoint6,Strait of Hormuz,9,28,8,3,55,48,103,235586,851452,33529,10791,2120141,1131359,3251500,2021,1,19,15183,1836948.9497509215,0.0,0.0,0,0,0,0.0,1.0,1.0,
2021-01-20,chokepoint6,Strait of Hormuz,10,14,3,2,53,29,82,298848,215556,886,9338,2553224,524629,3077854,2021,1,20,15184,1935599.0,0.0,0.0,0,0,0,0.0,1.0,1.0,
2021-01-21,chokepoint6,Strait of Hormuz,11,10,6,1,42,28,70,157046,493977,33712,0,2749725,684736,3434461,2021,1,21,15185,2000274.501396645,0.0,0.0,0,0,0,1.0,1.0,1.0,
2021-01-22,chokepoint6,Strait of Hormuz,12,9,2,2,33,25,58,594531,688794,743,4465,1154838,1288535,2443373,2021,1,22,15186,2019624.7934495935,864786.7934495935,0.42819180882232377,1,27,1,0.0,0.0,0.0,3327404.6904261103
2021-01-23,chokepoint6,Strait of Hormuz,10,10,0,0,36,20,56,278595,156029,0,0,980782,434625,1415408,2021,1,23,15187,2039744.0231310937,1058962.0231310937,0.5191641750740575,1,27,0,0.0,0.0,0.0,3327404.6904261103
2021-01-24,chokepoint6,Strait of Hormuz,7,9,0,1,26,17,43,222745,170650,0,0,511370,393395,904765,2021,1,24,15188,1915025.8738454229,1403655.8738454229,0.7329696653272076,1,27,0,0.0,0.0,0.0,3327404.6904261103
2021-01-25,chokepoint6,Strait of Hormuz,5,9,1,0,41,15,56,291993,186232,702,0,2600956,478928,3079884,2021,1,25,15189,2003477.6237224783,0.0,0.0,0,0,0,0.0,0.0,0.0,
2021-01-26,chokepoint6,Strait of Hormuz,6,7,0,4,44,17,61,93154,99784,0,10958,2623826,203897,2827724,2021,1,26,15190,1905440.051464701,0.0,0.0,0,0,0,0.0,0.0,0.0,
2021-01-27,chokepoint6,Strait of Hormuz,14,12,6,0,52,32,84,558506,330202,18160,0,2189447,906869,3096316,2021,1,27,15191,2010085.0,0.0,0.0,0,0,0,0.0,0.0,0.0,
2021-01-28,chokepoint6,Strait of Hormuz,10,9,2,1,52,22,74,154611,240942,20936,0,2469421,416490,2885912,2021,1,28,15192,2083087.107297671,0.0,0.0,0,0,0,0.0,0.0,0.0,
2021-01-29,chokepoint6,Strait of Hormuz,14,19,5,1,48,39,87,567755,649792,69976,0,2136795,1287524,3424320,2021,1,29,15193,2102414.5367723745,0.0,0.0,0,0,0,0.0,0.0,0.0,
2021-01-30,chokepoint6,Strait of Hormuz,11,14,1,1,42,27,69,393452,374597,7192,0,1693139,775243,2468383,2021,1,30,15194,2116413.2299188618,423274.22991886176,0.19999602343021125,0,0,0,0.0,0.0,0.0,
2021-01-31,chokepoint6,Strait of Hormuz,5,10,4,4,37,23,60,268455,294659,33353,2592,2268087,599060,2867148,2021,1,31,15195,1993527.8317666997,0.0,0.0,0,0,0,0.0,0.0,0.0,
2021-02-01,chokepoint6,Strait of Hormuz,10,7,6,1,39,24,63,369403,231293,11420,0,1662502,612118,2274620,2021,2,1,15196,2035472.8827326645,372970.88273266447,0.1832354957399105,0,0,0,0.0,0.0,0.0,
2021-02-02,chokepoint6,Strait of Hormuz,9,15,3,2,36,29,65,340741,466130,7770,6223,1320756,820865,2141622,2021,2,2,15197,1935869.664080849,615113.6640808489,0.31774539138351804,1,0,0,0.0,0.0,0.0,
2021-02-03,chokepoint6,Strait of Hormuz,7,8,1,3,49,19,68,180513,325788,14442,11067,2921095,531813,3452908,2021,2,3,15198,2030859.0,0.0,0.0,0,0,0,0.0,0.0,0.0,
2021-02-04,chokepoint6,Strait of Hormuz,16,9,4,0,56,29,85,598839,408649,13116,0,2706965,1020605,3727571,2021,2,4,15199,2126247.629983843,0.0,0.0,0,0,0,0.0,0.0,0.0,
2021-02-05,chokepoint6,Strait of Hormuz,14,7,3,0,46,24,70,413614,217820,14029,0,2015514,645465,2660979,2021,2,5,15200,2129993.1738218283,114479.17382182833,0.053746263241031586,0,0,0,0.0,0.0,0.0,
2021-02-06,chokepoint6,Strait of Hormuz,6,7,4,2,45,19,64,348136,318364,4542,4893,2892064,675936,3568001,2021,2,6,15201,2138590.203786617,0.0,0.0,0,0,0,0.0,0.0,0.0,
2021-02-07,chokepoint6,Strait of Hormuz,9,13,1,1,39,24,63,398227,353633,1958,0,1576669,753818,2330488,2021,2,7,15202,2019678.136361093,443009.136361093,0.2193464039568573,0,0,0,0.0,0.0,0.0,
2021-02-08,chokepoint6,Strait of Hormuz,8,7,4,0,37,19,56,287009,258523,8626,0,1817072,554159,2371232,2021,2,8,15203,2135344.0196355283,318272.0196355283,0.14904952865152504,0,0,0,0.0,0.0,0.0,
2021-02-09,chokepoint6,Strait of Hormuz,8,6,3,2,50,19,69,269129,389200,5240,5325,2057499,668896,2726395,2021,2,9,14001,2030853.7367686462,0.0,0.0,0,0,0,0.0,0.0,0.0,
2021-02-10,chokepoint6,Strait of Hormuz,10,16,2,2,39,30,69,380983,536185,12585,2277,1392070,932032,2324103,2021,2,10,14002,2136795.0,744725.0,0.34852430860236944,1,0,0,0.0,0.0,0.0,
2021-02-11,chokepoint6,Strait of Hormuz,16,13,4,5,40,38,78,508166,269163,16642,4299,1961727,798272,2759999,2021,2,11,14003,2162028.5455228346,200301.54552283464,0.09264519006357362,0,0,0,0.0,0.0,0.0,
2021-02-12,chokepoint6,Strait of Hormuz,9,12,6,2,64,29,93,304851,517299,21243,4631,3455165,848025,4303191,2021,2,12,14004,2144914.003243516,0.0,0.0,0,0,0,0.0,0.0,0.0,
2021-02-13,chokepoint6,Strait of Hormuz,13,10,3,0,47,26,73,599921,101790,40557,0,2310183,742268,3052452,2021,2,13,14005,2138590.203786617,0.0,0.0,0,0,0,0.0,0.0,1.0,
2021-02-14,chokepoint6,Strait of Hormuz,8,9,3,1,55,21,76,213812,278334,1173,3408,2887967,496729,3384696,2021,2,14,14006,1993527.8317666997,0.0,0.0,0,0,0,0.0,0.0,1.0,
2021-02-15,chokepoint6,Strait of Hormuz,15,21,4,0,62,40,102,358388,700450,7198,0,2457892,1066037,3523929,2021,2,15,14007,2056101.8652028295,0.0,0.0,0,0,0,0.0,0.0,1.0,
2021-02-16,chokepoint6,Strait of Hormuz,19,11,6,1,44,37,81,494432,519516,10830,5429,2393318,1030208,3423527,2021,2,16,14008,1964076.2431863877,0.0,0.0,0,0,0,0.0,0.0,1.0,
2021-02-17,chokepoint6,Strait of Hormuz,12,14,4,2,45,32,77,453082,507695,18703,3294,1854388,982776,2837165,2021,2,17,14009,2066534.0,212146.0,0.10265788029618675,0,0,0,0.0,1.0,1.0,
2021-02-18,chokepoint6,Strait of Hormuz,11,12,1,3,43,27,70,437800,473567,0,3112,2071912,914480,2986392,2021,2,18,14010,2126247.629983843,54335.62998384284,0.0255547045497498,0,0,0,0.0,1.0,1.0,
2021-02-19,chokepoint6,Strait of Hormuz,15,11,2,1,49,29,78,575733,459178,33986,0,2320106,1068899,3389005,2021,2,19,14011,2075593.691101307,0.0,0.0,0,0,0,1.0,1.0,1.0,
2021-02-20,chokepoint6,Strait of Hormuz,12,9,5,0,36,26,62,340906,269579,29477,0,1361059,639963,2001023,2021,2,20,14012,2104974.060792397,743915.0607923968,0.35340818428534804,1,28,1,0.0,0.0,0.0,7706087.899647014
2021-02-21,chokepoint6,Strait of Hormuz,6,9,2,0,29,17,46,235432,292635,1162,0,832483,529230,1361713,2021,2,21,14013,1967986.130357311,1135503.130357311,0.5769873643119361,1,28,0,0.0,0.0,0.0,7706087.899647014
2021-02-22,chokepoint6,Strait of Hormuz,13,11,1,2,33,27,60,525100,513219,5678,6214,1315157,1050213,2365370,2021,2,22,14014,2003477.6237224783,688320.6237224783,0.34356292057985294,1,28,0,0.0,0.0,0.0,7706087.899647014
2021-02-23,chokepoint6,Strait of Hormuz,10,8,2,3,44,23,67,365264,320308,17614,11704,2860352,714892,3575244,2021,2,23,14015,1905440.051464701,0.0,0.0,0,28,0,0.0,0.0,0.0,7706087.899647014
2021-02-24,chokepoint6,Strait of Hormuz,9,10,2,1,30,22,52,476817,259525,7400,9286,467784,753029,1220814,2021,2,24,14016,2004951.0,1537167.0,0.7666855698717824,1,28,0,0.0,0.0,0.0,7706087.899647014
2021-02-25,chokepoint6,Strait of Hormuz,12,11,2,1,50,26,76,286261,248800,2492,0,2270680,537553,2808233,2021,2,25,14017,2071943.8074981982,0.0,0.0,0,28,0,0.0,0.0,0.0,7706087.899647014
2021-02-26,chokepoint6,Strait of Hormuz,9,8,1,0,33,18,51,370856,207673,6765,0,1684595,585295,2269891,2021,2,26,14018,2139346.514127452,454751.5141274519,0.21256561811022262,0,28,0,0.0,0.0,0.0,7706087.899647014
2021-02-27,chokepoint6,Strait of Hormuz,9,11,0,4,40,24,64,232881,379226,0,6476,787010,618584,1405594,2021,2,27,14019,2169750.521486042,1382740.521486042,0.6372808798953604,1,28,0,0.0,0.0,0.0,7706087.899647014
2021-02-28,chokepoint6,Strait of Hormuz,8,7,1,1,19,17,36,331384,218292,8038,2277,276926,559993,836920,2021,2,28,14020,2040616.0491613336,1763690.0491613336,0.8642929422642672,1,28,0,0.0,0.0,1.0,7706087.899647014
2021-03-01,chokepoint6,Strait of Hormuz,15,12,1,2,42,30,72,551470,312995,7036,0,1809307,871502,2680809,2021,3,1,14021,2090702.353942208,281395.353942208,0.13459369451209144,0,0,0,0.0,0.0,1.0,
2021-03-02,chokepoint6,Strait of Hormuz,11,17,2,3,45,33,78,360975,477205,7423,6802,2112349,852406,2964756,2021,3,2,14022,1988396.552935415,0.0,0.0,0,0,0,0.0,0.0,1.0,
2021-03-03,chokepoint6,Strait of Hormuz,14,12,5,1,48,32,80,833468,375437,22560,0,2066534,1231465,3298000,2021,3,3,14023,2092123.0,25589.0,0.012231116430534915,0,0,0,0.0,0.0,1.0,
2021-03-04,chokepoint6,Strait of Hormuz,13,5,2,0,49,20,69,522196,233703,5727,0,2553893,761628,3315521,2021,3,4,14024,2162028.5455228346,0.0,0.0,0,0,0,0.0,1.0,1.0,
2021-03-05,chokepoint6,Strait of Hormuz,12,17,1,1,44,31,75,462683,655381,0,1790,2004951,1119855,3124806,2021,3,5,14025,2165837.1201131297,160886.12011312973,0.07428357313625045,0,0,0,0.0,1.0,1.0,
2021-03-06,chokepoint6,Strait of Hormuz,14,9,5,0,38,28,66,519564,270496,35127,0,1716303,825189,2541492,2021,3,6,14026,2196617.6071929825,480314.60719298245,0.21866100208800918,0,0,0,1.0,1.0,1.0,
2021-03-07,chokepoint6,Strait of Hormuz,2,8,1,2,27,13,40,20708,129486,0,9664,953938,159859,1113797,2021,3,7,14027,2038875.6403758284,1084937.6403758284,0.5321254611565424,1,29,1,0.0,0.0,0.0,4758190.057158272
2021-03-08,chokepoint6,Strait of Hormuz,12,15,2,3,33,32,65,449560,564498,27452,7257,1046824,1048770,2095594,2021,3,8,14028,2077417.3811689497,1030593.3811689497,0.4960935585265207,1,29,0,0.0,0.0,0.0,4758190.057158272
2021-03-09,chokepoint6,Strait of Hormuz,9,13,4,4,50,30,80,208145,437269,15589,13146,2398894,674151,3073045,2021,3,9,14029,2007619.757632114,0.0,0.0,0,29,0,0.0,0.0,0.0,4758190.057158272
2021-03-10,chokepoint6,Strait of Hormuz,6,9,2,0,26,17,43,286888,221647,17467,0,858417,526003,1384421,2021,3,10,14030,2092123.0,1233706.0,0.5896909502930755,1,29,0,0.0,0.0,0.0,4758190.057158272
2021-03-11,chokepoint6,Strait of Hormuz,17,8,1,2,53,28,81,702970,266588,5968,7636,3852469,983163,4835633,2021,3,11,14031,2146458.101483267,0.0,0.0,0,29,0,0.0,0.0,0.0,4758190.057158272
2021-03-12,chokepoint6,Strait of Hormuz,9,12,0,1,46,22,68,360238,468160,0,0,1390575,828399,2218975,2021,3,12,14032,2139346.514127452,748771.5141274519,0.3500001094646623,1,29,0,0.0,0.0,0.0,4758190.057158272
2021-03-13,chokepoint6,Strait of Hormuz,9,10,4,2,35,25,60,416220,182666,39946,10363,1509569,649197,2158767,2021,3,13,14033,2169750.521486042,660181.5214860421,0.3042660964698789,1,29,0,0.0,0.0,0.0,4758190.057158272
2021-03-14,chokepoint6,Strait of Hormuz,8,11,4,0,39,23,62,222388,456312,3409,0,1546336,682110,2228446,2021,3,14,14034,2028547.0553554753,482211.0553554753,0.23771253128312292,0,0,0,0.0,0.0,0.0,
2021-03-15,chokepoint6,Strait of Hormuz,11,17,3,1,49,32,81,483805,456716,24224,0,2420719,964746,3385466,2021,3,15,14035,2075645.5851160695,0.0,0.0,0,0,0,0.0,0.0,0.0,
2021-03-16,chokepoint6,Strait of Hormuz,13,16,2,3,54,34,88,396118,535860,7610,4214,2776452,943805,3720257,2021,3,16,14036,1989424.9078984244,0.0,0.0,0,0,0,0.0,0.0,0.0,
2021-03-17,chokepoint6,Strait of Hormuz,11,8,0,1,37,20,57,534168,165143,0,0,2827332,699311,3526644,2021,3,17,14037,2093205.0,0.0,0.0,0,0,0,0.0,0.0,0.0,
2021-03-18,chokepoint6,Strait of Hormuz,14,12,1,0,37,27,64,571561,418053,17270,0,1523732,1006885,2530617,2021,3,18,14038,2208083.6599495537,684351.6599495537,0.3099301318887476,1,0,0,0.0,0.0,0.0,
2021-03-19,chokepoint6,Strait of Hormuz,12,14,5,3,53,34,87,364565,616451,66130,7440,2201709,1054588,3256297,2021,3,19,14039,2211973.36406005,10264.364060049877,0.004640365126824929,0,0,0,0.0,0.0,0.0,
2021-03-20,chokepoint6,Strait of Hormuz,9,14,2,5,40,30,70,258645,376123,9266,6595,2254040,650632,2904672,2021,3,20,14040,2285075.6153531186,31035.61535311863,0.013581876741668619,0,0,0,0.0,0.0,0.0,
2021-03-21,chokepoint6,Strait of Hormuz,5,10,4,1,39,20,59,285045,117063,8940,4660,2555770,415710,2971481,2021,3,21,14041,2097412.468974832,0.0,0.0,0,0,0,0.0,0.0,0.0,
2021-03-22,chokepoint6,Strait of Hormuz,9,8,1,0,45,18,63,351826,230447,2284,0,1481268,584558,2065826,2021,3,22,14042,2200213.9400961343,718945.9400961343,0.32676183301734796,1,0,0,0.0,0.0,0.0,
2021-03-23,chokepoint6,Strait of Hormuz,15,16,1,8,45,40,85,399648,677300,12240,13623,1922243,1102812,3025056,2021,3,23,14043,2139242.5399539336,216999.53995393356,0.10143755834184488,0,0,0,0.0,0.0,0.0,
2021-03-24,chokepoint6,Strait of Hormuz,16,14,2,0,56,32,88,488656,359530,6792,0,3165455,854979,4020434,2021,3,24,14044,2250838.0,0.0,0.0,0,0,0,0.0,0.0,0.0,
2021-03-25,chokepoint6,Strait of Hormuz,15,12,0,2,61,29,90,592110,328327,0,0,2390031,920437,3310468,2021,3,25,14045,2329355.789669293,0.0,0.0,0,0,0,0.0,0.0,0.0,
2021-03-26,chokepoint6,Strait of Hormuz,11,10,2,1,34,24,58,448683,185819,6491,4380,1176847,645375,1822222,2021,3,26,14046,2346152.1292722784,1169305.1292722784,0.4983927148982319,1,0,0,0.0,0.0,0.0,
2021-03-27,chokepoint6,Strait of Hormuz,13,11,3,5,53,32,85,315881,345681,11659,4156,2093205,677378,2770584,2021,3,27,14047,2379495.22078724,286290.2207872402,0.1203155267076027,0,0,0,0.0,0.0,0.0,
2021-03-28,chokepoint6,Strait of Hormuz,12,13,1,0,42,26,68,452658,443003,3363,0,1656511,899024,2555536,2021,3,28,14048,2230291.1582401935,573780.1582401935,0.2572669295308212,0,0,0,0.0,0.0,0.0,
2021-03-29,chokepoint6,Strait of Hormuz,13,10,6,3,48,32,80,423747,326310,15401,6765,1471125,772225,2243350,2021,3,29,14049,2289968.9509734455,818843.9509734455,0.35757862595707346,1,0,0,0.0,0.0,0.0,
2021-03-30,chokepoint6,Strait of Hormuz,17,11,4,3,55,35,90,575820,494791,4081,9022,2291525,1083716,3375242,2021,3,30,14050,2181325.258116716,0.0,0.0,0,0,0,0.0,0.0,0.0,
2021-03-31,chokepoint6,Strait of Hormuz,16,19,3,2,52,40,92,507018,552024,2598,5041,2021023,1066682,3087705,2021,3,31,14051,2291525.0,270502.0,0.11804453366208092,0,0,0,0.0,0.0,0.0,
2021-04-01,chokepoint6,Strait of Hormuz,22,23,7,0,60,52,112,594598,1081498,38248,0,2489377,1714345,4203722,2021,4,1,14052,2368093.3017701223,0.0,0.0,0,0,0,0.0,0.0,0.0,
2021-04-02,chokepoint6,Strait of Hormuz,12,16,2,1,49,31,80,248257,571476,3857,0,2502396,823591,3325988,2021,4,2,14053,2402160.365820684,0.0,0.0,0,0,0,0.0,0.0,0.0,
2021-04-03,chokepoint6,Strait of Hormuz,13,13,7,3,65,36,101,328626,561931,83446,4602,4453617,978607,5432225,2021,4,3,14054,2529529.4521469907,0.0,0.0,0,0,0,0.0,0.0,0.0,
2021-04-04,chokepoint6,Strait of Hormuz,12,10,2,2,63,26,89,333768,255938,11377,0,3408932,601084,4010016,2021,4,4,14055,2386008.1728318743,0.0,0.0,0,0,0,0.0,0.0,0.0,
2021-04-05,chokepoint6,Strait of Hormuz,8,11,4,0,50,23,73,148522,249616,6880,0,2007289,405020,2412309,2021,4,5,14056,2466145.2380228187,458856.2380228187,0.1860621308705635,0,0,0,0.0,0.0,0.0,
2021-04-06,chokepoint6,Strait of Hormuz,14,17,0,2,26,33,59,594185,559101,0,3575,1183906,1156862,2340769,2021,4,6,14057,2349717.908099264,1165811.908099264,0.4961497310297616,1,0,0,0.0,0.0,0.0,
2021-04-07,chokepoint6,Strait of Hormuz,14,14,1,4,68,33,101,378977,385726,0,4804,2819348,769507,3588856,2021,4,7,14058,2502396.0,0.0,0.0,0,0,0,0.0,0.0,0.0,
2021-04-08,chokepoint6,Strait of Hormuz,12,19,7,1,63,39,102,291293,747057,46195,0,2829979,1084546,3914526,2021,4,8,14059,2592155.9908104753,0.0,0.0,0,0,0,0.0,0.0,0.0,
2021-04-09,chokepoint6,Strait of Hormuz,21,17,3,3,71,44,115,984923,596674,3948,6132,2465141,1591678,4056820,2021,4,9,14060,2590565.7296548127,125424.72965481272,0.04841596112348992,0,0,0,0.0,0.0,0.0,
2021-04-10,chokepoint6,Strait of Hormuz,8,19,6,2,59,35,94,265182,754245,22581,10794,1973746,1052804,3026551,2021,4,10,14061,2641530.414811278,667784.4148112782,0.2528020919490293,0,0,0,0.0,0.0,0.0,
2021-04-11,chokepoint6,Strait of Hormuz,13,15,4,1,47,33,80,358632,465331,23769,0,2117058,847733,2964792,2021,4,11,14062,2469624.360743271,352566.3607432712,0.14276112851314804,0,0,0,0.0,0.0,0.0,
2021-04-12,chokepoint6,Strait of Hormuz,10,13,5,3,42,31,73,322248,340919,8919,10996,2836800,683083,3519883,2021,4,12,14063,2518702.5249991976,0.0,0.0,0,0,0,0.0,0.0,0.0,
2021-04-13,chokepoint6,Strait of Hormuz,2,9,2,2,42,15,57,55239,295428,9896,6038,2460066,366602,2826669,2021,4,13,14064,2397138.187696668,0.0,0.0,0,0,0,0.0,0.0,0.0,
2021-04-14,chokepoint6,Strait of Hormuz,8,7,5,0,37,20,57,266111,203341,67815,0,1443194,537267,1980462,2021,4,14,14065,2527825.0,1084631.0,0.42907677548880957,1,0,0,0.0,0.0,0.0,
2021-04-15,chokepoint6,Strait of Hormuz,19,12,3,3,45,37,82,695861,516404,45831,2177,2467821,1260274,3728096,2021,4,15,14066,2604630.3274403033,136809.32744030328,0.052525429808211004,0,0,0,0.0,0.0,0.0,
2021-04-16,chokepoint6,Strait of Hormuz,16,14,3,2,58,35,93,625112,758540,7437,10550,2517647,1401641,3919289,2021,4,16,14067,2606354.0852719755,88707.08527197549,0.03403493246494895,0,0,0,0.0,0.0,0.0,
2021-04-17,chokepoint6,Strait of Hormuz,19,13,1,0,61,33,94,675355,462064,0,0,3224553,1137419,4361973,2021,4,17,14068,2646300.322598477,0.0,0.0,0,0,0,0.0,0.0,0.0,
2021-04-18,chokepoint6,Strait of Hormuz,9,19,4,1,50,33,83,204011,593988,13264,0,2911981,811265,3723246,2021,4,18,14069,2481358.622797377,0.0,0.0,0,0,0,0.0,0.0,0.0,
2021-04-19,chokepoint6,Strait of Hormuz,17,16,4,0,47,37,84,630947,648950,2190,0,2826169,1282089,4108258,2021,4,19,14070,2520474.3210520777,0.0,0.0,0,0,0,0.0,0.0,0.0,
2021-04-20,chokepoint6,Strait of Hormuz,14,20,5,2,62,41,103,430203,819405,26872,0,3707946,1276481,4984428,2021,4,20,14071,2397138.187696668,0.0,0.0,0,0,0,0.0,0.0,0.0,
2021-04-21,chokepoint6,Strait of Hormuz,18,13,4,11,53,46,99,464545,420538,7696,14610,2472293,907391,3379684,2021,4,21,14072,2567943.0,95650.0,0.03724771149515391,0,0,0,0.0,0.0,0.0,
2021-04-22,chokepoint6,Strait of Hormuz,22,16,4,3,60,45,105,883416,464918,3606,6154,2878984,1358096,4237080,2021,4,22,14073,2652097.0849650544,0.0,0.0,0,0,0,0.0,0.0,0.0,
2021-04-23,chokepoint6,Strait of Hormuz,14,18,3,0,57,35,92,335768,616817,6037,0,2155422,958623,3114045,2021,4,23,14074,2656768.9518512296,501346.95185122965,0.18870551445653277,0,0,0,0.0,0.0,0.0,
2021-04-24,chokepoint6,Strait of Hormuz,16,22,5,2,59,45,104,314584,703030,56434,3959,2872051,1078009,3950061,2021,4,24,14075,2694526.4737060303,0.0,0.0,0,0,0,0.0,0.0,0.0,
2021-04-25,chokepoint6,Strait of Hormuz,13,15,3,1,46,32,78,501929,428945,6669,0,1959323,937544,2896867,2021,4,25,14076,2481358.622797377,522035.62279737694,0.2103829805176877,0,0,0,0.0,0.0,0.0,
2021-04-26,chokepoint6,Strait of Hormuz,10,9,2,3,50,24,74,409812,350745,699,0,3044301,761256,3805558,2021,4,26,14077,2526108.4925953024,0.0,0.0,0,0,0,0.0,0.0,0.0,
2021-04-27,chokepoint6,Strait of Hormuz,14,16,7,1,42,38,80,381165,437553,104677,0,2097330,923396,3020726,2021,4,27,14078,2440625.627333875,343295.6273338748,0.1406588636491902,0,0,0,0.0,0.0,0.0,
2021-04-28,chokepoint6,Strait of Hormuz,12,12,1,3,47,28,75,413648,484008,6491,15368,2527825,919516,3447342,2021,4,28,14079,2566346.0,38521.0,0.015010057100640366,0,0,0,0.0,0.0,0.0,
2021-04-29,chokepoint6,Strait of Hormuz,10,13,5,3,42,31,73,334844,210056,70705,12351,996553,627958,1624511,2021,4,29,14080,2649673.7298663096,1653120.7298663096,0.6238959579184561,1,0,0,0.0,0.0,0.0,
2021-04-30,chokepoint6,Strait of Hormuz,13,14,6,0,41,33,74,508949,434825,34064,0,2040979,977839,3018818,2021,4,30,14081,2658350.7895919043,617371.7895919043,0.23223864661092372,0,0,0,0.0,0.0,0.0,
2021-05-01,chokepoint6,Strait of Hormuz,12,14,5,3,34,34,68,358332,492252,10883,8166,1597983,869635,2467618,2021,5,1,14082,2696203.2385610063,1098220.2385610063,0.407321014549014,1,0,0,0.0,0.0,0.0,
2021-05-02,chokepoint6,Strait of Hormuz,15,10,2,1,53,28,81,339926,290267,9604,0,2017922,639799,2657721,2021,5,2,14083,2529646.377437294,511724.377437294,0.20229087432991563,0,0,0,0.0,0.0,0.0,
2021-05-03,chokepoint6,Strait of Hormuz,7,12,2,0,64,21,85,259909,528557,8381,0,2853367,796848,3650215,2021,5,3,14084,2569172.230500976,0.0,0.0,0,0,0,0.0,0.0,0.0,
2021-05-04,chokepoint6,Strait of Hormuz,9,10,4,6,44,29,73,222728,194522,75171,6959,1414667,499382,1914049,2021,5,4,14085,2443453.128271909,1028786.128271909,0.42103779948482195,1,0,0,0.0,0.0,0.0,
2021-05-05,chokepoint6,Strait of Hormuz,8,11,0,2,38,21,59,446783,271857,0,7573,2378220,726214,3104434,2021,5,5,14086,2567943.0,189723.0,0.07388131278614829,0,0,0,0.0,0.0,0.0,
2021-05-06,chokepoint6,Strait of Hormuz,10,14,4,0,55,28,83,308869,478927,17281,0,4242514,805078,5047593,2021,5,6,14087,2653676.141080569,0.0,0.0,0,0,0,0.0,0.0,0.0,
2021-05-07,chokepoint6,Strait of Hormuz,19,13,3,3,56,38,94,738573,396223,13348,0,2435667,1148145,3583812,2021,5,7,14088,2658422.220746424,222755.22074642405,0.08379226558070203,0,0,0,0.0,0.0,0.0,
2021-05-08,chokepoint6,Strait of Hormuz,13,21,4,3,63,41,104,303139,1304771,17850,2106,2567874,1627867,4195742,2021,5,8,14089,2680715.4750195206,112841.47501952061,0.042093790285109955,0,0,0,0.0,0.0,0.0,
2021-05-09,chokepoint6,Strait of Hormuz,8,9,2,1,49,20,69,407304,459596,9692,0,2351311,876592,3227904,2021,5,9,14090,2506259.32762643,154948.32762642996,0.06182453903250899,0,0,0,0.0,0.0,0.0,
2021-05-10,chokepoint6,Strait of Hormuz,14,20,2,3,46,39,85,449979,451602,29410,7884,2480712,938876,3419589,2021,5,10,14091,2565686.599010595,84974.59901059512,0.033119633178644595,0,0,0,0.0,0.0,0.0,
2021-05-11,chokepoint6,Strait of Hormuz,12,22,4,3,60,41,101,302454,633235,8477,3128,3353633,947295,4300929,2021,5,11,14092,2402496.6583819236,0.0,0.0,0,0,0,0.0,0.0,0.0,
2021-05-12,chokepoint6,Strait of Hormuz,18,22,4,2,52,46,98,740244,924537,24214,7515,3031424,1696512,4727936,2021,5,12,14093,2564001.0,0.0,0.0,0,0,0,0.0,0.0,0.0,
2021-05-13,chokepoint6,Strait of Hormuz,13,13,5,4,69,35,104,255577,424776,29037,6989,3203837,716380,3920218,2021,5,13,14094,2638503.5613109446,0.0,0.0,0,0,0,0.0,0.0,0.0,
2021-05-14,chokepoint6,Strait of Hormuz,17,10,4,1,56,32,88,560949,79262,20627,0,2827271,660838,3488110,2021,5,14,14095,2643151.4821910006,0.0,0.0,0,0,0,0.0,0.0,0.0,
2021-05-15,chokepoint6,Strait of Hormuz,7,6,0,1,49,14,63,229158,363605,0,0,2738005,592764,3330769,2021,5,15,14096,2692064.348731128,0.0,0.0,0,0,0,0.0,0.0,0.0,
2021-05-16,chokepoint6,Strait of Hormuz,13,13,10,0,44,36,80,576501,573085,50763,0,1841541,1200349,3041891,2021,5,16,14097,2520671.443694556,679130.4436945561,0.2694244207801841,0,0,0,0.0,0.0,0.0,
2021-05-17,chokepoint6,Strait of Hormuz,12,20,2,4,46,38,84,303124,599657,4726,11258,1877568,918766,2796334,2021,5,17,14098,2566199.250660413,688631.250660413,0.26834675853139356,0,0,0,0.0,0.0,0.0,
2021-05-18,chokepoint6,Strait of Hormuz,14,11,4,2,52,31,83,309768,387583,1137,2577,3475533,701067,4176600,2021,5,18,14099,2440560.048320522,0.0,0.0,0,0,0,0.0,0.0,0.0,
2021-05-19,chokepoint6,Strait of Hormuz,12,15,3,4,52,34,86,383359,497540,7337,12673,2303558,900911,3204469,2021,5,19,14100,2567874.0,264316.0,0.10293184167135927,0,0,0,0.0,0.0,0.0,
2021-05-20,chokepoint6,Strait of Hormuz,11,17,5,2,50,35,85,540597,448478,14700,3367,2349478,1007143,3356622,2021,5,20,14101,2656821.8523473404,307343.85234734043,0.11568101642787894,0,0,0,0.0,0.0,0.0,
2021-05-21,chokepoint6,Strait of Hormuz,15,21,3,1,49,40,89,405942,1027971,4636,0,3051958,1438550,4490509,2021,5,21,14102,2723540.5175814363,0.0,0.0,0,0,0,0.0,0.0,0.0,
2021-05-22,chokepoint6,Strait of Hormuz,12,18,2,1,56,33,89,310952,1135282,12225,0,2793287,1458459,4251747,2021,5,22,14103,2695664.6159119126,0.0,0.0,0,0,0,0.0,0.0,0.0,
2021-05-23,chokepoint6,Strait of Hormuz,10,11,4,1,60,26,86,270847,277390,41153,5189,2250044,594580,2844624,2021,5,23,14104,2582484.9133121814,332440.91331218136,0.12872908244246326,0,0,0,0.0,0.0,0.0,
2021-05-24,chokepoint6,Strait of Hormuz,12,11,4,4,56,31,87,243721,567255,10602,7159,2147805,828739,2976544,2021,5,24,14105,2629058.5373599394,481253.5373599394,0.1830516629892946,0,0,0,0.0,0.0,0.0,
2021-05-25,chokepoint6,Strait of Hormuz,10,9,4,4,50,27,77,378183,236098,19169,2523,3119163,635974,3755138,2021,5,25,14106,2443453.128271909,0.0,0.0,0,0,0,0.0,0.0,0.0,
2021-05-26,chokepoint6,Strait of Hormuz,15,10,5,2,52,32,84,456686,311829,28270,1910,1616472,798697,2415169,2021,5,26,14107,2640169.0,1023697.0,0.3877391939682649,1,0,0,0.0,0.0,0.0,
2021-05-27,chokepoint6,Strait of Hormuz,20,10,3,1,52,34,86,712024,350857,59227,5475,2646773,1127585,3774359,2021,5,27,14108,2733427.775637253,86654.77563725319,0.03170187133151929,0,0,0,0.0,0.0,0.0,
2021-05-28,chokepoint6,Strait of Hormuz,16,18,3,1,45,38,83,646252,601081,4582,0,1499640,1251915,2751556,2021,5,28,14109,2723540.5175814363,1223900.5175814363,0.449378487186336,1,0,0,0.0,0.0,0.0,
2021-05-29,chokepoint6,Strait of Hormuz,12,19,2,3,56,36,92,481119,929542,8502,3526,2040097,1422691,3462788,2021,5,29,14110,2772036.6877879975,731939.6877879975,0.26404401175947767,0,0,0,0.0,0.0,0.0,
2021-05-30,chokepoint6,Strait of Hormuz,13,16,2,1,62,32,94,572804,565922,0,5436,2511209,1144163,3655373,2021,5,30,14111,2591637.5199202187,80428.51992021874,0.031033861526551236,0,0,0,0.0,0.0,0.0,
2021-05-31,chokepoint6,Strait of Hormuz,15,15,5,0,56,35,91,546845,709368,24421,0,2763244,1280635,4043879,2021,5,31,14112,2642051.708414393,0.0,0.0,0,0,0,0.0,0.0,0.0,
2021-06-01,chokepoint6,Strait of Hormuz,19,25,2,1,58,47,105,554482,859076,7786,0,2863438,1421344,4284783,2021,6,1,14113,2513906.848283854,0.0,0.0,0,0,0,0.0,0.0,0.0,
2021-06-02,chokepoint6,Strait of Hormuz,14,10,3,2,61,29,90,444968,490323,6495,0,2406501,941787,3348288,2021,6,2,14114,2640169.0,233668.0,0.08850494040343629,0,0,0,0.0,0.0,0.0,
2021-06-03,chokepoint6,Strait of Hormuz,15,10,3,3,67,31,98,347335,463433,11503,10895,3087043,833167,3920210,2021,6,3,14115,2733427.775637253,0.0,0.0,0,0,0,0.0,0.0,0.0,
2021-06-04,chokepoint6,Strait of Hormuz,17,20,1,4,55,42,97,604015,440141,0,2511,2853996,1046668,3900664,2021,6,4,14116,2746391.2403889657,0.0,0.0,0,0,0,0.0,0.0,0.0,
2021-06-05,chokepoint6,Strait of Hormuz,20,17,2,2,57,41,98,639904,612593,2306,0,3698999,1254805,4953804,2021,6,5,14117,2788349.7094234163,0.0,0.0,0,0,0,0.0,0.0,0.0,
2021-06-06,chokepoint6,Strait of Hormuz,17,22,1,2,46,42,88,730205,976082,7799,0,1997408,1714086,3711494,2021,6,6,14118,2600228.641009188,602820.6410091878,0.2318337055064604,0,0,0,0.0,0.0,0.0,
2021-06-07,chokepoint6,Strait of Hormuz,11,10,1,1,60,23,83,256808,423062,1554,0,2669625,681425,3351050,2021,6,7,14119,2651116.548795484,0.0,0.0,0,0,0,0.0,0.0,0.0,
2021-06-08,chokepoint6,Strait of Hormuz,8,12,1,2,51,23,74,257263,400699,1391,6032,2786037,665387,3451425,2021,6,8,14120,2524037.3802161245,0.0,0.0,0,0,0,0.0,0.0,0.0,
2021-06-09,chokepoint6,Strait of Hormuz,16,20,5,1,51,42,93,641067,747114,31241,0,2930976,1419422,4350399,2021,6,9,14121,2657916.0,0.0,0.0,0,0,0,0.0,0.0,0.0,
2021-06-10,chokepoint6,Strait of Hormuz,18,24,3,3,44,48,92,544726,753145,15173,2374,1747649,1315419,3063069,2021,6,10,14122,2746726.7763902363,999077.7763902363,0.3637339487050219,1,0,0,0.0,0.0,0.0,
2021-06-11,chokepoint6,Strait of Hormuz,13,17,5,1,60,36,96,505081,348768,13070,0,2967411,866920,3834331,2021,6,11,14123,2774407.7814726504,0.0,0.0,0,0,0,0.0,0.0,0.0,
2021-06-12,chokepoint6,Strait of Hormuz,21,17,4,3,48,45,93,773547,625383,24678,0,2105518,1423609,3529128,2021,6,12,14124,2813837.165187064,708319.1651870641,0.25172713401842317,0,0,0,0.0,0.0,0.0,
2021-06-13,chokepoint6,Strait of Hormuz,12,13,3,3,60,31,91,549658,485325,27157,0,2483032,1062141,3545174,2021,6,13,14125,2631829.8705815338,148797.87058153376,0.05653779989534624,0,0,0,0.0,0.0,0.0,
2021-06-14,chokepoint6,Strait of Hormuz,16,16,4,2,48,38,86,679612,585760,16842,4311,3144611,1286527,4431139,2021,6,14,14126,2678161.1717955363,0.0,0.0,0,0,0,0.0,0.0,0.0,
2021-06-15,chokepoint6,Strait of Hormuz,16,19,5,1,49,41,90,429771,747803,14089,0,2358723,1191664,3550388,2021,6,15,14127,2548185.6638576617,189462.66385766165,0.07435198562840858,0,0,0,0.0,0.0,0.0,
2021-06-16,chokepoint6,Strait of Hormuz,16,18,5,2,63,41,104,485242,481128,3537,3229,2486275,973138,3459414,2021,6,16,14128,2679981.0,193706.0,0.07227887063378434,0,0,0,0.0,0.0,0.0,
2021-06-17,chokepoint6,Strait of Hormuz,15,14,3,1,59,33,92,373418,650786,17384,3813,2837639,1045402,3883042,2021,6,17,14129,2769529.0494195763,0.0,0.0,0,0,0,0.0,0.0,0.0,
2021-06-18,chokepoint6,Strait of Hormuz,14,10,2,2,68,28,96,562729,286699,7171,521,3471598,857122,4328720,2021,6,18,14130,2792140.306773705,0.0,0.0,0,0,0,0.0,0.0,0.0,
2021-06-19,chokepoint6,Strait of Hormuz,18,14,1,2,51,35,86,509061,585387,925,0,2724144,1095373,3819518,2021,6,19,14131,2831821.701944037,107677.70194403687,0.03802418134945306,0,0,0,0.0,0.0,0.0,
2021-06-20,chokepoint6,Strait of Hormuz,13,15,7,2,52,37,89,487860,1013984,40490,6223,2658482,1548558,4207040,2021,6,20,14132,2651608.492476145,0.0,0.0,0,0,0,0.0,0.0,0.0,
2021-06-21,chokepoint6,Strait of Hormuz,12,16,1,0,61,29,90,307717,507710,0,0,2956069,815428,3771497,2021,6,21,14133,2679293.402437337,0.0,0.0,0,0,0,0.0,0.0,0.0,
2021-06-22,chokepoint6,Strait of Hormuz,16,12,3,1,65,32,97,467477,345316,21952,4452,2845713,839198,3684912,2021,6,22,14134,2567335.6861771406,0.0,0.0,0,0,0,0.0,0.0,0.0,
2021-06-23,chokepoint6,Strait of Hormuz,17,15,2,4,56,38,94,607689,335048,11085,6303,3489995,960125,4450121,2021,6,23,14135,2697110.0,0.0,0.0,0,0,0,0.0,0.0,0.0,
2021-06-24,chokepoint6,Strait of Hormuz,17,13,2,2,50,34,84,374956,466023,11375,0,2070315,852355,2922671,2021,6,24,14136,2787122.917460569,716807.9174605692,0.2571856135120421,0,0,0,0.0,0.0,0.0,
2021-06-25,chokepoint6,Strait of Hormuz,14,19,2,4,69,39,108,533330,585551,2062,6376,2938032,1127320,4065353,2021,6,25,14137,2775580.701734551,0.0,0.0,0,0,0,0.0,0.0,0.0,
2021-06-26,chokepoint6,Strait of Hormuz,12,18,5,3,50,38,88,348245,740432,17454,2617,2207656,1108749,3316406,2021,6,26,14138,2831712.50748886,624056.5074888598,0.22038130842677536,0,0,0,0.0,0.0,0.0,
2021-06-27,chokepoint6,Strait of Hormuz,15,12,2,0,45,29,74,443885,319401,1318,0,3195596,764605,3960201,2021,6,27,14139,2609613.891092784,0.0,0.0,0,0,0,0.0,0.0,0.0,
2021-06-28,chokepoint6,Strait of Hormuz,14,14,1,1,64,30,94,526067,652149,314,5471,3590437,1184002,4774440,2021,6,28,14140,2695174.611051195,0.0,0.0,0,0,0,0.0,0.0,0.0,
2021-06-29,chokepoint6,Strait of Hormuz,16,15,1,1,53,33,86,497301,421015,4947,0,1906189,923263,2829453,2021,6,29,14141,2563289.7461794224,657100.7461794224,0.256350553876646,0,0,0,0.0,0.0,0.0,
2021-06-30,chokepoint6,Strait of Hormuz,10,14,5,1,56,30,86,337471,419543,20381,5949,2348132,783346,3131479,2021,6,30,14142,2697110.0,348978.0,0.1293896059115127,0,0,0,0.0,0.0,0.0,
2021-07-01,chokepoint6,Strait of Hormuz,16,16,5,3,58,40,98,476411,754763,22013,4493,1878191,1257681,3135873,2021,7,1,14143,2787230.3924841383,909039.3924841383,0.3261443312814735,1,0,0,0.0,0.0,0.0,
2021-07-02,chokepoint6,Strait of Hormuz,22,8,2,0,61,32,93,657304,76121,3297,0,2623401,736724,3360125,2021,7,2,14144,2792032.6424248633,168631.6424248633,0.060397446599480924,0,0,0,0.0,0.0,0.0,
2021-07-03,chokepoint6,Strait of Hormuz,16,15,4,1,51,36,87,804326,349899,44805,0,3803649,1199031,5002680,2021,7,3,14145,2831821.701944037,0.0,0.0,0,0,0,0.0,0.0,0.0,
2021-07-04,chokepoint6,Strait of Hormuz,9,16,3,4,50,32,82,207609,589328,23683,0,2510046,820620,3330667,2021,7,4,14146,2631829.8705815338,121783.87058153376,0.04627345860871477,0,0,0,0.0,0.0,0.0,
2021-07-05,chokepoint6,Strait of Hormuz,15,17,2,2,51,36,87,239833,893634,24155,1643,2574957,1159266,3734223,2021,7,5,14147,2656676.770588053,81719.77058805292,0.03076014797613649,0,0,0,0.0,0.0,0.0,
2021-07-06,chokepoint6,Strait of Hormuz,12,14,4,1,47,31,78,471790,376486,24038,5440,1354947,877755,2232703,2021,7,6,14148,2517588.77723644,1162641.7772364402,0.46180765808492097,1,0,0,0.0,0.0,0.0,
2021-07-07,chokepoint6,Strait of Hormuz,17,19,1,4,65,41,106,540920,604666,0,6416,4080279,1152003,5232282,2021,7,7,14149,2626293.0,0.0,0.0,0,0,0,0.0,0.0,0.0,
2021-07-08,chokepoint6,Strait of Hormuz,17,16,2,1,48,36,84,335564,668750,18770,16573,2260210,1039659,3299869,2021,7,8,14150,2711058.502943254,450848.5029432541,0.166299805944354,0,0,0,0.0,0.0,0.0,
2021-07-09,chokepoint6,Strait of Hormuz,19,13,4,5,54,41,95,742561,578820,3361,0,2422290,1324742,3747033,2021,7,9,14151,2713342.4262310546,291052.4262310546,0.10726711948234949,0,0,0,0.0,0.0,0.0,
2021-07-10,chokepoint6,Strait of Hormuz,12,9,5,1,55,27,82,412604,495237,38002,0,2307435,945843,3253278,2021,7,10,14152,2751903.9601147557,444468.96011475567,0.16151325284484896,0,0,0,0.0,0.0,0.0,
2021-07-11,chokepoint6,Strait of Hormuz,9,9,2,1,56,21,77,183641,220255,21456,0,2717637,425353,3142990,2021,7,11,14153,2558730.7383542336,0.0,0.0,0,0,0,0.0,0.0,0.0,
2021-07-12,chokepoint6,Strait of Hormuz,13,10,3,3,58,29,87,383128,221101,4433,10148,2071570,618812,2690382,2021,7,12,14154,2604875.9695744663,533305.9695744663,0.20473372851667385,0,0,0,0.0,0.0,0.0,
2021-07-13,chokepoint6,Strait of Hormuz,11,18,2,0,44,31,75,459305,743729,3331,0,2759452,1206366,3965818,2021,7,13,14155,2472677.60771514,0.0,0.0,0,0,0,0.0,0.0,0.0,
2021-07-14,chokepoint6,Strait of Hormuz,13,14,1,2,62,30,92,396952,571132,16596,8992,2979381,993674,3973055,2021,7,14,14156,2583562.0,0.0,0.0,0,0,0,0.0,0.0,0.0,
2021-07-15,chokepoint6,Strait of Hormuz,16,16,2,0,44,34,78,444553,388418,1810,0,1966684,834782,2801467,2021,7,15,14157,2660995.810233835,694311.8102338351,0.26092179760810014,0,0,0,0.0,0.0,0.0,
2021-07-16,chokepoint6,Strait of Hormuz,13,11,3,3,51,30,81,424457,273604,24810,7152,2787869,730024,3517894,2021,7,16,14158,2693334.456326596,0.0,0.0,0,0,0,0.0,0.0,0.0,
2021-07-17,chokepoint6,Strait of Hormuz,11,13,0,1,53,25,78,256515,282954,0,0,2067291,539470,2606761,2021,7,17,14159,2751903.9601147557,684612.9601147557,0.24877792613307878,0,0,0,0.0,0.0,0.0,
2021-07-18,chokepoint6,Strait of Hormuz,8,9,1,2,51,20,71,175346,242335,0,0,2020902,417682,2438584,2021,7,18,14160,2553843.26213143,532941.2621314302,0.2086820557995556,0,0,0,0.0,0.0,0.0,
2021-07-19,chokepoint6,Strait of Hormuz,15,10,5,1,58,31,89,564116,321928,29815,6845,3242353,922707,4165061,2021,7,19,14161,2581807.644653607,0.0,0.0,0,0,0,0.0,0.0,0.0,
2021-07-20,chokepoint6,Strait of Hormuz,15,14,1,1,60,31,91,555403,442822,8917,0,2196062,1007143,3203205,2021,7,20,14162,2447291.876604252,251229.87660425203,0.10265627856079304,0,0,0,0.0,0.0,0.0,
2021-07-21,chokepoint6,Strait of Hormuz,8,9,7,0,58,24,82,199461,397457,18258,0,2303529,615177,2918706,2021,7,21,14163,2561547.0,258018.0,0.10072741198970778,0,0,0,0.0,0.0,0.0,
2021-07-22,chokepoint6,Strait of Hormuz,13,15,0,3,55,31,86,284839,294712,0,8976,2374883,588528,2963412,2021,7,22,14164,2674854.9212058033,299971.9212058033,0.11214511816236311,0,0,0,0.0,0.0,0.0,
2021-07-23,chokepoint6,Strait of Hormuz,17,14,1,1,65,33,98,550921,322911,3834,3496,4133137,881163,5014300,2021,7,23,14165,2654221.2406733506,0.0,0.0,0,0,0,0.0,0.0,0.0,
2021-07-24,chokepoint6,Strait of Hormuz,13,15,4,2,38,34,72,499268,420237,27525,4660,1749786,951691,2701478,2021,7,24,14166,2717648.3995897397,967862.3995897397,0.3561396683014071,1,0,0,0.0,0.0,0.0,
2021-07-25,chokepoint6,Strait of Hormuz,9,12,3,3,53,27,80,625532,446006,27958,4091,2253319,1103588,3356907,2021,7,25,14167,2572814.99399689,319495.9939968898,0.12418148788092613,0,0,0,0.0,0.0,0.0,
2021-07-26,chokepoint6,Strait of Hormuz,14,17,2,1,61,34,95,484677,601395,7816,0,3346304,1093889,4440194,2021,7,26,14168,2637740.637815338,0.0,0.0,0,0,0,0.0,0.0,0.0,
2021-07-27,chokepoint6,Strait of Hormuz,14,18,1,5,61,38,99,295761,638527,0,25297,2852912,959586,3812499,2021,7,27,14169,2461809.549487772,0.0,0.0,0,0,0,0.0,0.0,0.0,
2021-07-28,chokepoint6,Strait of Hormuz,14,12,1,1,68,28,96,457056,289715,999,0,3522210,747771,4269981,2021,7,28,14170,2639447.0,0.0,0.0,0,0,0,0.0,0.0,0.0,
2021-07-29,chokepoint6,Strait of Hormuz,16,7,4,2,48,29,77,683964,286032,22692,0,2650820,992689,3643509,2021,7,29,14171,2686951.0284257634,36131.02842576336,0.013446850368140832,0,0,0,0.0,0.0,0.0,
2021-07-30,chokepoint6,Strait of Hormuz,15,16,2,0,51,33,84,444351,943046,34008,0,1394975,1421406,2816382,2021,7,30,14172,2691684.293133772,1296709.293133772,0.48174642785617644,1,0,0,0.0,0.0,0.0,
2021-07-31,chokepoint6,Strait of Hormuz,11,10,1,3,58,25,83,374133,306722,0,4175,3069071,685031,3754102,2021,7,31,14173,2729938.025530563,0.0,0.0,0,0,0,0.0,0.0,0.0,
2021-08-01,chokepoint6,Strait of Hormuz,13,18,5,2,49,38,87,434396,677705,43939,0,1730456,1156042,2886499,2021,8,1,14174,2540788.7238130807,810332.7238130807,0.31892959702567336,1,0,0,0.0,0.0,0.0,
2021-08-02,chokepoint6,Strait of Hormuz,11,12,3,1,57,27,84,402665,219984,21568,2596,2665146,646814,3311960,2021,8,2,14175,2598307.432938493,0.0,0.0,0,0,0,0.0,0.0,0.0,
2021-08-03,chokepoint6,Strait of Hormuz,24,13,3,1,52,41,93,697789,533216,37139,4175,3191420,1272321,4463741,2021,8,3,14176,2508584.4935769658,0.0,0.0,0,0,0,0.0,0.0,0.0,
2021-08-04,chokepoint6,Strait of Hormuz,7,18,4,2,63,31,94,340868,463391,61713,4342,2530884,870315,3401200,2021,8,4,14177,2639447.0,108563.0,0.04113096417545039,0,0,0,0.0,0.0,0.0,
2021-08-05,chokepoint6,Strait of Hormuz,10,21,2,3,55,36,91,202714,803337,14498,3579,2552702,1024129,3576832,2021,8,5,14178,2727729.532560717,175027.53256071685,0.06416601443487172,0,0,0,0.0,0.0,0.0,
2021-08-06,chokepoint6,Strait of Hormuz,16,19,3,4,60,42,102,463731,565471,999,9810,3006278,1040014,4046292,2021,8,6,14179,2742781.3790003983,0.0,0.0,0,0,0,0.0,0.0,0.0,
2021-08-07,chokepoint6,Strait of Hormuz,10,24,2,2,53,38,91,332252,1210873,16759,0,1277717,1559885,2837603,2021,8,7,14180,2781761.2939788485,1504044.2939788485,0.5406805742945551,1,0,0,0.0,0.0,0.0,
2021-08-08,chokepoint6,Strait of Hormuz,16,10,3,2,57,31,88,431130,328625,10463,2293,3366217,772513,4138731,2021,8,8,14181,2598911.3095990648,0.0,0.0,0,0,0,0.0,0.0,0.0,
2021-08-09,chokepoint6,Strait of Hormuz,10,23,5,2,53,40,93,303835,489143,28880,0,2655395,821859,3477254,2021,8,9,14182,2661259.6564868167,5864.656486816704,0.00220371449757697,0,0,0,0.0,0.0,0.0,
2021-08-10,chokepoint6,Strait of Hormuz,14,14,3,0,52,31,83,320595,345497,9709,0,3183008,675801,3858810,2021,8,10,14183,2519393.625734365,0.0,0.0,0,0,0,0.0,0.0,0.0,
2021-08-11,chokepoint6,Strait of Hormuz,12,14,2,2,38,30,68,378156,503946,366,8849,1390788,891319,2282107,2021,8,11,14184,2647579.0,1256791.0,0.4746944283815516,1,0,0,0.0,0.0,0.0,
2021-08-12,chokepoint6,Strait of Hormuz,15,12,4,4,47,35,82,620893,649155,23057,16458,2746786,1309565,4056351,2021,8,12,14185,2734626.5355155235,0.0,0.0,0,0,0,0.0,0.0,0.0,
2021-08-13,chokepoint6,Strait of Hormuz,14,18,6,5,55,43,98,468325,877738,70660,16966,3390788,1433690,4824479,2021,8,13,14186,2739443.784186305,0.0,0.0,0,0,0,0.0,0.0,0.0,
2021-08-14,chokepoint6,Strait of Hormuz,17,14,6,2,53,39,92,376639,499730,20489,5113,2867969,901971,3769941,2021,8,14,14187,2779816.792719352,0.0,0.0,0,0,0,0.0,0.0,0.0,
2021-08-15,chokepoint6,Strait of Hormuz,7,16,4,1,52,28,80,199526,741960,3021,0,2893769,944508,3838278,2021,8,15,14188,2606583.6362022846,0.0,0.0,0,0,0,0.0,0.0,0.0,
2021-08-16,chokepoint6,Strait of Hormuz,12,15,4,1,40,32,72,305911,791456,4968,0,1658427,1102336,2760764,2021,8,16,14189,2640123.0189716076,981696.0189716076,0.3718372257342774,1,0,0,0.0,0.0,0.0,
2021-08-17,chokepoint6,Strait of Hormuz,11,7,1,1,42,20,62,329017,222823,0,0,2087415,551840,2639256,2021,8,17,14190,2513194.032921324,425779.032921324,0.16941749317556695,0,0,0,0.0,0.0,0.0,
2021-08-18,chokepoint6,Strait of Hormuz,9,5,6,3,39,23,62,414513,127388,44479,14676,1976198,601057,2577256,2021,8,18,14191,2646207.0,670009.0,0.2531959895805581,0,0,0,0.0,0.0,0.0,
2021-08-19,chokepoint6,Strait of Hormuz,14,15,3,1,42,33,75,352423,416056,24113,2530,2307645,795123,3102768,2021,8,19,14192,2734626.5355155235,426981.5355155235,0.15613888403779064,0,0,0,0.0,0.0,0.0,
2021-08-20,chokepoint6,Strait of Hormuz,7,11,2,4,49,24,73,265389,431994,0,13908,2663068,711293,3374361,2021,8,20,14193,2747501.011369334,84433.01136933407,0.03073083904972005,0,0,0,0.0,0.0,0.0,
2021-08-21,chokepoint6,Strait of Hormuz,18,16,3,1,62,38,100,676560,747089,12973,0,4058581,1436622,5495204,2021,8,21,14194,2796079.41691392,0.0,0.0,0,0,0,0.0,0.0,0.0,
2021-08-22,chokepoint6,Strait of Hormuz,12,15,2,2,42,31,73,391381,646058,5111,0,2504894,1042550,3547444,2021,8,22,14195,2605204.462855621,100310.46285562078,0.03850387341409216,0,0,0,0.0,0.0,0.0,
2021-08-23,chokepoint6,Strait of Hormuz,9,14,3,5,53,31,84,289881,628365,16839,2608,2286313,937693,3224006,2021,8,23,14196,2652187.8208590415,365874.82085904153,0.1379520778964044,0,0,0,0.0,0.0,0.0,
2021-08-24,chokepoint6,Strait of Hormuz,18,12,6,1,46,37,83,396611,571396,37003,5211,2680598,1010222,3690820,2021,8,24,14197,2513194.032921324,0.0,0.0,0,0,0,0.0,0.0,0.0,
2021-08-25,chokepoint6,Strait of Hormuz,7,11,2,3,41,23,64,176979,282987,13980,4346,2269804,478293,2748097,2021,8,25,14198,2644297.0,374493.0,0.14162289636905384,0,0,0,0.0,0.0,0.0,
2021-08-26,chokepoint6,Strait of Hormuz,14,15,4,1,61,34,95,333480,258426,35555,3496,2641917,630958,3272876,2021,8,26,14199,2730193.1907933,88276.19079330005,0.03233331292854409,0,0,0,0.0,0.0,0.0,
2021-08-27,chokepoint6,Strait of Hormuz,12,19,2,2,58,35,93,430374,552469,5532,0,2268679,988376,3257056,2021,8,27,14200,2739443.784186305,470764.784186305,0.17184684967942715,0,0,0,0.0,0.0,0.0,
2021-08-28,chokepoint6,Strait of Hormuz,12,19,3,1,54,35,89,277017,640691,17017,0,2036677,934727,2971404,2021,8,28,14201,2773871.994592317,737194.9945923169,0.2657638838524214,0,0,0,0.0,0.0,0.0,
2021-08-29,chokepoint6,Strait of Hormuz,15,17,2,2,47,36,83,573713,718117,2859,6223,2490646,1300913,3791559,2021,8,29,14202,2597564.5296477317,106918.52964773169,0.04116106777229185,0,0,0,0.0,0.0,0.0,
2021-08-30,chokepoint6,Strait of Hormuz,14,10,6,0,50,30,80,350461,285245,6465,0,2653990,642173,3296163,2021,8,30,14203,2652187.8208590415,0.0,0.0,0,0,0,0.0,0.0,0.0,
2021-08-31,chokepoint6,Strait of Hormuz,10,17,4,2,61,33,94,332551,526916,27080,0,2353788,886548,3240337,2021,8,31,14204,2518955.48189153,165167.4818915301,0.06556982966904314,0,0,0,0.0,0.0,0.0,
2021-09-01,chokepoint6,Strait of Hormuz,17,10,2,3,48,32,80,646303,284085,9424,4961,1975412,944774,2920187,2021,9,1,14205,2646207.0,670795.0,0.25349301849779704,0,0,0,0.0,0.0,0.0,
2021-09-02,chokepoint6,Strait of Hormuz,8,19,1,3,58,31,89,308637,757799,999,4751,3012171,1072188,4084359,2021,9,2,14206,2722051.9577579433,0.0,0.0,0,0,0,0.0,0.0,0.0,
2021-09-03,chokepoint6,Strait of Hormuz,16,17,4,1,50,38,88,533322,602982,11244,2497,3308101,1150047,4458148,2021,9,3,14207,2731959.041473559,0.0,0.0,0,0,0,0.0,0.0,0.0,
2021-09-04,chokepoint6,Strait of Hormuz,10,15,3,0,50,28,78,320352,413692,36305,0,2760683,770350,3531034,2021,9,4,14208,2773871.994592317,13188.994592316914,0.004754723584227734,0,0,0,0.0,0.0,0.0,
2021-09-05,chokepoint6,Strait of Hormuz,9,10,4,1,51,24,75,311153,346775,38924,2520,3307359,699374,4006733,2021,9,5,14209,2590467.4312161454,0.0,0.0,0,0,0,0.0,0.0,0.0,
2021-09-06,chokepoint6,Strait of Hormuz,14,18,3,0,44,35,79,388043,752732,6688,0,2558370,1147464,3705834,2021,9,6,14210,2632250.368489606,73880.36848960584,0.028067378914262874,0,0,0,0.0,0.0,0.0,
2021-09-07,chokepoint6,Strait of Hormuz,9,13,2,2,44,26,70,296744,424016,999,2389,1838482,724150,2562632,2021,9,7,14211,2503444.6196028856,664962.6196028856,0.26561906518561884,0,0,0,0.0,0.0,0.0,
2021-09-08,chokepoint6,Strait of Hormuz,15,13,3,1,55,32,87,377635,557825,4162,0,2301806,939624,3241430,2021,9,8,14212,2594417.0,292611.0,0.11278487613980327,0,0,0,0.0,0.0,0.0,
2021-09-09,chokepoint6,Strait of Hormuz,15,16,4,1,59,36,95,578396,652910,31739,1251,2693979,1264298,3958277,2021,9,9,14213,2658485.6483852845,0.0,0.0,0,0,0,0.0,0.0,0.0,
2021-09-10,chokepoint6,Strait of Hormuz,11,15,0,3,50,29,79,408887,571628,0,0,2222447,980516,3202963,2021,9,10,14214,2703092.5731744994,480645.57317449944,0.17781321214982715,0,0,0,0.0,0.0,0.0,
2021-09-11,chokepoint6,Strait of Hormuz,11,17,3,1,43,32,75,262964,471999,18222,4953,2039938,758140,2798078,2021,9,11,14215,2723999.527083635,684061.5270836349,0.2511239522188919,0,0,0,0.0,0.0,0.0,
2021-09-12,chokepoint6,Strait of Hormuz,16,11,1,1,46,29,75,575857,291355,33,2611,1605431,869858,2475289,2021,9,12,14216,2563095.9937795815,957664.9937795815,0.3736360230376677,1,0,0,0.0,0.0,0.0,
2021-09-13,chokepoint6,Strait of Hormuz,12,13,1,1,53,27,80,409166,490953,4532,0,2982585,904652,3887237,2021,9,13,14217,2591206.2582336054,0.0,0.0,0,0,0,0.0,0.0,0.0,
2021-09-14,chokepoint6,Strait of Hormuz,19,17,3,1,56,40,96,539735,698678,24843,4665,2225294,1267923,3493217,2021,9,14,14218,2444983.3052501394,219689.30525013944,0.08985309011247569,0,0,0,0.0,0.0,0.0,
2021-09-15,chokepoint6,Strait of Hormuz,15,17,2,4,56,38,94,603593,413291,19568,3691,2896228,1040144,3936373,2021,9,15,14219,2572528.0,0.0,0.0,0,0,0,0.0,0.0,0.0,
2021-09-16,chokepoint6,Strait of Hormuz,19,20,2,4,65,45,110,735008,829539,2203,12849,3711283,1579601,5290885,2021,9,16,14220,2679607.5907576694,0.0,0.0,0,0,0,0.0,0.0,0.0,
2021-09-17,chokepoint6,Strait of Hormuz,15,22,2,2,53,41,94,578804,777201,0,0,2466735,1356006,3822742,2021,9,17,14221,2663168.769202571,196433.7692025709,0.07375941452684909,0,0,0,0.0,0.0,0.0,
2021-09-18,chokepoint6,Strait of Hormuz,13,19,8,2,60,42,102,257196,396234,45622,4061,3204525,703115,3907640,2021,9,18,14222,2688817.913582984,0.0,0.0,0,0,0,0.0,0.0,0.0,
2021-09-19,chokepoint6,Strait of Hormuz,9,10,4,0,53,23,76,436333,561112,32179,0,2744624,1029625,3774249,2021,9,19,14223,2513834.474043657,0.0,0.0,0,0,0,0.0,0.0,0.0,
2021-09-20,chokepoint6,Strait of Hormuz,9,14,1,1,58,25,83,170202,455456,25555,3890,2547622,655104,3202726,2021,9,20,14224,2556632.751160007,9010.75116000697,0.003524460506077211,0,0,0,0.0,0.0,0.0,
2021-09-21,chokepoint6,Strait of Hormuz,16,10,5,0,45,31,76,493597,161343,47585,0,2003521,702525,2706047,2021,9,21,14225,2421491.762162613,417970.7621626132,0.1726087896286408,0,0,0,0.0,0.0,0.0,
2021-09-22,chokepoint6,Strait of Hormuz,18,18,4,1,47,41,88,540128,972679,16438,0,2547811,1529246,4077058,2021,9,22,14226,2547811.0,0.0,0.0,0,0,0,0.0,0.0,0.0,
2021-09-23,chokepoint6,Strait of Hormuz,10,14,1,2,52,27,79,305258,545492,0,0,3029766,850750,3880517,2021,9,23,14227,2638058.160011346,0.0,0.0,0,0,0,0.0,0.0,0.0,
2021-09-24,chokepoint6,Strait of Hormuz,15,16,5,4,59,40,99,533115,636586,20210,10776,3067845,1200689,4268535,2021,9,24,14228,2663168.769202571,0.0,0.0,0,0,0,0.0,0.0,0.0,
2021-09-25,chokepoint6,Strait of Hormuz,20,12,5,4,69,41,110,510415,434359,26870,5503,3159849,977148,4136998,2021,9,25,14229,2688817.913582984,0.0,0.0,0,0,0,0.0,0.0,0.0,
2021-09-26,chokepoint6,Strait of Hormuz,14,9,1,1,59,25,84,647776,314648,2471,0,2245190,964896,3210086,2021,9,26,14230,2500977.2409514138,255787.24095141375,0.10227491748549779,0,0,0,0.0,0.0,0.0,
2021-09-27,chokepoint6,Strait of Hormuz,13,14,1,1,43,29,72,334993,800162,2090,0,2631270,1137246,3768516,2021,9,27,14231,2546080.9211981567,0.0,0.0,0,0,0,0.0,0.0,0.0,
2021-09-28,chokepoint6,Strait of Hormuz,15,14,2,1,50,32,82,341026,514845,18952,3547,2175559,878372,3053931,2021,9,28,14232,2421312.132691256,245753.13269125577,0.10149584986306763,0,0,0,0.0,0.0,0.0,
2021-09-29,chokepoint6,Strait of Hormuz,16,20,7,4,58,47,105,719406,641612,85874,9318,2354460,1456212,3810673,2021,9,29,14233,2529130.0,174670.0,0.06906327472292843,0,0,0,0.0,0.0,0.0,
2021-09-30,chokepoint6,Strait of Hormuz,18,19,3,2,57,42,99,364984,586412,46582,3878,2538310,1001858,3540169,2021,9,30,14234,2584720.5793241346,46410.579324134625,0.0179557433385199,0,0,0,0.0,0.0,0.0,
2021-10-01,chokepoint6,Strait of Hormuz,14,20,0,2,53,36,89,424050,839911,0,0,2311310,1263961,3575272,2021,10,1,14235,2618241.678711873,306931.678711873,0.11722816927384556,0,0,0,0.0,0.0,0.0,
2021-10-02,chokepoint6,Strait of Hormuz,10,13,2,3,58,28,86,222561,384120,21603,11070,1832229,639355,2471585,2021,10,2,14236,2674867.27198745,842638.2719874498,0.3150205921661908,1,0,0,0.0,0.0,0.0,
2021-10-03,chokepoint6,Strait of Hormuz,7,3,0,0,43,10,53,304886,181949,0,0,2389205,486835,2876041,2021,10,3,14237,2509990.4577977243,120785.45779772429,0.04812187927746225,0,0,0,0.0,0.0,0.0,
2021-10-04,chokepoint6,Strait of Hormuz,14,14,2,3,46,33,79,471396,583350,21154,6223,3117513,1082124,4199638,2021,10,4,14238,2546080.9211981567,0.0,0.0,0,0,0,0.0,0.0,0.0,
2021-10-05,chokepoint6,Strait of Hormuz,19,15,3,2,51,39,90,719898,444619,0,0,3327564,1164518,4492082,2021,10,5,14239,2421312.132691256,0.0,0.0,0,0,0,0.0,0.0,0.0,
2021-10-06,chokepoint6,Strait of Hormuz,12,13,10,4,58,39,97,293365,528013,80338,4110,2369897,905828,3275725,2021,10,6,14240,2533287.0,163390.0,0.06449723225201093,0,0,0,0.0,0.0,0.0,
2021-10-07,chokepoint6,Strait of Hormuz,15,15,3,1,52,34,86,613223,524439,2729,0,2706090,1140392,3846482,2021,10,7,14241,2613637.5611463413,0.0,0.0,0,0,0,0.0,0.0,0.0,
2021-10-08,chokepoint6,Strait of Hormuz,17,17,3,1,76,38,114,522113,439426,32406,0,3600673,993945,4594619,2021,10,8,14242,2589273.7574687125,0.0,0.0,0,0,0,0.0,0.0,0.0,
2021-10-09,chokepoint6,Strait of Hormuz,17,15,3,2,64,37,101,546557,345654,30418,7573,3403837,930203,4334041,2021,10,9,14243,2647767.0981165743,0.0,0.0,0,0,0,0.0,0.0,0.0,
2021-10-10,chokepoint6,Strait of Hormuz,18,19,2,1,54,40,94,396905,422277,3530,4199,2482762,826913,3309676,2021,10,10,14244,2455171.9983354914,0.0,0.0,0,0,0,0.0,0.0,0.0,
2021-10-11,chokepoint6,Strait of Hormuz,4,7,1,0,25,12,37,66706,278081,7086,0,1765961,351874,2117835,2021,10,11,14245,2491359.105033657,725398.105033657,0.2911656146109283,0,0,0,0.0,0.0,0.0,
2021-10-12,chokepoint6,Strait of Hormuz,7,13,1,2,46,23,69,258588,287886,1146,1268,3166867,548891,3715758,2021,10,12,14246,2366265.679135268,0.0,0.0,0,0,0,0.0,0.0,0.0,
2021-10-13,chokepoint6,Strait of Hormuz,18,16,6,1,43,41,84,373717,421075,38098,0,2052860,832890,2885750,2021,10,13,14247,2482762.0,429902.0,0.17315473653938637,0,0,0,0.0,0.0,0.0,
2021-10-14,chokepoint6,Strait of Hormuz,9,17,3,4,62,33,95,225475,559153,6813,0,2828305,791442,3619747,2021,10,14,14248,2565720.2352535506,0.0,0.0,0,0,0,0.0,0.0,0.0,
2021-10-15,chokepoint6,Strait of Hormuz,14,16,3,0,71,33,104,478982,376532,838,0,3117390,856353,3973744,2021,10,15,14249,2577426.5381596303,0.0,0.0,0,0,0,0.0,0.0,0.0,
2021-10-16,chokepoint6,Strait of Hormuz,16,16,3,2,58,37,95,523049,541600,9385,3826,1843725,1077861,2921587,2021,10,16,14250,2602660.3386083534,758935.3386083534,0.29159984011365747,0,0,0,0.0,0.0,0.0,
2021-10-17,chokepoint6,Strait of Hormuz,8,20,3,0,41,31,72,226125,545452,27819,0,3346968,799397,4146365,2021,10,17,14251,2437123.9690459827,0.0,0.0,0,0,0,0.0,0.0,0.0,
2021-10-18,chokepoint6,Strait of Hormuz,11,14,0,0,63,25,88,409911,336119,0,0,3357944,746030,4103974,2021,10,18,14252,2481076.092408651,0.0,0.0,0,0,0,0.0,0.0,0.0,
2021-10-19,chokepoint6,Strait of Hormuz,13,14,1,2,43,30,73,291192,440820,17660,2469,1568097,752141,2320239,2021,10,19,14253,2369447.6869136,801350.6869136002,0.33820146835882464,1,0,0,0.0,0.0,0.0,
2021-10-20,chokepoint6,Strait of Hormuz,18,17,4,1,51,40,91,545514,288032,18577,0,3103699,852124,3955823,2021,10,20,14254,2493052.0,0.0,0.0,0,0,0,0.0,0.0,0.0,
2021-10-21,chokepoint6,Strait of Hormuz,12,15,3,0,51,30,81,441681,591406,22406,0,1928925,1055494,2984419,2021,10,21,14255,2565720.2352535506,636795.2352535506,0.2481935584807129,0,0,0,0.0,0.0,0.0,
2021-10-22,chokepoint6,Strait of Hormuz,7,9,2,2,45,20,65,142316,344488,1890,4493,2202915,493189,2696104,2021,10,22,14256,2566190.1069834004,363275.1069834004,0.1415620401601643,0,0,0,0.0,0.0,0.0,
2021-10-23,chokepoint6,Strait of Hormuz,14,20,5,2,42,41,83,446538,570367,32016,5852,1352732,1054774,2407507,2021,10,23,14257,2575278.7790260604,1222546.7790260604,0.47472405278329244,1,0,0,0.0,0.0,0.0,
2021-10-24,chokepoint6,Strait of Hormuz,9,19,2,3,53,33,86,156941,606174,15634,10207,2389266,788957,3178223,2021,10,24,14258,2359192.3312061373,0.0,0.0,0,0,0,0.0,0.0,0.0,
2021-10-25,chokepoint6,Strait of Hormuz,6,9,1,3,45,19,64,254487,435035,9820,9249,2639374,708593,3347967,2021,10,25,14259,2386308.4876220073,0.0,0.0,0,0,0,0.0,0.0,0.0,
2021-10-26,chokepoint6,Strait of Hormuz,9,18,3,1,40,31,71,497114,386461,32023,2404,2147647,918004,3065651,2021,10,26,14260,2256577.65114921,108930.65114921005,0.04827250287342641,0,0,0,0.0,0.0,0.0,
2021-10-27,chokepoint6,Strait of Hormuz,4,11,2,0,42,17,59,127915,275593,25958,0,1666137,429468,2095605,2021,10,27,14261,2387930.0,721793.0,0.30226723563923563,1,0,0,0.0,0.0,0.0,
2021-10-28,chokepoint6,Strait of Hormuz,8,13,4,1,38,26,64,209402,255163,32288,7872,2296911,504727,2801639,2021,10,28,14262,2467719.5483775777,170808.54837757768,0.06921716387499428,0,0,0,0.0,0.0,0.0,
2021-10-29,chokepoint6,Strait of Hormuz,15,14,2,3,36,34,70,670950,193115,15922,0,3136336,879988,4016324,2021,10,29,14263,2473449.6932657487,0.0,0.0,0,0,0,0.0,0.0,0.0,
2021-10-30,chokepoint6,Strait of Hormuz,15,10,2,3,54,30,84,359392,381095,0,0,3320742,740488,4061230,2021,10,30,14264,2507199.186063314,0.0,0.0,0,0,0,0.0,0.0,0.0,
2021-10-31,chokepoint6,Strait of Hormuz,12,12,1,2,53,27,80,377162,763757,0,0,2255231,1140920,3396151,2021,10,31,14265,2330649.82344746,75418.82344745984,0.03235956885874066,0,0,0,0.0,0.0,0.0,
2021-11-01,chokepoint6,Strait of Hormuz,8,19,5,3,69,35,104,218237,581949,16352,5698,2542885,822238,3365124,2021,11,1,14266,2355158.6541395914,0.0,0.0,0,0,0,0.0,0.0,0.0,
2021-11-02,chokepoint6,Strait of Hormuz,16,20,2,0,45,38,83,651879,908299,3956,0,2177240,1564134,3741375,2021,11,2,14267,2232306.763265318,55066.76326531777,0.024668098565794154,0,0,0,0.0,0.0,0.0,
2021-11-03,chokepoint6,Strait of Hormuz,15,20,2,2,54,39,93,382564,832327,20936,1833,2769662,1237662,4007325,2021,11,3,14268,2345772.0,0.0,0.0,0,0,0,0.0,0.0,0.0,
2021-11-04,chokepoint6,Strait of Hormuz,10,7,1,1,48,19,67,274660,207801,0,0,2086399,482461,2568861,2021,11,4,14269,2402372.667220212,315973.66722021205,0.13152566690905018,0,0,0,0.0,0.0,0.0,
2021-11-05,chokepoint6,Strait of Hormuz,10,12,1,2,54,25,79,345894,394092,449,9500,2348757,749938,3098696,2021,11,5,14270,2377840.6457919395,29083.64579193946,0.01223111643053488,0,0,0,0.0,0.0,0.0,
2021-11-06,chokepoint6,Strait of Hormuz,11,7,2,2,34,22,56,397028,300633,25247,2983,1142157,725893,1868051,2021,11,6,14271,2396782.592945776,1254625.592945776,0.5234624102488048,1,0,0,0.0,0.0,0.0,
2021-11-07,chokepoint6,Strait of Hormuz,7,10,2,1,24,20,44,254288,344683,43247,0,1663783,642219,2306002,2021,11,7,14272,2228776.521603964,564993.5216039638,0.2534994047753877,0,0,0,0.0,0.0,0.0,
2021-11-08,chokepoint6,Strait of Hormuz,5,13,3,1,31,22,53,112019,406528,18602,0,933315,537150,1470465,2021,11,8,14273,2268971.2190709556,1335656.2190709556,0.5886615959887972,1,0,0,0.0,0.0,0.0,
2021-11-09,chokepoint6,Strait of Hormuz,20,14,4,3,53,41,94,557080,355750,26879,9079,3061994,948790,4010784,2021,11,9,14274,2138718.8582675955,0.0,0.0,0,0,0,0.0,0.0,0.0,
2021-11-10,chokepoint6,Strait of Hormuz,14,18,3,1,47,36,83,534838,710997,27257,0,2065283,1273093,3338377,2021,11,10,14275,2235607.0,170324.0,0.07618691478421744,0,0,0,0.0,0.0,0.0,
2021-11-11,chokepoint6,Strait of Hormuz,10,20,6,1,61,37,98,400722,784630,55914,0,3667099,1241267,4908367,2021,11,11,14276,2309929.6791591854,0.0,0.0,0,0,0,0.0,0.0,0.0,
2021-11-12,chokepoint6,Strait of Hormuz,12,14,3,2,41,31,72,529130,470907,15753,0,2611193,1015791,3626984,2021,11,12,14277,2313998.7926311754,0.0,0.0,0,0,0,0.0,0.0,0.0,
2021-11-13,chokepoint6,Strait of Hormuz,13,22,1,1,51,37,88,575683,564375,2200,0,2417494,1142259,3559753,2021,11,13,14278,2335268.3166005407,0.0,0.0,0,0,0,0.0,0.0,0.0,
2021-11-14,chokepoint6,Strait of Hormuz,11,15,0,2,53,28,81,172335,301182,0,3267,3034571,476784,3511356,2021,11,14,14279,2159254.4055156265,0.0,0.0,0,0,0,0.0,0.0,0.0,
2021-11-15,chokepoint6,Strait of Hormuz,12,16,4,2,52,34,86,400223,602406,9645,3213,2076729,1015489,3092219,2021,11,15,14280,2140609.4417464277,63880.44174642768,0.029842175083704424,0,0,0,0.0,0.0,0.0,
2021-11-16,chokepoint6,Strait of Hormuz,12,15,1,2,64,30,94,240447,263576,0,6437,4017453,510462,4527916,2021,11,16,14281,2019369.8060680523,0.0,0.0,0,0,0,0.0,0.0,0.0,
2021-11-17,chokepoint6,Strait of Hormuz,12,6,3,1,62,22,84,521065,140115,2179,0,2586854,663360,3250214,2021,11,17,14282,2100018.0,0.0,0.0,0,0,0,0.0,0.0,0.0,
2021-11-18,chokepoint6,Strait of Hormuz,17,21,2,1,33,41,74,609576,797903,10888,3818,930099,1422187,2352287,2021,11,18,14283,2170187.3465908896,1240088.3465908896,0.5714199506963873,1,0,0,0.0,0.0,0.0,
2021-11-19,chokepoint6,Strait of Hormuz,8,16,2,5,52,31,83,237904,617656,3862,11557,2842185,870981,3713166,2021,11,19,14284,2159911.439990342,0.0,0.0,0,0,0,0.0,0.0,0.0,
2021-11-20,chokepoint6,Strait of Hormuz,8,15,2,2,60,27,87,190593,556353,9264,7849,3093121,764061,3857183,2021,11,20,14285,2204906.936266267,0.0,0.0,0,0,0,0.0,0.0,0.0,
2021-11-21,chokepoint6,Strait of Hormuz,12,19,2,1,59,34,93,327074,754597,7365,2780,1716403,1091817,2808221,2021,11,21,14286,2027319.0511870224,310916.05118702236,0.1533631576169409,0,0,0,0.0,0.0,0.0,
2021-11-22,chokepoint6,Strait of Hormuz,13,20,4,1,59,38,97,353685,529954,23311,0,4097307,906951,5004259,2021,11,22,14287,2063880.5795150788,0.0,0.0,0,0,0,0.0,0.0,0.0,
2021-11-23,chokepoint6,Strait of Hormuz,14,19,5,4,66,42,108,404795,503864,40118,15789,3410227,964567,4374795,2021,11,23,14288,1962887.2671616883,0.0,0.0,0,0,0,0.0,0.0,0.0,
2021-11-24,chokepoint6,Strait of Hormuz,17,13,4,2,52,36,88,447714,802869,29435,0,2235607,1280018,3515625,2021,11,24,14289,2063653.0,0.0,0.0,0,0,0,0.0,0.0,0.0,
2021-11-25,chokepoint6,Strait of Hormuz,19,15,7,1,62,42,104,662113,720221,25545,0,2518037,1407880,3925918,2021,11,25,14290,2074684.4205992091,0.0,0.0,0,0,0,0.0,0.0,0.0,
2021-11-26,chokepoint6,Strait of Hormuz,16,19,6,0,61,41,102,487074,584161,42431,0,3091088,1113667,4204756,2021,11,26,14291,2037887.3586218685,0.0,0.0,0,0,0,0.0,0.0,0.0,
2021-11-27,chokepoint6,Strait of Hormuz,16,20,6,5,52,47,99,826218,533895,47004,2889,2894177,1410007,4304185,2021,11,27,14292,2033136.7086462064,0.0,0.0,0,0,0,0.0,0.0,0.0,
2021-11-28,chokepoint6,Strait of Hormuz,7,14,1,2,43,24,67,171906,400835,0,3823,2374496,576565,2951061,2021,11,28,14293,1820425.3800627326,0.0,0.0,0,0,0,0.0,0.0,0.0,
2021-11-29,chokepoint6,Strait of Hormuz,7,21,5,3,50,36,86,219008,722851,24735,5327,2570814,971923,3542738,2021,11,29,14294,1879565.8226097245,0.0,0.0,0,0,0,0.0,0.0,0.0,
2021-11-30,chokepoint6,Strait of Hormuz,10,18,2,1,39,31,70,530788,590796,3293,1571,1990814,1126450,3117264,2021,11,30,14295,1840412.2819923318,0.0,0.0,0,0,0,0.0,0.0,0.0,
2021-12-01,chokepoint6,Strait of Hormuz,8,14,4,5,57,31,88,265575,586650,12330,7573,3010003,872130,3882134,2021,12,1,14296,1936419.0,0.0,0.0,0,0,0,0.0,0.0,0.0,
2021-12-02,chokepoint6,Strait of Hormuz,12,13,1,2,43,28,71,401287,427521,1186,2889,2356215,832884,3189099,2021,12,2,14297,1978870.4370873913,0.0,0.0,0,0,0,0.0,0.0,0.0,
2021-12-03,chokepoint6,Strait of Hormuz,12,14,2,1,66,29,95,396318,513334,6691,0,3821872,916344,4738216,2021,12,3,14298,1947112.8545047014,0.0,0.0,0,0,0,0.0,0.0,0.0,
2021-12-04,chokepoint6,Strait of Hormuz,11,10,5,1,46,27,73,200035,374514,5881,4661,2017014,585093,2602107,2021,12,4,14299,1947141.875407657,0.0,0.0,0,0,0,0.0,0.0,0.0,
2021-12-05,chokepoint6,Strait of Hormuz,9,15,8,0,50,32,82,400524,569354,68480,0,3477313,1038359,4515673,2021,12,5,14300,1879687.62439354,0.0,0.0,0,0,0,0.0,0.0,0.0,
2021-12-06,chokepoint6,Strait of Hormuz,8,9,1,1,42,19,61,271743,353674,7007,0,2007603,632425,2640029,2021,12,6,14301,1886709.9681156687,0.0,0.0,0,0,0,0.0,0.0,0.0,
2021-12-07,chokepoint6,Strait of Hormuz,3,12,1,1,54,17,71,130076,403716,0,0,2510675,533793,3044469,2021,12,7,14302,1840412.2819923318,0.0,0.0,0,0,0,0.0,0.0,0.0,
2021-12-08,chokepoint6,Strait of Hormuz,7,13,0,1,39,21,60,186185,535023,0,3406,2352832,724615,3077448,2021,12,8,14303,1936419.0,0.0,0.0,0,0,0,0.0,0.0,0.0,
2021-12-09,chokepoint6,Strait of Hormuz,15,17,2,2,65,36,101,548783,544559,40919,3294,3288546,1137556,4426103,2021,12,9,14304,2001121.9006209397,0.0,0.0,0,0,0,0.0,0.0,0.0,
2021-12-10,chokepoint6,Strait of Hormuz,12,17,2,2,55,33,88,387519,733994,4648,5858,3511157,1132021,4643178,2021,12,10,14305,2008743.4475777163,0.0,0.0,0,0,0,0.0,0.0,0.0,
2021-12-11,chokepoint6,Strait of Hormuz,13,12,1,1,46,27,73,413353,639420,3710,0,2012373,1056484,3068858,2021,12,11,14306,2037291.3476763507,24918.347676350735,0.012231116430534867,0,0,0,0.0,0.0,0.0,
2021-12-12,chokepoint6,Strait of Hormuz,14,8,4,0,51,26,77,771177,366589,7879,0,2446825,1145646,3592472,2021,12,12,14307,1898630.8893358298,0.0,0.0,0,0,0,0.0,0.0,0.0,
2021-12-13,chokepoint6,Strait of Hormuz,4,12,3,2,43,21,64,116301,379026,16438,8800,3673561,520566,4194127,2021,12,13,14308,1932871.6009812567,0.0,0.0,0,0,0,0.0,0.0,0.0,
2021-12-14,chokepoint6,Strait of Hormuz,11,11,4,3,57,29,86,319499,480766,28899,3496,2428945,832662,3261607,2021,12,14,14309,1819947.8281443482,0.0,0.0,0,0,0,0.0,0.0,0.0,
2021-12-15,chokepoint6,Strait of Hormuz,11,12,5,3,56,31,87,327316,613592,24716,10662,2760748,976287,3737035,2021,12,15,14310,1887992.0,0.0,0.0,0,0,0,0.0,0.0,0.0,
2021-12-16,chokepoint6,Strait of Hormuz,8,13,1,0,35,22,57,313682,454508,1072,0,1673578,769264,2442842,2021,12,16,14311,1951076.7759442192,277498.7759442192,0.1422285270193554,0,0,0,0.0,0.0,0.0,
2021-12-17,chokepoint6,Strait of Hormuz,7,14,7,4,38,32,70,250177,530412,36565,0,1826548,817154,2643703,2021,12,17,14312,1921294.1154651607,94746.11546516069,0.04931369679556943,0,0,0,0.0,0.0,0.0,
2021-12-18,chokepoint6,Strait of Hormuz,14,20,4,2,59,40,99,329501,263475,42260,8702,2994636,643940,3638577,2021,12,18,14313,1982290.9405610918,0.0,0.0,0,0,0,0.0,0.0,0.0,
2021-12-19,chokepoint6,Strait of Hormuz,9,13,7,2,60,31,91,356248,722456,85454,0,2671855,1164159,3836014,2021,12,19,14314,1821787.8659027107,0.0,0.0,0,0,0,0.0,0.0,0.0,
2021-12-20,chokepoint6,Strait of Hormuz,13,12,3,1,49,29,78,254352,746936,14565,4610,1991382,1020464,3011847,2021,12,20,14315,1853779.3446917795,0.0,0.0,0,0,0,0.0,0.0,0.0,
2021-12-21,chokepoint6,Strait of Hormuz,8,10,0,3,40,21,61,379690,247672,0,4388,1062020,631751,1693771,2021,12,21,14316,1762569.0427221637,700549.0427221637,0.3974590644348406,1,0,0,0.0,0.0,0.0,
2021-12-22,chokepoint6,Strait of Hormuz,8,18,2,1,42,29,71,389129,641038,17566,2306,3253692,1050040,4303732,2021,12,22,14317,1854515.0,0.0,0.0,0,0,0,0.0,0.0,0.0,
2021-12-23,chokepoint6,Strait of Hormuz,8,11,4,4,48,27,75,310777,510231,10473,6134,1537911,837616,2375528,2021,12,23,14318,1898189.7636250476,360278.76362504764,0.18980123617198794,0,0,0,0.0,0.0,0.0,
2021-12-24,chokepoint6,Strait of Hormuz,14,14,4,2,64,34,98,503229,466745,16957,0,3443681,986932,4430614,2021,12,24,14319,1920399.6731824756,0.0,0.0,0,0,0,0.0,0.0,0.0,
2021-12-25,chokepoint6,Strait of Hormuz,19,21,1,1,60,42,102,541129,561783,8273,4393,3417295,1115579,4532875,2021,12,25,14320,1947692.047470279,0.0,0.0,0,0,0,0.0,0.0,0.0,
2021-12-26,chokepoint6,Strait of Hormuz,14,20,2,1,49,37,86,532026,1088603,6437,0,2453843,1627067,4080910,2021,12,26,14321,1798718.8603369137,0.0,0.0,0,0,0,0.0,0.0,0.0,
2021-12-27,chokepoint6,Strait of Hormuz,6,11,3,0,43,20,63,247622,415186,4443,0,1936635,667252,2603887,2021,12,27,14322,1831157.7162377213,0.0,0.0,0,0,0,0.0,0.0,0.0,
2021-12-28,chokepoint6,Strait of Hormuz,6,14,4,0,45,24,69,119113,541575,17229,0,2715834,677918,3393752,2021,12,28,14323,1739485.2300220043,0.0,0.0,0,0,0,0.0,0.0,0.0,
2021-12-29,chokepoint6,Strait of Hormuz,15,16,4,1,53,36,89,646022,393126,15473,0,3304059,1054621,4358681,2021,12,29,14324,1830227.0,0.0,0.0,0,0,0,0.0,0.0,0.0,
2021-12-30,chokepoint6,Strait of Hormuz,10,8,2,2,43,22,65,299474,290353,20422,3826,2880154,614077,3494231,2021,12,30,14325,1887579.7052886675,0.0,0.0,0,0,0,0.0,0.0,0.0,
2021-12-31,chokepoint6,Strait of Hormuz,10,13,3,2,55,28,83,492823,241277,19341,4446,1741951,757888,2499840,2021,12,31,14326,1872742.6703081666,130791.67030816665,0.06983963807832948,0,0,0,0.0,0.0,0.0,
2022-01-01,chokepoint6,Strait of Hormuz,8,9,3,1,39,21,60,173146,564537,20913,0,2792960,758597,3551557,2022,1,1,14327,1899357.751854233,0.0,0.0,0,0,0,0.0,0.0,0.0,
2022-01-02,chokepoint6,Strait of Hormuz,9,11,2,3,51,25,76,333896,350079,366,3513,2154226,687856,2842083,2022,1,2,14328,1792972.4683288215,0.0,0.0,0,0,0,0.0,0.0,0.0,
2022-01-03,chokepoint6,Strait of Hormuz,12,4,2,1,54,19,73,479202,154825,3877,3058,3817549,640964,4458514,2022,1,3,14329,1834538.419027847,0.0,0.0,0,0,0,0.0,0.0,0.0,
2022-01-04,chokepoint6,Strait of Hormuz,6,14,4,2,47,26,73,135844,561803,20453,8640,2019310,726741,2746051,2022,1,4,14330,1741552.3945733402,0.0,0.0,0,0,0,0.0,0.0,0.0,
2022-01-05,chokepoint6,Strait of Hormuz,8,13,5,4,46,30,76,308611,340102,31668,3352,2945916,683735,3629651,2022,1,5,14331,1835785.0,0.0,0.0,0,0,0,0.0,0.0,0.0,
2022-01-06,chokepoint6,Strait of Hormuz,13,11,2,2,43,28,71,481372,380036,8353,3520,1162995,873283,2036278,2022,1,6,14332,1897125.3475262388,734130.3475262388,0.38696986916732196,1,0,0,0.0,0.0,0.0,
2022-01-07,chokepoint6,Strait of Hormuz,12,6,3,1,44,22,66,572553,178997,20546,1555,2818187,773653,3591840,2022,1,7,14333,1910632.239227461,0.0,0.0,0,0,0,0.0,0.0,0.0,
2022-01-08,chokepoint6,Strait of Hormuz,9,17,1,0,47,27,74,300413,702340,15662,0,2806786,1018416,3825202,2022,1,8,14334,1927476.3740089703,0.0,0.0,0,0,0,0.0,0.0,0.0,
2022-01-09,chokepoint6,Strait of Hormuz,6,13,0,1,62,20,82,120707,669160,0,0,3119552,789867,3909420,2022,1,9,14335,1802039.6741673504,0.0,0.0,0,0,0,0.0,0.0,0.0,
2022-01-10,chokepoint6,Strait of Hormuz,10,15,3,3,58,31,89,171492,375284,42989,3352,3394777,593118,3987896,2022,1,10,14336,1834538.419027847,0.0,0.0,0,0,0,0.0,0.0,0.0,
2022-01-11,chokepoint6,Strait of Hormuz,13,6,2,3,47,24,71,416890,309224,16761,5844,2882543,748720,3631264,2022,1,11,14337,1771388.9448078636,0.0,0.0,0,0,0,0.0,0.0,0.0,
2022-01-12,chokepoint6,Strait of Hormuz,16,18,4,2,48,40,88,532608,722320,51780,8587,2196878,1315297,3512175,2022,1,12,14338,1863795.0,0.0,0.0,0,0,0,0.0,0.0,0.0,
2022-01-13,chokepoint6,Strait of Hormuz,8,9,1,1,58,19,77,264632,468536,7320,0,2511275,740488,3251763,2022,1,13,14339,1987199.7514139935,0.0,0.0,0,0,0,0.0,0.0,0.0,
2022-01-14,chokepoint6,Strait of Hormuz,9,18,4,2,55,33,88,210304,649355,35789,7570,2777756,903019,3680775,2022,1,14,14340,2003798.134169862,0.0,0.0,0,0,0,0.0,0.0,0.0,
2022-01-15,chokepoint6,Strait of Hormuz,12,8,3,2,45,25,70,359049,271405,11863,4169,2892083,646487,3538571,2022,1,15,14341,2029310.7029282772,0.0,0.0,0,0,0,0.0,0.0,0.0,
2022-01-16,chokepoint6,Strait of Hormuz,12,15,4,2,52,33,85,523142,573503,24465,0,1950887,1121111,3071999,2022,1,16,14342,1900018.8972448567,0.0,0.0,0,0,0,0.0,0.0,0.0,
2022-01-17,chokepoint6,Strait of Hormuz,6,15,5,0,49,26,75,149394,610882,46793,0,3410981,807069,4218051,2022,1,17,14343,1921641.23209109,0.0,0.0,0,0,0,0.0,0.0,0.0,
2022-01-18,chokepoint6,Strait of Hormuz,15,11,2,2,55,30,85,336593,500984,2888,5821,2485772,846287,3332059,2022,1,18,14344,1827608.217240333,0.0,0.0,0,0,0,0.0,0.0,0.0,
2022-01-19,chokepoint6,Strait of Hormuz,16,18,2,2,44,38,82,506864,862140,5206,3240,1845604,1377452,3223056,2022,1,19,14345,1932775.0,87171.0,0.045101473270297884,0,0,0,0.0,0.0,0.0,
2022-01-20,chokepoint6,Strait of Hormuz,13,10,1,3,56,27,83,525034,279733,1081,6257,4371885,812106,5183992,2022,1,20,14346,2000274.501396645,0.0,0.0,0,0,0,0.0,0.0,0.0,
2022-01-21,chokepoint6,Strait of Hormuz,10,10,0,1,49,21,70,279642,243633,0,4751,2015734,528027,2543762,2022,1,21,14347,2003798.134169862,0.0,0.0,0,0,0,0.0,0.0,0.0,
2022-01-22,chokepoint6,Strait of Hormuz,11,13,2,2,37,28,65,680858,646986,5238,7942,2010085,1341025,3351111,2022,1,22,14348,2048327.337276009,38242.33727600891,0.018670032167254044,0,0,0,0.0,0.0,0.0,
2022-01-23,chokepoint6,Strait of Hormuz,13,15,2,2,39,32,71,271896,397511,3591,2403,1704688,675403,2380091,2022,1,23,14349,1907001.1463657245,202313.1463657245,0.10608968261570458,0,0,0,0.0,0.0,0.0,
2022-01-24,chokepoint6,Strait of Hormuz,6,20,0,3,50,29,79,371820,589428,0,4613,2549753,965861,3515615,2022,1,24,14350,1949562.2595685113,0.0,0.0,0,0,0,0.0,0.0,0.0,
2022-01-25,chokepoint6,Strait of Hormuz,9,14,2,4,60,29,89,290078,543494,6185,4920,3912134,844679,4756814,2022,1,25,14351,1905440.051464701,0.0,0.0,0,0,0,0.0,0.0,0.0,
2022-01-26,chokepoint6,Strait of Hormuz,16,16,3,1,59,36,95,707653,598515,10745,0,2730131,1316914,4047046,2022,1,26,14355,2004839.0,0.0,0.0,0,0,0,0.0,0.0,0.0,
2022-01-27,chokepoint6,Strait of Hormuz,16,11,4,2,66,33,99,616798,360526,16174,0,3154085,993499,4147584,2022,1,27,14356,2077249.3533732325,0.0,0.0,0,0,0,0.0,0.0,0.0,
2022-01-28,chokepoint6,Strait of Hormuz,12,11,7,3,53,33,86,385187,473099,4457,22771,3749291,885516,4634808,2022,1,28,14357,2086756.6206547702,0.0,0.0,0,0,0,0.0,0.0,0.0,
2022-01-29,chokepoint6,Strait of Hormuz,16,13,4,2,68,35,103,544204,466887,37194,0,2970060,1048286,4018346,2022,1,29,14358,2132293.673520311,0.0,0.0,0,0,0,0.0,0.0,0.0,
2022-01-30,chokepoint6,Strait of Hormuz,16,19,1,1,53,37,90,730425,524218,6376,3243,2347889,1264263,3612152,2022,1,30,14359,1978680.8589067073,0.0,0.0,0,0,0,0.0,0.0,0.0,
2022-01-31,chokepoint6,Strait of Hormuz,10,23,2,1,53,36,89,323402,1070568,3817,0,2381643,1397788,3779431,2022,1,31,14360,2029479.9549666625,0.0,0.0,0,0,0,0.0,0.0,0.0,
2022-02-01,chokepoint6,Strait of Hormuz,19,16,6,2,50,43,93,489562,581019,16409,0,2347361,1086992,3434353,2022,2,1,14361,1935869.664080849,0.0,0.0,0,0,0,0.0,0.0,0.0,
2022-02-02,chokepoint6,Strait of Hormuz,10,17,2,3,56,32,88,173649,585442,2536,2354,3235562,763983,3999545,2022,2,2,14362,2036856.0,0.0,0.0,0,0,0,0.0,0.0,0.0,
2022-02-03,chokepoint6,Strait of Hormuz,12,18,7,1,66,38,104,452004,947798,32607,3406,3133138,1435816,4568955,2022,2,3,14363,2098717.4893311523,0.0,0.0,0,0,0,0.0,0.0,0.0,
2022-02-04,chokepoint6,Strait of Hormuz,19,11,3,2,63,35,98,616789,252109,23491,0,3067891,892389,3960280,2022,2,4,14364,2129993.1738218283,0.0,0.0,0,0,0,0.0,0.0,0.0,
2022-02-05,chokepoint6,Strait of Hormuz,13,14,7,4,64,38,102,381237,438695,20190,1915,3317494,842039,4159533,2022,2,5,14365,2160264.253192548,0.0,0.0,0,0,0,0.0,0.0,0.0,
2022-02-06,chokepoint6,Strait of Hormuz,11,16,2,2,53,31,84,548775,539691,20148,0,2930168,1108614,4038782,2022,2,6,14366,1999414.5951545592,0.0,0.0,0,0,0,0.0,0.0,0.0,
2022-02-07,chokepoint6,Strait of Hormuz,8,13,0,1,48,22,70,124008,240602,0,7861,1800448,372472,2172920,2022,2,7,14367,2056101.8652028295,255653.86520282947,0.12433910475423349,0,0,0,0.0,0.0,0.0,
2022-02-08,chokepoint6,Strait of Hormuz,17,20,3,4,54,44,98,498951,724162,348,17536,2004839,1240999,3245838,2022,2,8,14368,2030853.7367686462,26014.736768646166,0.012809753995400483,0,0,0,0.0,0.0,0.0,
2022-02-09,chokepoint6,Strait of Hormuz,15,18,5,0,62,38,100,647170,378374,16476,0,4138534,1042021,5180555,2022,2,9,14369,2136795.0,0.0,0.0,0,0,0,0.0,0.0,0.0,
2022-02-10,chokepoint6,Strait of Hormuz,16,15,2,5,54,38,92,446595,694029,14972,0,2721007,1155597,3876604,2022,2,10,14370,2208193.201800499,0.0,0.0,0,0,0,0.0,0.0,0.0,
2022-02-11,chokepoint6,Strait of Hormuz,14,20,2,5,66,41,107,401539,594224,15185,9185,4329925,1020134,5350060,2022,2,11,14371,2165837.1201131297,0.0,0.0,0,0,0,0.0,0.0,0.0,
2022-02-12,chokepoint6,Strait of Hormuz,16,20,2,3,65,41,106,494390,886276,8429,1111,3328419,1390208,4718628,2022,2,12,14372,2175397.134754709,0.0,0.0,0,0,0,0.0,0.0,0.0,
2022-02-13,chokepoint6,Strait of Hormuz,16,14,4,2,48,36,84,847774,586597,47790,4290,2036856,1486454,3523310,2022,2,13,14373,1999414.5951545592,0.0,0.0,0,0,0,0.0,0.0,0.0,
2022-02-14,chokepoint6,Strait of Hormuz,10,13,2,0,53,25,78,261919,608119,18897,0,2792032,888937,3680969,2022,2,14,14374,2029479.9549666625,0.0,0.0,0,0,0,0.0,0.0,0.0,
2022-02-15,chokepoint6,Strait of Hormuz,9,14,5,3,59,31,90,144099,436972,52556,0,3090961,633628,3724589,2022,2,15,14375,1955489.1941191142,0.0,0.0,0,0,0,0.0,0.0,0.0,
2022-02-16,chokepoint6,Strait of Hormuz,20,20,7,1,53,48,101,766192,450991,21190,3275,2552118,1241650,3793768,2022,2,16,14376,2066534.0,0.0,0.0,0,0,0,0.0,0.0,0.0,
2022-02-17,chokepoint6,Strait of Hormuz,14,18,5,1,60,38,98,412745,510959,19043,5034,3194031,947781,4141813,2022,2,17,14377,2135584.522656405,0.0,0.0,0,0,0,0.0,0.0,0.0,
2022-02-18,chokepoint6,Strait of Hormuz,16,19,2,0,56,37,93,386106,624458,32868,0,3016880,1043434,4060314,2022,2,18,14378,2129993.1738218283,0.0,0.0,0,0,0,0.0,0.0,0.0,
2022-02-19,chokepoint6,Strait of Hormuz,20,22,7,5,55,54,109,807928,692358,29323,1111,2688981,1530722,4219703,2022,2,19,14379,2105091.654821049,0.0,0.0,0,0,0,0.0,0.0,0.0,
2022-02-20,chokepoint6,Strait of Hormuz,11,14,1,4,69,30,99,327266,812990,6615,8719,3020172,1155592,4175764,2022,2,20,14380,1967986.130357311,0.0,0.0,0,0,0,0.0,0.0,0.0,
2022-02-21,chokepoint6,Strait of Hormuz,11,11,1,2,65,25,90,230458,440576,21111,8919,3833614,701066,4534681,2022,2,21,14381,2003477.6237224783,0.0,0.0,0,0,0,0.0,0.0,0.0,
2022-02-22,chokepoint6,Strait of Hormuz,9,8,0,3,58,20,78,245177,366732,0,0,2531891,611909,3143801,2022,2,22,14382,1905440.051464701,0.0,0.0,0,0,0,0.0,0.0,0.0,
2022-02-23,chokepoint6,Strait of Hormuz,20,15,4,2,63,41,104,520611,621427,7180,0,2190238,1149219,3339457,2022,2,23,14383,2004839.0,0.0,0.0,0,0,0,0.0,0.0,0.0,
2022-02-24,chokepoint6,Strait of Hormuz,16,17,5,2,50,40,90,648279,491635,27438,0,2228851,1167353,3396205,2022,2,24,14384,2071943.8074981982,0.0,0.0,0,0,0,0.0,0.0,0.0,
2022-02-25,chokepoint6,Strait of Hormuz,12,20,6,5,72,43,115,344775,605435,39063,9028,4284399,998302,5282701,2022,2,25,14385,2075593.691101307,0.0,0.0,0,0,0,0.0,0.0,0.0,
2022-02-26,chokepoint6,Strait of Hormuz,12,19,3,1,64,35,99,365184,725583,3846,5340,3419909,1099954,4519864,2022,2,26,14386,2169750.521486042,0.0,0.0,0,0,0,0.0,0.0,0.0,
2022-02-27,chokepoint6,Strait of Hormuz,16,11,5,1,60,33,93,428529,550448,9646,0,2929831,988624,3918455,2022,2,27,14387,2028547.0553554753,0.0,0.0,0,0,0,0.0,0.0,0.0,
2022-02-28,chokepoint6,Strait of Hormuz,11,12,4,2,42,29,71,295382,425532,33061,3823,1092434,757800,1850235,2022,2,28,14388,2077417.3811689497,984983.3811689497,0.4741384134442476,1,0,0,0.0,0.0,0.0,
2022-03-01,chokepoint6,Strait of Hormuz,13,14,3,3,44,33,77,441705,529614,10500,5147,1860683,986967,2847650,2022,3,1,14389,1988396.552935415,127713.55293541495,0.06422941779237896,0,0,0,0.0,0.0,0.0,
2022-03-02,chokepoint6,Strait of Hormuz,12,12,3,1,56,28,84,236908,414464,5168,2695,2441547,659236,3100784,2022,3,2,14390,2092123.0,0.0,0.0,0,0,0,0.0,0.0,0.0,
2022-03-03,chokepoint6,Strait of Hormuz,18,16,2,2,68,38,106,427937,262096,6523,3597,5120938,700155,5821093,2022,3,3,14391,2162028.5455228346,0.0,0.0,0,0,0,0.0,0.0,0.0,
2022-03-04,chokepoint6,Strait of Hormuz,12,18,4,1,54,35,89,436366,720931,46410,0,1962512,1203709,3166222,2022,3,4,14392,2165837.1201131297,203325.12011312973,0.09387830609464727,0,0,0,0.0,0.0,0.0,
2022-03-05,chokepoint6,Strait of Hormuz,9,12,2,3,56,26,82,301941,658002,13555,4169,3771276,977667,4748943,2022,3,5,14393,2196617.6071929825,0.0,0.0,0,0,0,0.0,0.0,0.0,
2022-03-06,chokepoint6,Strait of Hormuz,13,19,2,4,61,38,99,301372,835381,16242,0,2826339,1152997,3979337,2022,3,6,14394,2053665.6793894814,0.0,0.0,0,0,0,0.0,0.0,0.0,
2022-03-07,chokepoint6,Strait of Hormuz,12,14,5,1,51,32,83,471070,599493,36585,0,2384077,1107148,3491226,2022,3,7,14395,2075645.5851160695,0.0,0.0,0,0,0,0.0,0.0,0.0,
2022-03-08,chokepoint6,Strait of Hormuz,10,17,3,3,63,33,96,490271,530920,4935,2493,3356148,1028620,4384769,2022,3,8,14396,1975761.6630294567,0.0,0.0,0,0,0,0.0,0.0,0.0,
2022-03-09,chokepoint6,Strait of Hormuz,14,12,1,4,49,31,80,391602,382927,20936,6542,3207908,802008,4009917,2022,3,9,14397,2112349.0,0.0,0.0,0,0,0,0.0,0.0,0.0,
2022-03-10,chokepoint6,Strait of Hormuz,14,22,6,3,67,45,112,491705,759062,16416,6732,2742943,1273916,4016860,2022,3,10,14398,2162028.5455228346,0.0,0.0,0,0,0,0.0,0.0,0.0,
2022-03-11,chokepoint6,Strait of Hormuz,11,25,3,1,61,40,101,301672,987096,20521,0,3252756,1309291,4562048,2022,3,11,14399,2150239.247574687,0.0,0.0,0,0,0,0.0,0.0,0.0,
2022-03-12,chokepoint6,Strait of Hormuz,21,20,6,3,52,50,102,468538,678076,5681,0,3154091,1152296,4306388,2022,3,12,14400,2169750.521486042,0.0,0.0,0,0,0,0.0,0.0,0.0,
2022-03-13,chokepoint6,Strait of Hormuz,12,19,3,4,75,38,113,458622,659753,12876,9490,3907554,1140743,5048297,2022,3,13,14401,2028547.0553554753,0.0,0.0,0,0,0,0.0,0.0,0.0,
2022-03-14,chokepoint6,Strait of Hormuz,15,19,8,3,64,45,109,389364,786473,45942,4799,2640731,1226579,3867311,2022,3,14,14402,2065130.7300295476,0.0,0.0,0,0,0,0.0,0.0,0.0,
2022-03-15,chokepoint6,Strait of Hormuz,17,18,4,2,53,41,94,448515,480998,29262,0,2569070,958777,3527847,2022,3,15,14403,1974076.5675124365,0.0,0.0,0,0,0,0.0,0.0,0.0,
2022-03-16,chokepoint6,Strait of Hormuz,8,20,6,2,70,36,106,237776,861470,15421,2519,3746923,1117187,4864111,2022,3,16,14352,2093205.0,0.0,0.0,0,0,0,0.0,0.0,0.0,
2022-03-17,chokepoint6,Strait of Hormuz,14,17,4,2,45,37,82,442560,725553,24271,4071,2136689,1196457,3333146,2022,3,17,14822,2163146.6991334283,26457.69913342828,0.012231116430534933,0,0,0,0.0,0.0,0.0,
2022-03-18,chokepoint6,Strait of Hormuz,4,9,0,1,39,14,53,117854,221893,0,0,1839557,339747,2179304,2022,3,18,15204,2211973.36406005,372416.3640600499,0.16836385560108383,0,0,0,0.0,0.0,0.0,
2022-03-19,chokepoint6,Strait of Hormuz,17,13,3,2,49,35,84,657863,499289,13654,2520,2646137,1173329,3819466,2022,3,19,15205,2243409.5311296545,0.0,0.0,0,0,0,0.0,0.0,0.0,
2022-03-20,chokepoint6,Strait of Hormuz,11,13,6,1,54,31,85,269211,387639,21997,0,2176373,678848,2855221,2022,3,20,15206,2136366.9992872905,0.0,0.0,0,0,0,0.0,0.0,0.0,
2022-03-21,chokepoint6,Strait of Hormuz,10,24,6,2,62,42,104,349436,1140248,70695,9542,2577861,1569923,4147785,2022,3,21,15207,2135238.0916143185,0.0,0.0,0,0,0,0.0,0.0,0.0,
2022-03-22,chokepoint6,Strait of Hormuz,14,17,6,1,61,38,99,404321,542008,11884,3829,3733690,962045,4695735,2022,3,22,15208,2092549.33202631,0.0,0.0,0,0,0,0.0,0.0,0.0,
2022-03-23,chokepoint6,Strait of Hormuz,14,15,3,4,77,36,113,461069,474912,9104,3321,4030701,948408,4979110,2022,3,23,15209,2250838.0,0.0,0.0,0,0,0,0.0,0.0,0.0,
2022-03-24,chokepoint6,Strait of Hormuz,20,23,3,1,70,47,117,674258,557939,18612,0,3919248,1250810,5170059,2022,3,24,15210,2326046.799039792,0.0,0.0,0,0,0,0.0,0.0,0.0,
2022-03-25,chokepoint6,Strait of Hormuz,15,23,5,0,65,43,108,742017,1167272,18304,0,3489125,1927594,5416720,2022,3,25,15211,2333459.1236843145,0.0,0.0,0,0,0,0.0,0.0,0.0,
2022-03-26,chokepoint6,Strait of Hormuz,16,13,5,2,67,36,103,457118,451065,9150,5324,3896175,922658,4818834,2022,3,26,15212,2379495.22078724,0.0,0.0,0,0,0,0.0,0.0,0.0,
2022-03-27,chokepoint6,Strait of Hormuz,14,8,9,2,59,33,92,324792,144354,37292,0,2014523,506439,2520963,2022,3,27,15213,2224641.9464180935,210118.94641809352,0.09445068081917947,0,0,0,0.0,0.0,0.0,
2022-03-28,chokepoint6,Strait of Hormuz,7,17,1,1,47,26,73,197444,428902,3843,0,2427290,630191,3057482,2022,3,28,15214,2270513.171304229,0.0,0.0,0,0,0,0.0,0.0,0.0,
2022-03-29,chokepoint6,Strait of Hormuz,11,13,3,0,44,27,71,328801,577218,10145,0,1607512,916165,2523677,2022,3,29,15215,2177912.298160924,570400.2981609241,0.2619023266651198,0,0,0,0.0,0.0,0.0,
2022-03-30,chokepoint6,Strait of Hormuz,14,16,2,3,37,35,72,268135,632418,9198,11422,1590908,921175,2512083,2022,3,30,15216,2295116.0,704208.0,0.30682893587949367,1,0,0,0.0,0.0,0.0,
2022-03-31,chokepoint6,Strait of Hormuz,15,21,2,2,67,40,107,375274,738426,16991,0,4692245,1130691,5822937,2022,3,31,15217,2368093.3017701223,0.0,0.0,0,0,0,0.0,0.0,0.0,
2022-04-01,chokepoint6,Strait of Hormuz,17,14,3,3,74,37,111,787031,764492,17216,18898,3535991,1587638,5123630,2022,4,1,15218,2372264.874802887,0.0,0.0,0,0,0,0.0,0.0,0.0,
2022-04-02,chokepoint6,Strait of Hormuz,21,20,3,6,70,50,120,565230,977273,9488,2523,3174037,1554515,4728552,2022,4,2,15219,2436299.4363062866,0.0,0.0,0,0,0,0.0,0.0,0.0,
2022-04-03,chokepoint6,Strait of Hormuz,17,12,2,1,69,32,101,565359,445090,5029,0,3422579,1015479,4438058,2022,4,3,15220,2364912.2195271407,0.0,0.0,0,0,0,0.0,0.0,0.0,
2022-04-04,chokepoint6,Strait of Hormuz,7,17,7,4,68,35,103,249446,409632,48159,8523,4870628,715760,5586388,2022,4,4,15221,2429038.452328774,0.0,0.0,0,0,0,0.0,0.0,0.0,
2022-04-05,chokepoint6,Strait of Hormuz,18,24,2,2,57,46,103,553025,740882,2594,8425,1738993,1304928,3043921,2022,4,5,15222,2345467.6276976205,606474.6276976205,0.25857301142670375,0,0,0,0.0,0.0,0.0,
2022-04-06,chokepoint6,Strait of Hormuz,16,21,3,0,71,40,111,509666,735871,14161,0,3424476,1259698,4684175,2022,4,6,15223,2472293.0,0.0,0.0,0,0,0,0.0,0.0,0.0,
2022-04-07,chokepoint6,Strait of Hormuz,12,14,5,2,67,33,100,380099,397562,47672,0,3222741,825334,4048075,2022,4,7,15224,2586010.2796069635,0.0,0.0,0,0,0,0.0,0.0,0.0,
2022-04-08,chokepoint6,Strait of Hormuz,16,15,3,1,56,35,91,446521,258799,17006,0,2820187,722327,3542514,2022,4,8,15225,2596722.2669871366,0.0,0.0,0,0,0,0.0,0.0,0.0,
2022-04-09,chokepoint6,Strait of Hormuz,17,22,6,1,59,46,105,628883,746039,43975,2262,4204545,1421160,5625705,2022,4,9,15226,2627382.3832390783,0.0,0.0,0,0,0,0.0,0.0,0.0,
2022-04-10,chokepoint6,Strait of Hormuz,16,22,4,3,59,45,104,548410,826536,16892,3616,3638681,1395455,5034137,2022,4,10,15227,2469624.360743271,0.0,0.0,0,0,0,0.0,0.0,0.0,
2022-04-11,chokepoint6,Strait of Hormuz,14,13,1,1,57,29,86,354818,519284,5124,1939,2508343,881166,3389510,2022,4,11,15228,2514162.609901491,5819.609901491087,0.00231473090824428,0,0,0,0.0,0.0,0.0,
2022-04-12,chokepoint6,Strait of Hormuz,10,21,3,0,68,34,102,159800,688424,17222,0,2855345,865447,3720792,2022,4,12,15229,2395453.0921796476,0.0,0.0,0,0,0,0.0,0.0,0.0,
2022-04-13,chokepoint6,Strait of Hormuz,18,21,4,4,54,47,101,549496,732874,25914,12690,2968139,1320976,4289115,2022,4,13,15230,2522187.0,0.0,0.0,0,0,0,0.0,0.0,0.0,
2022-04-14,chokepoint6,Strait of Hormuz,15,17,8,3,65,43,108,524226,641080,80838,2219,3155548,1248365,4403914,2022,4,14,15231,2612288.956283287,0.0,0.0,0,0,0,0.0,0.0,0.0,
2022-04-15,chokepoint6,Strait of Hormuz,15,8,2,0,73,25,98,349198,308174,2091,0,2704923,659464,3364387,2022,4,15,15232,2609218.578091639,0.0,0.0,0,0,0,0.0,0.0,0.0,
2022-04-16,chokepoint6,Strait of Hormuz,16,8,5,5,58,34,92,729198,303793,12970,2522,2383068,1048484,3431552,2022,4,16,15233,2643395.1201227605,260327.12012276053,0.0984821066442276,0,0,0,0.0,0.0,0.0,
2022-04-17,chokepoint6,Strait of Hormuz,11,13,5,2,67,31,98,356944,597282,22473,0,4736329,976700,5713030,2022,4,17,15234,2474083.8515004907,0.0,0.0,0,0,0,0.0,0.0,0.0,
2022-04-18,chokepoint6,Strait of Hormuz,11,18,3,4,57,36,93,446508,468291,18250,6737,2520414,939787,3460201,2022,4,18,15235,2526108.4925953024,5694.492595302407,0.002254254958563531,0,0,0,0.0,0.0,0.0,
2022-04-19,chokepoint6,Strait of Hormuz,17,14,1,2,63,34,97,445075,474863,5297,1786,3610334,927023,4537357,2022,4,19,15236,2397138.187696668,0.0,0.0,0,0,0,0.0,0.0,0.0,
2022-04-20,chokepoint6,Strait of Hormuz,14,11,6,2,67,33,100,531360,447136,20416,7319,3577762,1006233,4583996,2022,4,20,15237,2522187.0,0.0,0.0,0,0,0,0.0,0.0,0.0,
2022-04-21,chokepoint6,Strait of Hormuz,19,22,4,1,47,46,93,417644,519476,22381,0,2287135,959502,3246637,2022,4,21,15238,2653747.4466250525,366612.4466250525,0.13814895878328512,0,0,0,0.0,0.0,0.0,
2022-04-22,chokepoint6,Strait of Hormuz,13,20,2,1,66,36,102,445679,399306,0,0,3240763,844985,4085749,2022,4,22,15239,2656768.9518512296,0.0,0.0,0,0,0,0.0,0.0,0.0,
2022-04-23,chokepoint6,Strait of Hormuz,18,16,3,4,73,41,114,608920,462653,10454,0,3627524,1082027,4709552,2022,4,23,15240,2694526.4737060303,0.0,0.0,0,0,0,0.0,0.0,0.0,
2022-04-24,chokepoint6,Strait of Hormuz,16,22,3,1,49,42,91,317454,689033,24821,10499,2493985,1041810,3535796,2022,4,24,15241,2519171.5313289315,25186.53132893145,0.009997942186828727,0,0,0,0.0,0.0,0.0,
2022-04-25,chokepoint6,Strait of Hormuz,17,13,5,1,59,36,95,570331,398976,7796,3799,2996226,980903,3977129,2022,4,25,15242,2526108.4925953024,0.0,0.0,0,0,0,0.0,0.0,0.0,
2022-04-26,chokepoint6,Strait of Hormuz,20,12,3,3,74,38,112,492392,470890,12746,4406,3062229,980436,4042665,2022,4,26,15243,2402496.6583819236,0.0,0.0,0,0,0,0.0,0.0,0.0,
2022-04-27,chokepoint6,Strait of Hormuz,18,13,3,2,68,36,104,642132,443151,12827,4518,3131469,1102629,4234098,2022,4,27,15244,2567943.0,0.0,0.0,0,0,0,0.0,0.0,0.0,
2022-04-28,chokepoint6,Strait of Hormuz,25,16,4,1,54,46,100,712223,430094,53487,0,3230740,1195805,4426545,2022,4,28,15245,2652097.0849650544,0.0,0.0,0,0,0,0.0,0.0,0.0,
2022-04-29,chokepoint6,Strait of Hormuz,16,14,3,2,62,35,97,427926,477246,16524,10124,2908018,931823,3839841,2022,4,29,15246,2654341.327831674,0.0,0.0,0,0,0,0.0,0.0,0.0,
2022-04-30,chokepoint6,Strait of Hormuz,11,14,2,2,54,29,83,426231,652843,3333,8172,2405878,1090580,3496458,2022,4,30,15247,2696130.7922397833,290252.79223978333,0.10765530851663868,0,0,0,0.0,0.0,0.0,
2022-05-01,chokepoint6,Strait of Hormuz,10,16,4,2,60,32,92,320691,749753,26330,0,1917539,1096776,3014316,2022,5,1,15248,2520739.175339339,603200.1753393388,0.23929495809820814,0,0,0,0.0,0.0,0.0,
2022-05-02,chokepoint6,Strait of Hormuz,16,17,2,2,53,37,90,422573,617064,3817,0,2567943,1043454,3611398,2022,5,2,15249,2575267.089004369,7324.089004368987,0.002844011417549926,0,0,0,0.0,0.0,0.0,
2022-05-03,chokepoint6,Strait of Hormuz,16,10,4,0,66,30,96,434584,498229,25162,0,3962050,957976,4920026,2022,5,3,15250,2443453.128271909,0.0,0.0,0,0,0,0.0,0.0,0.0,
2022-05-04,chokepoint6,Strait of Hormuz,15,17,2,5,59,39,98,471817,516510,8859,3191,2279824,1000379,3280203,2022,5,4,15251,2570918.0,291094.0,0.11322570381474632,0,0,0,0.0,0.0,0.0,
2022-05-05,chokepoint6,Strait of Hormuz,10,18,6,3,69,37,106,362499,570952,41591,4307,2765187,979350,3744537,2022,5,5,15252,2653747.4466250525,0.0,0.0,0,0,0,0.0,0.0,0.0,
2022-05-06,chokepoint6,Strait of Hormuz,24,25,4,2,61,55,116,897747,773812,19446,0,3172169,1691006,4863175,2022,5,6,15253,2658350.7895919043,0.0,0.0,0,0,0,0.0,0.0,0.0,
2022-05-07,chokepoint6,Strait of Hormuz,26,12,4,2,66,44,110,606100,252415,5691,3938,2819907,868145,3688053,2022,5,7,15254,2696203.2385610063,0.0,0.0,0,0,0,0.0,0.0,0.0,
2022-05-08,chokepoint6,Strait of Hormuz,18,22,3,3,57,46,103,464850,1008689,19967,5434,3661890,1498941,5160831,2022,5,8,15255,2506259.32762643,0.0,0.0,0,0,0,0.0,0.0,0.0,
2022-05-09,chokepoint6,Strait of Hormuz,13,14,1,2,61,30,91,313899,390689,0,0,2662827,704589,3367417,2022,5,9,15256,2551458.267255995,0.0,0.0,0,0,0,0.0,0.0,0.0,
2022-05-10,chokepoint6,Strait of Hormuz,13,21,5,1,45,40,85,251012,602020,10945,0,2339795,863978,3203774,2022,5,10,15257,2440138.061625905,100343.06162590487,0.04112187880018748,0,0,0,0.0,0.0,0.0,
2022-05-11,chokepoint6,Strait of Hormuz,16,17,2,3,65,38,103,320060,789474,25943,9417,3574313,1144896,4719209,2022,5,11,15258,2527825.0,0.0,0.0,0,0,0,0.0,0.0,0.0,
2022-05-12,chokepoint6,Strait of Hormuz,18,17,1,0,60,36,96,321468,641596,2909,0,3430046,965975,4396022,2022,5,12,15259,2649673.7298663096,0.0,0.0,0,0,0,0.0,0.0,0.0,
2022-05-13,chokepoint6,Strait of Hormuz,13,9,2,0,32,24,56,470039,328645,3625,0,1838170,802310,2640480,2022,5,13,15260,2643151.4821910006,804981.4821910006,0.30455366921449517,1,0,0,0.0,0.0,0.0,
2022-05-14,chokepoint6,Strait of Hormuz,12,15,4,5,59,36,95,309828,616309,13350,20723,2425821,960211,3386032,2022,5,14,15261,2680715.4750195206,254894.4750195206,0.09508449419372435,0,0,0,0.0,0.0,0.0,
2022-05-15,chokepoint6,Strait of Hormuz,8,11,1,4,46,24,70,262961,339056,0,0,2215638,602017,2817656,2022,5,15,15262,2516869.6370243574,301231.63702435745,0.11968503755343378,0,0,0,0.0,0.0,0.0,
2022-05-16,chokepoint6,Strait of Hormuz,17,17,3,0,58,37,95,373722,521123,13844,0,1912391,908690,2821081,2022,5,16,15263,2566130.2975145313,653739.2975145313,0.2547568602216815,0,0,0,0.0,0.0,0.0,
2022-05-17,chokepoint6,Strait of Hormuz,20,20,4,2,62,46,108,549091,822329,4754,7816,3895466,1383991,5279458,2022,5,17,15264,2440625.627333875,0.0,0.0,0,0,0,0.0,0.0,0.0,
2022-05-18,chokepoint6,Strait of Hormuz,11,13,5,5,62,34,96,388597,451270,22822,9238,2130367,871930,3002297,2022,5,18,15265,2567874.0,437507.0,0.170377129095898,0,0,0,0.0,0.0,0.0,
2022-05-19,chokepoint6,Strait of Hormuz,15,25,5,1,60,46,106,429339,794421,19236,0,2978587,1242997,4221584,2022,5,19,15266,2653676.141080569,0.0,0.0,0,0,0,0.0,0.0,0.0,
2022-05-20,chokepoint6,Strait of Hormuz,16,9,8,5,59,38,97,590458,234957,38586,0,2553192,864003,3417195,2022,5,20,15267,2661502.0422637714,108310.04226377141,0.04069508140284839,0,0,0,0.0,0.0,0.0,
2022-05-21,chokepoint6,Strait of Hormuz,17,22,7,1,59,47,106,657346,689703,28179,4909,3109559,1380139,4489698,2022,5,21,15268,2762246.9849027144,0.0,0.0,0,0,0,0.0,0.0,0.0,
2022-05-22,chokepoint6,Strait of Hormuz,12,8,2,1,66,23,89,224640,314039,4246,5310,3895113,548236,4443350,2022,5,22,15269,2520235.6052846494,0.0,0.0,0,0,0,0.0,0.0,0.0,
2022-05-23,chokepoint6,Strait of Hormuz,9,14,3,0,62,26,88,268216,404388,28026,0,2886446,700631,3587078,2022,5,23,15270,2629058.5373599394,0.0,0.0,0,0,0,0.0,0.0,0.0,
2022-05-24,chokepoint6,Strait of Hormuz,20,14,1,0,60,35,95,666156,307952,756,0,3210856,974865,4185722,2022,5,24,15271,2500408.976578993,0.0,0.0,0,0,0,0.0,0.0,0.0,
2022-05-25,chokepoint6,Strait of Hormuz,20,13,2,3,52,38,90,595390,618392,1415,0,2700948,1215199,3916147,2022,5,25,15272,2570918.0,0.0,0.0,0,0,0,0.0,0.0,0.0,
2022-05-26,chokepoint6,Strait of Hormuz,7,16,5,1,58,29,87,139341,766289,23039,0,1576842,928669,2505512,2022,5,26,15273,2728386.783666389,1151544.783666389,0.4220606808976513,1,0,0,0.0,0.0,0.0,
2022-05-27,chokepoint6,Strait of Hormuz,15,16,2,4,70,37,107,534710,505804,1128,5000,4028117,1046643,5074760,2022,5,27,15276,2738242.9126030705,0.0,0.0,0,0,0,0.0,0.0,0.0,
2022-05-28,chokepoint6,Strait of Hormuz,16,16,0,0,66,32,98,672772,697760,0,0,2643847,1370533,4014380,2022,5,28,15278,2762246.9849027144,118399.98490271438,0.04286364888796662,0,0,0,0.0,0.0,0.0,
2022-05-29,chokepoint6,Strait of Hormuz,14,19,3,5,62,41,103,378750,530147,1415,13335,3193880,923648,4117529,2022,5,29,15280,2591637.5199202187,0.0,0.0,0,0,0,0.0,0.0,0.0,
2022-05-30,chokepoint6,Strait of Hormuz,18,11,5,1,64,35,99,615235,504704,15213,0,2555903,1135153,3691057,2022,5,30,15282,2638376.2059425977,82473.2059425977,0.03125907736616089,0,0,0,0.0,0.0,0.0,
2022-05-31,chokepoint6,Strait of Hormuz,15,12,4,1,65,32,97,388736,470204,34358,3226,2454506,896526,3351032,2022,5,31,15284,2512766.3437038064,58260.3437038064,0.023185738638130164,0,0,0,0.0,0.0,0.0,
2022-06-01,chokepoint6,Strait of Hormuz,20,15,3,3,61,41,102,520569,487779,27066,6670,2315085,1042086,3357172,2022,6,1,15286,2645047.0,329962.0,0.12474712169575815,0,0,0,0.0,0.0,0.0,
2022-06-02,chokepoint6,Strait of Hormuz,18,20,2,5,71,45,116,515500,520322,18931,5602,3678818,1060357,4739175,2022,6,2,15288,2728386.783666389,0.0,0.0,0,0,0,0.0,0.0,0.0,
2022-06-03,chokepoint6,Strait of Hormuz,12,19,4,4,62,39,101,359356,748992,3554,2731,4160358,1114635,5274993,2022,6,3,15290,2738242.9126030705,0.0,0.0,0,0,0,0.0,0.0,0.0,
2022-06-04,chokepoint6,Strait of Hormuz,18,15,3,3,48,39,87,563218,603561,34099,272,1626351,1201151,2827503,2022,6,4,15292,2785422.4580673277,1159071.4580673277,0.4161205258866019,1,0,0,0.0,0.0,0.0,
2022-06-05,chokepoint6,Strait of Hormuz,17,16,3,0,61,36,97,436960,497321,15639,0,3412500,949921,4362422,2022,6,5,15294,2606888.919412827,0.0,0.0,0,0,0,0.0,0.0,0.0,
2022-06-06,chokepoint6,Strait of Hormuz,12,11,1,5,67,29,96,306897,563329,2432,4660,2167050,877320,3044370,2022,6,6,15296,2647122.2629391043,480072.26293910434,0.18135628628126882,0,0,0,0.0,0.0,0.0,
2022-06-07,chokepoint6,Strait of Hormuz,23,16,3,2,64,44,108,415277,494987,16815,4025,3763683,931105,4694788,2022,6,7,15298,2521387.6079084813,0.0,0.0,0,0,0,0.0,0.0,0.0,
2022-06-08,chokepoint6,Strait of Hormuz,23,26,5,1,64,55,119,727115,1343029,18931,2864,3132889,2091940,5224830,2022,6,8,15300,2655706.0,0.0,0.0,0,0,0,0.0,0.0,0.0,
2022-06-09,chokepoint6,Strait of Hormuz,12,11,3,1,62,27,89,303415,351412,10156,0,1805347,664985,2470332,2022,6,9,15302,2746726.7763902363,941379.7763902363,0.34272785501709163,1,0,0,0.0,0.0,0.0,
2022-06-10,chokepoint6,Strait of Hormuz,21,15,1,4,79,41,120,917397,392764,0,5675,4313716,1315837,5629554,2022,6,10,15304,2751565.3405381087,0.0,0.0,0,0,0,0.0,0.0,0.0,
2022-06-11,chokepoint6,Strait of Hormuz,15,14,3,1,52,33,85,414656,248391,8071,0,3401109,671119,4072229,2022,6,11,15306,2813837.165187064,0.0,0.0,0,0,0,0.0,0.0,0.0,
2022-06-12,chokepoint6,Strait of Hormuz,14,10,2,2,60,28,88,388857,503106,27513,7021,2142259,926499,3068759,2022,6,12,15308,2630717.69734184,488458.6973418398,0.18567507180089823,0,0,0,0.0,0.0,0.0,
2022-06-13,chokepoint6,Strait of Hormuz,12,8,0,2,41,22,63,303331,391413,0,3750,2106555,698495,2805050,2022,6,13,15310,2679293.402437337,572738.4024373372,0.21376471942801056,0,0,0,0.0,0.0,0.0,
2022-06-14,chokepoint6,Strait of Hormuz,15,21,5,0,68,41,109,440977,663943,62901,0,5025407,1167822,6193229,2022,6,14,15312,2547108.83745,0.0,0.0,0,0,0,0.0,0.0,0.0,
2022-06-15,chokepoint6,Strait of Hormuz,17,15,5,2,68,39,107,503482,635856,21203,2788,3338232,1163331,4501563,2022,6,15,15314,2681114.0,0.0,0.0,0,0,0,0.0,0.0,0.0,
2022-06-16,chokepoint6,Strait of Hormuz,19,18,2,3,69,42,111,719664,661108,14730,0,3466191,1395503,4861695,2022,6,16,15316,2769529.0494195763,0.0,0.0,0,0,0,0.0,0.0,0.0,
2022-06-17,chokepoint6,Strait of Hormuz,22,10,5,1,60,38,98,480654,418581,18380,0,2183568,917615,3101184,2022,6,17,15318,2774407.7814726504,590839.7814726504,0.21296068494986478,0,0,0,0.0,0.0,0.0,
2022-06-18,chokepoint6,Strait of Hormuz,13,13,4,2,52,32,84,437438,254519,37012,6012,3176625,734983,3911608,2022,6,18,15320,2831821.701944037,0.0,0.0,0,0,0,0.0,0.0,0.0,
2022-06-19,chokepoint6,Strait of Hormuz,9,23,1,1,68,34,102,392886,452757,16174,0,2697006,861819,3558825,2022,6,19,15322,2647531.832754654,0.0,0.0,0,0,0,0.0,0.0,0.0,
2022-06-20,chokepoint6,Strait of Hormuz,19,14,1,3,56,37,93,534907,700214,1415,10686,2882250,1247224,4129474,2022,6,20,15324,2699428.7203558255,0.0,0.0,0,0,0,0.0,0.0,0.0,
2022-06-21,chokepoint6,Strait of Hormuz,18,13,2,4,48,37,85,421195,298632,5456,6615,1511933,731899,2243832,2022,6,21,15375,2548185.6638576617,1036252.6638576617,0.4066629361256564,1,0,0,0.0,0.0,0.0,
2022-06-22,chokepoint6,Strait of Hormuz,19,20,2,2,63,43,106,648878,979169,2427,16127,4099101,1646603,5745705,2022,6,22,15376,2701263.0,0.0,0.0,0,0,0,0.0,0.0,0.0,
2022-06-23,chokepoint6,Strait of Hormuz,16,19,3,4,47,42,89,382968,720013,3284,0,2038388,1106267,3144655,2022,6,23,15377,2787230.3924841383,748842.3924841383,0.26866899647170084,0,0,0,0.0,0.0,0.0,
2022-06-24,chokepoint6,Strait of Hormuz,12,19,4,0,50,35,85,299705,453643,14176,0,3800553,767525,4568078,2022,6,24,15378,2792032.6424248633,0.0,0.0,0,0,0,0.0,0.0,0.0,
2022-06-25,chokepoint6,Strait of Hormuz,20,24,4,2,68,50,118,732710,771945,4682,6039,3422479,1515377,4937856,2022,6,25,15379,2815026.7547804816,0.0,0.0,0,0,0,0.0,0.0,0.0,
2022-06-26,chokepoint6,Strait of Hormuz,14,10,6,1,63,31,94,406215,280760,17385,0,3771129,704361,4475490,2022,6,26,15380,2647429.7444784595,0.0,0.0,0,0,0,0.0,0.0,0.0,
2022-06-27,chokepoint6,Strait of Hormuz,13,20,3,1,72,37,109,281401,473149,2496,0,3021130,757047,3778177,2022,6,27,15381,2656676.770588053,0.0,0.0,0,0,0,0.0,0.0,0.0,
2022-06-28,chokepoint6,Strait of Hormuz,17,16,1,2,54,36,90,252035,520057,1415,5552,2273120,779060,3052181,2022,6,28,15382,2563289.7461794224,290169.74617942236,0.11320208595689181,0,0,0,0.0,0.0,0.0,
2022-06-29,chokepoint6,Strait of Hormuz,17,20,3,2,57,42,99,670576,841683,14403,0,2175875,1526663,3702539,2022,6,29,15383,2697006.0,521131.0,0.19322574736578266,0,0,0,0.0,0.0,0.0,
2022-06-30,chokepoint6,Strait of Hormuz,19,19,1,3,74,42,116,431306,871157,3366,5536,3226950,1311367,4538318,2022,6,30,15384,2787230.3924841383,0.0,0.0,0,0,0,0.0,0.0,0.0,
2022-07-01,chokepoint6,Strait of Hormuz,15,15,5,3,55,38,93,414868,394908,19885,3847,2465171,833508,3298679,2022,7,1,15385,2792140.306773705,326969.30677370494,0.117103465746503,0,0,0,0.0,0.0,0.0,
2022-07-02,chokepoint6,Strait of Hormuz,16,12,6,3,55,37,92,586884,306896,33643,4590,3714434,932016,4646450,2022,7,2,15386,2831712.50748886,0.0,0.0,0,0,0,0.0,0.0,0.0,
2022-07-03,chokepoint6,Strait of Hormuz,6,17,3,3,59,29,88,189178,555323,3833,4586,4103430,752921,4856351,2022,7,3,15387,2647531.832754654,0.0,0.0,0,0,0,0.0,0.0,0.0,
2022-07-04,chokepoint6,Strait of Hormuz,14,23,1,2,71,40,111,337879,418496,21111,7827,3592687,785315,4378003,2022,7,4,15388,2679293.402437337,0.0,0.0,0,0,0,0.0,0.0,0.0,
2022-07-05,chokepoint6,Strait of Hormuz,16,8,2,0,58,26,84,334459,179562,710,0,3274990,514732,3789723,2022,7,5,15389,2526675.7474779678,0.0,0.0,0,0,0,0.0,0.0,0.0,
2022-07-06,chokepoint6,Strait of Hormuz,18,12,7,2,57,39,96,360251,410517,46136,872,2313671,817777,3131449,2022,7,6,15390,2648921.0,335250.0,0.126560965766816,0,0,0,0.0,0.0,0.0,
2022-07-07,chokepoint6,Strait of Hormuz,9,16,2,3,50,30,80,150132,618041,31471,7019,3080036,806665,3886702,2022,7,7,15391,2714047.135329425,0.0,0.0,0,0,0,0.0,0.0,0.0,
2022-07-08,chokepoint6,Strait of Hormuz,16,14,3,1,66,34,100,501975,418519,13643,0,4261633,934138,5195771,2022,7,8,15392,2715834.2347662663,0.0,0.0,0,0,0,0.0,0.0,0.0,
2022-07-09,chokepoint6,Strait of Hormuz,17,18,2,4,55,41,96,543400,447556,189,8368,2954944,999515,3954459,2022,7,9,15393,2751903.9601147557,0.0,0.0,0,0,0,0.0,0.0,0.0,
2022-07-10,chokepoint6,Strait of Hormuz,11,15,2,2,55,30,85,237491,508530,16447,6243,2626293,768712,3395006,2022,7,10,15394,2572814.99399689,0.0,0.0,0,0,0,0.0,0.0,0.0,
2022-07-11,chokepoint6,Strait of Hormuz,8,13,3,3,56,27,83,174638,546666,8103,10415,2966754,739823,3706577,2022,7,11,15395,2604875.9695744663,0.0,0.0,0,0,0,0.0,0.0,0.0,
2022-07-12,chokepoint6,Strait of Hormuz,17,10,5,0,48,32,80,539216,674164,13325,0,2279545,1226706,3506251,2022,7,12,15396,2477409.7513018535,197864.75130185345,0.07986759202747044,0,0,0,0.0,0.0,0.0,
2022-07-13,chokepoint6,Strait of Hormuz,15,18,4,2,48,39,87,446660,943211,29974,7826,2131613,1427673,3559286,2022,7,13,15397,2601667.0,470054.0,0.1806741600673722,0,0,0,0.0,0.0,0.0,
2022-07-14,chokepoint6,Strait of Hormuz,18,13,4,4,78,39,117,536489,393563,38941,0,3533686,968994,4502680,2022,7,14,15398,2669888.3350204867,0.0,0.0,0,0,0,0.0,0.0,0.0,
2022-07-15,chokepoint6,Strait of Hormuz,15,12,2,1,76,30,106,528009,521210,7912,2052,4607232,1059184,5666417,2022,7,15,15399,2665683.352888499,0.0,0.0,0,0,0,0.0,0.0,0.0,
2022-07-16,chokepoint6,Strait of Hormuz,19,12,4,6,55,41,96,378681,415808,8948,10846,3083197,814286,3897483,2022,7,16,15400,2731611.6405454865,0.0,0.0,0,0,0,0.0,0.0,0.0,
2022-07-17,chokepoint6,Strait of Hormuz,12,15,5,0,61,32,93,260373,750648,103021,0,2955510,1114044,4069554,2022,7,17,15401,2572814.99399689,0.0,0.0,0,0,0,0.0,0.0,0.0,
2022-07-18,chokepoint6,Strait of Hormuz,18,14,2,3,66,37,103,622277,845574,10074,14061,3493344,1491988,4985333,2022,7,18,15402,2599900.350540462,0.0,0.0,0,0,0,0.0,0.0,0.0,
2022-07-19,chokepoint6,Strait of Hormuz,14,9,1,1,47,25,72,535015,274137,0,5384,2552005,814536,3366542,2022,7,19,15403,2455470.244863675,0.0,0.0,0,0,0,0.0,0.0,0.0,
2022-07-20,chokepoint6,Strait of Hormuz,17,17,3,2,61,39,100,349587,446381,965,0,3730238,796934,4527172,2022,7,20,15404,2574957.0,0.0,0.0,0,0,0,0.0,0.0,0.0,
2022-07-21,chokepoint6,Strait of Hormuz,14,17,6,3,72,40,112,563068,779128,29390,4087,2751124,1375674,4126799,2022,7,21,15405,2647137.732675555,0.0,0.0,0,0,0,0.0,0.0,0.0,
2022-07-22,chokepoint6,Strait of Hormuz,12,8,2,0,58,22,80,366137,297401,4895,0,2961657,668434,3630092,2022,7,22,15406,2679566.877718462,0.0,0.0,0,0,0,0.0,0.0,0.0,
2022-07-23,chokepoint6,Strait of Hormuz,12,13,2,3,57,30,87,468482,554757,316,11083,2980929,1034639,4015568,2022,7,23,15407,2691942.5549157383,0.0,0.0,0,0,0,0.0,0.0,0.0,
2022-07-24,chokepoint6,Strait of Hormuz,15,13,2,3,64,33,97,442817,272061,2268,0,2343755,717147,3060903,2022,7,24,15408,2540788.7238130807,197033.7238130807,0.07754825183472279,0,0,0,0.0,0.0,0.0,
2022-07-25,chokepoint6,Strait of Hormuz,14,11,5,2,62,32,94,462544,484644,32631,0,3022195,979820,4002015,2022,7,25,15409,2619214.2266340954,0.0,0.0,0,0,0,0.0,0.0,0.0,
2022-07-26,chokepoint6,Strait of Hormuz,15,17,8,0,64,40,104,488992,463329,33213,0,2507512,985534,3493046,2022,7,26,15410,2508666.229738536,1154.2297385358252,0.00046009697298636813,0,0,0,0.0,0.0,0.0,
2022-07-27,chokepoint6,Strait of Hormuz,10,12,1,3,62,26,88,369886,596412,0,7519,2963686,973818,3937505,2022,7,27,15411,2590232.0,0.0,0.0,0,0,0,0.0,0.0,0.0,
2022-07-28,chokepoint6,Strait of Hormuz,15,14,2,3,49,34,83,509014,342535,11476,3045,2475915,866072,3341987,2022,7,28,15412,2727640.6589835347,251725.65898353467,0.0922869580179015,0,0,0,0.0,0.0,0.0,
2022-07-29,chokepoint6,Strait of Hormuz,15,15,4,0,46,34,80,636259,497051,10496,0,2563885,1143807,3707693,2022,7,29,15413,2691684.293133772,127799.29313377198,0.047479302628386136,0,0,0,0.0,0.0,0.0,
2022-07-30,chokepoint6,Strait of Hormuz,10,22,4,1,64,37,101,213790,863583,9924,0,2559153,1087299,3646452,2022,7,30,15414,2729938.025530563,170785.0255305632,0.0625600376028211,0,0,0,0.0,0.0,0.0,
2022-07-31,chokepoint6,Strait of Hormuz,19,16,4,2,60,41,101,560143,299105,20030,0,3675096,879278,4554375,2022,7,31,15415,2552278.562975144,0.0,0.0,0,0,0,0.0,0.0,0.0,
2022-08-01,chokepoint6,Strait of Hormuz,16,12,6,1,55,35,90,437414,420668,38353,3643,3466531,900080,4366612,2022,8,1,15416,2586610.381162429,0.0,0.0,0,0,0,0.0,0.0,0.0,
2022-08-02,chokepoint6,Strait of Hormuz,20,21,5,2,50,48,98,547165,972211,3717,0,2153204,1523094,3676298,2022,8,2,15417,2471162.637464644,317958.6374646439,0.12866762901160653,0,0,0,0.0,0.0,0.0,
2022-08-03,chokepoint6,Strait of Hormuz,16,27,6,5,61,54,115,644948,1068833,35398,21591,2338951,1770771,4109723,2022,8,3,15418,2639447.0,300496.0,0.11384809014918655,0,0,0,0.0,0.0,0.0,
2022-08-04,chokepoint6,Strait of Hormuz,17,23,5,0,58,45,103,339032,614273,12987,0,3127695,966293,4093989,2022,8,4,15419,2727640.6589835347,0.0,0.0,0,0,0,0.0,0.0,0.0,
2022-08-05,chokepoint6,Strait of Hormuz,17,17,0,7,71,41,112,639670,617197,0,0,3800412,1256868,5057281,2022,8,5,15420,2732534.631646213,0.0,0.0,0,0,0,0.0,0.0,0.0,
2022-08-06,chokepoint6,Strait of Hormuz,17,13,3,1,61,34,95,497009,572257,40559,5666,3447564,1115493,4563057,2022,8,6,15421,2781761.2939788485,0.0,0.0,0,0,0,0.0,0.0,0.0,
2022-08-07,chokepoint6,Strait of Hormuz,21,12,2,2,65,37,102,669875,328822,4726,4144,1959682,1007569,2967252,2022,8,7,15422,2600729.266209756,641047.266209756,0.24648750430836033,0,0,0,0.0,0.0,0.0,
2022-08-08,chokepoint6,Strait of Hormuz,16,20,3,3,53,42,95,377772,777501,18148,3848,3392709,1177271,4569981,2022,8,8,15423,2645781.174217748,0.0,0.0,0,0,0,0.0,0.0,0.0,
2022-08-09,chokepoint6,Strait of Hormuz,16,18,3,2,49,39,88,618255,796267,6176,0,1914035,1420699,3334735,2022,8,9,15424,2531034.3758147154,616999.3758147154,0.24377360564931455,0,0,0,0.0,0.0,0.0,
2022-08-10,chokepoint6,Strait of Hormuz,17,17,2,2,72,38,110,359273,490834,10165,12224,3865102,872497,4737600,2022,8,10,15425,2650820.0,0.0,0.0,0,0,0,0.0,0.0,0.0,
2022-08-11,chokepoint6,Strait of Hormuz,17,14,6,5,67,42,109,471815,648706,45194,7001,2860910,1172718,4033628,2022,8,11,15426,2736044.3790956847,0.0,0.0,0,0,0,0.0,0.0,0.0,
2022-08-12,chokepoint6,Strait of Hormuz,10,19,5,1,66,35,101,308957,839222,14019,0,2840081,1162199,4002281,2022,8,12,15427,2739443.784186305,0.0,0.0,0,0,0,0.0,0.0,0.0,
2022-08-13,chokepoint6,Strait of Hormuz,18,17,2,2,59,39,98,626986,673187,11756,0,2427151,1311930,3739081,2022,8,13,15428,2778376.2658683644,351225.26586836437,0.1264138591245096,0,0,0,0.0,0.0,0.0,
2022-08-14,chokepoint6,Strait of Hormuz,11,18,3,0,54,32,86,288733,737512,7509,0,3439456,1033754,4473211,2022,8,14,15429,2598911.3095990648,0.0,0.0,0,0,0,0.0,0.0,0.0,
2022-08-15,chokepoint6,Strait of Hormuz,13,19,2,2,62,36,98,396094,1110659,12673,3597,2384601,1523024,3907626,2022,8,15,15430,2653591.8668005513,268990.8668005513,0.10136859031184585,0,0,0,0.0,0.0,0.0,
2022-08-16,chokepoint6,Strait of Hormuz,17,16,3,5,63,41,104,489354,408097,13689,10438,3083127,921579,4004707,2022,8,16,15431,2510932.032170897,0.0,0.0,0,0,0,0.0,0.0,0.0,
2022-08-17,chokepoint6,Strait of Hormuz,21,14,6,5,72,46,118,656159,406972,58405,9591,4335243,1131129,5466373,2022,8,17,15432,2644297.0,0.0,0.0,0,0,0,0.0,0.0,0.0,
2022-08-18,chokepoint6,Strait of Hormuz,17,13,7,2,65,39,104,329653,462791,34493,0,3176972,826939,4003911,2022,8,18,15433,2734626.5355155235,0.0,0.0,0,0,0,0.0,0.0,0.0,
2022-08-19,chokepoint6,Strait of Hormuz,29,15,6,3,72,53,125,956525,502205,47229,0,2542736,1505960,4048696,2022,8,19,15434,2739443.784186305,196707.784186305,0.07180573856701096,0,0,0,0.0,0.0,0.0,
2022-08-20,chokepoint6,Strait of Hormuz,17,13,1,1,66,32,98,466133,459845,5646,0,2869528,931625,3801154,2022,8,20,15435,2786548.0009129974,0.0,0.0,0,0,0,0.0,0.0,0.0,
2022-08-21,chokepoint6,Strait of Hormuz,12,15,4,2,55,33,88,242583,593558,13140,9845,3124429,859127,3983557,2022,8,21,15436,2614115.5914257374,0.0,0.0,0,0,0,0.0,0.0,0.0,
2022-08-22,chokepoint6,Strait of Hormuz,15,16,6,1,54,38,92,491902,413778,61510,0,3171139,967191,4138330,2022,8,22,15437,2652187.8208590415,0.0,0.0,0,0,0,0.0,0.0,0.0,
2022-08-23,chokepoint6,Strait of Hormuz,19,17,2,2,65,40,105,417816,429682,12020,0,2441331,859519,3300851,2022,8,23,15438,2522406.458666657,81075.4586666571,0.032142107148549544,0,0,0,0.0,0.0,0.0,
2022-08-24,chokepoint6,Strait of Hormuz,13,19,7,2,62,41,103,455541,622262,47892,0,3560381,1125697,4686078,2022,8,24,15439,2644297.0,0.0,0.0,0,0,0,0.0,0.0,0.0,
2022-08-25,chokepoint6,Strait of Hormuz,17,19,6,1,68,43,111,367732,774973,23632,0,2515229,1166338,3681567,2022,8,25,15440,2732652.71537113,217423.71537113003,0.07956507394742293,0,0,0,0.0,0.0,0.0,
2022-08-26,chokepoint6,Strait of Hormuz,21,24,4,0,61,49,110,722398,809771,7887,0,3671079,1540057,5211137,2022,8,26,15441,2735002.6297965846,0.0,0.0,0,0,0,0.0,0.0,0.0,
2022-08-27,chokepoint6,Strait of Hormuz,18,27,5,2,62,52,114,335814,1163631,44457,0,3309485,1543903,4853389,2022,8,27,15442,2778376.2658683644,0.0,0.0,0,0,0,0.0,0.0,0.0,
2022-08-28,chokepoint6,Strait of Hormuz,21,22,5,4,70,52,122,750483,648568,24908,0,3241982,1423961,4665943,2022,8,28,15443,2593353.388254716,0.0,0.0,0,0,0,0.0,0.0,0.0,
2022-08-29,chokepoint6,Strait of Hormuz,15,23,1,2,61,41,102,278809,816083,189,4994,3308327,1100077,4408404,2022,8,29,15444,2644410.105867747,0.0,0.0,0,0,0,0.0,0.0,0.0,
2022-08-30,chokepoint6,Strait of Hormuz,17,26,4,0,58,47,105,362071,1166193,23209,0,1947092,1551475,3498567,2022,8,30,15445,2522406.458666657,575314.4586666571,0.2280815832396687,0,0,0,0.0,0.0,0.0,
2022-08-31,chokepoint6,Strait of Hormuz,15,17,5,2,63,39,102,500049,526642,24307,2346,5053925,1053346,6107272,2022,8,31,15446,2650359.0,0.0,0.0,0,0,0,0.0,0.0,0.0,
2022-09-01,chokepoint6,Strait of Hormuz,17,25,5,3,68,50,118,374360,811645,15069,12656,3261814,1213732,4475547,2022,9,1,15447,2734626.5355155235,0.0,0.0,0,0,0,0.0,0.0,0.0,
2022-09-02,chokepoint6,Strait of Hormuz,18,11,3,3,65,35,100,474011,493857,4200,8016,3327977,980086,4308063,2022,9,2,15448,2726847.055371825,0.0,0.0,0,0,0,0.0,0.0,0.0,
2022-09-03,chokepoint6,Strait of Hormuz,11,23,8,2,64,44,108,218690,774620,9939,6209,3930097,1009460,4939557,2022,9,3,15449,2770785.1513402006,0.0,0.0,0,0,0,0.0,0.0,0.0,
2022-09-04,chokepoint6,Strait of Hormuz,19,16,5,1,63,41,104,544037,904009,21483,0,4233805,1469530,5703336,2022,9,4,15450,2593353.388254716,0.0,0.0,0,0,0,0.0,0.0,0.0,
2022-09-05,chokepoint6,Strait of Hormuz,12,11,4,3,63,30,93,456694,403941,11625,0,4302572,872261,5174834,2022,9,5,15451,2637185.015364463,0.0,0.0,0,0,0,0.0,0.0,0.0,
2022-09-06,chokepoint6,Strait of Hormuz,16,22,2,3,51,43,94,505911,897503,2006,13073,1525854,1418494,2944349,2022,9,6,15452,2503444.6196028856,977590.6196028856,0.39049820073829233,1,0,0,0.0,0.0,0.0,
2022-09-07,chokepoint6,Strait of Hormuz,16,15,4,0,45,35,80,520112,599297,42153,0,2431216,1161562,3592779,2022,9,7,15453,2634039.0,202823.0,0.07700075815126503,0,0,0,0.0,0.0,0.0,
2022-09-08,chokepoint6,Strait of Hormuz,11,17,6,3,52,37,89,268327,791697,15845,7212,3751378,1083083,4834462,2022,9,8,15454,2681106.0406055073,0.0,0.0,0,0,0,0.0,0.0,0.0,
2022-09-09,chokepoint6,Strait of Hormuz,18,24,4,3,56,49,105,583574,793621,71252,0,2650359,1448448,4098808,2022,9,9,15455,2663168.769202571,12809.769202570897,0.0048099727477678815,0,0,0,0.0,0.0,0.0,
2022-09-10,chokepoint6,Strait of Hormuz,14,19,3,1,71,37,108,598760,687276,22991,0,2560909,1309028,3869937,2022,9,10,15456,2741508.437992578,180599.4379925779,0.06587593730873895,0,0,0,0.0,0.0,0.0,
2022-09-11,chokepoint6,Strait of Hormuz,10,12,2,1,72,25,97,238142,333985,17069,0,3497274,589197,4086471,2022,9,11,15457,2546726.531339037,0.0,0.0,0,0,0,0.0,0.0,0.0,
2022-09-12,chokepoint6,Strait of Hormuz,22,19,2,4,68,47,115,899448,811837,0,11773,2898975,1723058,4622034,2022,9,12,15458,2609319.949860511,0.0,0.0,0,0,0,0.0,0.0,0.0,
2022-09-13,chokepoint6,Strait of Hormuz,18,14,3,1,60,36,96,405310,382457,44583,5170,2962287,837522,3799809,2022,9,13,15459,2464408.9495097967,0.0,0.0,0,0,0,0.0,0.0,0.0,
2022-09-14,chokepoint6,Strait of Hormuz,20,24,12,2,55,58,113,649892,679202,63068,4653,3102888,1396816,4499705,2022,9,14,15460,2572528.0,0.0,0.0,0,0,0,0.0,0.0,0.0,
2022-09-15,chokepoint6,Strait of Hormuz,15,17,7,3,70,42,112,416429,551940,13183,9099,4008714,990653,4999367,2022,9,15,15461,2658485.6483852845,0.0,0.0,0,0,0,0.0,0.0,0.0,
2022-09-16,chokepoint6,Strait of Hormuz,18,13,5,1,69,37,106,500480,389954,48186,0,2222365,938622,3160987,2022,9,16,15462,2684327.919452337,461962.9194523371,0.17209630615718063,0,0,0,0.0,0.0,0.0,
2022-09-17,chokepoint6,Strait of Hormuz,16,9,1,3,57,29,86,407408,70541,7939,8189,2370902,494079,2864982,2022,9,17,15463,2701017.24410895,330115.2441089498,0.12221885840564226,0,0,0,0.0,0.0,0.0,
2022-09-18,chokepoint6,Strait of Hormuz,13,25,1,0,46,39,85,341153,817362,0,0,2723124,1158515,3881639,2022,9,18,15464,2513834.474043657,0.0,0.0,0,0,0,0.0,0.0,0.0,
2022-09-19,chokepoint6,Strait of Hormuz,11,13,4,1,45,29,74,314873,317147,3100,0,2268901,635120,2904022,2022,9,19,15465,2559170.027064272,290269.0270642722,0.11342311139727265,0,0,0,0.0,0.0,0.0,
2022-09-20,chokepoint6,Strait of Hormuz,17,15,6,3,60,41,101,428011,583901,18850,11649,3187709,1042412,4230122,2022,9,20,15466,2431527.252046547,0.0,0.0,0,0,0,0.0,0.0,0.0,
2022-09-21,chokepoint6,Strait of Hormuz,14,13,5,1,62,33,95,432408,532587,21845,2306,3013860,989147,4003008,2022,9,21,15467,2547811.0,0.0,0.0,0,0,0,0.0,0.0,0.0,
2022-09-22,chokepoint6,Strait of Hormuz,18,9,2,1,60,30,90,416223,328767,40751,0,2594417,785742,3380160,2022,9,22,15468,2632942.762254934,38525.76225493383,0.014632206520866093,0,0,0,0.0,0.0,0.0,
2022-09-23,chokepoint6,Strait of Hormuz,16,14,3,0,68,33,101,571497,906215,23008,0,2481434,1500721,3982155,2022,9,23,15469,2642705.2962837815,161271.29628378153,0.0610250777907639,0,0,0,0.0,0.0,0.0,
2022-09-24,chokepoint6,Strait of Hormuz,19,24,9,6,63,58,121,387857,929541,39892,9616,3194479,1366908,4561388,2022,9,24,15470,2701017.24410895,0.0,0.0,0,0,0,0.0,0.0,0.0,
2022-09-25,chokepoint6,Strait of Hormuz,17,13,5,1,73,36,109,567593,501126,32396,0,3916092,1101116,5017208,2022,9,25,15471,2513834.474043657,0.0,0.0,0,0,0,0.0,0.0,0.0,
2022-09-26,chokepoint6,Strait of Hormuz,19,27,3,0,51,49,100,569536,948135,3712,0,1540557,1521384,3061941,2022,9,26,15472,2546080.9211981567,1005523.9211981567,0.3949300718709948,1,0,0,0.0,0.0,0.0,
2022-09-27,chokepoint6,Strait of Hormuz,16,12,3,0,49,31,80,494948,461837,25779,0,2052226,982565,3034791,2022,9,27,15473,2421491.762162613,369265.7621626132,0.15249515523142856,0,0,0,0.0,0.0,0.0,
2022-09-28,chokepoint6,Strait of Hormuz,12,11,2,4,59,29,88,496521,526852,15950,5044,2529130,1044369,3573499,2022,9,28,15474,2547622.0,18492.0,0.00725853364431615,0,0,0,0.0,0.0,0.0,
2022-09-29,chokepoint6,Strait of Hormuz,5,21,3,0,63,29,92,81370,541273,1572,0,2712618,624216,3336835,2022,9,29,15475,2613637.5611463413,0.0,0.0,0,0,0,0.0,0.0,0.0,
2022-09-30,chokepoint6,Strait of Hormuz,18,14,3,2,61,37,98,632270,412306,14353,4909,3480062,1063839,4543902,2022,9,30,15577,2589273.7574687125,0.0,0.0,0,0,0,0.0,0.0,0.0,
2022-10-01,chokepoint6,Strait of Hormuz,13,15,2,3,61,33,94,323058,515429,4162,7416,3620718,850066,4470785,2022,10,1,15578,2655451.657899649,0.0,0.0,0,0,0,0.0,0.0,0.0,
2022-10-02,chokepoint6,Strait of Hormuz,13,19,5,2,54,39,93,377906,745903,9855,2293,2173620,1135958,3309579,2022,10,2,15579,2500791.7151417914,327171.7151417914,0.13082725488925462,0,0,0,0.0,0.0,0.0,
2022-10-03,chokepoint6,Strait of Hormuz,11,14,0,2,55,27,82,343080,254646,0,4289,4019379,602017,4621396,2022,10,3,15580,2555256.686205232,0.0,0.0,0,0,0,0.0,0.0,0.0,
2022-10-04,chokepoint6,Strait of Hormuz,13,14,4,2,56,33,89,291593,356019,18294,3591,4039750,669499,4709250,2022,10,4,15581,2421491.762162613,0.0,0.0,0,0,0,0.0,0.0,0.0,
2022-10-05,chokepoint6,Strait of Hormuz,14,21,4,4,66,43,109,629814,816072,13379,3748,3352375,1463015,4815391,2022,10,5,15582,2547622.0,0.0,0.0,0,0,0,0.0,0.0,0.0,
2022-10-06,chokepoint6,Strait of Hormuz,14,15,4,2,50,35,85,462089,603308,9412,0,1949122,1074809,3023931,2022,10,6,15583,2617933.461848039,668811.4618480392,0.25547305597901443,0,0,0,0.0,0.0,0.0,
2022-10-07,chokepoint6,Strait of Hormuz,16,21,5,3,63,45,108,475737,1022516,48716,5377,3030196,1552347,4582544,2022,10,7,15584,2618241.678711873,0.0,0.0,0,0,0,0.0,0.0,0.0,
2022-10-08,chokepoint6,Strait of Hormuz,15,16,4,3,61,38,99,349817,546149,35878,6736,2478850,938581,3417431,2022,10,8,15585,2626072.0497769555,147222.0497769555,0.05606169479982842,0,0,0,0.0,0.0,0.0,
2022-10-09,chokepoint6,Strait of Hormuz,19,16,3,0,60,38,98,637865,602896,6547,0,2501148,1247308,3748456,2022,10,9,15586,2475455.1719028316,0.0,0.0,0,0,0,0.0,0.0,0.0,
2022-10-10,chokepoint6,Strait of Hormuz,22,18,2,2,51,44,95,643529,917224,11434,0,2333721,1572189,3905910,2022,10,10,15587,2499449.6074838075,165728.6074838075,0.0663060407329621,0,0,0,0.0,0.0,0.0,
2022-10-11,chokepoint6,Strait of Hormuz,15,16,5,2,56,38,94,293086,621210,19488,4087,1949614,937872,2887486,2022,10,11,15588,2369447.6869136,419833.6869136002,0.17718630769201238,0,0,0,0.0,0.0,0.0,
2022-10-12,chokepoint6,Strait of Hormuz,20,19,4,4,67,47,114,703516,674747,20747,3648,3288702,1402659,4691362,2022,10,12,15589,2489704.0,0.0,0.0,0,0,0,0.0,0.0,0.0,
2022-10-13,chokepoint6,Strait of Hormuz,16,16,5,1,65,38,103,307361,413510,24346,0,3305308,745218,4050526,2022,10,13,15590,2565720.2352535506,0.0,0.0,0,0,0,0.0,0.0,0.0,
2022-10-14,chokepoint6,Strait of Hormuz,18,20,5,3,57,46,103,506510,534869,40968,3120,2269104,1085469,3354573,2022,10,14,15591,2570239.942874446,301135.94287444605,0.11716257997985531,0,0,0,0.0,0.0,0.0,
2022-10-15,chokepoint6,Strait of Hormuz,17,17,6,2,66,42,108,534381,730469,44571,2106,3381621,1311529,4693150,2022,10,15,15592,2614056.4599207584,0.0,0.0,0,0,0,0.0,0.0,0.0,
2022-10-16,chokepoint6,Strait of Hormuz,17,15,2,1,61,35,96,477278,645943,0,0,3671928,1123221,4795150,2022,10,16,15593,2433283.8792722113,0.0,0.0,0,0,0,0.0,0.0,0.0,
2022-10-17,chokepoint6,Strait of Hormuz,17,15,6,3,66,41,107,393566,612354,28581,3213,4327157,1037716,5364873,2022,10,17,15594,2481076.092408651,0.0,0.0,0,0,0,0.0,0.0,0.0,
2022-10-18,chokepoint6,Strait of Hormuz,18,23,3,2,54,46,100,438924,561611,19728,0,2172782,1020265,3193048,2022,10,18,15595,2359667.860139694,186885.86013969406,0.0792000701864161,0,0,0,0.0,0.0,0.0,
2022-10-19,chokepoint6,Strait of Hormuz,17,16,7,2,72,42,114,617275,782128,84598,5707,3353753,1489709,4843463,2022,10,19,15596,2493052.0,0.0,0.0,0,0,0,0.0,0.0,0.0,
2022-10-20,chokepoint6,Strait of Hormuz,13,13,2,3,58,31,89,358044,465573,6028,17774,2348272,847422,3195695,2022,10,20,15597,2576354.062104759,228082.0621047588,0.08852900517812626,0,0,0,0.0,0.0,0.0,
2022-10-21,chokepoint6,Strait of Hormuz,18,13,7,4,67,42,109,454572,509103,35570,11531,2702935,1010778,3713713,2022,10,21,15598,2570239.942874446,0.0,0.0,0,0,0,0.0,0.0,0.0,
2022-10-22,chokepoint6,Strait of Hormuz,16,17,6,0,60,39,99,315472,521265,81603,0,2954589,918341,3872930,2022,10,22,15599,2602660.3386083534,0.0,0.0,0,0,0,0.0,0.0,0.0,
2022-10-23,chokepoint6,Strait of Hormuz,18,20,7,2,71,47,118,639552,496067,36392,0,1808463,1172012,2980476,2022,10,23,15600,2407684.262398443,599221.2623984432,0.24887867223982343,0,0,0,0.0,0.0,0.0,
2022-10-24,chokepoint6,Strait of Hormuz,16,13,2,2,71,33,104,288128,519397,13792,0,4501770,821319,5323090,2022,10,24,15601,2401739.002485245,0.0,0.0,0,0,0,0.0,0.0,0.0,
2022-10-25,chokepoint6,Strait of Hormuz,20,21,3,3,64,47,111,686236,549350,8146,4505,2979996,1248238,4228234,2022,10,25,15602,2269537.584860482,0.0,0.0,0,0,0,0.0,0.0,0.0,
2022-10-26,chokepoint6,Strait of Hormuz,14,16,6,3,69,39,108,448145,489905,15985,9928,3389940,963964,4353905,2022,10,26,15603,2374294.0,0.0,0.0,0,0,0,0.0,0.0,0.0,
2022-10-27,chokepoint6,Strait of Hormuz,20,16,6,2,70,44,114,371228,635668,31357,7484,3174477,1045740,4220217,2022,10,27,15604,2467719.5483775777,0.0,0.0,0,0,0,0.0,0.0,0.0,
2022-10-28,chokepoint6,Strait of Hormuz,14,23,1,8,77,46,123,444047,676537,3814,4870,3651303,1129270,4780573,2022,10,28,15605,2472066.620476782,0.0,0.0,0,0,0,0.0,0.0,0.0,
2022-10-29,chokepoint6,Strait of Hormuz,9,17,1,1,59,28,87,221057,443464,0,0,2892501,664521,3557023,2022,10,29,15606,2508601.914833663,0.0,0.0,0,0,0,0.0,0.0,0.0,
2022-10-30,chokepoint6,Strait of Hormuz,21,18,5,2,60,46,106,543639,797328,18586,5860,3074569,1365415,4439985,2022,10,30,15607,2344035.1670454005,0.0,0.0,0,0,0,0.0,0.0,0.0,
2022-10-31,chokepoint6,Strait of Hormuz,11,12,5,1,46,29,75,203571,431725,28389,3086,2324696,666772,2991469,2022,10,31,15608,2372681.7470822036,47985.74708220363,0.020224266124697896,0,0,0,0.0,0.0,0.0,
2022-11-01,chokepoint6,Strait of Hormuz,21,17,1,2,54,41,95,493137,459390,3190,0,3623551,955718,4579270,2022,11,1,15609,2239912.0279732672,0.0,0.0,0,0,0,0.0,0.0,0.0,
2022-11-02,chokepoint6,Strait of Hormuz,15,10,3,1,59,29,88,534088,364722,3875,2592,3735233,905278,4640511,2022,11,2,15610,2348757.0,0.0,0.0,0,0,0,0.0,0.0,0.0,
2022-11-03,chokepoint6,Strait of Hormuz,20,15,5,6,61,46,107,478195,769214,35206,11600,3125065,1294216,4419282,2022,11,3,15611,2424152.8941119574,0.0,0.0,0,0,0,0.0,0.0,0.0,
2022-11-04,chokepoint6,Strait of Hormuz,10,15,1,2,43,28,71,483128,512073,16287,0,2941586,1011489,3953076,2022,11,4,15612,2406604.6259127753,0.0,0.0,0,0,0,0.0,0.0,0.0,
2022-11-05,chokepoint6,Strait of Hormuz,13,10,4,3,49,30,79,288488,393186,12428,3120,2504483,697224,3201707,2022,11,5,15613,2411634.088796519,0.0,0.0,0,0,0,0.0,0.0,0.0,
2022-11-06,chokepoint6,Strait of Hormuz,12,16,3,1,44,32,76,202028,409097,17284,0,2863904,628410,3492314,2022,11,6,15614,2240804.2874521283,0.0,0.0,0,0,0,0.0,0.0,0.0,
2022-11-07,chokepoint6,Strait of Hormuz,11,21,3,0,52,35,87,298300,655818,7216,0,2595177,961334,3556512,2022,11,7,15615,2268971.2190709556,0.0,0.0,0,0,0,0.0,0.0,0.0,
2022-11-08,chokepoint6,Strait of Hormuz,12,22,1,3,60,38,98,292662,770347,2513,3393,2314018,1068916,3382934,2022,11,8,15616,2157942.062964294,0.0,0.0,0,0,0,0.0,0.0,0.0,
2022-11-09,chokepoint6,Strait of Hormuz,14,10,2,1,45,27,72,429618,347696,5602,5808,3100576,788725,3889302,2022,11,9,15617,2250287.0,0.0,0.0,0,0,0,0.0,0.0,0.0,
2022-11-10,chokepoint6,Strait of Hormuz,18,14,4,3,54,39,93,828759,522410,36325,3820,3014190,1391315,4405505,2022,11,10,15618,2310306.875155365,0.0,0.0,0,0,0,0.0,0.0,0.0,
2022-11-11,chokepoint6,Strait of Hormuz,16,20,4,3,74,43,117,528716,526409,13836,6436,3807063,1075398,4882462,2022,11,11,15619,2313998.7926311754,0.0,0.0,0,0,0,0.0,0.0,0.0,
2022-11-12,chokepoint6,Strait of Hormuz,12,22,8,1,46,43,89,289726,640471,36027,2959,2142064,969183,3111248,2022,11,12,15620,2346884.926716668,204820.92671666807,0.08727352772392467,0,0,0,0.0,0.0,0.0,
2022-11-13,chokepoint6,Strait of Hormuz,10,9,6,1,49,26,75,395643,413206,63903,4064,3233964,876817,4110781,2022,11,13,15621,2183293.24970527,0.0,0.0,0,0,0,0.0,0.0,0.0,
2022-11-14,chokepoint6,Strait of Hormuz,11,8,2,2,34,23,57,446299,473071,11409,0,1186104,930780,2116885,2022,11,14,15622,2198195.311767416,1012091.3117674161,0.4604191931214992,1,0,0,0.0,0.0,0.0,
2022-11-15,chokepoint6,Strait of Hormuz,10,7,3,3,47,23,70,150758,174378,12686,0,2515694,337823,2853518,2022,11,15,15623,2035861.5022955376,0.0,0.0,0,0,0,0.0,0.0,0.0,
2022-11-16,chokepoint6,Strait of Hormuz,14,18,6,4,46,42,88,446732,952005,18356,12321,3758967,1429415,5188383,2022,11,16,15624,2124712.0,0.0,0.0,0,0,0,0.0,0.0,0.0,
2022-11-17,chokepoint6,Strait of Hormuz,21,9,2,1,66,33,99,414125,326266,3033,0,3998417,743426,4741844,2022,11,17,15625,2170187.3465908896,0.0,0.0,0,0,0,0.0,0.0,0.0,
2022-11-18,chokepoint6,Strait of Hormuz,17,15,5,5,59,42,101,618640,432783,12427,13893,2605425,1077745,3683170,2022,11,18,15626,2174010.2935179886,0.0,0.0,0,0,0,0.0,0.0,0.0,
2022-11-19,chokepoint6,Strait of Hormuz,8,10,2,1,34,21,55,244166,437762,6560,0,1324729,688489,2013219,2022,11,19,15627,2190607.712371515,865878.7123715151,0.3952687226843228,1,0,0,0.0,0.0,0.0,
2022-11-20,chokepoint6,Strait of Hormuz,12,13,2,2,59,29,88,379686,564496,25829,8148,2270513,978162,3248675,2022,11,20,15628,2061415.5538178876,0.0,0.0,0,0,0,0.0,0.0,0.0,
2022-11-21,chokepoint6,Strait of Hormuz,13,9,1,2,37,25,62,469886,206863,3843,6730,1880843,687324,2568168,2022,11,21,15629,2063880.5795150788,183037.5795150788,0.08868612909671575,0,0,0,0.0,0.0,0.0,
2022-11-22,chokepoint6,Strait of Hormuz,13,10,1,1,46,25,71,426069,788718,645,0,1280215,1215433,2495648,2022,11,22,15630,1962887.2671616883,682672.2671616883,0.34778984946436803,1,0,0,0.0,0.0,0.0,
2022-11-23,chokepoint6,Strait of Hormuz,18,21,3,3,46,45,91,589804,708539,17645,4241,2958695,1320230,4278926,2022,11,23,15631,2065283.0,0.0,0.0,0,0,0,0.0,0.0,0.0,
2022-11-24,chokepoint6,Strait of Hormuz,11,8,6,3,49,28,77,253614,269090,32217,4178,2916907,559100,3476008,2022,11,24,15632,2132607.257820804,0.0,0.0,0,0,0,0.0,0.0,0.0,
2022-11-25,chokepoint6,Strait of Hormuz,13,10,5,0,57,28,85,427094,495719,5567,0,2064616,928380,2992996,2022,11,25,15633,2078339.1319967709,13723.131996770855,0.0066029320169641,0,0,0,0.0,0.0,0.0,
2022-11-26,chokepoint6,Strait of Hormuz,11,12,4,1,39,28,67,302882,354362,12716,0,1968528,669961,2638490,2022,11,26,15634,2066849.4467353912,98321.44673539116,0.04757068633648708,0,0,0,0.0,0.0,0.0,
2022-11-27,chokepoint6,Strait of Hormuz,13,14,6,1,57,34,91,265665,705158,25373,0,2641411,996197,3637609,2022,11,27,15635,1900823.8240379272,0.0,0.0,0,0,0,0.0,0.0,0.0,
2022-11-28,chokepoint6,Strait of Hormuz,14,18,3,4,57,39,96,362982,530303,20596,10203,1770692,924085,2694778,2022,11,28,15636,1853255.7005114583,82563.70051145833,0.04455062541486992,0,0,0,0.0,0.0,0.0,
2022-11-29,chokepoint6,Strait of Hormuz,20,14,4,5,57,43,100,533640,289736,12434,6369,2559702,842181,3401883,2022,11,29,15637,1787591.7132084034,0.0,0.0,0,0,0,0.0,0.0,0.0,
2022-11-30,chokepoint6,Strait of Hormuz,15,17,5,1,61,38,99,449915,380130,65385,0,3587959,895431,4483391,2022,11,30,15638,1936419.0,0.0,0.0,0,0,0,0.0,0.0,0.0,
2022-12-01,chokepoint6,Strait of Hormuz,17,14,3,4,50,38,88,494070,489095,5814,3443,2220075,992424,3212499,2022,12,1,15639,2001121.9006209397,0.0,0.0,0,0,0,0.0,0.0,0.0,
2022-12-02,chokepoint6,Strait of Hormuz,12,13,3,3,55,31,86,438320,219122,10519,10451,3294861,678414,3973275,2022,12,2,15640,1982356.365004386,0.0,0.0,0,0,0,0.0,0.0,0.0,
2022-12-03,chokepoint6,Strait of Hormuz,14,11,2,4,52,31,83,577405,459547,8842,8660,3570841,1054455,4625296,2022,12,3,15641,1974784.871714364,0.0,0.0,0,0,0,0.0,0.0,0.0,
2022-12-04,chokepoint6,Strait of Hormuz,9,12,4,1,50,26,76,142814,591715,5169,0,3020762,739699,3760461,2022,12,4,15642,1820425.3800627326,0.0,0.0,0,0,0,0.0,0.0,0.0,
2022-12-05,chokepoint6,Strait of Hormuz,17,8,3,1,48,29,77,336419,200908,10886,1679,2375601,549893,2925495,2022,12,5,15643,1913586.7051953126,0.0,0.0,0,0,0,0.0,0.0,0.0,
2022-12-06,chokepoint6,Strait of Hormuz,17,16,2,1,41,36,77,465952,764735,11284,3080,1269782,1245053,2514835,2022,12,6,15644,1794386.269244036,524604.2692440359,0.29235860652514273,0,0,0,0.0,0.0,0.0,
2022-12-07,chokepoint6,Strait of Hormuz,7,19,3,3,49,32,81,286813,626003,72056,8870,3510004,993745,4503749,2022,12,7,15645,1936419.0,0.0,0.0,0,0,0,0.0,0.0,0.0,
2022-12-08,chokepoint6,Strait of Hormuz,12,8,5,3,47,28,75,452335,402181,27928,0,1936419,882445,2818864,2022,12,8,15646,2001121.9006209397,64702.900620939676,0.03233331292854405,0,0,0,0.0,0.0,0.0,
2022-12-09,chokepoint6,Strait of Hormuz,12,17,4,2,36,35,71,411852,606340,18521,3052,1854515,1039767,2894282,2022,12,9,15647,2004647.026151114,150132.0261511139,0.07489200053306376,0,0,0,0.0,0.0,0.0,
2022-12-10,chokepoint6,Strait of Hormuz,16,17,1,0,48,34,82,334456,553665,0,0,2469738,888121,3357860,2022,12,10,15648,2037291.3476763507,0.0,0.0,0,0,0,0.0,0.0,0.0,
2022-12-11,chokepoint6,Strait of Hormuz,11,15,6,2,40,34,74,279461,601229,22612,5888,1826703,909192,2735895,2022,12,11,15649,1904708.0866235134,78005.08662351337,0.04095382760819451,0,0,0,0.0,0.0,0.0,
2022-12-12,chokepoint6,Strait of Hormuz,13,15,4,4,49,36,85,498934,355905,4008,15091,3221438,873939,4095378,2022,12,12,15650,1932871.6009812567,0.0,0.0,0,0,0,0.0,0.0,0.0,
2022-12-13,chokepoint6,Strait of Hormuz,11,14,0,1,50,26,76,230040,488896,0,3336,1512575,722273,2234848,2022,12,13,15651,1838289.0426324771,325714.0426324771,0.1771832584967412,0,0,0,0.0,0.0,0.0,
2022-12-14,chokepoint6,Strait of Hormuz,11,14,1,3,40,29,69,183602,399390,0,8179,3408085,591172,3999257,2022,12,14,15652,1914887.0,0.0,0.0,0,0,0,0.0,0.0,0.0,
2022-12-15,chokepoint6,Strait of Hormuz,14,8,6,3,53,31,84,283198,0,34261,4713,3017803,322174,3339978,2022,12,15,15653,1951076.7759442192,0.0,0.0,0,0,0,0.0,0.0,0.0,
2022-12-16,chokepoint6,Strait of Hormuz,14,12,2,1,42,29,71,593297,380857,16751,847,2372259,991754,3364013,2022,12,16,15654,1954513.7432534457,0.0,0.0,0,0,0,0.0,0.0,0.0,
2022-12-17,chokepoint6,Strait of Hormuz,11,16,5,1,56,33,89,277337,688317,17955,0,2906387,983610,3889998,2022,12,17,15655,1948599.2014055948,0.0,0.0,0,0,0,0.0,0.0,0.0,
2022-12-18,chokepoint6,Strait of Hormuz,11,22,2,2,56,37,93,175447,1098462,24770,6294,2324320,1304975,3629296,2022,12,18,15656,1853287.0071988625,0.0,0.0,0,0,0,0.0,0.0,0.0,
2022-12-19,chokepoint6,Strait of Hormuz,13,17,1,0,35,31,66,488094,725892,3093,0,1638193,1217080,2855274,2022,12,19,15657,1854642.757996736,216449.7579967361,0.11670698147309565,0,0,0,0.0,0.0,0.0,
2022-12-20,chokepoint6,Strait of Hormuz,10,13,4,1,55,28,83,398447,414886,29023,5707,2795964,848065,3644029,2022,12,20,15658,1763067.063055451,0.0,0.0,0,0,0,0.0,0.0,0.0,
2022-12-21,chokepoint6,Strait of Hormuz,12,11,4,2,46,29,75,296085,385710,41851,0,2500624,723647,3224272,2022,12,21,15659,1854515.0,0.0,0.0,0,0,0,0.0,0.0,0.0,
2022-12-22,chokepoint6,Strait of Hormuz,8,11,5,3,63,27,90,264098,329300,9659,5546,2449582,608605,3058187,2022,12,22,15660,1916481.1859055513,0.0,0.0,0,0,0,0.0,0.0,0.0,
2022-12-23,chokepoint6,Strait of Hormuz,14,6,5,3,50,28,78,611721,143432,21034,15674,2293719,791863,3085582,2022,12,23,15661,1901533.566516213,0.0,0.0,0,0,0,0.0,0.0,0.0,
2022-12-24,chokepoint6,Strait of Hormuz,14,15,6,0,61,35,96,420019,624282,10083,0,2913474,1054386,3967860,2022,12,24,15662,1947692.047470279,0.0,0.0,0,0,0,0.0,0.0,0.0,
2022-12-25,chokepoint6,Strait of Hormuz,12,15,7,2,43,36,79,503502,496623,42437,2528,2557374,1045091,3602465,2022,12,25,15663,1820939.7479158656,0.0,0.0,0,0,0,0.0,0.0,0.0,
2022-12-26,chokepoint6,Strait of Hormuz,11,10,2,1,50,24,74,283355,171355,8915,0,2738524,463626,3202150,2022,12,26,15664,1831157.7162377213,0.0,0.0,0,0,0,0.0,0.0,0.0,
2022-12-27,chokepoint6,Strait of Hormuz,17,12,4,2,43,35,78,518879,557275,6046,2283,1000833,1084485,2085319,2022,12,27,15665,1741552.3945733402,740719.3945733402,0.42532133795194127,1,0,0,0.0,0.0,0.0,
2022-12-28,chokepoint6,Strait of Hormuz,17,7,2,0,53,26,79,552986,313354,9957,0,2692653,876298,3568951,2022,12,28,15666,1830227.0,0.0,0.0,0,0,0,0.0,0.0,0.0,
2022-12-29,chokepoint6,Strait of Hormuz,11,10,5,1,36,27,63,337054,302491,52584,4912,1809004,697043,2506047,2022,12,29,15667,1891381.634247423,82377.63424742292,0.04355421071866378,0,0,0,0.0,0.0,0.0,
2022-12-30,chokepoint6,Strait of Hormuz,9,8,2,2,46,21,67,389138,267390,22191,4309,1469989,683029,2153019,2022,12,30,15668,1890904.8177704643,420915.81777046435,0.22260021436021274,0,0,0,0.0,0.0,0.0,
2022-12-31,chokepoint6,Strait of Hormuz,11,22,3,1,49,37,86,322453,538715,35904,0,2425412,897073,3322486,2022,12,31,15669,1899357.751854233,0.0,0.0,0,0,0,0.0,0.0,0.0,
2023-01-01,chokepoint6,Strait of Hormuz,12,14,2,7,39,35,74,413260,636305,31512,7210,2748188,1088288,3836476,2023,1,1,15670,1775750.9614292705,0.0,0.0,0,0,0,0.0,0.0,0.0,
2023-01-02,chokepoint6,Strait of Hormuz,13,16,3,2,52,34,86,258970,675748,8487,4493,2447189,947700,3394889,2023,1,2,15671,1825307.6913682572,0.0,0.0,0,0,0,0.0,0.0,0.0,
2023-01-03,chokepoint6,Strait of Hormuz,19,12,3,1,51,35,86,509521,320461,4964,8901,2760422,843849,3604271,2023,1,3,15672,1744767.6670685906,0.0,0.0,0,0,0,0.0,0.0,0.0,
2023-01-04,chokepoint6,Strait of Hormuz,15,11,2,1,51,29,80,532006,217009,19585,2981,4001385,771582,4772967,2023,1,4,15673,1832402.0,0.0,0.0,0,0,0,0.0,0.0,0.0,
2023-01-05,chokepoint6,Strait of Hormuz,19,12,2,3,41,36,77,527789,745960,1599,5707,1528222,1281057,2809279,2023,1,5,15674,1897125.3475262388,368903.34752623877,0.1944538604195401,0,0,0,0.0,0.0,0.0,
2023-01-06,chokepoint6,Strait of Hormuz,7,7,2,2,35,18,53,243038,382919,20879,6492,1935599,653330,2588930,2023,1,6,15675,1900467.2753690304,0.0,0.0,0,0,0,0.0,0.0,0.0,
2023-01-07,chokepoint6,Strait of Hormuz,15,11,2,2,58,30,88,514824,231969,17196,0,2877337,763989,3641327,2023,1,7,15676,1937785.800503028,0.0,0.0,0,0,0,0.0,0.0,0.0,
2023-01-08,chokepoint6,Strait of Hormuz,11,16,4,2,44,33,77,367230,459982,10299,0,2480918,837512,3318430,2023,1,8,15677,1802039.6741673504,0.0,0.0,0,0,0,0.0,0.0,0.0,
2023-01-09,chokepoint6,Strait of Hormuz,12,10,3,1,47,26,73,295610,487148,13296,3901,1681841,799957,2481799,2023,1,9,15679,1834538.419027847,152697.419027847,0.0832347894402582,0,0,0,0.0,0.0,0.0,
2023-01-10,chokepoint6,Strait of Hormuz,11,15,6,1,44,33,77,333378,553194,38128,2627,1588923,927329,2516253,2023,1,10,15681,1744767.6670685906,155844.66706859064,0.08932115720050425,0,0,0,0.0,0.0,0.0,
2023-01-11,chokepoint6,Strait of Hormuz,14,10,5,2,31,31,62,311481,360506,11734,12194,1688075,695917,2383992,2023,1,11,15683,1863795.0,175720.0,0.0942807551259661,0,0,0,0.0,0.0,0.0,
2023-01-12,chokepoint6,Strait of Hormuz,13,13,2,0,39,28,67,376913,187193,5021,0,1835785,569128,2404914,2023,1,12,15685,1926071.2649317137,90286.2649317137,0.046875869328186395,0,0,0,0.0,0.0,0.0,
2023-01-13,chokepoint6,Strait of Hormuz,8,13,1,0,33,22,55,220728,287570,4352,0,2119947,512650,2632598,2023,1,13,15687,1990700.3520396187,0.0,0.0,0,0,0,0.0,0.0,0.0,
2023-01-14,chokepoint6,Strait of Hormuz,12,13,4,3,49,32,81,324110,364571,9052,5293,4030262,703027,4733290,2023,1,14,15689,2032275.752365004,0.0,0.0,0,0,0,0.0,0.0,0.0,
2023-01-15,chokepoint6,Strait of Hormuz,16,17,5,1,35,39,74,515399,651849,30426,0,1729518,1197675,2927194,2023,1,15,15691,1897246.8078989645,167728.8078989645,0.08840642514228791,0,0,0,0.0,0.0,0.0,
2023-01-16,chokepoint6,Strait of Hormuz,10,11,3,1,42,25,67,170606,339838,16903,0,2882262,527348,3409610,2023,1,16,15693,1934284.6408113595,0.0,0.0,0,0,0,0.0,0.0,0.0,
2023-01-17,chokepoint6,Strait of Hormuz,16,6,3,2,44,27,71,489282,98386,11390,2984,2699024,602044,3301068,2023,1,17,15695,1827608.217240333,0.0,0.0,0,0,0,0.0,0.0,0.0,
2023-01-18,chokepoint6,Strait of Hormuz,13,17,0,1,50,31,81,221910,619427,0,3339,2676557,844677,3521235,2023,1,18,15697,1922947.0,0.0,0.0,0,0,0,0.0,0.0,0.0,
2023-01-19,chokepoint6,Strait of Hormuz,12,15,3,5,40,35,75,494815,364293,18450,4289,1609742,881848,2491591,2023,1,19,15699,1997356.1411412698,387614.1411412698,0.19406360896649652,0,0,0,0.0,0.0,0.0,
2023-01-20,chokepoint6,Strait of Hormuz,10,12,2,0,45,24,69,357348,557116,1526,0,2004156,915990,2920147,2023,1,20,15701,2003798.134169862,0.0,0.0,0,0,0,0.0,0.0,0.0,
2023-01-21,chokepoint6,Strait of Hormuz,7,16,2,3,51,28,79,109535,586932,35244,0,2517756,731712,3249469,2023,1,21,15703,2032275.752365004,0.0,0.0,0,0,0,0.0,0.0,0.0,
2023-01-22,chokepoint6,Strait of Hormuz,13,12,3,2,54,30,84,322043,546954,29930,5052,3309586,903981,4213567,2023,1,22,15705,1915025.8738454229,0.0,0.0,0,0,0,0.0,0.0,0.0,
2023-01-23,chokepoint6,Strait of Hormuz,12,10,2,3,49,27,76,279173,501274,8355,10343,2619409,799147,3418556,2023,1,23,15707,1941392.8107629307,0.0,0.0,0,0,0,0.0,0.0,0.0,
2023-01-24,chokepoint6,Strait of Hormuz,18,8,6,4,45,36,81,668734,275682,16459,4914,2250382,965790,3216173,2023,1,24,15709,1854162.96554577,0.0,0.0,0,0,0,0.0,0.0,0.0,
2023-01-25,chokepoint6,Strait of Hormuz,18,15,2,1,58,36,94,370547,648701,30471,3070,4119432,1052791,5172223,2023,1,25,15711,2004839.0,0.0,0.0,0,0,0,0.0,0.0,0.0,
2023-01-26,chokepoint6,Strait of Hormuz,15,11,1,1,51,28,79,463553,458879,1217,3706,2418100,927357,3345458,2023,1,26,15713,2071828.065165124,0.0,0.0,0,0,0,0.0,0.0,0.0,
2023-01-27,chokepoint6,Strait of Hormuz,14,11,3,1,49,29,78,510591,207976,9762,0,1725033,728329,2453363,2023,1,27,15715,2080908.5830912432,355875.58309124317,0.17101932587667107,0,0,0,0.0,0.0,0.0,
2023-01-28,chokepoint6,Strait of Hormuz,15,13,3,0,54,31,85,375731,356017,3426,0,2352473,735175,3087648,2023,1,28,15717,2116413.2299188618,0.0,0.0,0,0,0,0.0,0.0,0.0,
2023-01-29,chokepoint6,Strait of Hormuz,10,11,2,2,48,25,73,348681,571763,1534,5485,2369726,927464,3297190,2023,1,29,15719,1993527.8317666997,0.0,0.0,0,0,0,0.0,0.0,0.0,
2023-01-30,chokepoint6,Strait of Hormuz,9,14,2,3,44,28,72,251437,418166,16442,0,2030859,686046,2716906,2023,1,30,15721,2014365.225525145,0.0,0.0,0,0,0,0.0,0.0,0.0,
2023-01-31,chokepoint6,Strait of Hormuz,18,13,2,0,50,33,83,621612,354593,4088,0,2315180,980294,3295474,2023,1,31,15723,1930169.992442062,0.0,0.0,0,0,0,0.0,0.0,0.0,
2023-02-01,chokepoint6,Strait of Hormuz,12,7,4,0,53,23,76,273366,356394,4839,0,2455712,634601,3090314,2023,2,1,15725,2036856.0,0.0,0.0,0,0,0,0.0,0.0,0.0,
2023-02-02,chokepoint6,Strait of Hormuz,10,5,1,5,43,21,64,285587,105217,1217,6827,2404618,398850,2803468,2023,2,2,15727,2104914.871219072,0.0,0.0,0,0,0,0.0,0.0,0.0,
2023-02-03,chokepoint6,Strait of Hormuz,5,25,5,1,55,36,91,202566,659139,39156,0,2674702,900862,3575565,2023,2,3,15729,2102414.5367723745,0.0,0.0,0,0,0,0.0,0.0,0.0,
2023-02-04,chokepoint6,Strait of Hormuz,11,13,1,0,55,25,80,386353,459204,1415,0,2949458,846973,3796432,2023,2,4,15730,2160264.253192548,0.0,0.0,0,0,0,0.0,0.0,0.0,
2023-02-05,chokepoint6,Strait of Hormuz,8,11,5,1,39,25,64,571529,430159,44898,0,2475180,1046587,3521767,2023,2,5,15731,2019678.136361093,0.0,0.0,0,0,0,0.0,0.0,0.0,
2023-02-06,chokepoint6,Strait of Hormuz,13,15,2,1,47,31,78,350075,457894,10090,8270,2640582,826331,3466913,2023,2,6,15732,2035472.8827326645,0.0,0.0,0,0,0,0.0,0.0,0.0,
2023-02-07,chokepoint6,Strait of Hormuz,12,17,7,4,52,40,92,424974,511797,31931,8817,1916394,977521,2893915,2023,2,7,15733,1955489.1941191142,39095.194119114196,0.01999253907241627,0,0,0,0.0,0.0,0.0,
2023-02-08,chokepoint6,Strait of Hormuz,20,13,5,2,66,40,106,473667,642163,46486,0,3686349,1162318,4848667,2023,2,8,15734,2136795.0,0.0,0.0,0,0,0,0.0,0.0,0.0,
2023-02-09,chokepoint6,Strait of Hormuz,17,14,3,2,44,36,80,529827,699314,15117,9397,2884548,1253656,4138205,2023,2,9,15735,2208193.201800499,0.0,0.0,0,0,0,0.0,0.0,0.0,
2023-02-10,chokepoint6,Strait of Hormuz,10,10,2,0,36,22,58,291754,406710,41241,0,1831528,739705,2571234,2023,2,10,15736,2212083.0988771385,380555.09887713846,0.17203472106012185,0,0,0,0.0,0.0,0.0,
2023-02-11,chokepoint6,Strait of Hormuz,11,16,4,1,45,32,77,403395,635793,4765,0,2320882,1043954,3364836,2023,2,11,15737,2196617.6071929825,0.0,0.0,0,0,0,0.0,0.0,0.0,
2023-02-12,chokepoint6,Strait of Hormuz,14,23,3,3,62,43,105,337164,539291,12383,12800,2377257,901639,3278896,2023,2,12,15738,2033826.1971763703,0.0,0.0,0,0,0,0.0,0.0,0.0,
2023-02-13,chokepoint6,Strait of Hormuz,16,8,7,4,64,35,99,478966,164989,50948,5785,3185822,700689,3886512,2023,2,13,15739,2035472.8827326645,0.0,0.0,0,0,0,0.0,0.0,0.0,
2023-02-14,chokepoint6,Strait of Hormuz,12,13,3,1,47,29,76,338826,378881,13039,6641,1776977,737389,2514366,2023,2,14,15740,1930169.992442062,153192.9924420619,0.07936761686375678,0,0,0,0.0,0.0,0.0,
2023-02-15,chokepoint6,Strait of Hormuz,17,10,3,1,39,31,70,427570,376992,1106,1602,1979001,807271,2786273,2023,2,15,15741,2057499.0,78498.0,0.03815214490991247,0,0,0,0.0,0.0,0.0,
2023-02-16,chokepoint6,Strait of Hormuz,27,24,5,2,73,58,131,625832,839649,5154,0,3496850,1470636,4967486,2023,2,16,15742,2135584.522656405,0.0,0.0,0,0,0,0.0,0.0,0.0,
2023-02-17,chokepoint6,Strait of Hormuz,18,15,8,2,55,43,98,695321,369629,77682,0,2947001,1142633,4089635,2023,2,17,15743,2139346.514127452,0.0,0.0,0,0,0,0.0,0.0,0.0,
2023-02-18,chokepoint6,Strait of Hormuz,8,16,3,1,42,28,70,201786,337864,9277,0,2356472,548928,2905401,2023,2,18,15744,2160264.253192548,0.0,0.0,0,0,0,0.0,0.0,0.0,
2023-02-19,chokepoint6,Strait of Hormuz,13,12,3,1,41,29,70,322482,717015,14425,3358,1963693,1057282,3020976,2023,2,19,15745,1968096.0715778281,4403.071577828145,0.0022372239045719907,0,0,0,0.0,0.0,0.0,
2023-02-20,chokepoint6,Strait of Hormuz,16,16,3,3,50,38,88,289375,560400,33645,0,1660972,883421,2544394,2023,2,20,15746,2003477.6237224783,342505.6237224783,0.17095555231912196,0,0,0,0.0,0.0,0.0,
2023-02-21,chokepoint6,Strait of Hormuz,17,11,7,4,38,39,77,482938,298485,59717,16117,1330551,857259,2187810,2023,2,21,15747,1905440.051464701,574889.0514647011,0.3017093353437108,1,0,0,0.0,0.0,0.0,
2023-02-22,chokepoint6,Strait of Hormuz,14,17,5,4,71,40,111,438387,604610,38580,7608,3395079,1089187,4484266,2023,2,22,15748,2004839.0,0.0,0.0,0,0,0,0.0,0.0,0.0,
2023-02-23,chokepoint6,Strait of Hormuz,18,19,6,3,60,46,106,610284,582328,4481,10978,2908812,1208072,4116884,2023,2,23,15749,2071828.065165124,0.0,0.0,0,0,0,0.0,0.0,0.0,
2023-02-24,chokepoint6,Strait of Hormuz,15,19,7,2,77,43,120,374858,932971,22419,11718,4536489,1341966,5878456,2023,2,24,15750,2075593.691101307,0.0,0.0,0,0,0,0.0,0.0,0.0,
2023-02-25,chokepoint6,Strait of Hormuz,16,20,6,2,50,44,94,406766,832190,13496,2774,2320098,1255228,3575326,2023,2,25,15751,2105091.654821049,0.0,0.0,0,0,0,0.0,0.0,0.0,
2023-02-26,chokepoint6,Strait of Hormuz,16,18,4,4,65,42,107,482564,839446,10338,12885,3280424,1345234,4625658,2023,2,26,15752,2028547.0553554753,0.0,0.0,0,0,0,0.0,0.0,0.0,
2023-02-27,chokepoint6,Strait of Hormuz,12,10,2,2,57,26,83,269109,418028,2078,4938,2588254,694154,3282409,2023,2,27,15753,2065130.7300295476,0.0,0.0,0,0,0,0.0,0.0,0.0,
2023-02-28,chokepoint6,Strait of Hormuz,20,11,4,5,46,40,86,646094,382261,17230,4946,3378321,1050532,4428854,2023,2,28,15754,1975761.6630294567,0.0,0.0,0,0,0,0.0,0.0,0.0,
2023-03-01,chokepoint6,Strait of Hormuz,15,13,3,2,58,33,91,440127,508573,33459,4003,2245306,986163,3231470,2023,3,1,15755,2092123.0,0.0,0.0,0,0,0,0.0,0.0,0.0,
2023-03-02,chokepoint6,Strait of Hormuz,10,14,3,2,42,29,71,203981,527947,10405,0,2078829,742334,2821163,2023,3,2,15756,2162028.5455228346,83199.54552283464,0.0384821679136132,0,0,0,0.0,0.0,0.0,
2023-03-03,chokepoint6,Strait of Hormuz,16,9,3,2,46,30,76,420223,462995,13333,0,3359562,896551,4256114,2023,3,3,15757,2165837.1201131297,0.0,0.0,0,0,0,0.0,0.0,0.0,
2023-03-04,chokepoint6,Strait of Hormuz,16,11,4,3,46,34,80,573838,607236,42645,4129,3001862,1227849,4229711,2023,3,4,15758,2196617.6071929825,0.0,0.0,0,0,0,0.0,0.0,0.0,
2023-03-05,chokepoint6,Strait of Hormuz,9,9,2,4,63,24,87,284163,346025,21933,0,4084677,652121,4736799,2023,3,5,15759,2053665.6793894814,0.0,0.0,0,0,0,0.0,0.0,0.0,
2023-03-06,chokepoint6,Strait of Hormuz,20,25,2,5,56,52,108,718449,832994,22311,5543,1521640,1579298,3100939,2023,3,6,15760,2090702.353942208,569062.353942208,0.27218716852219044,0,0,0,0.0,0.0,0.0,
2023-03-07,chokepoint6,Strait of Hormuz,15,16,7,4,67,42,109,335967,564353,10840,6291,3345950,917453,4263403,2023,3,7,15761,1974076.5675124365,0.0,0.0,0,0,0,0.0,0.0,0.0,
2023-03-08,chokepoint6,Strait of Hormuz,22,13,3,4,59,42,101,929941,422775,925,3825,2689598,1357467,4047066,2023,3,8,15762,2078829.0,0.0,0.0,0,0,0,0.0,0.0,0.0,
2023-03-09,chokepoint6,Strait of Hormuz,18,20,3,3,55,44,99,470490,500252,2303,7662,2332181,980709,3312890,2023,3,9,15763,2182930.3707796405,0.0,0.0,0,0,0,0.0,0.0,0.0,
2023-03-10,chokepoint6,Strait of Hormuz,18,21,2,0,50,41,91,480829,639860,4957,0,1664945,1125647,2790593,2023,3,10,15764,2165837.1201131297,500892.1201131297,0.23126952413068175,0,0,0,0.0,0.0,0.0,
2023-03-11,chokepoint6,Strait of Hormuz,22,15,2,4,69,43,112,481809,399378,1217,13327,3526742,895733,4422475,2023,3,11,15765,2180798.060499228,0.0,0.0,0,0,0,0.0,0.0,0.0,
2023-03-12,chokepoint6,Strait of Hormuz,13,19,4,2,62,38,100,397352,367164,14636,2431,3197648,781584,3979233,2023,3,12,15766,2028547.0553554753,0.0,0.0,0,0,0,0.0,0.0,0.0,
2023-03-13,chokepoint6,Strait of Hormuz,19,10,3,2,47,34,81,647131,291365,18232,2577,2260893,959307,3220201,2023,3,13,15767,2065130.7300295476,0.0,0.0,0,0,0,0.0,0.0,0.0,
2023-03-14,chokepoint6,Strait of Hormuz,20,13,10,1,64,44,108,466797,504581,22052,2933,2939197,996365,3935562,2023,3,14,15768,1964076.2431863877,0.0,0.0,0,0,0,0.0,0.0,0.0,
2023-03-15,chokepoint6,Strait of Hormuz,18,15,7,2,57,42,99,512258,479944,15009,5709,2936002,1012921,3948923,2023,3,15,15769,2077056.0,0.0,0.0,0,0,0,0.0,0.0,0.0,
2023-03-16,chokepoint6,Strait of Hormuz,17,15,2,4,52,38,90,355938,662108,2798,11486,2678630,1032332,3710962,2023,3,16,15770,2163146.6991334283,0.0,0.0,0,0,0,0.0,0.0,0.0,
2023-03-17,chokepoint6,Strait of Hormuz,15,16,3,0,43,34,77,600468,786062,5730,0,1407541,1392261,2799802,2023,3,17,15771,2166957.2434347332,759416.2434347332,0.3504528046114197,1,0,0,0.0,0.0,0.0,
2023-03-18,chokepoint6,Strait of Hormuz,12,14,3,3,53,32,85,302731,371941,12029,11522,2579106,698225,3277331,2023,3,18,15772,2243409.5311296545,0.0,0.0,0,0,0,0.0,0.0,0.0,
2023-03-19,chokepoint6,Strait of Hormuz,16,15,4,1,60,36,96,421088,413335,22094,0,2973065,856519,3829584,2023,3,19,15773,2097412.468974832,0.0,0.0,0,0,0,0.0,0.0,0.0,
2023-03-20,chokepoint6,Strait of Hormuz,12,15,3,1,44,31,75,244545,502278,42540,7573,2831003,796938,3627942,2023,3,20,15774,2174895.144385041,0.0,0.0,0,0,0,0.0,0.0,0.0,
2023-03-21,chokepoint6,Strait of Hormuz,14,7,5,0,40,26,66,583392,256558,33858,0,1460983,873809,2334793,2023,3,21,15775,2030752.9921974086,569769.9921974086,0.2805708002827463,0,0,0,0.0,0.0,0.0,
2023-03-22,chokepoint6,Strait of Hormuz,9,9,6,5,33,29,62,341131,435662,25710,11644,1957068,814148,2771216,2023,3,22,15776,2201709.0,244641.0,0.11111413906197413,0,0,0,0.0,0.0,0.0,
2023-03-23,chokepoint6,Strait of Hormuz,15,9,3,1,43,28,71,374858,462031,27910,0,2402665,864800,3267465,2023,3,23,15777,2326046.799039792,0.0,0.0,0,0,0,0.0,0.0,0.0,
2023-03-24,chokepoint6,Strait of Hormuz,7,12,3,1,46,23,69,287048,615602,7188,3944,3130246,913783,4044030,2023,3,24,15778,2330144.304020938,0.0,0.0,0,0,0,0.0,0.0,0.0,
2023-03-25,chokepoint6,Strait of Hormuz,14,18,5,1,54,38,92,312928,553614,48965,8728,1597323,924238,2521561,2023,3,25,15833,2366621.824489894,769298.8244898939,0.3250620004130613,1,0,0,0.0,0.0,0.0,
2023-03-26,chokepoint6,Strait of Hormuz,13,14,2,0,52,29,81,409323,893267,16698,0,2766816,1319289,4086105,2023,3,26,15834,2224641.9464180935,0.0,0.0,0,0,0,0.0,0.0,0.0,
2023-03-27,chokepoint6,Strait of Hormuz,15,7,7,1,45,30,75,399655,117373,61483,4087,1962927,582598,2545526,2023,3,27,15835,2264762.0792092914,301835.0792092914,0.13327452008321894,0,0,0,0.0,0.0,0.0,
2023-03-28,chokepoint6,Strait of Hormuz,14,8,1,3,47,26,73,466254,286696,7574,10645,2554868,771171,3326040,2023,3,28,15836,2159408.5617701383,0.0,0.0,0,0,0,0.0,0.0,0.0,
2023-03-29,chokepoint6,Strait of Hormuz,11,15,2,4,36,32,68,424679,385752,5372,4364,1902366,820168,2722535,2023,3,29,15837,2291525.0,389159.0,0.16982533465705152,0,0,0,0.0,0.0,0.0,
2023-03-30,chokepoint6,Strait of Hormuz,18,15,4,1,54,38,92,361906,484472,31698,0,2713702,878076,3591779,2023,3,30,15838,2371804.2903243196,0.0,0.0,0,0,0,0.0,0.0,0.0,
2023-03-31,chokepoint6,Strait of Hormuz,13,21,5,2,63,41,104,466020,889994,9608,0,3549102,1365622,4914725,2023,3,31,15839,2372264.874802887,0.0,0.0,0,0,0,0.0,0.0,0.0,
2023-04-01,chokepoint6,Strait of Hormuz,23,15,6,3,58,47,105,589157,723117,16930,0,2295116,1329205,3624321,2023,4,1,15840,2405979.0759543767,110863.07595437672,0.046078154653278025,0,0,0,0.0,0.0,0.0,
2023-04-02,chokepoint6,Strait of Hormuz,10,11,3,1,58,25,83,198730,449439,10028,0,2946734,658198,3604933,2023,4,2,15841,2277749.4456360317,0.0,0.0,0,0,0,0.0,0.0,0.0,
2023-04-03,chokepoint6,Strait of Hormuz,15,6,3,1,35,25,60,555503,308555,18792,4318,2127859,887170,3015029,2023,4,3,15842,2407562.045688929,279703.04568892904,0.11617687950753992,0,0,0,0.0,0.0,0.0,
2023-04-04,chokepoint6,Strait of Hormuz,14,11,6,5,45,36,81,338874,329908,15909,9391,1822512,694084,2516596,2023,4,4,15843,2310176.614309021,487664.6143090208,0.21109408314865244,0,0,0,0.0,0.0,0.0,
2023-04-05,chokepoint6,Strait of Hormuz,16,11,2,0,43,29,72,466078,143649,21341,0,2409198,631069,3040268,2023,4,5,15844,2467821.0,58623.0,0.023754964399768055,0,0,0,0.0,0.0,0.0,
2023-04-06,chokepoint6,Strait of Hormuz,16,23,6,2,70,47,117,330679,594220,34014,0,3780548,958913,4739462,2023,4,6,15845,2554901.427352161,0.0,0.0,0,0,0,0.0,0.0,0.0,
2023-04-07,chokepoint6,Strait of Hormuz,24,15,10,3,62,52,114,716991,530028,30641,5523,3692726,1283183,4975910,2023,4,7,15846,2590565.7296548127,0.0,0.0,0,0,0,0.0,0.0,0.0,
2023-04-08,chokepoint6,Strait of Hormuz,16,21,6,2,70,45,115,325390,610671,29307,2283,3534186,967652,4501839,2023,4,8,15847,2633626.416171165,0.0,0.0,0,0,0,0.0,0.0,0.0,
2023-04-09,chokepoint6,Strait of Hormuz,16,16,2,3,71,37,108,394693,562039,7622,7843,3286894,972200,4259094,2023,4,9,15848,2456397.0576498234,0.0,0.0,0,0,0,0.0,0.0,0.0,
2023-04-10,chokepoint6,Strait of Hormuz,13,25,6,3,66,47,113,237731,916194,66604,0,2635432,1220530,3855962,2023,4,10,15849,2514162.609901491,0.0,0.0,0,0,0,0.0,0.0,0.0,
2023-04-11,chokepoint6,Strait of Hormuz,21,23,5,8,69,57,126,523931,790052,34379,16065,4504486,1364428,5868914,2023,4,11,15850,2391135.331923685,0.0,0.0,0,0,0,0.0,0.0,0.0,
2023-04-12,chokepoint6,Strait of Hormuz,16,12,6,4,74,38,112,529328,529024,50164,15787,2619323,1124305,3743628,2023,4,12,15851,2520414.0,0.0,0.0,0,0,0,0.0,0.0,0.0,
2023-04-13,chokepoint6,Strait of Hormuz,21,15,5,0,66,41,107,475628,365290,39543,0,3716447,880462,4596909,2023,4,13,15852,2606462.5699094185,0.0,0.0,0,0,0,0.0,0.0,0.0,
2023-04-14,chokepoint6,Strait of Hormuz,10,15,5,2,51,32,83,296838,594290,43191,4615,2515871,938934,3454806,2023,4,14,15853,2616890.6981807346,101019.69818073465,0.038602949007753226,0,0,0,0.0,0.0,0.0,
2023-04-15,chokepoint6,Strait of Hormuz,20,12,5,1,53,38,91,540756,694786,40222,0,2125424,1275764,3401189,2023,4,15,15854,2646300.322598477,520876.3225984769,0.1968319008052018,0,0,0,0.0,0.0,0.0,
2023-04-16,chokepoint6,Strait of Hormuz,14,22,1,3,54,40,94,484373,667220,3913,11350,3294833,1166859,4461693,2023,4,16,15855,2471367.714382897,0.0,0.0,0,0,0,0.0,0.0,0.0,
2023-04-17,chokepoint6,Strait of Hormuz,14,11,1,3,48,29,77,454928,297956,19235,4434,2320403,776554,3096957,2023,4,17,15856,2518702.5249991976,198299.52499919757,0.07873082391866056,0,0,0,0.0,0.0,0.0,
2023-04-18,chokepoint6,Strait of Hormuz,19,13,8,5,62,45,107,511225,390131,35804,18459,3564921,955621,4520543,2023,4,18,15857,2402496.6583819236,0.0,0.0,0,0,0,0.0,0.0,0.0,
2023-04-19,chokepoint6,Strait of Hormuz,12,13,6,4,57,35,92,299772,516395,9695,3414,2566346,829277,3395623,2023,4,19,15858,2522187.0,0.0,0.0,0,0,0,0.0,0.0,0.0,
2023-04-20,chokepoint6,Strait of Hormuz,20,25,3,1,80,49,129,360599,770404,5847,5038,3592200,1141889,4734089,2023,4,20,15073,2606462.5699094185,0.0,0.0,0,0,0,0.0,0.0,0.0,
2023-04-21,chokepoint6,Strait of Hormuz,20,17,5,3,52,45,97,648177,446125,24526,3086,2740239,1121915,3862155,2023,4,21,15274,2658422.220746424,0.0,0.0,0,0,0,0.0,0.0,0.0,
2023-04-22,chokepoint6,Strait of Hormuz,27,16,5,1,74,49,123,745913,730929,28255,4895,3806009,1509993,5316002,2023,4,22,15275,2694526.4737060303,0.0,0.0,0,0,0,0.0,0.0,0.0,
2023-04-23,chokepoint6,Strait of Hormuz,16,14,6,1,53,37,90,382936,479659,44075,0,2798769,906671,3705440,2023,4,23,15277,2519171.5313289315,0.0,0.0,0,0,0,0.0,0.0,0.0,
2023-04-24,chokepoint6,Strait of Hormuz,27,14,4,3,68,48,116,828140,495036,9027,3164,2946921,1335369,4282291,2023,4,24,15279,2564603.3350955797,0.0,0.0,0,0,0,0.0,0.0,0.0,
2023-04-25,chokepoint6,Strait of Hormuz,13,13,3,3,54,32,86,307172,515329,13522,0,2670440,836023,3506464,2023,4,25,15281,2402496.6583819236,0.0,0.0,0,0,0,0.0,0.0,0.0,
2023-04-26,chokepoint6,Strait of Hormuz,14,9,3,4,49,30,79,315188,270499,56114,1931,2135096,643733,2778829,2023,4,26,15283,2527825.0,392729.0,0.15536241630650857,0,0,0,0.0,0.0,0.0,
2023-04-27,chokepoint6,Strait of Hormuz,14,15,2,2,52,33,85,487365,420614,5545,0,2759433,913526,3672959,2023,4,27,15285,2653747.4466250525,0.0,0.0,0,0,0,0.0,0.0,0.0,
2023-04-28,chokepoint6,Strait of Hormuz,21,9,5,2,46,37,83,575247,357265,6647,1586,1564958,940746,2505705,2023,4,28,15287,2656768.9518512296,1091810.9518512296,0.4109544230748627,1,0,0,0.0,0.0,0.0,
2023-04-29,chokepoint6,Strait of Hormuz,14,14,3,1,63,32,95,430835,407771,19241,0,3728574,857848,4586422,2023,4,29,15289,2692064.348731128,0.0,0.0,0,0,0,0.0,0.0,0.0,
2023-04-30,chokepoint6,Strait of Hormuz,14,9,3,4,46,30,76,578862,391357,5578,5895,1821541,981694,2803236,2023,4,30,15291,2520671.443694556,699130.4436945561,0.27735881462989814,0,0,0,0.0,0.0,0.0,
2023-05-01,chokepoint6,Strait of Hormuz,13,14,4,3,52,34,86,245606,411843,11617,0,3943975,669067,4613042,2023,5,1,15293,2566199.250660413,0.0,0.0,0,0,0,0.0,0.0,0.0,
2023-05-02,chokepoint6,Strait of Hormuz,20,15,5,1,48,41,89,649008,674784,21942,0,1882760,1345734,3228495,2023,5,2,15295,2449249.7428,566489.7428000001,0.2312911308719318,0,0,0,0.0,0.0,0.0,
2023-05-03,chokepoint6,Strait of Hormuz,16,16,3,2,65,37,102,631861,674302,16705,3706,3673944,1326575,5000520,2023,5,3,15297,2570918.0,0.0,0.0,0,0,0,0.0,0.0,0.0,
2023-05-04,chokepoint6,Strait of Hormuz,17,13,5,4,65,39,104,364521,600441,40405,0,2026269,1005368,3031638,2023,5,4,15299,2656821.8523473404,630552.8523473404,0.23733350875228532,0,0,0,0.0,0.0,0.0,
2023-05-05,chokepoint6,Strait of Hormuz,14,14,1,3,47,32,79,431191,469174,1415,2120,2577017,903902,3480919,2023,5,5,15301,2658422.220746424,81405.22074642405,0.030621629668581136,0,0,0,0.0,0.0,0.0,
2023-05-06,chokepoint6,Strait of Hormuz,22,21,7,3,63,53,116,507513,877320,36201,5195,3611896,1426230,5038127,2023,5,6,15303,2696130.7922397833,0.0,0.0,0,0,0,0.0,0.0,0.0,
2023-05-07,chokepoint6,Strait of Hormuz,21,12,9,3,55,45,100,661551,736500,101362,3493,2447056,1502907,3949964,2023,5,7,15305,2520739.175339339,73683.17533933884,0.029230781216949865,0,0,0,0.0,0.0,0.0,
2023-05-08,chokepoint6,Strait of Hormuz,25,18,6,1,61,50,111,685397,531003,54278,0,3797974,1270680,5068654,2023,5,8,15307,2551458.267255995,0.0,0.0,0,0,0,0.0,0.0,0.0,
2023-05-09,chokepoint6,Strait of Hormuz,19,15,3,1,68,38,106,422235,607639,8069,4087,2880750,1042031,3922781,2023,5,9,15309,2426605.974783642,0.0,0.0,0,0,0,0.0,0.0,0.0,
2023-05-10,chokepoint6,Strait of Hormuz,18,18,4,4,56,44,100,738180,815699,25345,11384,2954955,1590610,4545565,2023,5,10,15311,2567430.0,0.0,0.0,0,0,0,0.0,0.0,0.0,
2023-05-11,chokepoint6,Strait of Hormuz,20,18,5,1,71,44,115,578344,960831,42768,0,3890952,1581944,5472896,2023,5,11,15313,2612288.956283287,0.0,0.0,0,0,0,0.0,0.0,0.0,
2023-05-12,chokepoint6,Strait of Hormuz,13,19,6,2,79,40,119,346782,604468,21416,0,3248681,972667,4221348,2023,5,12,15315,2654341.327831674,0.0,0.0,0,0,0,0.0,0.0,0.0,
2023-05-13,chokepoint6,Strait of Hormuz,21,16,3,4,58,44,102,348375,769418,5497,4278,2564001,1127570,3691572,2023,5,13,15317,2680715.4750195206,116714.47501952061,0.04353855383278627,0,0,0,0.0,0.0,0.0,
2023-05-14,chokepoint6,Strait of Hormuz,20,19,3,1,62,43,105,597497,622796,6267,0,3605431,1226561,4831993,2023,5,14,15319,2506259.32762643,0.0,0.0,0,0,0,0.0,0.0,0.0,
2023-05-15,chokepoint6,Strait of Hormuz,14,12,6,3,65,35,100,261370,248832,48658,6298,3002349,565160,3567509,2023,5,15,15321,2562259.927456548,0.0,0.0,0,0,0,0.0,0.0,0.0,
2023-05-16,chokepoint6,Strait of Hormuz,22,20,5,5,57,52,109,578465,685028,25983,14560,2889399,1304037,4193437,2023,5,16,15323,2440560.048320522,0.0,0.0,0,0,0,0.0,0.0,0.0,
2023-05-17,chokepoint6,Strait of Hormuz,15,17,3,0,55,35,90,383621,612014,18746,0,3932159,1014382,4946542,2023,5,17,15325,2567943.0,0.0,0.0,0,0,0,0.0,0.0,0.0,
2023-05-18,chokepoint6,Strait of Hormuz,15,16,6,5,58,42,100,408511,380466,24659,14228,2805906,827866,3633773,2023,5,18,15326,2653676.141080569,0.0,0.0,0,0,0,0.0,0.0,0.0,
2023-05-19,chokepoint6,Strait of Hormuz,22,14,3,2,77,41,118,484635,412425,10515,0,3151356,907576,4058932,2023,5,19,15327,2658350.7895919043,0.0,0.0,0,0,0,0.0,0.0,0.0,
2023-05-20,chokepoint6,Strait of Hormuz,19,13,4,2,77,38,115,380719,746467,44757,6492,3842275,1178436,5020712,2023,5,20,15328,2699326.8299470767,0.0,0.0,0,0,0,0.0,0.0,0.0,
2023-05-21,chokepoint6,Strait of Hormuz,10,10,1,1,48,22,70,220072,377395,16643,5348,1417814,619460,2037274,2023,5,21,15329,2582484.9133121814,1164670.9133121814,0.4509884674673378,1,0,0,0.0,0.0,0.0,
2023-05-22,chokepoint6,Strait of Hormuz,17,11,4,5,57,37,94,282059,324061,15492,20679,2344953,642294,2987247,2023,5,22,15330,2565686.599010595,220733.59901059512,0.08603295472475732,0,0,0,0.0,0.0,0.0,
2023-05-23,chokepoint6,Strait of Hormuz,22,13,9,2,60,46,106,536394,366959,32552,7054,1181409,942961,2124370,2023,5,23,15331,2500408.976578993,1318999.9765789928,0.527513694333165,1,0,0,0.0,0.0,0.0,
2023-05-24,chokepoint6,Strait of Hormuz,20,13,2,3,70,38,108,644326,346074,4285,0,3211377,994686,4206063,2023,5,24,15332,2630845.0,0.0,0.0,0,0,0,0.0,0.0,0.0,
2023-05-25,chokepoint6,Strait of Hormuz,19,16,8,1,67,44,111,477574,732738,27526,0,4311935,1237839,5549775,2023,5,25,15333,2656821.8523473404,0.0,0.0,0,0,0,0.0,0.0,0.0,
2023-05-26,chokepoint6,Strait of Hormuz,18,21,4,2,59,45,104,541567,677528,29864,0,1757987,1248960,3006948,2023,5,26,15334,2733193.040548745,975206.0405487451,0.35680101115468676,1,0,0,0.0,0.0,0.0,
2023-05-27,chokepoint6,Strait of Hormuz,18,18,4,5,66,45,111,415432,775022,6917,5708,3656449,1203080,4859530,2023,5,27,15335,2777158.327714468,0.0,0.0,0,0,0,0.0,0.0,0.0,
2023-05-28,chokepoint6,Strait of Hormuz,25,21,8,1,73,55,128,661926,811534,35685,0,3416131,1509147,4925278,2023,5,28,15336,2582484.9133121814,0.0,0.0,0,0,0,0.0,0.0,0.0,
2023-05-29,chokepoint6,Strait of Hormuz,13,17,4,1,61,35,96,441527,619705,60945,0,3083399,1122178,4205577,2023,5,29,15337,2638376.2059425977,0.0,0.0,0,0,0,0.0,0.0,0.0,
2023-05-30,chokepoint6,Strait of Hormuz,21,16,5,1,69,43,112,430563,795234,9942,2409,2722174,1238150,3960324,2023,5,30,15338,2509270.697165961,0.0,0.0,0,0,0,0.0,0.0,0.0,
2023-05-31,chokepoint6,Strait of Hormuz,23,12,3,5,60,43,103,894109,321814,5481,18802,2910429,1240208,4150637,2023,5,31,15339,2643847.0,0.0,0.0,0,0,0,0.0,0.0,0.0,
2023-06-01,chokepoint6,Strait of Hormuz,18,7,8,1,68,34,102,366224,166767,22317,0,2160664,555309,2715974,2023,6,1,15340,2733427.775637253,572763.7756372532,0.20954048273828008,0,0,0,0.0,0.0,0.0,
2023-06-02,chokepoint6,Strait of Hormuz,14,25,6,0,49,45,94,392550,860501,37701,0,2271302,1290754,3562056,2023,6,2,15341,2733193.040548745,461891.0405487451,0.16899320088127068,0,0,0,0.0,0.0,0.0,
2023-06-03,chokepoint6,Strait of Hormuz,28,18,6,0,74,52,126,629637,550240,15506,0,4336830,1195384,5532214,2023,6,3,15342,2777158.327714468,0.0,0.0,0,0,0,0.0,0.0,0.0,
2023-06-04,chokepoint6,Strait of Hormuz,11,20,6,0,69,37,106,347607,756381,28253,0,4186562,1132243,5318806,2023,6,4,15343,2604152.168316387,0.0,0.0,0,0,0,0.0,0.0,0.0,
2023-06-05,chokepoint6,Strait of Hormuz,18,22,6,0,69,46,115,437688,1071108,24217,0,4126490,1533013,5659504,2023,6,5,15344,2653902.6556174974,0.0,0.0,0,0,0,0.0,0.0,0.0,
2023-06-06,chokepoint6,Strait of Hormuz,20,21,3,3,44,47,91,425602,651849,13087,3951,1896731,1094491,2991223,2023,6,6,15345,2517588.77723644,620857.7772364402,0.246608096941851,0,0,0,0.0,0.0,0.0,
2023-06-07,chokepoint6,Strait of Hormuz,15,20,5,4,72,44,116,643255,818684,20648,5467,3413104,1488055,4901159,2023,6,7,15346,2652918.0,0.0,0.0,0,0,0,0.0,0.0,0.0,
2023-06-08,chokepoint6,Strait of Hormuz,18,17,5,2,47,42,89,349469,539868,22571,3931,2559305,915842,3475147,2023,6,8,15347,2744442.932139394,185137.93213939387,0.06745920272974015,0,0,0,0.0,0.0,0.0,
2023-06-09,chokepoint6,Strait of Hormuz,15,18,6,3,61,42,103,460768,571233,24256,11439,2921213,1067698,3988911,2023,6,9,15348,2751565.3405381087,0.0,0.0,0,0,0,0.0,0.0,0.0,
2023-06-10,chokepoint6,Strait of Hormuz,22,19,4,0,66,45,111,561647,540745,21892,0,4300102,1124285,5424388,2023,6,10,15349,2790670.0915959254,0.0,0.0,0,0,0,0.0,0.0,0.0,
2023-06-11,chokepoint6,Strait of Hormuz,13,25,4,1,79,43,122,334701,1249086,20889,5247,3162008,1609925,4771934,2023,6,11,15350,2630717.69734184,0.0,0.0,0,0,0,0.0,0.0,0.0,
2023-06-12,chokepoint6,Strait of Hormuz,16,24,6,1,66,47,113,518137,823657,33344,2364,4039134,1377504,5416639,2023,6,12,15351,2678161.1717955363,0.0,0.0,0,0,0,0.0,0.0,0.0,
2023-06-13,chokepoint6,Strait of Hormuz,23,17,9,2,61,51,112,618475,550150,29291,7407,3106608,1205325,4311933,2023,6,13,15352,2548185.6638576617,0.0,0.0,0,0,0,0.0,0.0,0.0,
2023-06-14,chokepoint6,Strait of Hormuz,20,9,2,6,43,37,80,493844,296161,579,0,2411544,790585,3202129,2023,6,14,15353,2679981.0,268437.0,0.1001637698177711,0,0,0,0.0,0.0,0.0,
2023-06-15,chokepoint6,Strait of Hormuz,19,10,2,1,49,32,81,685411,291701,522,0,4011677,977635,4989313,2023,6,15,15354,2770699.907128266,0.0,0.0,0,0,0,0.0,0.0,0.0,
2023-06-16,chokepoint6,Strait of Hormuz,10,9,1,1,53,21,74,391411,191901,12897,0,3308531,596209,3904740,2023,6,16,15355,2774407.7814726504,0.0,0.0,0,0,0,0.0,0.0,0.0,
2023-06-17,chokepoint6,Strait of Hormuz,14,17,3,0,57,34,91,453316,611737,2900,0,2461700,1067953,3529654,2023,6,17,15356,2813837.165187064,352137.1651870641,0.12514482697994145,0,0,0,0.0,0.0,0.0,
2023-06-18,chokepoint6,Strait of Hormuz,16,18,4,0,54,38,92,600252,814814,6279,0,3181731,1421345,4603076,2023,6,18,15357,2647531.832754654,0.0,0.0,0,0,0,0.0,0.0,0.0,
2023-06-19,chokepoint6,Strait of Hormuz,14,18,9,3,67,44,111,278549,693640,21053,9569,2652918,1002812,3655731,2023,6,19,15358,2695278.540430495,42360.54043049505,0.015716572441425346,0,0,0,0.0,0.0,0.0,
2023-06-20,chokepoint6,Strait of Hormuz,21,19,9,2,52,51,103,598341,777308,37044,6110,2553589,1418804,3972394,2023,6,20,15359,2567335.6861771406,13746.686177140567,0.005354456081125059,0,0,0,0.0,0.0,0.0,
2023-06-21,chokepoint6,Strait of Hormuz,16,14,5,4,62,39,101,395601,455365,41047,10512,1813963,902526,2716489,2023,6,21,15360,2681114.0,867151.0,0.32342936555476565,1,0,0,0.0,0.0,0.0,
2023-06-22,chokepoint6,Strait of Hormuz,21,16,5,2,57,44,101,573266,696145,1411,7577,4079405,1278401,5357807,2023,6,22,15361,2791522.1595310834,0.0,0.0,0,0,0,0.0,0.0,0.0,
2023-06-23,chokepoint6,Strait of Hormuz,22,18,7,2,61,49,110,631187,620852,43941,8146,2617042,1304128,3921170,2023,6,23,15362,2792140.306773705,175098.30677370494,0.06271114182511466,0,0,0,0.0,0.0,0.0,
2023-06-24,chokepoint6,Strait of Hormuz,18,19,4,0,76,41,117,426014,633411,33586,0,3989870,1093012,5082883,2023,6,24,15363,2831712.50748886,0.0,0.0,0,0,0,0.0,0.0,0.0,
2023-06-25,chokepoint6,Strait of Hormuz,21,11,7,3,48,42,90,720706,433187,27659,7247,2926587,1188801,4115388,2023,6,25,15364,2631829.8705815338,0.0,0.0,0,0,0,0.0,0.0,0.0,
2023-06-26,chokepoint6,Strait of Hormuz,18,15,7,2,71,42,113,515330,515435,43910,9618,3251697,1084295,4335993,2023,6,26,15365,2695174.611051195,0.0,0.0,0,0,0,0.0,0.0,0.0,
2023-06-27,chokepoint6,Strait of Hormuz,19,12,1,5,45,37,82,586738,543351,0,5448,2067081,1135538,3202619,2023,6,27,15366,2526675.7474779678,459594.74747796776,0.18189700357741506,0,0,0,0.0,0.0,0.0,
2023-06-28,chokepoint6,Strait of Hormuz,16,15,0,5,62,36,98,402551,649172,0,0,2606646,1051723,3658370,2023,6,28,15367,2697006.0,90360.0,0.033503818678935086,0,0,0,0.0,0.0,0.0,
2023-06-29,chokepoint6,Strait of Hormuz,16,14,8,1,64,39,103,452739,281203,62719,847,3528259,797509,4325768,2023,6,29,15368,2787122.917460569,0.0,0.0,0,0,0,0.0,0.0,0.0,
2023-06-30,chokepoint6,Strait of Hormuz,23,21,3,2,65,49,114,691061,841946,15167,2513,2945622,1550687,4496309,2023,6,30,15369,2792140.306773705,0.0,0.0,0,0,0,0.0,0.0,0.0,
2023-07-01,chokepoint6,Strait of Hormuz,20,21,9,3,72,53,125,457023,676593,42156,2348,2488778,1178123,3666901,2023,7,1,15370,2831821.701944037,343043.7019440369,0.1211388773906699,0,0,0,0.0,0.0,0.0,
2023-07-02,chokepoint6,Strait of Hormuz,13,13,5,0,58,31,89,490316,377754,4874,0,3366768,872945,4239714,2023,7,2,15371,2647429.7444784595,0.0,0.0,0,0,0,0.0,0.0,0.0,
2023-07-03,chokepoint6,Strait of Hormuz,13,10,3,4,48,30,78,335658,404672,8986,18284,3585114,767601,4352716,2023,7,3,15372,2695278.540430495,0.0,0.0,0,0,0,0.0,0.0,0.0,
2023-07-04,chokepoint6,Strait of Hormuz,19,11,5,1,61,36,97,644109,405701,8566,0,2777219,1058376,3835596,2023,7,4,15373,2548185.6638576617,0.0,0.0,0,0,0,0.0,0.0,0.0,
2023-07-05,chokepoint6,Strait of Hormuz,17,17,6,3,78,43,121,619729,843186,39019,8638,4231787,1510574,5742361,2023,7,5,15374,2658482.0,0.0,0.0,0,0,0,0.0,0.0,0.0,
2023-07-06,chokepoint6,Strait of Hormuz,19,19,3,4,70,45,115,353814,589325,12236,0,3165579,955376,4120955,2023,7,6,15476,2737431.220265201,0.0,0.0,0,0,0,0.0,0.0,0.0,
2023-07-07,chokepoint6,Strait of Hormuz,19,19,8,3,79,49,128,741475,571388,35001,6670,3330536,1354535,4685071,2023,7,7,15477,2718828.1318513644,0.0,0.0,0,0,0,0.0,0.0,0.0,
2023-07-08,chokepoint6,Strait of Hormuz,11,13,9,0,61,33,94,311687,423679,77426,0,2601667,812793,3414460,2023,7,8,15478,2754431.1817840906,152764.1817840906,0.05546124470067272,0,0,0,0.0,0.0,0.0,
2023-07-09,chokepoint6,Strait of Hormuz,18,11,2,2,62,33,95,677839,263661,25994,0,2824566,967494,3792061,2023,7,9,15479,2572814.99399689,0.0,0.0,0,0,0,0.0,0.0,0.0,
2023-07-10,chokepoint6,Strait of Hormuz,22,13,4,0,61,39,100,713054,621280,42287,0,3382011,1376622,4758634,2023,7,10,15480,2619214.2266340954,0.0,0.0,0,0,0,0.0,0.0,0.0,
2023-07-11,chokepoint6,Strait of Hormuz,9,18,5,1,62,33,95,205686,796325,27767,0,3299897,1029779,4329677,2023,7,11,15481,2477409.7513018535,0.0,0.0,0,0,0,0.0,0.0,0.0,
2023-07-12,chokepoint6,Strait of Hormuz,16,14,6,3,51,39,90,495558,170693,6216,3621,2543134,676089,3219224,2023,7,12,15482,2606646.0,63512.0,0.02436541056975132,0,0,0,0.0,0.0,0.0,
2023-07-13,chokepoint6,Strait of Hormuz,22,17,3,3,65,45,110,632221,764581,16661,0,3673023,1413463,5086487,2023,7,13,15483,2688598.289844697,0.0,0.0,0,0,0,0.0,0.0,0.0,
2023-07-14,chokepoint6,Strait of Hormuz,18,19,5,1,67,43,110,544384,718026,19229,0,2264490,1281640,3546131,2023,7,14,15484,2674591.542521027,410101.5425210269,0.15333240085492525,0,0,0,0.0,0.0,0.0,
2023-07-15,chokepoint6,Strait of Hormuz,15,15,3,2,63,35,98,275499,243495,4896,0,3074416,523891,3598307,2023,7,15,15485,2703567.5646053413,0.0,0.0,0,0,0,0.0,0.0,0.0,
2023-07-16,chokepoint6,Strait of Hormuz,15,16,6,2,64,39,103,481149,812784,26832,12256,3228651,1333022,4561674,2023,7,16,15486,2553843.26213143,0.0,0.0,0,0,0,0.0,0.0,0.0,
2023-07-17,chokepoint6,Strait of Hormuz,19,14,6,2,58,41,99,424456,556529,57229,0,3317411,1038215,4355626,2023,7,17,15487,2619214.2266340954,0.0,0.0,0,0,0,0.0,0.0,0.0,
2023-07-18,chokepoint6,Strait of Hormuz,23,14,5,2,65,44,109,699116,593616,34908,7239,3229661,1334881,4564543,2023,7,18,15488,2472677.60771514,0.0,0.0,0,0,0,0.0,0.0,0.0,
2023-07-19,chokepoint6,Strait of Hormuz,19,18,4,5,61,46,107,595148,752809,44342,22589,3329719,1414889,4744609,2023,7,19,15489,2583562.0,0.0,0.0,0,0,0,0.0,0.0,0.0,
2023-07-20,chokepoint6,Strait of Hormuz,21,17,4,2,75,44,119,404206,539081,19452,2571,4073676,965312,5038988,2023,7,20,15490,2660995.810233835,0.0,0.0,0,0,0,0.0,0.0,0.0,
2023-07-21,chokepoint6,Strait of Hormuz,16,13,8,1,62,38,100,562549,499265,35240,4382,1848376,1101437,2949813,2023,7,21,15491,2651800.863292659,803424.8632926592,0.30297330180934906,1,0,0,0.0,0.0,0.0,
2023-07-22,chokepoint6,Strait of Hormuz,14,17,2,3,64,36,100,446459,319607,18704,12441,2513292,797213,3310506,2023,7,22,15492,2717648.3995897397,204356.39958973974,0.07519604067273371,0,0,0,0.0,0.0,0.0,
2023-07-23,chokepoint6,Strait of Hormuz,20,9,4,3,51,36,87,595773,267817,50895,4358,2536515,918844,3455360,2023,7,23,15493,2516755.769331679,0.0,0.0,0,0,0,0.0,0.0,0.0,
2023-07-24,chokepoint6,Strait of Hormuz,12,15,2,0,61,29,90,304814,750114,0,0,3203299,1054929,4258229,2023,7,24,15494,2586610.381162429,0.0,0.0,0,0,0,0.0,0.0,0.0,
2023-07-25,chokepoint6,Strait of Hormuz,17,14,3,3,53,37,90,514023,603722,7410,2696,2862580,1127853,3990433,2023,7,25,15495,2491046.384397287,0.0,0.0,0,0,0,0.0,0.0,0.0,
2023-07-26,chokepoint6,Strait of Hormuz,14,15,6,1,55,36,91,591126,441282,36345,6492,2211471,1075247,3286719,2023,7,26,15496,2639533.0,428062.0,0.16217338445853868,0,0,0,0.0,0.0,0.0,
2023-07-27,chokepoint6,Strait of Hormuz,15,11,4,4,41,34,75,398489,442664,25866,4827,2639447,871848,3511295,2023,7,27,15497,2676781.204320541,37334.20432054112,0.013947424713039936,0,0,0,0.0,0.0,0.0,
2023-07-28,chokepoint6,Strait of Hormuz,16,13,5,1,61,35,96,505751,568476,15327,0,3297758,1089555,4387313,2023,7,28,15498,2732445.601511594,0.0,0.0,0,0,0,0.0,0.0,0.0,
2023-07-29,chokepoint6,Strait of Hormuz,13,14,2,3,51,32,83,325372,443520,4232,2993,2157616,776119,2933736,2023,7,29,15499,2729938.025530563,572322.0255305632,0.2096465268362026,0,0,0,0.0,0.0,0.0,
2023-07-30,chokepoint6,Strait of Hormuz,16,19,7,5,64,47,111,420209,600847,26821,0,2215811,1047878,3263690,2023,7,30,15500,2552278.562975144,336467.562975144,0.13183026643570206,0,0,0,0.0,0.0,0.0,
2023-07-31,chokepoint6,Strait of Hormuz,17,21,2,0,76,40,116,533036,762125,15540,0,3840000,1310702,5150703,2023,7,31,15501,2598307.432938493,0.0,0.0,0,0,0,0.0,0.0,0.0,
2023-08-01,chokepoint6,Strait of Hormuz,21,12,3,1,80,37,117,425511,598937,4125,0,3254183,1028574,4282758,2023,8,1,15502,2460037.965706765,0.0,0.0,0,0,0,0.0,0.0,0.0,
2023-08-02,chokepoint6,Strait of Hormuz,17,17,3,3,73,40,113,583743,721575,4808,4230,2828457,1314358,4142816,2023,8,2,15503,2600073.0,0.0,0.0,0,0,0,0.0,0.0,0.0,
2023-08-03,chokepoint6,Strait of Hormuz,26,19,4,2,57,51,108,982736,468402,49534,4949,3257195,1505623,4762819,2023,8,3,15504,2727640.6589835347,0.0,0.0,0,0,0,0.0,0.0,0.0,
2023-08-04,chokepoint6,Strait of Hormuz,17,14,1,3,64,35,99,378719,469938,0,6962,2472380,855620,3328001,2023,8,4,15505,2732445.601511594,260065.6015115939,0.09517686330799235,0,0,0,0.0,0.0,0.0,
2023-08-05,chokepoint6,Strait of Hormuz,21,12,5,3,58,41,99,489600,485230,7779,0,2588368,982609,3570978,2023,8,5,15506,2771368.9216967234,183000.92169672344,0.06603268163398622,0,0,0,0.0,0.0,0.0,
2023-08-06,chokepoint6,Strait of Hormuz,16,19,5,1,58,41,99,350298,755841,14050,4309,3229425,1124500,4353926,2023,8,6,15507,2600729.266209756,0.0,0.0,0,0,0,0.0,0.0,0.0,
2023-08-07,chokepoint6,Strait of Hormuz,16,22,1,0,66,39,105,361849,787656,1696,0,2769194,1151202,3920396,2023,8,7,15508,2647631.916626058,0.0,0.0,0,0,0,0.0,0.0,0.0,
2023-08-08,chokepoint6,Strait of Hormuz,16,11,8,3,55,38,93,506064,240391,37846,0,2742057,784302,3526360,2023,8,8,15509,2516313.312947754,0.0,0.0,0,0,0,0.0,0.0,0.0,
2023-08-09,chokepoint6,Strait of Hormuz,18,24,4,2,58,48,106,612369,802334,10573,4257,3169541,1429534,4599076,2023,8,9,15510,2663068.0,0.0,0.0,0,0,0,0.0,0.0,0.0,
2023-08-10,chokepoint6,Strait of Hormuz,21,14,6,1,63,42,105,707387,600785,34915,3661,2647579,1346749,3994328,2023,8,10,15511,2739393.6728590243,91814.67285902426,0.03351642145073658,0,0,0,0.0,0.0,0.0,
2023-08-11,chokepoint6,Strait of Hormuz,23,14,7,0,66,44,110,603999,511460,70815,0,2590232,1186274,3776506,2023,8,11,15512,2740864.125403717,150632.12540371716,0.054957895945144566,0,0,0,0.0,0.0,0.0,
2023-08-12,chokepoint6,Strait of Hormuz,16,18,3,3,75,40,115,424932,711167,39865,6486,3734057,1182453,4916511,2023,8,12,15513,2778376.2658683644,0.0,0.0,0,0,0,0.0,0.0,0.0,
2023-08-13,chokepoint6,Strait of Hormuz,16,23,7,3,65,49,114,406820,728618,18524,3705,3093383,1157668,4251052,2023,8,13,15514,2597564.5296477317,0.0,0.0,0,0,0,0.0,0.0,0.0,
2023-08-14,chokepoint6,Strait of Hormuz,25,11,2,3,63,41,104,696621,398583,8389,7375,2435863,1110969,3546833,2023,8,14,15515,2645781.174217748,209918.174217748,0.07934071655786591,0,0,0,0.0,0.0,0.0,
2023-08-15,chokepoint6,Strait of Hormuz,19,16,4,2,48,41,89,460492,290992,21526,6870,2801876,779883,3581759,2023,8,15,15516,2523741.799445796,0.0,0.0,0,0,0,0.0,0.0,0.0,
2023-08-16,chokepoint6,Strait of Hormuz,16,21,9,4,62,50,112,491014,545204,46655,4018,2338417,1086893,3425310,2023,8,16,15517,2641917.0,303500.0,0.11487870360802402,0,0,0,0.0,0.0,0.0,
2023-08-17,chokepoint6,Strait of Hormuz,20,13,2,0,72,35,107,495280,416789,3688,0,3540698,915757,4456456,2023,8,17,15518,2732652.71537113,0.0,0.0,0,0,0,0.0,0.0,0.0,
2023-08-18,chokepoint6,Strait of Hormuz,16,18,8,3,57,45,102,718813,400258,67236,7210,2708982,1193517,3902500,2023,8,18,15519,2739443.784186305,30461.784186305013,0.01111969676550711,0,0,0,0.0,0.0,0.0,
2023-08-19,chokepoint6,Strait of Hormuz,14,17,7,4,65,42,107,248905,968613,20430,4936,3181506,1242886,4424393,2023,8,19,15520,2778376.2658683644,0.0,0.0,0,0,0,0.0,0.0,0.0,
2023-08-20,chokepoint6,Strait of Hormuz,23,15,3,2,61,43,104,579074,803097,11067,4482,3604527,1397721,5002249,2023,8,20,15521,2605204.462855621,0.0,0.0,0,0,0,0.0,0.0,0.0,
2023-08-21,chokepoint6,Strait of Hormuz,28,10,7,5,74,50,124,560293,270094,11981,6768,3179155,849138,4028293,2023,8,21,15522,2661259.6564868167,0.0,0.0,0,0,0,0.0,0.0,0.0,
2023-08-22,chokepoint6,Strait of Hormuz,15,13,3,3,59,34,93,548783,686047,4560,3257,2525962,1242649,3768611,2023,8,22,15523,2522406.458666657,0.0,0.0,0,0,0,0.0,0.0,0.0,
2023-08-23,chokepoint6,Strait of Hormuz,21,20,2,6,56,49,105,571890,784347,24181,26147,2896463,1406565,4303029,2023,8,23,15524,2653990.0,0.0,0.0,0,0,0,0.0,0.0,0.0,
2023-08-24,chokepoint6,Strait of Hormuz,17,14,3,0,72,34,106,287729,782603,64819,0,3751592,1135152,4886744,2023,8,24,15525,2732652.71537113,0.0,0.0,0,0,0,0.0,0.0,0.0,
2023-08-25,chokepoint6,Strait of Hormuz,24,21,7,1,53,53,106,763198,581456,26346,0,1990237,1371000,3361237,2023,8,25,15526,2737466.487010462,747229.4870104622,0.2729638848753535,0,0,0,0.0,0.0,0.0,
2023-08-26,chokepoint6,Strait of Hormuz,17,13,8,2,76,40,116,428156,618438,10041,2438,3105940,1059074,4165015,2023,8,26,15527,2773871.994592317,0.0,0.0,0,0,0,0.0,0.0,0.0,
2023-08-27,chokepoint6,Strait of Hormuz,17,19,7,1,46,44,90,531285,513844,16097,2680,1507810,1063907,2571718,2023,8,27,15528,2597564.5296477317,1089754.5296477317,0.4195293388131992,1,0,0,0.0,0.0,0.0,
2023-08-28,chokepoint6,Strait of Hormuz,19,18,2,2,60,41,101,435243,485513,1958,0,3367156,922715,4289871,2023,8,28,15529,2640123.0189716076,0.0,0.0,0,0,0,0.0,0.0,0.0,
2023-08-29,chokepoint6,Strait of Hormuz,23,9,2,1,72,35,107,757696,447424,4519,0,2708080,1209641,3917721,2023,8,29,15530,2515009.3360445662,0.0,0.0,0,0,0,0.0,0.0,0.0,
2023-08-30,chokepoint6,Strait of Hormuz,16,16,7,1,53,40,93,434883,509216,37488,5617,2736105,987206,3723312,2023,8,30,15531,2653990.0,0.0,0.0,0,0,0,0.0,0.0,0.0,
2023-08-31,chokepoint6,Strait of Hormuz,16,17,7,1,47,41,88,367729,546188,12345,0,1753065,926263,2679329,2023,8,31,15532,2738917.2691487805,985852.2691487805,0.359942332049763,1,0,0,0.0,0.0,0.0,
2023-09-01,chokepoint6,Strait of Hormuz,21,19,1,4,55,45,100,821024,600880,1514,5042,2683024,1428462,4111487,2023,9,1,15533,2739443.784186305,56419.78418630501,0.02059534293493938,0,0,0,0.0,0.0,0.0,
2023-09-02,chokepoint6,Strait of Hormuz,16,24,4,1,47,45,92,276035,739581,14137,0,2912178,1029754,3941932,2023,9,2,15534,2765600.5146126663,0.0,0.0,0,0,0,0.0,0.0,0.0,
2023-09-03,chokepoint6,Strait of Hormuz,10,16,4,2,59,32,91,300492,863994,20917,0,2417880,1185403,3603283,2023,9,3,15535,2590467.4312161454,172587.4312161454,0.06662404982838208,0,0,0,0.0,0.0,0.0,
2023-09-04,chokepoint6,Strait of Hormuz,7,17,5,1,65,30,95,213300,486071,13239,2963,2754310,715574,3469885,2023,9,4,15536,2640123.0189716076,0.0,0.0,0,0,0,0.0,0.0,0.0,
2023-09-05,chokepoint6,Strait of Hormuz,24,15,7,0,60,46,106,798330,386041,42477,0,3321811,1226849,4548661,2023,9,5,15537,2508137.7959497804,0.0,0.0,0,0,0,0.0,0.0,0.0,
2023-09-06,chokepoint6,Strait of Hormuz,18,12,9,1,67,40,107,452667,485145,59049,0,3177813,996862,4174675,2023,9,6,15538,2634039.0,0.0,0.0,0,0,0,0.0,0.0,0.0,
2023-09-07,chokepoint6,Strait of Hormuz,16,16,5,8,62,45,107,452827,439105,23665,23455,3152075,939054,4091129,2023,9,7,15539,2722051.9577579433,0.0,0.0,0,0,0,0.0,0.0,0.0,
2023-09-08,chokepoint6,Strait of Hormuz,18,14,4,0,66,36,102,641136,531508,6756,0,2984164,1179402,4163566,2023,9,8,15540,2685829.00893138,0.0,0.0,0,0,0,0.0,0.0,0.0,
2023-09-09,chokepoint6,Strait of Hormuz,19,16,2,3,57,40,97,504823,780211,7762,2049,2936258,1294847,4231106,2023,9,9,15541,2701017.24410895,0.0,0.0,0,0,0,0.0,0.0,0.0,
2023-09-10,chokepoint6,Strait of Hormuz,16,12,2,1,65,31,96,310197,643436,16154,2120,2815476,971908,3787385,2023,9,10,15542,2563095.9937795815,0.0,0.0,0,0,0,0.0,0.0,0.0,
2023-09-11,chokepoint6,Strait of Hormuz,25,23,4,1,49,53,102,657473,913022,43236,0,3182613,1613731,4796345,2023,9,11,15543,2592655.2736180816,0.0,0.0,0,0,0,0.0,0.0,0.0,
2023-09-12,chokepoint6,Strait of Hormuz,17,19,5,1,48,42,90,477289,570174,2338,0,2317836,1049802,3367639,2023,9,12,15544,2481636.2711914126,163800.27119141258,0.06600494725714719,0,0,0,0.0,0.0,0.0,
2023-09-13,chokepoint6,Strait of Hormuz,17,14,4,3,66,38,104,431682,449802,9910,7064,2664219,898460,3562679,2023,9,13,15545,2592967.0,0.0,0.0,0,0,0,0.0,0.0,0.0,
2023-09-14,chokepoint6,Strait of Hormuz,20,14,4,4,81,42,123,387725,371632,24674,0,4676122,784032,5460154,2023,9,14,15546,2658485.6483852845,0.0,0.0,0,0,0,0.0,0.0,0.0,
2023-09-15,chokepoint6,Strait of Hormuz,20,18,3,1,58,42,100,629105,655410,6661,0,1758360,1291177,3049537,2023,9,15,15547,2663168.769202571,904808.7692025709,0.3397489410607262,1,0,0,0.0,0.0,0.0,
2023-09-16,chokepoint6,Strait of Hormuz,17,14,3,4,50,38,88,409013,574464,23079,12026,2022054,1018583,3040638,2023,9,16,15548,2722477.1043912647,700423.1043912647,0.25727419461544987,0,0,0,0.0,0.0,0.0,
2023-09-17,chokepoint6,Strait of Hormuz,11,13,5,2,40,31,71,256547,462979,34426,0,2221555,753953,2975509,2023,9,17,15549,2525239.894054252,303684.8940542522,0.12025981957963153,0,0,0,0.0,0.0,0.0,
2023-09-18,chokepoint6,Strait of Hormuz,14,19,3,3,61,39,100,413888,861817,8088,5659,1843771,1289454,3133225,2023,9,18,15550,2559170.027064272,715399.0270642722,0.2795433751953306,0,0,0,0.0,0.0,0.0,
2023-09-19,chokepoint6,Strait of Hormuz,17,19,1,2,67,39,106,541761,237056,4215,10236,3430783,793269,4224052,2023,9,19,15551,2433940.3696538303,0.0,0.0,0,0,0,0.0,0.0,0.0,
2023-09-20,chokepoint6,Strait of Hormuz,22,13,5,1,57,41,98,653261,475988,44364,2427,3363423,1176042,4539465,2023,9,20,15552,2558370.0,0.0,0.0,0,0,0,0.0,0.0,0.0,
2023-09-21,chokepoint6,Strait of Hormuz,15,19,7,4,61,45,106,370884,894920,43864,11302,1913004,1320972,3233977,2023,9,21,15553,2632942.762254934,719938.7622549338,0.2734350220505196,0,0,0,0.0,0.0,0.0,
2023-09-22,chokepoint6,Strait of Hormuz,23,19,2,2,83,46,129,637973,801006,3166,4318,3619265,1446464,5065730,2023,9,22,15554,2637580.8873725655,0.0,0.0,0,0,0,0.0,0.0,0.0,
2023-09-23,chokepoint6,Strait of Hormuz,9,16,7,2,48,34,82,295231,497534,9707,3414,1742560,805888,2548449,2023,9,23,15555,2680262.947998547,937702.947998547,0.3498548337202382,1,0,0,0.0,0.0,0.0,
2023-09-24,chokepoint6,Strait of Hormuz,27,23,2,2,65,54,119,610191,829510,4451,0,2214998,1444152,3659151,2023,9,24,15556,2525239.894054252,310241.8940542522,0.12285640456763153,0,0,0,0.0,0.0,0.0,
2023-09-25,chokepoint6,Strait of Hormuz,19,19,4,2,61,44,105,762000,590617,34521,4013,3222080,1391153,4613234,2023,9,25,15557,2559170.027064272,0.0,0.0,0,0,0,0.0,0.0,0.0,
2023-09-26,chokepoint6,Strait of Hormuz,14,11,7,3,66,35,101,500622,219546,30765,2035,3497367,752969,4250337,2023,9,26,15558,2421491.762162613,0.0,0.0,0,0,0,0.0,0.0,0.0,
2023-09-27,chokepoint6,Strait of Hormuz,16,18,6,5,62,45,107,433890,375300,25368,7828,2889925,842386,3732312,2023,9,27,15559,2547811.0,0.0,0.0,0,0,0,0.0,0.0,0.0,
2023-09-28,chokepoint6,Strait of Hormuz,20,16,3,2,73,41,114,703869,420665,5963,3104,2533287,1133602,3666890,2023,9,28,15560,2632747.4470678708,99460.44706787076,0.03777819523807394,0,0,0,0.0,0.0,0.0,
2023-09-29,chokepoint6,Strait of Hormuz,18,16,8,3,68,45,113,511192,498499,42023,3431,2811199,1055146,3866345,2023,9,29,15561,2618241.678711873,0.0,0.0,0,0,0,0.0,0.0,0.0,
2023-09-30,chokepoint6,Strait of Hormuz,20,22,12,4,63,58,121,661072,836898,53122,20504,3430100,1571598,5001698,2023,9,30,15562,2626072.0497769555,0.0,0.0,0,0,0,0.0,0.0,0.0,
2023-10-01,chokepoint6,Strait of Hormuz,15,20,4,2,64,41,105,494193,682807,5683,0,2760654,1182683,3943338,2023,10,1,15563,2482639.6343400073,0.0,0.0,0,0,0,0.0,0.0,0.0,
2023-10-02,chokepoint6,Strait of Hormuz,16,16,2,5,62,39,101,516825,592578,2435,4129,3478979,1115967,4594947,2023,10,2,15564,2545892.0495376973,0.0,0.0,0,0,0,0.0,0.0,0.0,
2023-10-03,chokepoint6,Strait of Hormuz,19,15,6,1,68,41,109,528895,772145,15952,3812,3193193,1320806,4513999,2023,10,3,15565,2430218.5230409424,0.0,0.0,0,0,0,0.0,0.0,0.0,
2023-10-04,chokepoint6,Strait of Hormuz,19,19,5,4,63,47,110,606483,664834,45724,6035,2462991,1323078,3786070,2023,10,4,15566,2547811.0,84820.0,0.03329132341449189,0,0,0,0.0,0.0,0.0,
2023-10-05,chokepoint6,Strait of Hormuz,21,12,7,3,66,43,109,494671,313934,38012,4880,2747803,851500,3599304,2023,10,5,15567,2632747.4470678708,0.0,0.0,0,0,0,0.0,0.0,0.0,
2023-10-06,chokepoint6,Strait of Hormuz,12,12,8,3,73,35,108,377662,302714,62760,8161,3658016,751300,4409316,2023,10,6,15568,2622545.146963171,0.0,0.0,0,0,0,0.0,0.0,0.0,
2023-10-07,chokepoint6,Strait of Hormuz,18,17,7,1,42,43,85,533144,975157,33264,0,2057247,1541565,3598813,2023,10,7,15569,2655451.657899649,598204.6578996489,0.22527416611786627,0,0,0,0.0,0.0,0.0,
2023-10-08,chokepoint6,Strait of Hormuz,13,10,4,5,73,32,105,220277,458969,4920,8188,3373814,692356,4066171,2023,10,8,15570,2455171.9983354914,0.0,0.0,0,0,0,0.0,0.0,0.0,
2023-10-09,chokepoint6,Strait of Hormuz,17,20,4,1,63,42,105,461856,513497,24042,0,2828967,999396,3828364,2023,10,9,15571,2520098.5763730686,0.0,0.0,0,0,0,0.0,0.0,0.0,
2023-10-10,chokepoint6,Strait of Hormuz,18,16,5,4,74,43,117,669180,1089453,10536,11512,4304820,1780683,6085503,2023,10,10,15572,2377142.2911469867,0.0,0.0,0,0,0,0.0,0.0,0.0,
2023-10-11,chokepoint6,Strait of Hormuz,15,15,5,4,57,39,96,237032,386987,19512,9722,2556993,653255,3210249,2023,10,11,15573,2493052.0,0.0,0.0,0,0,0,0.0,0.0,0.0,
2023-10-12,chokepoint6,Strait of Hormuz,18,25,7,2,79,52,131,535893,724690,8644,0,3062602,1269228,4331831,2023,10,12,15574,2572894.1930767857,0.0,0.0,0,0,0,0.0,0.0,0.0,
2023-10-13,chokepoint6,Strait of Hormuz,25,8,11,4,58,48,106,747488,173359,46940,5042,1897383,972830,2870214,2023,10,13,15575,2570239.942874446,672856.942874446,0.2617875987570062,0,0,0,0.0,0.0,0.0,
2023-10-14,chokepoint6,Strait of Hormuz,24,12,9,3,65,48,113,933527,446673,15222,9884,3765952,1405308,5171261,2023,10,14,15576,2606767.7300377,0.0,0.0,0,0,0,0.0,0.0,0.0,
2023-10-15,chokepoint6,Strait of Hormuz,12,15,4,3,59,34,93,402684,407287,20407,10148,3005508,840528,3846036,2023,10,15,15678,2443938.361481954,0.0,0.0,0,0,0,0.0,0.0,0.0,
2023-10-16,chokepoint6,Strait of Hormuz,20,20,0,1,42,41,83,587244,585629,0,0,2422155,1172874,3595029,2023,10,16,15680,2477166.74883343,55011.74883343,0.022207527555154143,0,0,0,0.0,0.0,0.0,
2023-10-17,chokepoint6,Strait of Hormuz,12,12,2,2,58,28,86,404155,290273,5011,5042,1469039,704483,2173523,2023,10,17,15682,2359667.860139694,890628.8601396941,0.37743822983924874,1,0,0,0.0,0.0,0.0,
2023-10-18,chokepoint6,Strait of Hormuz,9,16,5,3,54,33,87,313763,616038,29806,13222,3098946,972831,4071778,2023,10,18,15684,2482762.0,0.0,0.0,0,0,0,0.0,0.0,0.0,
2023-10-19,chokepoint6,Strait of Hormuz,19,16,5,2,49,42,91,560676,585229,32649,13538,3028015,1192094,4220110,2023,10,19,15686,2576354.062104759,0.0,0.0,0,0,0,0.0,0.0,0.0,
2023-10-20,chokepoint6,Strait of Hormuz,20,15,4,1,64,40,104,535598,549414,0,0,2746392,1085013,3831405,2023,10,20,15688,2580892.5020050346,0.0,0.0,0,0,0,0.0,0.0,0.0,
2023-10-21,chokepoint6,Strait of Hormuz,10,16,6,2,47,34,81,418674,566425,32486,8284,2007536,1025870,3033406,2023,10,21,15690,2606767.7300377,599231.7300376999,0.22987538288615902,0,0,0,0.0,0.0,0.0,
2023-10-22,chokepoint6,Strait of Hormuz,15,12,4,3,30,34,64,343164,259765,16795,12502,2010908,632228,2643136,2023,10,22,15692,2433283.8792722113,422375.87927221134,0.17358265629020764,0,0,0,0.0,0.0,0.0,
2023-10-23,chokepoint6,Strait of Hormuz,14,12,3,1,50,30,80,430157,532619,20851,6492,1620702,990121,2610823,2023,10,23,15694,2451105.457652912,830403.457652912,0.33878732351568247,1,0,0,0.0,0.0,0.0,
2023-10-24,chokepoint6,Strait of Hormuz,15,11,4,2,51,32,83,542836,428295,23072,2604,2240799,996809,3237608,2023,10,24,15696,2284213.0275442414,43414.0275442414,0.01900612027894607,0,0,0,0.0,0.0,0.0,
2023-10-25,chokepoint6,Strait of Hormuz,17,10,6,4,47,37,84,549071,412017,17655,8885,1967881,987629,2955511,2023,10,25,15698,2387930.0,420049.0,0.17590507259425528,0,0,0,0.0,0.0,0.0,
2023-10-26,chokepoint6,Strait of Hormuz,12,6,5,1,50,24,74,306975,308918,24815,0,2221127,640709,2861837,2023,10,26,15700,2453627.9193257727,232500.91932577267,0.09475801831830358,0,0,0,0.0,0.0,0.0,
2023-10-27,chokepoint6,Strait of Hormuz,12,18,1,3,43,34,77,294324,813563,4402,0,1735667,1112290,2847957,2023,10,27,15702,2472066.620476782,736399.6204767819,0.2978882585028207,0,0,0,0.0,0.0,0.0,
2023-10-28,chokepoint6,Strait of Hormuz,8,14,3,4,32,29,61,283744,431524,14930,4912,1277855,735111,2012967,2023,10,28,15704,2507199.186063314,1229344.1860633139,0.4903256960583065,1,0,0,0.0,0.0,0.0,
2023-10-29,chokepoint6,Strait of Hormuz,14,17,7,3,61,41,102,449300,589066,48081,18635,3352358,1105084,4457442,2023,10,29,15706,2345346.6087472816,0.0,0.0,0,0,0,0.0,0.0,0.0,
2023-10-30,chokepoint6,Strait of Hormuz,12,21,3,2,71,38,109,594244,888694,8235,0,3108422,1491174,4599597,2023,10,30,15708,2386308.4876220073,0.0,0.0,0,0,0,0.0,0.0,0.0,
2023-10-31,chokepoint6,Strait of Hormuz,16,18,2,2,54,38,92,460590,679514,8528,6326,3084244,1154959,4239204,2023,10,31,15710,2256577.65114921,0.0,0.0,0,0,0,0.0,0.0,0.0,
2023-11-01,chokepoint6,Strait of Hormuz,14,10,5,2,62,31,93,375434,555613,13079,4189,2387930,948316,3336246,2023,11,1,15712,2356759.0,0.0,0.0,0,0,0,0.0,0.0,0.0,
2023-11-02,chokepoint6,Strait of Hormuz,17,12,6,3,67,38,105,551312,244073,6798,4912,2533890,807097,3340988,2023,11,2,15714,2427237.633971127,0.0,0.0,0,0,0,0.0,0.0,0.0,
2023-11-03,chokepoint6,Strait of Hormuz,14,11,4,2,69,31,100,413482,497732,13093,4013,3144204,928322,4072526,2023,11,3,15716,2428423.220299197,0.0,0.0,0,0,0,0.0,0.0,0.0,
2023-11-04,chokepoint6,Strait of Hormuz,14,12,5,0,28,31,59,493385,727975,11405,0,1796120,1232767,3028887,2023,11,4,15718,2440806.857422387,644686.8574223872,0.26412858332560096,0,0,0,0.0,0.0,0.0,
2023-11-05,chokepoint6,Strait of Hormuz,7,14,4,1,40,26,66,207871,562075,28793,8665,1756049,807405,2563455,2023,11,5,15720,2254689.2746325973,498640.27463259734,0.22115698169267736,0,0,0,0.0,0.0,0.0,
2023-11-06,chokepoint6,Strait of Hormuz,9,8,4,1,43,22,65,264353,279298,33617,0,2339122,577269,2916391,2023,11,6,15722,2281215.8987302557,0.0,0.0,0,0,0,0.0,0.0,0.0,
2023-11-07,chokepoint6,Strait of Hormuz,16,10,4,1,31,31,62,457156,362684,33406,0,1071010,853246,1924257,2023,11,7,15724,2157942.062964294,1086932.062964294,0.5036891775820947,1,0,0,0.0,0.0,0.0,
2023-11-08,chokepoint6,Strait of Hormuz,6,15,4,2,39,27,66,257797,499927,20271,2880,2224178,780876,3005055,2023,11,8,15726,2270513.0,46335.0,0.020407282407103593,0,0,0,0.0,0.0,0.0,
2023-11-09,chokepoint6,Strait of Hormuz,18,9,5,3,53,35,88,586251,183841,23116,3669,2648536,796878,3445415,2023,11,9,15728,2325477.388097613,0.0,0.0,0,0,0,0.0,0.0,0.0,
2023-11-10,chokepoint6,Strait of Hormuz,19,19,4,1,52,43,95,409840,523673,14338,0,2800317,947852,3748170,2023,11,10,15779,2314376.653086245,0.0,0.0,0,0,0,0.0,0.0,0.0,
2023-11-11,chokepoint6,Strait of Hormuz,11,14,5,3,67,33,100,336174,383303,72525,6709,3016682,798712,3815394,2023,11,11,15780,2346884.926716668,0.0,0.0,0,0,0,0.0,0.0,0.0,
2023-11-12,chokepoint6,Strait of Hormuz,14,18,7,3,67,42,109,305697,367850,15179,0,3053686,688728,3742415,2023,11,12,15781,2194153.871703482,0.0,0.0,0,0,0,0.0,0.0,0.0,
2023-11-13,chokepoint6,Strait of Hormuz,12,18,5,3,67,38,105,425237,579191,11351,1377,2386185,1017158,3403343,2023,11,13,15782,2222667.6826297846,0.0,0.0,0,0,0,0.0,0.0,0.0,
2023-11-14,chokepoint6,Strait of Hormuz,13,12,3,3,56,31,87,416634,307902,6086,2513,3210859,733136,3943995,2023,11,14,15783,2090629.4826498968,0.0,0.0,0,0,0,0.0,0.0,0.0,
2023-11-15,chokepoint6,Strait of Hormuz,11,18,2,0,54,31,85,348215,634116,15039,0,1361988,997371,2359359,2023,11,15,15784,2142064.0,780076.0,0.36417025821824184,1,0,0,0.0,0.0,1.0,
2023-11-16,chokepoint6,Strait of Hormuz,11,12,2,4,30,29,59,426103,412347,9188,1910,2250287,849548,3099836,2023,11,16,15785,2195706.464206413,0.0,0.0,0,0,0,0.0,0.0,1.0,
2023-11-17,chokepoint6,Strait of Hormuz,12,14,1,0,43,27,70,412099,456562,4725,0,2345772,873387,3219160,2023,11,17,15786,2174010.2935179886,0.0,0.0,0,0,0,0.0,0.0,1.0,
2023-11-18,chokepoint6,Strait of Hormuz,9,11,7,0,52,27,79,164507,393781,34409,0,2199689,592698,2792387,2023,11,18,15787,2204906.936266267,5217.9362662672065,0.0023665108855356618,0,0,0,0.0,0.0,1.0,
2023-11-19,chokepoint6,Strait of Hormuz,12,20,5,4,35,41,76,383769,740393,33625,9670,1707762,1167459,2875222,2023,11,19,15788,2048046.8977266322,340284.8977266322,0.16615093048130605,0,0,0,0.0,1.0,1.0,
2023-11-20,chokepoint6,Strait of Hormuz,10,12,2,1,45,25,70,281654,513694,16476,0,1106633,811826,1918459,2023,11,20,15789,2098591.9928804412,991958.9928804412,0.47267834636065637,1,0,0,0.0,1.0,1.0,
2023-11-21,chokepoint6,Strait of Hormuz,10,10,3,3,42,26,68,493406,555820,15943,15062,2124712,1080233,3204946,2023,11,21,15790,1962887.2671616883,0.0,0.0,0,0,0,1.0,1.0,1.0,
2023-11-22,chokepoint6,Strait of Hormuz,7,14,1,2,37,24,61,222647,521113,23084,0,1011297,766845,1778143,2023,11,22,15791,2065283.0,1053986.0,0.5103349032553892,1,30,1,0.0,0.0,0.0,2794279.726750223
2023-11-23,chokepoint6,Strait of Hormuz,14,10,2,1,33,27,60,473825,255988,4756,0,1038072,734569,1772642,2023,11,23,15792,2134291.7221325114,1096219.7221325114,0.5136222526493267,1,30,0,0.0,0.0,0.0,2794279.726750223
2023-11-24,chokepoint6,Strait of Hormuz,11,16,3,2,47,32,79,279447,654008,35447,6349,1492290,975253,2467543,2023,11,24,15793,2136364.0046177115,644074.0046177115,0.30148139700236354,1,30,0,0.0,0.0,0.0,2794279.726750223
2023-11-25,chokepoint6,Strait of Hormuz,11,9,4,0,36,24,60,364876,406438,12002,0,1960633,783317,2743950,2023,11,25,15794,2107876.11342806,147243.11342805997,0.06985377958887584,0,0,0,0.0,0.0,0.0,
2023-11-26,chokepoint6,Strait of Hormuz,8,5,1,0,41,14,55,360524,155964,1932,0,3124322,518422,3642744,2023,11,26,15795,1932342.5976948857,0.0,0.0,0,0,0,0.0,0.0,0.0,
2023-11-27,chokepoint6,Strait of Hormuz,10,9,5,3,46,27,73,377792,263721,2879,0,2927312,644393,3571706,2023,11,27,15796,1935104.0839943045,0.0,0.0,0,0,0,0.0,0.0,0.0,
2023-11-28,chokepoint6,Strait of Hormuz,13,13,2,1,52,29,81,444912,323396,5350,4409,2682146,778068,3460215,2023,11,28,15797,1762569.0427221637,0.0,0.0,0,0,0,0.0,0.0,0.0,
2023-11-29,chokepoint6,Strait of Hormuz,13,12,3,3,37,31,68,373002,383037,20079,12243,2203502,788362,2991865,2023,11,29,15798,1880843.0,0.0,0.0,0,0,0,0.0,0.0,0.0,
2023-11-30,chokepoint6,Strait of Hormuz,6,12,1,1,42,20,62,199442,446027,0,0,2029393,645469,2674863,2023,11,30,15799,2001121.9006209397,0.0,0.0,0,0,0,0.0,0.0,0.0,
2023-12-01,chokepoint6,Strait of Hormuz,11,9,2,4,42,26,68,368996,131355,3537,6224,2419739,510113,2929853,2023,12,1,15800,2004647.026151114,0.0,0.0,0,0,0,0.0,0.0,0.0,
2023-12-02,chokepoint6,Strait of Hormuz,14,12,3,2,38,31,69,365134,250539,35273,11994,2813831,662942,3476773,2023,12,2,15801,2010529.2566378498,0.0,0.0,0,0,0,0.0,0.0,0.0,
2023-12-03,chokepoint6,Strait of Hormuz,10,17,5,1,52,33,85,394802,648312,49228,0,3036334,1092343,4128678,2023,12,3,15802,1846269.419828543,0.0,0.0,0,0,0,0.0,0.0,0.0,
2023-12-04,chokepoint6,Strait of Hormuz,9,20,4,4,51,37,88,238985,786706,37743,5678,2660585,1069113,3729699,2023,12,4,15803,1853255.7005114583,0.0,0.0,0,0,0,0.0,0.0,0.0,
2023-12-05,chokepoint6,Strait of Hormuz,14,9,5,4,53,32,85,364239,316082,14682,10660,2485838,705664,3191503,2023,12,5,15804,1819947.8281443482,0.0,0.0,0,0,0,0.0,0.0,0.0,
2023-12-06,chokepoint6,Strait of Hormuz,19,3,3,2,54,27,81,507380,79918,6606,4318,2117551,598223,2715775,2023,12,6,15805,1887992.0,0.0,0.0,0,0,0,0.0,0.0,0.0,
2023-12-07,chokepoint6,Strait of Hormuz,14,17,2,3,48,36,84,373595,619282,20129,3160,2912445,1016167,3928612,2023,12,7,15806,2001121.9006209397,0.0,0.0,0,0,0,0.0,0.0,0.0,
2023-12-08,chokepoint6,Strait of Hormuz,11,14,2,0,41,27,68,346913,548605,8956,0,1285358,904474,2189833,2023,12,8,15807,2004647.026151114,719289.0261511139,0.3588108114634704,1,0,0,0.0,0.0,0.0,
2023-12-09,chokepoint6,Strait of Hormuz,10,10,5,0,41,25,66,282144,271871,28135,0,2466665,582151,3048816,2023,12,9,15808,2033136.7086462064,0.0,0.0,0,0,0,0.0,0.0,0.0,
2023-12-10,chokepoint6,Strait of Hormuz,9,12,3,3,45,27,72,284664,208840,7483,6292,1264158,507280,1771438,2023,12,10,15809,1904708.0866235134,640550.0866235134,0.3362982974252081,1,0,0,0.0,0.0,0.0,
2023-12-11,chokepoint6,Strait of Hormuz,14,7,2,0,39,23,62,519650,300410,8659,0,1637915,828720,2466636,2023,12,11,15810,1939058.397012492,301143.39701249194,0.15530393384565608,0,0,0,0.0,0.0,0.0,
2023-12-12,chokepoint6,Strait of Hormuz,11,14,3,3,45,31,76,359101,789514,15829,4013,1776043,1168460,2944503,2023,12,12,15811,1838289.0426324771,62246.042632477125,0.03386085712796242,0,0,0,0.0,0.0,0.0,
2023-12-13,chokepoint6,Strait of Hormuz,14,17,4,2,38,37,75,575422,439766,4367,4949,1394271,1024505,2418777,2023,12,13,15812,1934185.0,539914.0,0.27914289481099275,0,0,0,0.0,0.0,0.0,
2023-12-14,chokepoint6,Strait of Hormuz,10,9,5,4,31,28,59,199740,377475,34471,7058,1965214,618746,2583960,2023,12,14,15813,1978870.4370873913,13656.43708739127,0.00690112744697503,0,0,0,0.0,0.0,0.0,
2023-12-15,chokepoint6,Strait of Hormuz,12,10,2,1,45,25,70,448106,304867,6258,0,2418811,759232,3178044,2023,12,15,15814,1954513.7432534457,0.0,0.0,0,0,0,0.0,0.0,0.0,
2023-12-16,chokepoint6,Strait of Hormuz,13,14,1,0,36,28,64,418673,507534,3841,0,1946420,930050,2876471,2023,12,16,15815,1982290.9405610918,35870.94056109176,0.01809569918678961,0,0,0,0.0,0.0,0.0,
2023-12-17,chokepoint6,Strait of Hormuz,13,11,4,3,39,31,70,419293,231094,35151,5373,1940376,690912,2631288,2023,12,17,15816,1821787.8659027107,0.0,0.0,0,0,0,0.0,0.0,0.0,
2023-12-18,chokepoint6,Strait of Hormuz,12,6,3,2,33,23,56,477436,238378,18201,8171,1590582,742188,2332771,2023,12,18,15817,1886709.9681156687,296127.96811566874,0.1569546846733541,0,0,0,0.0,0.0,0.0,
2023-12-19,chokepoint6,Strait of Hormuz,13,12,2,3,45,30,75,431349,429276,3352,1215,1240422,865193,2105615,2023,12,19,15818,1763888.2263530851,523466.22635308513,0.2967683657798284,0,0,0,0.0,0.0,0.0,
2023-12-20,chokepoint6,Strait of Hormuz,9,16,3,2,43,30,73,173360,537196,3766,6311,2179269,720635,2899905,2023,12,20,15819,1855039.0,0.0,0.0,0,0,0,0.0,0.0,0.0,
2023-12-21,chokepoint6,Strait of Hormuz,15,18,2,3,41,38,79,423107,648894,10486,1721,1887992,1084209,2972202,2023,12,21,15820,1916481.1859055513,28489.185905551305,0.01486536164042224,0,0,0,0.0,0.0,0.0,
2023-12-22,chokepoint6,Strait of Hormuz,14,13,7,0,48,34,82,420375,431737,14602,0,2098142,866715,2964858,2023,12,22,15821,1919857.2105017733,0.0,0.0,0,0,0,0.0,0.0,0.0,
2023-12-23,chokepoint6,Strait of Hormuz,8,9,2,3,55,22,77,153726,411666,8521,6492,1855039,580407,2435447,2023,12,23,15822,1928557.8190938954,73518.81909389538,0.03812113817175423,0,0,0,0.0,0.0,0.0,
2023-12-24,chokepoint6,Strait of Hormuz,12,11,5,1,39,29,68,411683,328889,22710,0,1826548,763283,2589832,2023,12,24,15823,1820939.7479158656,0.0,0.0,0,0,0,0.0,0.0,0.0,
2023-12-25,chokepoint6,Strait of Hormuz,9,13,11,2,52,35,87,236664,593413,38953,3339,2643843,872371,3516214,2023,12,25,15824,1853779.3446917795,0.0,0.0,0,0,0,0.0,0.0,0.0,
2023-12-26,chokepoint6,Strait of Hormuz,8,12,2,3,50,25,75,284402,335944,13691,8579,2707690,642618,3350308,2023,12,26,15825,1741552.3945733402,0.0,0.0,0,0,0,0.0,0.0,0.0,
2023-12-27,chokepoint6,Strait of Hormuz,15,11,2,1,42,29,71,386875,562974,6185,0,1170022,956036,2126058,2023,12,27,15826,1832402.0,662380.0,0.36148181457998846,1,0,0,0.0,0.0,0.0,
2023-12-28,chokepoint6,Strait of Hormuz,18,13,4,2,62,37,99,446593,496873,45001,0,3270756,988468,4259224,2023,12,28,15827,1891381.634247423,0.0,0.0,0,0,0,0.0,0.0,0.0,
2023-12-29,chokepoint6,Strait of Hormuz,14,14,6,2,50,36,86,499839,360985,61269,0,1855903,922094,2777998,2023,12,29,15828,1894713.44411074,38810.444110739976,0.020483542897409043,0,0,0,0.0,0.0,0.0,
2023-12-30,chokepoint6,Strait of Hormuz,13,13,7,1,49,34,83,402816,437342,47562,4660,3081229,892381,3973611,2023,12,30,15829,1917778.0164852294,0.0,0.0,0,0,0,0.0,0.0,0.0,
2023-12-31,chokepoint6,Strait of Hormuz,13,10,1,0,46,24,70,240075,256764,3429,0,2894668,500270,3394938,2023,12,31,15830,1775750.9614292705,0.0,0.0,0,0,0,0.0,0.0,0.0,
2024-01-01,chokepoint6,Strait of Hormuz,5,11,2,3,39,21,60,131829,277498,2344,6096,2237537,417769,2655306,2024,1,1,15831,1807775.6045370516,0.0,0.0,0,0,0,0.0,0.0,0.0,
2024-01-02,chokepoint6,Strait of Hormuz,9,11,2,3,48,25,73,259423,570922,10187,5707,2308302,846239,3154542,2024,1,2,15832,1735988.6330636758,0.0,0.0,0,0,0,0.0,0.0,0.0,
2024-01-03,chokepoint6,Strait of Hormuz,17,13,3,3,38,36,74,340465,524819,25348,0,2902755,890632,3793387,2024,1,3,15859,1835785.0,0.0,0.0,0,0,0,0.0,0.0,0.0,
2024-01-04,chokepoint6,Strait of Hormuz,9,16,5,2,47,32,79,386599,570323,26085,9077,2229185,992086,3221271,2024,1,4,15860,1893629.3090191798,0.0,0.0,0,0,0,0.0,0.0,0.0,
2024-01-05,chokepoint6,Strait of Hormuz,9,10,7,2,49,28,77,144993,318016,37247,1535,2499608,501791,3001399,2024,1,5,15861,1900467.2753690304,0.0,0.0,0,0,0,0.0,0.0,0.0,
2024-01-06,chokepoint6,Strait of Hormuz,12,12,1,2,45,27,72,316272,368804,0,7307,2324709,692384,3017093,2024,1,6,15862,1927476.3740089703,0.0,0.0,0,0,0,0.0,0.0,0.0,
2024-01-07,chokepoint6,Strait of Hormuz,11,11,2,1,41,25,66,280135,408257,1499,8328,2537313,698221,3235534,2024,1,7,15863,1811678.1817053512,0.0,0.0,0,0,0,0.0,0.0,0.0,
2024-01-08,chokepoint6,Strait of Hormuz,7,12,3,3,43,25,68,133241,639434,29094,3820,1696204,805591,2501795,2024,1,8,15864,1834538.419027847,138334.419027847,0.07540557210088451,0,0,0,0.0,0.0,0.0,
2024-01-09,chokepoint6,Strait of Hormuz,4,8,1,1,35,14,49,58312,263015,15553,8328,1554657,345209,1899867,2024,1,9,15865,1744767.6670685906,190110.66706859064,0.10896044823434763,0,0,0,0.0,0.0,0.0,
2024-01-10,chokepoint6,Strait of Hormuz,12,10,2,2,34,26,60,351222,669325,4627,0,1049313,1025176,2074489,2024,1,10,15866,1835785.0,786472.0,0.42841182382468534,1,0,0,0.0,0.0,0.0,
2024-01-11,chokepoint6,Strait of Hormuz,6,8,6,2,52,22,74,42164,353324,8236,3777,3447433,407503,3854937,2024,1,11,15867,1926071.2649317137,0.0,0.0,0,0,0,0.0,0.0,0.0,
2024-01-12,chokepoint6,Strait of Hormuz,8,11,4,3,49,26,75,180200,300609,27492,2247,2120832,510549,2631381,2024,1,12,15868,1929464.183167649,0.0,0.0,0,0,0,0.0,0.0,0.0,
2024-01-13,chokepoint6,Strait of Hormuz,11,9,5,0,44,25,69,493432,237941,28127,0,1946603,759501,2706104,2024,1,13,15869,2018991.82691406,72388.82691405993,0.03585394747471715,0,0,0,0.0,0.0,0.0,
2024-01-14,chokepoint6,Strait of Hormuz,12,14,6,1,52,33,85,358765,504821,32877,0,2153034,896464,3049499,2024,1,14,15870,1900018.8972448567,0.0,0.0,0,0,0,0.0,0.0,0.0,
2024-01-15,chokepoint6,Strait of Hormuz,11,17,3,1,68,32,100,317743,517158,8036,0,3925997,842938,4768936,2024,1,15,15871,1931462.558434973,0.0,0.0,0,0,0,0.0,0.0,0.0,
2024-01-16,chokepoint6,Strait of Hormuz,14,12,3,4,54,33,87,281836,621012,4788,6509,2759801,914146,3673948,2024,1,16,15872,1839632.9371959663,0.0,0.0,0,0,0,0.0,0.0,0.0,
2024-01-17,chokepoint6,Strait of Hormuz,18,9,4,3,40,34,74,404057,393027,24702,8249,2691610,830037,3521648,2024,1,17,15873,1922947.0,0.0,0.0,0,0,0,0.0,0.0,0.0,
2024-01-18,chokepoint6,Strait of Hormuz,9,8,2,2,42,21,63,186307,177503,17225,11441,1344347,392478,1736825,2024,1,18,15874,1987199.7514139935,642852.7514139935,0.3234967954059833,1,0,0,0.0,0.0,0.0,
2024-01-19,chokepoint6,Strait of Hormuz,10,11,3,2,32,26,58,208699,429040,8907,3825,1473983,650472,2124456,2024,1,19,15875,2000874.6330051601,526891.6330051601,0.2633306576603499,0,0,0,0.0,0.0,0.0,
2024-01-20,chokepoint6,Strait of Hormuz,17,19,4,2,43,42,85,434566,839502,18258,4452,1529902,1296780,2826682,2024,1,20,15876,2032275.752365004,502373.75236500404,0.24719763141413298,0,0,0,0.0,0.0,0.0,
2024-01-21,chokepoint6,Strait of Hormuz,11,10,1,2,44,24,68,590125,109399,0,2794,1597183,702319,2299502,2024,1,21,15877,1900018.8972448567,302835.8972448567,0.15938572910195115,0,0,0,0.0,0.0,0.0,
2024-01-22,chokepoint6,Strait of Hormuz,15,10,4,4,42,33,75,506534,458164,30339,17290,2309697,1012329,3322027,2024,1,22,15878,1949562.2595685113,0.0,0.0,0,0,0,0.0,0.0,0.0,
2024-01-23,chokepoint6,Strait of Hormuz,19,20,5,4,43,48,91,579009,731650,5679,8823,1674978,1325162,3000140,2024,1,23,15879,1846393.2780941972,171415.27809419716,0.09283790193989869,0,0,0,0.0,0.0,0.0,
2024-01-24,chokepoint6,Strait of Hormuz,12,9,6,4,54,31,85,324725,262226,24960,4013,2620662,615927,3236589,2024,1,24,15880,1950887.0,0.0,0.0,0,0,0,0.0,0.0,0.0,
2024-01-25,chokepoint6,Strait of Hormuz,11,11,3,1,43,26,69,375887,426624,2637,4184,2862232,809333,3671566,2024,1,25,15881,2071828.065165124,0.0,0.0,0,0,0,0.0,0.0,0.0,
2024-01-26,chokepoint6,Strait of Hormuz,13,8,8,2,51,31,82,343201,205058,55225,2553,1551296,606038,2157335,2024,1,26,15882,2075477.7448794777,524181.74487947766,0.25255955944250164,0,0,0,0.0,0.0,0.0,
2024-01-27,chokepoint6,Strait of Hormuz,9,14,2,2,40,27,67,298872,543895,22224,6429,2638859,871421,3510281,2024,1,27,15883,2110482.081098724,0.0,0.0,0,0,0,0.0,0.0,0.0,
2024-01-28,chokepoint6,Strait of Hormuz,16,14,10,4,40,44,84,267592,291644,34810,5691,2395012,599738,2994750,2024,1,28,15884,1978680.8589067073,0.0,0.0,0,0,0,0.0,0.0,0.0,
2024-01-29,chokepoint6,Strait of Hormuz,10,13,3,2,34,28,62,361827,343942,20672,8854,2166534,735297,2901831,2024,1,29,15885,2029479.9549666625,0.0,0.0,0,0,0,0.0,0.0,0.0,
2024-01-30,chokepoint6,Strait of Hormuz,8,9,4,1,34,22,56,157446,333893,20024,2324,2451394,513689,2965083,2024,1,30,15886,1915794.8826310479,0.0,0.0,0,0,0,0.0,0.0,0.0,
2024-01-31,chokepoint6,Strait of Hormuz,10,10,0,3,48,23,71,373977,677744,0,17531,1812511,1069253,2881765,2024,1,31,15887,2030859.0,218348.0,0.10751509582890786,0,0,0,0.0,0.0,0.0,
2024-02-01,chokepoint6,Strait of Hormuz,15,12,5,3,50,35,85,274007,438624,10800,0,3098068,723432,3821500,2024,2,1,15888,2104914.871219072,0.0,0.0,0,0,0,0.0,0.0,0.0,
2024-02-02,chokepoint6,Strait of Hormuz,10,12,1,3,32,26,58,227127,461148,0,9849,3229953,698124,3928077,2024,2,2,15889,2108622.8358108723,0.0,0.0,0,0,0,0.0,0.0,0.0,
2024-02-03,chokepoint6,Strait of Hormuz,14,13,3,1,33,31,64,376361,304801,10754,2106,1463719,694022,2157742,2024,2,3,15890,2132293.673520311,668574.6735203108,0.3135471824650341,1,0,0,0.0,0.0,0.0,
2024-02-04,chokepoint6,Strait of Hormuz,14,12,3,0,32,29,61,486531,313790,17837,0,1463247,818159,2281407,2024,2,4,15891,2019678.136361093,556431.136361093,0.27550485710739514,0,0,0,0.0,0.0,0.0,
2024-02-05,chokepoint6,Strait of Hormuz,7,13,2,2,43,24,67,229399,189664,21163,3414,2399504,443640,2843145,2024,2,5,15892,2056101.8652028295,0.0,0.0,0,0,0,0.0,0.0,0.0,
2024-02-06,chokepoint6,Strait of Hormuz,18,14,2,4,32,38,70,408549,333564,17728,12910,1194725,772753,1967479,2024,2,6,15893,1935869.664080849,741144.6640808489,0.38284843129289103,1,0,0,0.0,0.0,0.0,
2024-02-07,chokepoint6,Strait of Hormuz,15,14,5,1,45,35,80,348642,533995,11654,6492,1809302,900785,2710087,2024,2,7,15894,2057499.0,248197.0,0.12063043530033307,0,0,0,0.0,0.0,0.0,
2024-02-08,chokepoint6,Strait of Hormuz,11,11,3,2,51,27,78,228092,127257,11475,6755,2462308,373582,2835890,2024,2,8,15895,2208193.201800499,0.0,0.0,0,0,0,0.0,0.0,0.0,
2024-02-09,chokepoint6,Strait of Hormuz,17,11,2,2,35,32,67,522770,411170,19210,10875,1043391,964026,2007418,2024,2,9,15896,2212083.0988771385,1168692.0988771385,0.52832196922004,1,0,0,0.0,0.0,0.0,
2024-02-10,chokepoint6,Strait of Hormuz,13,17,2,1,44,33,77,454266,722533,15976,0,2357111,1192776,3549888,2024,2,10,15897,2243520.8254782003,0.0,0.0,0,0,0,0.0,0.0,0.0,
2024-02-11,chokepoint6,Strait of Hormuz,11,14,3,2,48,30,78,335453,549404,43843,4189,2464580,932891,3397472,2024,2,11,15898,2053665.6793894814,0.0,0.0,0,0,0,0.0,0.0,0.0,
2024-02-12,chokepoint6,Strait of Hormuz,12,10,4,0,48,26,74,313463,488831,39337,0,1918590,841631,2760221,2024,2,12,15899,2070505.0781245215,151915.07812452153,0.07337102416678316,0,0,0,0.0,0.0,0.0,
2024-02-13,chokepoint6,Strait of Hormuz,12,12,4,2,32,30,62,382085,485140,20519,7281,2099381,895027,2994408,2024,2,13,15900,1935869.664080849,0.0,0.0,0,0,0,0.0,0.0,0.0,
2024-02-14,chokepoint6,Strait of Hormuz,14,5,2,2,44,23,67,375810,337597,10103,0,2107320,723511,2830831,2024,2,14,15901,2030859.0,0.0,0.0,0,0,0,0.0,0.0,0.0,
2024-02-15,chokepoint6,Strait of Hormuz,16,15,4,3,55,38,93,573278,477804,30397,6272,1910793,1087754,2998547,2024,2,15,15902,2126247.629983843,215454.62998384284,0.10133092070065237,0,0,0,0.0,0.0,0.0,
2024-02-16,chokepoint6,Strait of Hormuz,13,16,1,2,56,32,88,424970,606542,5009,4870,3094401,1041393,4135794,2024,2,16,15903,2139346.514127452,0.0,0.0,0,0,0,0.0,0.0,0.0,
2024-02-17,chokepoint6,Strait of Hormuz,11,10,4,0,49,25,74,231372,308122,35964,0,2562091,575460,3137552,2024,2,17,15904,2169750.521486042,0.0,0.0,0,0,0,0.0,0.0,0.0,
2024-02-18,chokepoint6,Strait of Hormuz,16,10,0,4,35,30,65,444763,257677,0,8140,1463955,710581,2174536,2024,2,18,15905,2019678.136361093,555723.136361093,0.27515430620165743,0,0,0,0.0,0.0,0.0,
2024-02-19,chokepoint6,Strait of Hormuz,14,6,5,2,39,27,66,431658,166027,60523,2936,2265698,661145,2926844,2024,2,19,15906,2003589.5476694172,0.0,0.0,0,0,0,0.0,0.0,0.0,
2024-02-20,chokepoint6,Strait of Hormuz,9,16,4,2,44,31,75,161665,500520,26410,5883,2186112,694480,2880592,2024,2,20,15907,1905440.051464701,0.0,0.0,0,0,0,0.0,0.0,0.0,
2024-02-21,chokepoint6,Strait of Hormuz,10,15,2,1,42,28,70,319903,641647,7002,0,2232936,968553,3201489,2024,2,21,15908,2004839.0,0.0,0.0,0,0,0,0.0,0.0,1.0,
2024-02-22,chokepoint6,Strait of Hormuz,11,7,2,2,35,22,57,376447,126125,9485,4912,1939589,516970,2456560,2024,2,22,15909,2071828.065165124,132239.0651651239,0.06382723904002358,0,0,0,0.0,0.0,1.0,
2024-02-23,chokepoint6,Strait of Hormuz,16,13,4,2,31,35,66,491103,495166,25409,2809,651185,1014489,1665675,2024,2,23,15910,2075477.7448794777,1424292.7448794777,0.6862481413705479,1,0,0,0.0,0.0,1.0,
2024-02-24,chokepoint6,Strait of Hormuz,11,12,3,1,54,27,81,379529,409145,5682,10117,3020490,804474,3824964,2024,2,24,15911,2105091.654821049,0.0,0.0,0,0,0,0.0,0.0,1.0,
2024-02-25,chokepoint6,Strait of Hormuz,13,13,1,3,51,30,81,343052,335031,31702,4318,2672285,714104,3386389,2024,2,25,15912,1968096.0715778281,0.0,0.0,0,0,0,0.0,1.0,1.0,
2024-02-26,chokepoint6,Strait of Hormuz,16,17,1,1,42,35,77,262948,544684,26062,0,2604242,833695,3437938,2024,2,26,15913,2065130.7300295476,0.0,0.0,0,0,0,0.0,1.0,1.0,
2024-02-27,chokepoint6,Strait of Hormuz,4,11,4,2,42,21,63,165718,499458,30665,10327,1728595,706169,2434764,2024,2,27,15914,1964076.2431863877,235481.2431863877,0.11989414565921253,0,0,0,1.0,1.0,1.0,
2024-02-28,chokepoint6,Strait of Hormuz,15,14,3,2,42,34,76,370140,728836,7047,0,1176609,1106025,2282634,2024,2,28,15915,2078829.0,902220.0,0.4340039512629466,1,31,1,0.0,0.0,0.0,3238773.152715817
2024-02-29,chokepoint6,Strait of Hormuz,17,11,3,0,36,31,67,523678,416076,3843,0,1279320,943599,2222920,2024,2,29,15916,2162028.5455228346,882708.5455228346,0.4082779329397674,1,31,0,0.0,0.0,0.0,3238773.152715817
2024-03-01,chokepoint6,Strait of Hormuz,20,12,0,2,42,34,76,395909,500099,0,0,2667248,896009,3563258,2024,3,1,15917,2165837.1201131297,0.0,0.0,0,31,0,0.0,0.0,0.0,3238773.152715817
2024-03-02,chokepoint6,Strait of Hormuz,9,12,4,4,30,29,59,326412,625237,13230,5283,742773,970164,1712937,2024,3,2,15918,2196617.6071929825,1453844.6071929825,0.6618560292115767,1,31,0,0.0,0.0,0.0,3238773.152715817
2024-03-03,chokepoint6,Strait of Hormuz,13,15,6,5,52,39,91,392540,590649,16465,16547,2165151,1016202,3181353,2024,3,3,15919,2053665.6793894814,0.0,0.0,0,0,0,0.0,0.0,0.0,
2024-03-04,chokepoint6,Strait of Hormuz,12,9,2,2,64,25,89,573829,590177,11518,0,3232756,1175524,4408281,2024,3,4,15920,2090702.353942208,0.0,0.0,0,0,0,0.0,0.0,0.0,
2024-03-05,chokepoint6,Strait of Hormuz,13,8,5,2,46,28,74,234815,408818,14384,8428,2262691,666447,2929138,2024,3,5,15921,1988396.552935415,0.0,0.0,0,0,0,0.0,0.0,0.0,
2024-03-06,chokepoint6,Strait of Hormuz,8,10,3,2,40,23,63,353760,375609,1865,7222,2732954,738457,3471412,2024,3,6,15922,2077056.0,0.0,0.0,0,0,0,0.0,0.0,0.0,
2024-03-07,chokepoint6,Strait of Hormuz,12,20,6,1,45,39,84,245286,596604,15023,0,1904220,856914,2761134,2024,3,7,15923,2148290.343952382,244070.34395238198,0.11361143275603343,0,0,0,0.0,0.0,0.0,
2024-03-08,chokepoint6,Strait of Hormuz,18,16,7,2,65,43,108,404314,669839,20430,0,2979412,1094585,4073997,2024,3,8,15924,2186775.7654945957,0.0,0.0,0,0,0,0.0,0.0,0.0,
2024-03-09,chokepoint6,Strait of Hormuz,14,15,4,3,46,36,82,629890,507762,4614,3257,1582183,1145524,2727708,2024,3,9,15925,2196617.6071929825,614434.6071929825,0.27971851139723736,0,0,0,0.0,0.0,0.0,
2024-03-10,chokepoint6,Strait of Hormuz,15,11,5,0,35,31,66,420647,464217,21467,0,2555138,906332,3461470,2024,3,10,15926,2038875.6403758284,0.0,0.0,0,0,0,0.0,0.0,0.0,
2024-03-11,chokepoint6,Strait of Hormuz,14,21,3,2,60,40,100,300626,543788,20541,7845,2461118,872800,3333919,2024,3,11,15927,2065130.7300295476,0.0,0.0,0,0,0,0.0,0.0,0.0,
2024-03-12,chokepoint6,Strait of Hormuz,17,15,6,5,68,43,111,476186,556521,48104,3354,3301612,1084166,4385778,2024,3,12,15928,1964076.2431863877,0.0,0.0,0,0,0,0.0,0.0,0.0,
2024-03-13,chokepoint6,Strait of Hormuz,20,11,6,3,50,40,90,718913,357905,14448,7573,2595965,1098841,3694807,2024,3,13,15929,2066534.0,0.0,0.0,0,0,0,0.0,0.0,0.0,
2024-03-14,chokepoint6,Strait of Hormuz,18,21,6,3,71,48,119,264337,923896,17732,3806,3477463,1209773,4687237,2024,3,14,15930,2146458.101483267,0.0,0.0,0,0,0,0.0,0.0,0.0,
2024-03-15,chokepoint6,Strait of Hormuz,13,20,5,4,63,42,105,271309,785374,21670,5636,3088515,1083991,4172506,2024,3,15,15931,2166957.2434347332,0.0,0.0,0,0,0,0.0,0.0,0.0,
2024-03-16,chokepoint6,Strait of Hormuz,28,21,5,1,72,55,127,726073,896289,23695,6715,3890020,1652774,5542794,2024,3,16,15932,2197753.649505496,0.0,0.0,0,0,0,0.0,0.0,0.0,
2024-03-17,chokepoint6,Strait of Hormuz,13,14,5,2,65,34,99,353107,555894,9797,9668,3487795,928467,4416263,2024,3,17,15933,2097412.468974832,0.0,0.0,0,0,0,0.0,0.0,0.0,
2024-03-18,chokepoint6,Strait of Hormuz,20,20,5,2,59,47,106,658373,724910,22994,3321,2393652,1409600,3803253,2024,3,18,15934,2135238.0916143185,0.0,0.0,0,0,0,0.0,0.0,0.0,
2024-03-19,chokepoint6,Strait of Hormuz,22,20,7,9,51,58,109,665602,717728,59397,23471,2525025,1466200,3991226,2024,3,19,15935,2068469.478659576,0.0,0.0,0,0,0,0.0,0.0,0.0,
2024-03-20,chokepoint6,Strait of Hormuz,19,20,4,5,71,48,119,638984,991866,20624,12146,4372624,1663622,6036246,2024,3,20,15936,2136689.0,0.0,0.0,0,0,0,0.0,0.0,0.0,
2024-03-21,chokepoint6,Strait of Hormuz,21,17,3,4,63,45,108,599228,311362,6706,7692,2830497,924989,3755486,2024,3,21,15937,2275276.21795398,0.0,0.0,0,0,0,0.0,0.0,0.0,
2024-03-22,chokepoint6,Strait of Hormuz,18,15,4,1,61,38,99,291074,645303,61120,0,3001079,997497,3998577,2024,3,22,15938,2330144.304020938,0.0,0.0,0,0,0,0.0,0.0,0.0,
2024-03-23,chokepoint6,Strait of Hormuz,12,26,6,3,49,47,96,393071,1032451,48759,0,2109141,1474283,3583424,2024,3,23,15939,2363259.8952064663,254118.89520646632,0.10752896696715838,0,0,0,0.0,0.0,0.0,
2024-03-24,chokepoint6,Strait of Hormuz,17,14,4,1,57,36,93,512240,444560,9277,0,1694836,966078,2660915,2024,3,24,15940,2212606.3276256067,517770.3276256067,0.23400924112028398,0,0,0,0.0,0.0,0.0,
2024-03-25,chokepoint6,Strait of Hormuz,14,20,6,1,61,41,102,383667,753365,26147,0,3319580,1163181,4482761,2024,3,25,15941,2264762.0792092914,0.0,0.0,0,0,0,0.0,0.0,0.0,
2024-03-26,chokepoint6,Strait of Hormuz,20,9,2,2,45,33,78,641775,275276,28820,6104,1618296,951977,2570273,2024,3,26,15942,2153938.891888328,535642.8918883279,0.24868063523322026,0,0,0,0.0,0.0,0.0,
2024-03-27,chokepoint6,Strait of Hormuz,16,9,5,5,60,35,95,428651,214424,23082,16322,2413485,682480,3095966,2024,3,27,15943,2272056.0,0.0,0.0,0,0,0,0.0,0.0,0.0,
2024-03-28,chokepoint6,Strait of Hormuz,14,11,5,2,51,32,83,493369,342691,24528,7281,2422788,867871,3290659,2024,3,28,15944,2368093.3017701223,0.0,0.0,0,0,0,0.0,0.0,0.0,
2024-03-29,chokepoint6,Strait of Hormuz,10,15,5,1,64,31,95,284594,442945,21276,6429,4024373,755246,4779619,2024,3,29,15945,2375982.4005402965,0.0,0.0,0,0,0,0.0,0.0,0.0,
2024-03-30,chokepoint6,Strait of Hormuz,17,14,6,1,55,38,93,458997,780598,21784,3455,3867294,1264835,5132129,2024,3,30,15946,2405979.0759543767,0.0,0.0,0,0,0,0.0,0.0,0.0,
2024-03-31,chokepoint6,Strait of Hormuz,13,17,4,3,68,37,105,339653,668190,1975,0,3403246,1009819,4413066,2024,3,31,15947,2249402.2798673795,0.0,0.0,0,0,0,0.0,0.0,0.0,
2024-04-01,chokepoint6,Strait of Hormuz,17,12,4,3,59,36,95,504129,234312,9674,11330,2318689,759447,3078137,2024,4,1,15948,2318827.34150648,138.34150647977367,5.966011526752868e-05,0,0,0,0.0,0.0,0.0,
2024-04-02,chokepoint6,Strait of Hormuz,16,25,4,6,58,51,109,525780,1011105,23123,4318,2185971,1564328,3750299,2024,4,2,15949,2289751.127700855,103780.12770085502,0.045323758746244586,0,0,0,0.0,0.0,0.0,
2024-04-03,chokepoint6,Strait of Hormuz,20,22,7,2,61,51,112,613943,1008495,21989,0,3236727,1644427,4881154,2024,4,3,15950,2430689.0,0.0,0.0,0,0,0,0.0,0.0,0.0,
2024-04-04,chokepoint6,Strait of Hormuz,16,8,3,6,62,33,95,428013,144418,9061,13619,2817118,595113,3412232,2024,4,4,15951,2550280.0013386915,0.0,0.0,0,0,0,0.0,0.0,0.0,
2024-04-05,chokepoint6,Strait of Hormuz,18,15,11,5,58,49,107,403659,337375,78912,13419,3066185,833366,3899551,2024,4,5,15952,2559402.0768357553,0.0,0.0,0,0,0,0.0,0.0,0.0,
2024-04-06,chokepoint6,Strait of Hormuz,18,30,4,2,70,54,124,279137,1146278,8113,7672,3883284,1441202,5324486,2024,4,6,15953,2627382.3832390783,0.0,0.0,0,0,0,0.0,0.0,0.0,
2024-04-07,chokepoint6,Strait of Hormuz,22,15,3,1,58,41,99,539960,368749,3872,0,2855319,912581,3767901,2024,4,7,15954,2462234.740135666,0.0,0.0,0,0,0,0.0,0.0,0.0,
2024-04-08,chokepoint6,Strait of Hormuz,17,18,9,7,65,51,116,385174,605078,24193,11729,2257948,1026176,3284124,2024,4,8,15955,2500696.760035412,242748.76003541192,0.09707244953281517,0,0,0,0.0,0.0,0.0,
2024-04-09,chokepoint6,Strait of Hormuz,17,14,9,2,67,42,109,300865,543020,33223,0,2796706,877109,3673816,2024,4,9,15956,2391135.331923685,0.0,0.0,0,0,0,0.0,0.0,0.0,
2024-04-10,chokepoint6,Strait of Hormuz,20,19,2,2,67,43,110,750013,725847,22446,1988,3504215,1500296,5004512,2024,4,10,15957,2515871.0,0.0,0.0,0,0,0,0.0,0.0,0.0,
2024-04-11,chokepoint6,Strait of Hormuz,12,13,5,4,62,34,96,347094,443006,24833,8459,2735143,823393,3558536,2024,4,11,15958,2604630.3274403033,0.0,0.0,0,0,0,0.0,0.0,0.0,
2024-04-12,chokepoint6,Strait of Hormuz,30,11,5,4,56,50,106,817806,553914,59439,4442,2359460,1435602,3795062,2024,4,12,15959,2611054.048192566,251594.0481925658,0.09635727317353895,0,0,0,0.0,0.0,0.0,
2024-04-13,chokepoint6,Strait of Hormuz,13,23,5,0,74,41,115,194650,1101849,14290,0,3384163,1310790,4694953,2024,4,13,15960,2654081.477476516,0.0,0.0,0,0,0,0.0,0.0,0.0,
2024-04-14,chokepoint6,Strait of Hormuz,14,17,3,2,62,36,98,381907,710716,3182,3398,3634521,1099204,4733725,2024,4,14,15961,2474083.8515004907,0.0,0.0,0,0,0,0.0,0.0,0.0,
2024-04-15,chokepoint6,Strait of Hormuz,9,19,4,6,55,38,93,205390,797769,11688,13099,2755806,1027948,3783754,2024,4,15,15962,2515937.4039172353,0.0,0.0,0,0,0,0.0,0.0,0.0,
2024-04-16,chokepoint6,Strait of Hormuz,14,9,2,5,48,30,78,306629,251348,1424,11499,3193904,570903,3764807,2024,4,16,15963,2395453.0921796476,0.0,0.0,0,0,0,0.0,0.0,0.0,
2024-04-17,chokepoint6,Strait of Hormuz,10,13,4,1,42,28,70,240431,430543,28109,4621,1184755,703707,1888462,2024,4,17,15964,2527825.0,1343070.0,0.5313144699494625,1,0,0,0.0,0.0,0.0,
2024-04-18,chokepoint6,Strait of Hormuz,8,17,0,4,48,29,77,158635,574601,0,26572,2051320,759810,2811131,2024,4,18,15965,2606462.5699094185,555142.5699094185,0.21298697181318477,0,0,0,0.0,0.0,0.0,
2024-04-19,chokepoint6,Strait of Hormuz,19,15,2,1,62,37,99,529309,450016,2262,0,3823627,981588,4805216,2024,4,19,15966,2611054.048192566,0.0,0.0,0,0,0,0.0,0.0,0.0,
2024-04-20,chokepoint6,Strait of Hormuz,14,21,4,0,65,39,104,248783,898915,26108,0,3156322,1173807,4330130,2024,4,20,15967,2696203.2385610063,0.0,0.0,0,0,0,0.0,0.0,0.0,
2024-04-21,chokepoint6,Strait of Hormuz,18,14,5,1,66,38,104,578305,380024,40457,3777,3458394,1002565,4460959,2024,4,21,15968,2519171.5313289315,0.0,0.0,0,0,0,0.0,0.0,0.0,
2024-04-22,chokepoint6,Strait of Hormuz,12,16,6,4,68,38,106,282761,349626,5048,3699,2399714,641135,3040849,2024,4,22,15969,2564603.3350955797,164889.33509557974,0.06429428396942895,0,0,0,0.0,0.0,0.0,
2024-04-23,chokepoint6,Strait of Hormuz,18,21,5,1,64,45,109,502376,968719,14541,0,2426852,1485637,3912490,2024,4,23,15970,2439107.8058219287,12255.805821928661,0.005024708540014167,0,0,0,0.0,0.0,0.0,
2024-04-24,chokepoint6,Strait of Hormuz,23,15,4,3,60,45,105,863033,416348,8567,2020,3622143,1289969,4912113,2024,4,24,15971,2527825.0,0.0,0.0,0,0,0,0.0,0.0,0.0,
2024-04-25,chokepoint6,Strait of Hormuz,17,11,3,3,51,34,85,580723,352094,10634,5042,2992550,948495,3941045,2024,4,25,15972,2612288.956283287,0.0,0.0,0,0,0,0.0,0.0,0.0,
2024-04-26,chokepoint6,Strait of Hormuz,24,18,0,3,49,45,94,768467,686294,0,7137,2338700,1461899,3800599,2024,4,26,15973,2658422.220746424,319722.22074642405,0.12026766036309063,0,0,0,0.0,0.0,0.0,
2024-04-27,chokepoint6,Strait of Hormuz,18,14,1,1,69,34,103,457516,300732,20304,0,2548414,778552,3326967,2024,4,27,15974,2694526.4737060303,146112.4737060303,0.054225658991232085,0,0,0,0.0,0.0,0.0,
2024-04-28,chokepoint6,Strait of Hormuz,10,15,3,3,57,31,88,304491,571168,30079,5133,3290936,910872,4201808,2024,4,28,15975,2516869.6370243574,0.0,0.0,0,0,0,0.0,0.0,0.0,
2024-04-29,chokepoint6,Strait of Hormuz,14,18,2,3,44,37,81,273942,810503,0,11963,1491754,1096410,2588165,2024,4,29,15976,2566130.2975145313,1074376.2975145313,0.4186756606066093,1,0,0,0.0,0.0,0.0,
2024-04-30,chokepoint6,Strait of Hormuz,22,21,5,4,72,52,124,594364,792785,26039,1695,2365738,1414884,3780623,2024,4,30,15977,2440625.627333875,74887.62733387481,0.030683783082160628,0,0,0,0.0,0.0,0.0,
2024-05-01,chokepoint6,Strait of Hormuz,18,18,3,4,65,43,108,542180,685234,17360,19283,3461764,1264058,4725823,2024,5,1,15978,2577017.0,0.0,0.0,0,0,0,0.0,0.0,0.0,
2024-05-02,chokepoint6,Strait of Hormuz,12,12,4,0,37,28,65,360598,339261,14729,0,1633914,714589,2348504,2024,5,2,15979,2656821.8523473404,1022907.8523473404,0.38501183338415657,1,0,0,0.0,0.0,0.0,
2024-05-03,chokepoint6,Strait of Hormuz,18,12,1,2,44,33,77,460992,494866,6327,2181,2463153,964367,3427520,2024,5,3,15980,2661502.0422637714,198349.0422637714,0.07452522640000056,0,0,0,0.0,0.0,0.0,
2024-05-04,chokepoint6,Strait of Hormuz,18,14,6,3,75,41,116,456987,547678,33236,7212,3295786,1045114,4340901,2024,5,4,15981,2696203.2385610063,0.0,0.0,0,0,0,0.0,0.0,0.0,
2024-05-05,chokepoint6,Strait of Hormuz,20,14,4,2,72,40,112,469472,379423,25519,4318,3882108,878734,4760842,2024,5,5,15982,2520671.443694556,0.0,0.0,0,0,0,0.0,0.0,0.0,
2024-05-06,chokepoint6,Strait of Hormuz,25,11,7,1,59,44,103,742143,339373,34414,0,3294131,1115932,4410064,2024,5,6,15983,2566199.250660413,0.0,0.0,0,0,0,0.0,0.0,0.0,
2024-05-07,chokepoint6,Strait of Hormuz,16,14,4,3,69,37,106,504335,718996,39576,15227,3524648,1278135,4802783,2024,5,7,15984,2426605.974783642,0.0,0.0,0,0,0,0.0,0.0,0.0,
2024-05-08,chokepoint6,Strait of Hormuz,16,23,2,5,53,46,99,285328,810453,0,8485,1471054,1104268,2575322,2024,5,8,15985,2553192.0,1082138.0,0.4238372985658736,1,0,0,0.0,0.0,0.0,
2024-05-09,chokepoint6,Strait of Hormuz,15,17,8,1,63,41,104,485646,524765,39870,0,2978688,1050282,4028970,2024,5,9,15986,2653217.3054030244,0.0,0.0,0,0,0,0.0,0.0,0.0,
2024-05-10,chokepoint6,Strait of Hormuz,14,20,3,6,51,43,94,436473,432144,12569,15349,3631932,896537,4528470,2024,5,10,15987,2616890.6981807346,0.0,0.0,0,0,0,0.0,0.0,0.0,
2024-05-11,chokepoint6,Strait of Hormuz,20,18,9,5,73,52,125,275333,537445,28384,5568,3184767,846731,4031499,2024,5,11,15988,2692064.348731128,0.0,0.0,0,0,0,0.0,0.0,0.0,
2024-05-12,chokepoint6,Strait of Hormuz,19,19,5,1,53,44,97,449311,896023,35423,4912,1464233,1385671,2849904,2024,5,12,15989,2506259.32762643,1042026.32762643,0.4157695559035737,1,0,0,0.0,0.0,0.0,
2024-05-13,chokepoint6,Strait of Hormuz,21,18,7,3,77,49,126,608708,455265,39997,9933,5507350,1113904,6621255,2024,5,13,15990,2551458.267255995,0.0,0.0,0,0,0,0.0,0.0,0.0,
2024-05-14,chokepoint6,Strait of Hormuz,19,15,4,0,68,38,106,505420,552096,23627,0,2760889,1081144,3842034,2024,5,14,15991,2436879.069788419,0.0,0.0,0,0,0,0.0,0.0,0.0,
2024-05-15,chokepoint6,Strait of Hormuz,20,15,7,4,63,46,109,695397,317848,22312,9391,2339785,1044949,3384735,2024,5,15,15992,2567874.0,228089.0,0.08882406223981394,0,0,0,0.0,0.0,0.0,
2024-05-16,chokepoint6,Strait of Hormuz,19,16,3,5,64,43,107,565775,657495,9224,4773,2253933,1237270,3491203,2024,5,16,15993,2653747.4466250525,399814.4466250525,0.15066032268199567,0,0,0,0.0,0.0,0.0,
2024-05-17,chokepoint6,Strait of Hormuz,15,22,3,2,61,42,103,383421,969804,22611,6194,2626881,1382031,4008913,2024,5,17,15994,2658350.7895919043,31469.789591904264,0.011838087627530653,0,0,0,0.0,0.0,0.0,
2024-05-18,chokepoint6,Strait of Hormuz,28,19,7,5,57,59,116,772307,738045,39218,4505,2438287,1554076,3992363,2024,5,18,15995,2696130.7922397833,257843.79223978333,0.0956347492421101,0,0,0,0.0,0.0,0.0,
2024-05-19,chokepoint6,Strait of Hormuz,15,20,1,2,63,38,101,423972,692943,12877,3655,3075316,1133449,4208766,2024,5,19,15996,2523659.4890093207,0.0,0.0,0,0,0,0.0,0.0,0.0,
2024-05-20,chokepoint6,Strait of Hormuz,21,16,5,9,55,51,106,597951,491641,7965,30762,2847049,1128320,3975370,2024,5,20,15997,2629058.5373599394,0.0,0.0,0,0,0,0.0,0.0,0.0,
2024-05-21,chokepoint6,Strait of Hormuz,13,14,4,2,69,33,102,491900,550805,17200,3847,3536713,1063753,4600466,2024,5,21,15998,2440138.061625905,0.0,0.0,0,0,0,0.0,0.0,0.0,
2024-05-22,chokepoint6,Strait of Hormuz,17,24,6,0,59,47,106,370650,1008945,11332,0,2002467,1390928,3393396,2024,5,22,15999,2630845.0,628378.0,0.23885025533621326,0,0,0,0.0,0.0,0.0,
2024-05-23,chokepoint6,Strait of Hormuz,20,14,3,2,67,39,106,472551,425809,9714,0,3488093,908075,4396169,2024,5,23,16000,2718751.2344379476,0.0,0.0,0,0,0,0.0,0.0,0.0,
2024-05-24,chokepoint6,Strait of Hormuz,17,24,8,3,66,52,118,469011,1026492,78016,2774,3247477,1576295,4823773,2024,5,24,17477,2661502.0422637714,0.0,0.0,0,0,0,0.0,0.0,0.0,
2024-05-25,chokepoint6,Strait of Hormuz,17,16,6,3,66,42,108,414202,687999,36642,0,2855541,1138845,3994386,2024,5,25,17602,2772036.6877879975,0.0,0.0,0,0,0,0.0,0.0,0.0,
2024-05-26,chokepoint6,Strait of Hormuz,21,17,3,3,70,44,114,665390,619924,20831,6963,2057396,1313110,3370506,2024,5,26,17603,2596425.852720949,539029.8527209489,0.20760456230863186,0,0,0,0.0,0.0,0.0,
2024-05-27,chokepoint6,Strait of Hormuz,17,16,5,2,63,40,103,538681,646631,23289,5571,3161042,1214173,4375215,2024,5,27,17604,2629058.5373599394,0.0,0.0,0,0,0,0.0,0.0,0.0,
2024-05-28,chokepoint6,Strait of Hormuz,20,19,5,5,71,49,120,589619,593480,5010,15744,4066590,1203855,5270446,2024,5,28,17605,2509270.697165961,0.0,0.0,0,0,0,0.0,0.0,0.0,
2024-05-29,chokepoint6,Strait of Hormuz,17,20,8,5,58,50,108,509456,675758,64910,3782,2897457,1253909,4151366,2024,5,29,17606,2640169.0,0.0,0.0,0,0,0,0.0,0.0,0.0,
2024-05-30,chokepoint6,Strait of Hormuz,15,17,9,2,58,43,101,379838,608542,20384,847,2250761,1009612,3260374,2024,5,30,17607,2732187.6792114563,481426.6792114563,0.17620556701668535,0,0,0,0.0,0.0,0.0,
2024-05-31,chokepoint6,Strait of Hormuz,11,16,7,6,51,40,91,277058,621511,12421,18253,2717395,929244,3646640,2024,5,31,17608,2738242.9126030705,20847.912603070494,0.007613609627953617,0,0,0,0.0,0.0,0.0,
2024-06-01,chokepoint6,Strait of Hormuz,22,13,2,1,61,38,99,589092,721282,0,0,3093160,1310374,4403535,2024,6,1,17609,2772036.6877879975,0.0,0.0,0,0,0,0.0,0.0,0.0,
2024-06-02,chokepoint6,Strait of Hormuz,14,16,4,1,78,35,113,278653,784127,21767,0,3527134,1084548,4611683,2024,6,2,17610,2596425.852720949,0.0,0.0,0,0,0,0.0,0.0,0.0,
2024-06-03,chokepoint6,Strait of Hormuz,18,17,4,3,65,42,107,484732,558790,12345,3932,3517393,1059800,4577194,2024,6,3,17611,2651116.548795484,0.0,0.0,0,0,0,0.0,0.0,0.0,
2024-06-04,chokepoint6,Strait of Hormuz,21,14,5,4,61,44,105,696974,426525,28528,18390,2636285,1170418,3806703,2024,6,4,17612,2524037.3802161245,0.0,0.0,0,0,0,0.0,0.0,0.0,
2024-06-05,chokepoint6,Strait of Hormuz,25,14,3,4,55,46,101,926544,540663,12629,0,3457765,1479838,4937603,2024,6,5,17613,2648921.0,0.0,0.0,0,0,0,0.0,0.0,0.0,
2024-06-06,chokepoint6,Strait of Hormuz,24,21,8,7,57,60,117,766257,491424,40450,13711,2693060,1311844,4004904,2024,6,6,17614,2741561.7747767926,48501.77477679262,0.017691293781166555,0,0,0,0.0,0.0,0.0,
2024-06-07,chokepoint6,Strait of Hormuz,19,16,5,1,61,41,102,589564,611896,51402,1111,2117925,1253975,3371901,2024,6,7,17615,2749277.4731252226,631352.4731252226,0.2296430532373791,0,0,0,0.0,0.0,0.0,
2024-06-08,chokepoint6,Strait of Hormuz,14,12,3,4,65,33,98,279191,417025,13610,6023,3318475,715850,4034326,2024,6,8,17616,2790670.0915959254,0.0,0.0,0,0,0,0.0,0.0,0.0,
2024-06-09,chokepoint6,Strait of Hormuz,15,12,3,3,77,33,110,320560,350260,0,3301,3410887,674122,4085010,2024,6,9,17617,2609058.295281957,0.0,0.0,0,0,0,0.0,0.0,0.0,
2024-06-10,chokepoint6,Strait of Hormuz,23,23,5,1,67,52,119,526889,935091,25431,0,2249839,1487412,3737251,2024,6,10,17618,2678161.1717955363,428322.1717955363,0.1599314396408688,0,0,0,0.0,0.0,0.0,
2024-06-11,chokepoint6,Strait of Hormuz,14,20,6,4,62,44,106,308186,328015,13314,8335,2147617,657852,2805469,2024,6,11,17619,2547108.83745,399491.83745,0.15684129063363672,0,0,0,0.0,0.0,0.0,
2024-06-12,chokepoint6,Strait of Hormuz,22,18,8,8,60,56,116,641607,611799,44960,6141,2691915,1304509,3996425,2024,6,12,17620,2681114.0,0.0,0.0,0,0,0,0.0,0.0,0.0,
2024-06-13,chokepoint6,Strait of Hormuz,26,19,7,5,56,57,113,817692,663553,42558,0,2544384,1523804,4068189,2024,6,13,17621,2769529.0494195763,225145.0494195763,0.08129362263478011,0,0,0,0.0,0.0,0.0,
2024-06-14,chokepoint6,Strait of Hormuz,17,19,3,5,55,44,99,401483,664897,3427,2374,3217531,1072183,4289715,2024,6,14,17622,2775580.701734551,0.0,0.0,0,0,0,0.0,0.0,0.0,
2024-06-15,chokepoint6,Strait of Hormuz,14,22,7,4,67,47,114,381796,686469,39063,15621,2876943,1122950,3999894,2024,6,15,17623,2813837.165187064,0.0,0.0,0,0,0,0.0,0.0,0.0,
2024-06-16,chokepoint6,Strait of Hormuz,15,17,8,2,52,42,94,361142,643553,63934,8638,2878976,1077269,3956245,2024,6,16,17624,2630717.69734184,0.0,0.0,0,0,0,0.0,0.0,0.0,
2024-06-17,chokepoint6,Strait of Hormuz,17,8,2,3,66,30,96,762120,546193,1657,0,2704315,1309972,4014287,2024,6,17,17625,2695278.540430495,0.0,0.0,0,0,0,0.0,0.0,0.0,
2024-06-18,chokepoint6,Strait of Hormuz,21,13,6,4,52,44,96,414262,539066,19029,6324,2362135,978682,3340818,2024,6,18,17626,2563388.589909693,201253.58990969323,0.078510761381201,0,0,0,0.0,0.0,0.0,
2024-06-19,chokepoint6,Strait of Hormuz,21,19,3,3,59,46,105,572218,694546,12711,10843,3533785,1290320,4824105,2024,6,19,17627,2701263.0,0.0,0.0,0,0,0,0.0,0.0,0.0,
2024-06-20,chokepoint6,Strait of Hormuz,13,23,1,4,67,41,108,307980,769019,20848,8338,2548334,1106187,3654521,2024,6,20,17628,2770699.907128266,222365.90712826606,0.08025622210336758,0,0,0,0.0,0.0,0.0,
2024-06-21,chokepoint6,Strait of Hormuz,14,9,5,6,52,34,86,484673,440988,47798,21624,2045005,995084,3040090,2024,6,21,17629,2796439.6340885093,751434.6340885093,0.2687111943803632,0,0,0,0.0,0.0,0.0,
2024-06-22,chokepoint6,Strait of Hormuz,18,21,5,3,56,47,103,515635,456523,6944,5486,2457743,984591,3442334,2024,6,22,17630,2831821.701944037,374078.7019440369,0.13209825381563853,0,0,0,0.0,0.0,0.0,
2024-06-23,chokepoint6,Strait of Hormuz,21,15,2,2,56,40,96,538479,359936,3210,2784,2462698,904410,3367108,2024,6,23,17631,2647429.7444784595,184731.74447845947,0.06977777025575098,0,0,0,0.0,0.0,0.0,
2024-06-24,chokepoint6,Strait of Hormuz,18,28,3,3,66,52,118,494247,1157997,27377,8226,3052044,1687849,4739893,2024,6,24,17632,2679293.402437337,0.0,0.0,0,0,0,0.0,0.0,0.0,
2024-06-25,chokepoint6,Strait of Hormuz,22,17,4,4,69,47,116,660227,691587,24757,7135,2835334,1383708,4219043,2024,6,25,17633,2563289.7461794224,0.0,0.0,0,0,0,0.0,0.0,0.0,
2024-06-26,chokepoint6,Strait of Hormuz,14,21,2,3,55,40,95,251221,698532,6373,0,2212870,956126,3168996,2024,6,26,17634,2658482.0,445612.0,0.16761896450681255,0,0,0,0.0,0.0,0.0,
2024-06-27,chokepoint6,Strait of Hormuz,15,14,6,3,79,38,117,470446,620289,20447,7224,2852129,1118407,3970536,2024,6,27,17635,2787122.917460569,0.0,0.0,0,0,0,0.0,0.0,0.0,
2024-06-28,chokepoint6,Strait of Hormuz,18,9,8,4,57,39,96,520735,325992,36411,6638,3321805,889777,4211583,2024,6,28,17636,2792032.6424248633,0.0,0.0,0,0,0,0.0,0.0,0.0,
2024-06-29,chokepoint6,Strait of Hormuz,19,22,4,0,54,45,99,698440,790205,28329,0,2066719,1516975,3583694,2024,6,29,17637,2831821.701944037,765102.7019440369,0.2701803935674327,0,0,0,0.0,0.0,0.0,
2024-06-30,chokepoint6,Strait of Hormuz,16,12,7,2,65,37,102,473629,521893,14577,6817,3348045,1016918,4364964,2024,6,30,17638,2647531.832754654,0.0,0.0,0,0,0,0.0,0.0,0.0,
2024-07-01,chokepoint6,Strait of Hormuz,26,15,4,3,44,48,92,679799,841191,12215,5047,1870717,1538254,3408971,2024,7,1,17639,2695174.611051195,824457.6110511948,0.3059013719076379,1,0,0,0.0,0.0,0.0,
2024-07-02,chokepoint6,Strait of Hormuz,23,22,3,5,78,53,131,479211,842353,13731,15999,3034325,1351296,4385622,2024,7,2,17640,2563388.589909693,0.0,0.0,0,0,0,0.0,0.0,0.0,
2024-07-03,chokepoint6,Strait of Hormuz,19,18,3,4,62,44,106,575224,397138,15915,0,2902267,988278,3890546,2024,7,3,17641,2681114.0,0.0,0.0,0,0,0,0.0,0.0,0.0,
2024-07-04,chokepoint6,Strait of Hormuz,15,12,8,2,73,37,110,399547,531301,45781,6759,2357218,983389,3340608,2024,7,4,17642,2747311.6885377374,390093.68853773735,0.1419910562624824,0,0,0,0.0,0.0,0.0,
2024-07-05,chokepoint6,Strait of Hormuz,16,13,4,3,53,36,89,373036,680568,15966,11435,2413545,1081007,3494552,2024,7,5,17643,2742253.4095974243,328708.4095974243,0.11986799193940295,0,0,0,0.0,0.0,0.0,
2024-07-06,chokepoint6,Strait of Hormuz,20,17,6,5,61,48,109,578220,571110,31992,14837,3278915,1196161,4475076,2024,7,6,17644,2757467.627595356,0.0,0.0,0,0,0,0.0,0.0,0.0,
2024-07-07,chokepoint6,Strait of Hormuz,18,10,5,3,68,36,104,395162,322429,17138,5787,3623801,740518,4364320,2024,7,7,17645,2575177.7486199643,0.0,0.0,0,0,0,0.0,0.0,0.0,
2024-07-08,chokepoint6,Strait of Hormuz,25,9,3,2,60,39,99,705988,349061,55310,0,2050220,1110359,3160580,2024,7,8,17646,2619214.2266340954,568994.2266340954,0.21723852170935234,0,0,0,0.0,0.0,0.0,
2024-07-09,chokepoint6,Strait of Hormuz,25,15,5,6,76,51,127,575283,506668,7272,7846,3864638,1097070,4961708,2024,7,9,17647,2491046.384397287,0.0,0.0,0,0,0,0.0,0.0,0.0,
2024-07-10,chokepoint6,Strait of Hormuz,17,9,5,5,60,36,96,386649,288292,9259,5482,2550532,689682,3240215,2024,7,10,17648,2606646.0,56114.0,0.021527280651074215,0,0,0,0.0,0.0,0.0,
2024-07-11,chokepoint6,Strait of Hormuz,25,23,8,4,70,60,130,781099,760304,34852,21252,3107431,1597508,4704940,2024,7,11,17649,2693743.6565980655,0.0,0.0,0,0,0,0.0,0.0,0.0,
2024-07-12,chokepoint6,Strait of Hormuz,18,11,3,2,63,34,97,561563,785301,12513,2346,2756554,1361724,4118279,2024,7,12,17650,2693334.456326596,0.0,0.0,0,0,0,0.0,0.0,0.0,
2024-07-13,chokepoint6,Strait of Hormuz,20,19,8,1,57,48,105,557909,461692,37912,3257,2715252,1060770,3776023,2024,7,13,17651,2712602.3558245455,0.0,0.0,0,0,0,0.0,0.0,0.0,
2024-07-14,chokepoint6,Strait of Hormuz,18,12,7,3,69,40,109,367383,399574,33825,12557,3411519,813340,4224860,2024,7,14,17652,2527624.244274214,0.0,0.0,0,0,0,0.0,0.0,0.0,
2024-07-15,chokepoint6,Strait of Hormuz,11,14,5,3,64,33,97,234044,479150,25112,4773,2488111,743081,3231193,2024,7,15,17653,2599900.350540462,111789.35054046195,0.04299755200895427,0,0,0,0.0,0.0,0.0,
2024-07-16,chokepoint6,Strait of Hormuz,16,14,8,6,64,44,108,371448,466897,39346,14093,2175990,891785,3067775,2024,7,16,17654,2491046.384397287,315056.3843972869,0.12647551903113813,0,0,0,0.0,0.0,0.0,
2024-07-17,chokepoint6,Strait of Hormuz,17,23,8,4,68,52,120,482012,805855,48953,6631,4483491,1343452,5826943,2024,7,17,17655,2601667.0,0.0,0.0,0,0,0,0.0,0.0,0.0,
2024-07-18,chokepoint6,Strait of Hormuz,17,12,8,2,57,39,96,477813,520869,58864,0,2326830,1057547,3384378,2024,7,18,17656,2669888.3350204867,343058.33502048673,0.12849164158689594,0,0,0,0.0,0.0,0.0,
2024-07-19,chokepoint6,Strait of Hormuz,17,13,6,2,60,38,98,292516,558359,49708,3648,3202544,904233,4106777,2024,7,19,17657,2665683.352888499,0.0,0.0,0,0,0,0.0,0.0,0.0,
2024-07-20,chokepoint6,Strait of Hormuz,18,15,2,2,59,37,96,403306,587531,3749,0,1603433,994587,2598021,2024,7,20,17658,2689487.779567627,1086054.7795676268,0.40381472926499984,1,0,0,0.0,0.0,0.0,
2024-07-21,chokepoint6,Strait of Hormuz,17,19,4,3,59,43,102,609000,713256,18051,0,3570772,1340308,4911081,2024,7,21,17659,2540788.7238130807,0.0,0.0,0,0,0,0.0,0.0,0.0,
2024-07-22,chokepoint6,Strait of Hormuz,17,14,7,0,54,38,92,659399,519255,64502,0,2314871,1243156,3558027,2024,7,22,17660,2562144.00622579,247273.0062257899,0.096510190537666,0,0,0,0.0,0.0,0.0,
2024-07-23,chokepoint6,Strait of Hormuz,21,18,2,1,53,42,95,644921,619903,5010,0,3027497,1269835,4297333,2024,7,23,17661,2460037.965706765,0.0,0.0,0,0,0,0.0,0.0,0.0,
2024-07-24,chokepoint6,Strait of Hormuz,17,11,3,3,57,34,91,514004,464894,8396,8820,2696785,996115,3692901,2024,7,24,17662,2620994.0,0.0,0.0,0,0,0,0.0,0.0,0.0,
2024-07-25,chokepoint6,Strait of Hormuz,15,17,5,6,76,43,119,410442,309396,43172,15496,3765743,778506,4544249,2024,7,25,17663,2727729.532560717,0.0,0.0,0,0,0,0.0,0.0,0.0,
2024-07-26,chokepoint6,Strait of Hormuz,18,10,5,4,42,37,79,458428,317695,19184,10436,2086094,805744,2891839,2024,7,26,17664,2681496.554124625,595402.5541246249,0.2220411408729161,0,0,0,0.0,0.0,0.0,
2024-07-27,chokepoint6,Strait of Hormuz,22,10,5,4,66,41,107,785285,350596,5779,15695,3103310,1157356,4260667,2024,7,27,17665,2771278.6262818654,0.0,0.0,0,0,0,0.0,0.0,0.0,
2024-07-28,chokepoint6,Strait of Hormuz,21,17,4,2,61,44,105,500662,647714,8701,0,2649619,1157078,3806698,2024,7,28,17666,2552278.562975144,0.0,0.0,0,0,0,0.0,0.0,0.0,
2024-07-29,chokepoint6,Strait of Hormuz,17,14,5,3,61,39,100,559687,580712,40781,8078,3209615,1189259,4398875,2024,7,29,17667,2598307.432938493,0.0,0.0,0,0,0,0.0,0.0,0.0,
2024-07-30,chokepoint6,Strait of Hormuz,18,20,3,3,50,44,94,526549,686837,11374,12503,2330792,1237265,3568057,2024,7,30,17668,2471162.637464644,140370.63746464392,0.05680348000431933,0,0,0,0.0,0.0,0.0,
2024-07-31,chokepoint6,Strait of Hormuz,14,9,3,3,64,29,93,394636,365008,13952,5354,2704215,778951,3483167,2024,7,31,17669,2588368.0,0.0,0.0,0,0,0,0.0,0.0,0.0,
2024-08-01,chokepoint6,Strait of Hormuz,20,15,7,6,46,48,94,468385,342877,28799,11446,1782297,851509,2633807,2024,8,1,17670,2686951.0284257634,904654.0284257634,0.3366842264169526,1,0,0,0.0,0.0,0.0,
2024-08-02,chokepoint6,Strait of Hormuz,16,12,2,3,59,33,92,455156,310527,2659,6717,2543637,775060,3318698,2024,8,2,17671,2732445.601511594,188808.6015115939,0.06909875951680233,0,0,0,0.0,0.0,0.0,
2024-08-03,chokepoint6,Strait of Hormuz,19,18,4,3,62,44,106,448364,522220,17045,0,3192318,987629,4179947,2024,8,3,17672,2771278.6262818654,0.0,0.0,0,0,0,0.0,0.0,0.0,
2024-08-04,chokepoint6,Strait of Hormuz,20,12,4,6,58,42,100,520773,399588,2279,13847,1824423,936489,2760912,2024,8,4,17673,2591013.210846569,766590.2108465689,0.2958650336622941,0,0,0,0.0,0.0,0.0,
2024-08-05,chokepoint6,Strait of Hormuz,18,17,5,2,48,42,90,625624,787399,41983,9928,2317004,1464935,3781939,2024,8,5,17674,2647631.916626058,330627.91662605805,0.12487684354832271,0,0,0,0.0,0.0,0.0,
2024-08-06,chokepoint6,Strait of Hormuz,17,8,4,3,56,32,88,570207,168341,30297,3371,2603612,772217,3375829,2024,8,6,17675,2518073.49168296,0.0,0.0,0,0,0,0.0,0.0,0.0,
2024-08-07,chokepoint6,Strait of Hormuz,11,12,3,3,46,29,75,260152,344344,9009,15874,2453290,629380,3082670,2024,8,7,17676,2647579.0,194289.0,0.07338364596486073,0,0,0,0.0,0.0,0.0,
2024-08-08,chokepoint6,Strait of Hormuz,16,8,0,4,61,28,89,442509,624827,0,6092,2700370,1073429,3773799,2024,8,8,17677,2752050.9237116575,51680.923711657524,0.018779057925990734,0,0,0,0.0,0.0,0.0,
2024-08-09,chokepoint6,Strait of Hormuz,10,20,5,2,55,37,92,197048,793756,16215,4577,3024404,1011598,4036003,2024,8,9,17678,2744219.319197909,0.0,0.0,0,0,0,0.0,0.0,0.0,
2024-08-10,chokepoint6,Strait of Hormuz,17,17,8,2,66,44,110,446702,893686,46162,3926,3371308,1390478,4761786,2024,8,10,17679,2779816.792719352,0.0,0.0,0,0,0,0.0,0.0,0.0,
2024-08-11,chokepoint6,Strait of Hormuz,21,19,2,2,51,44,95,467168,546165,44085,11494,2214531,1068913,3283445,2024,8,11,17680,2597564.5296477317,383033.5296477317,0.1474587157608272,0,0,0,0.0,0.0,0.0,
2024-08-12,chokepoint6,Strait of Hormuz,8,16,5,2,68,31,99,163425,599126,16701,0,2653310,779253,3432563,2024,8,12,17681,2644410.105867747,0.0,0.0,0,0,0,0.0,0.0,0.0,
2024-08-13,chokepoint6,Strait of Hormuz,14,10,8,3,54,35,89,430528,391787,59335,6010,3385813,887661,4273474,2024,8,13,17682,2516313.312947754,0.0,0.0,0,0,0,0.0,0.0,0.0,
2024-08-14,chokepoint6,Strait of Hormuz,21,14,5,1,48,41,89,562416,511222,21653,0,2300352,1095292,3395644,2024,8,14,17683,2655395.0,355043.0,0.13370628475236265,0,0,0,0.0,0.0,0.0,
2024-08-15,chokepoint6,Strait of Hormuz,12,2,2,3,46,19,65,382664,132362,0,3818,2710055,518845,3228900,2024,8,15,17684,2730193.1907933,20138.190793300048,0.007376104687832946,0,0,0,0.0,0.0,0.0,
2024-08-16,chokepoint6,Strait of Hormuz,18,15,8,1,43,42,85,724214,578817,55759,4091,2516520,1362881,3879402,2024,8,16,17685,2737466.487010462,220946.4870104622,0.08071203357515945,0,0,0,0.0,0.0,0.0,
2024-08-17,chokepoint6,Strait of Hormuz,7,12,1,2,38,22,60,140247,293085,20936,0,2806202,454269,3260471,2024,8,17,17686,2778376.2658683644,0.0,0.0,0,0,0,0.0,0.0,0.0,
2024-08-18,chokepoint6,Strait of Hormuz,14,4,1,2,42,21,63,392096,136567,5369,4563,2325520,538597,2864117,2024,8,18,17687,2597564.5296477317,272044.5296477317,0.10473061459790758,0,0,0,0.0,0.0,0.0,
2024-08-19,chokepoint6,Strait of Hormuz,17,15,4,1,46,37,83,304691,541202,15242,0,1891498,861136,2752635,2024,8,19,17688,2652187.8208590415,760689.8208590415,0.2868159693956572,0,0,0,0.0,0.0,0.0,
2024-08-20,chokepoint6,Strait of Hormuz,16,10,1,0,35,27,62,327391,568011,0,0,2218449,895402,3113851,2024,8,20,17689,2531034.3758147154,312585.3758147154,0.12350103925953088,0,0,0,0.0,0.0,0.0,
2024-08-21,chokepoint6,Strait of Hormuz,13,14,5,2,48,34,82,365075,342812,5435,3406,2608703,716730,3325434,2024,8,21,17690,2653990.0,45287.0,0.017063741762403023,0,0,0,0.0,0.0,0.0,
2024-08-22,chokepoint6,Strait of Hormuz,20,14,6,3,41,43,84,599568,523039,87476,0,956008,1210084,2166093,2024,8,22,17691,2742669.5942505044,1786661.5942505044,0.6514315825704662,1,0,0,0.0,0.0,0.0,
2024-08-23,chokepoint6,Strait of Hormuz,26,16,5,5,48,52,100,689879,534835,19797,9761,2870371,1254273,4124644,2024,8,23,17692,2737466.487010462,0.0,0.0,0,0,0,0.0,0.0,0.0,
2024-08-24,chokepoint6,Strait of Hormuz,22,17,5,2,75,46,121,620798,601619,26423,3087,3115747,1251928,4367676,2024,8,24,17693,2776370.8677011733,0.0,0.0,0,0,0,0.0,0.0,0.0,
2024-08-25,chokepoint6,Strait of Hormuz,14,18,6,4,54,42,96,311437,881346,21421,0,2662249,1214205,3876454,2024,8,25,17694,2593353.388254716,0.0,0.0,0,0,0,0.0,0.0,0.0,
2024-08-26,chokepoint6,Strait of Hormuz,18,23,8,5,64,54,118,657718,697763,40193,7274,3121183,1402950,4524133,2024,8,26,17695,2644410.105867747,0.0,0.0,0,0,0,0.0,0.0,0.0,
2024-08-27,chokepoint6,Strait of Hormuz,25,10,3,3,71,41,112,622850,340534,18159,8526,2582657,990070,3572727,2024,8,27,17696,2510932.032170897,0.0,0.0,0,0,0,0.0,0.0,0.0,
2024-08-28,chokepoint6,Strait of Hormuz,19,23,4,4,81,50,131,458905,953424,32446,5924,4301436,1450701,5752137,2024,8,28,17697,2646207.0,0.0,0.0,0,0,0,0.0,0.0,0.0,
2024-08-29,chokepoint6,Strait of Hormuz,21,16,2,3,69,42,111,470018,464038,1620,0,1794550,935677,2730227,2024,8,29,17698,2742669.5942505044,948119.5942505044,0.3456922395020021,1,0,0,0.0,0.0,0.0,
2024-08-30,chokepoint6,Strait of Hormuz,16,21,5,4,63,46,109,399339,857370,49291,1801,2669367,1307802,3977170,2024,8,30,17699,2743742.076266986,74375.07626698585,0.02710716758339665,0,0,0,0.0,0.0,0.0,
2024-08-31,chokepoint6,Strait of Hormuz,13,11,4,1,51,29,80,149697,371437,18835,0,2247768,539970,2787739,2024,8,31,17700,2778376.2658683644,530608.2658683644,0.19097782844848987,0,0,0,0.0,0.0,1.0,
2024-09-01,chokepoint6,Strait of Hormuz,22,12,4,3,43,41,84,473658,450493,32332,11087,1364152,967570,2331722,2024,9,1,17701,2585620.2013329957,1221468.2013329957,0.4724082062413024,1,0,0,0.0,0.0,1.0,
2024-09-02,chokepoint6,Strait of Hormuz,16,16,3,4,52,39,91,442702,536203,0,14115,2478274,993021,3471295,2024,9,2,17702,2637185.015364463,158911.01536446298,0.06025781825644919,0,0,0,0.0,0.0,1.0,
2024-09-03,chokepoint6,Strait of Hormuz,22,14,6,5,81,47,128,610014,403338,28854,11403,3319044,1053611,4372655,2024,9,3,17703,2510932.032170897,0.0,0.0,0,0,0,0.0,0.0,1.0,
2024-09-04,chokepoint6,Strait of Hormuz,18,19,3,3,74,43,117,443124,532264,7622,7814,3800708,990824,4791533,2024,9,4,17704,2638977.0,0.0,0.0,0,0,0,0.0,1.0,1.0,
2024-09-05,chokepoint6,Strait of Hormuz,18,15,2,2,55,37,92,467671,432783,18277,7528,3080193,926261,4006455,2024,9,5,17705,2722051.9577579433,0.0,0.0,0,0,0,0.0,1.0,1.0,
2024-09-06,chokepoint6,Strait of Hormuz,28,15,4,4,55,51,106,796153,757415,16188,8651,3177309,1578408,4755718,2024,9,6,17706,2726847.055371825,0.0,0.0,0,0,0,1.0,1.0,1.0,
2024-09-07,chokepoint6,Strait of Hormuz,14,16,3,5,69,38,107,404037,675426,4516,14253,1705343,1098233,2803577,2024,9,7,17707,2723999.527083635,1018656.5270836349,0.3739562055556697,1,32,1,0.0,0.0,0.0,1904363.421137887
2024-09-08,chokepoint6,Strait of Hormuz,23,22,0,1,47,46,93,689777,1172060,0,0,1639533,1861837,3501371,2024,9,8,17708,2525239.894054252,885706.8940542522,0.3507416844394363,1,32,0,0.0,0.0,0.0,1904363.421137887
2024-09-09,chokepoint6,Strait of Hormuz,15,18,6,4,69,43,112,363688,640981,26519,2452,3596307,1033642,4629950,2024,9,9,17709,2609319.949860511,0.0,0.0,0,0,0,0.0,0.0,0.0,
2024-09-10,chokepoint6,Strait of Hormuz,20,15,8,4,63,47,110,688297,693674,76790,6149,3064101,1464911,4529012,2024,9,10,17710,2465787.0592106874,0.0,0.0,0,0,0,0.0,0.0,0.0,
2024-09-11,chokepoint6,Strait of Hormuz,16,15,7,4,56,42,98,233967,659296,30761,3317,2402009,927342,3329352,2024,9,11,17711,2611093.0,209084.0,0.08007527882001905,0,0,0,0.0,0.0,0.0,
2024-09-12,chokepoint6,Strait of Hormuz,19,23,5,1,61,48,109,485416,1144345,9544,0,2531908,1639307,4171215,2024,9,12,17712,2679607.5907576694,147699.59075766942,0.05511985832071284,0,0,0,0.0,0.0,0.0,
2024-09-13,chokepoint6,Strait of Hormuz,22,23,3,6,66,54,120,697197,820291,16225,19854,2069063,1553569,3622632,2024,9,13,17713,2663168.769202571,594105.7692025709,0.22308228305803662,0,0,0,0.0,0.0,0.0,
2024-09-14,chokepoint6,Strait of Hormuz,21,18,5,3,65,47,112,553285,454917,21105,2984,2969081,1032292,4001374,2024,9,14,17714,2701017.24410895,0.0,0.0,0,0,0,0.0,0.0,0.0,
2024-09-15,chokepoint6,Strait of Hormuz,21,14,11,6,57,52,109,608613,423077,47340,15345,2432686,1094376,3527063,2024,9,15,17715,2545303.185180559,112617.18518055882,0.044245096551266044,0,0,0,0.0,0.0,0.0,
2024-09-16,chokepoint6,Strait of Hormuz,16,15,7,2,53,40,93,498706,460158,40567,7753,2779312,1007186,3786498,2024,9,16,17716,2570781.1372382217,0.0,0.0,0,0,0,0.0,0.0,0.0,
2024-09-17,chokepoint6,Strait of Hormuz,17,12,7,5,51,41,92,479638,705798,31110,13450,2226543,1229998,3456542,2024,9,17,17717,2433940.3696538303,207397.3696538303,0.08521053853235017,0,0,0,0.0,0.0,0.0,
2024-09-18,chokepoint6,Strait of Hormuz,22,21,6,1,72,50,122,392531,918266,18641,2817,4296140,1332256,5628397,2024,9,18,17718,2560909.0,0.0,0.0,0,0,0,0.0,0.0,0.0,
2024-09-19,chokepoint6,Strait of Hormuz,15,11,5,3,59,34,93,480064,293893,44618,5251,3248278,823828,4072106,2024,9,19,17719,2643854.577388258,0.0,0.0,0,0,0,0.0,0.0,0.0,
2024-09-20,chokepoint6,Strait of Hormuz,21,14,3,4,63,42,105,561083,479083,31740,0,1664293,1071908,2736201,2024,9,20,17720,2637580.8873725655,973287.8873725655,0.3690077874131509,1,0,0,0.0,0.0,0.0,
2024-09-21,chokepoint6,Strait of Hormuz,20,16,8,3,58,47,105,471301,684949,86492,7145,2347440,1249889,3597330,2024,9,21,17721,2675065.7119108005,327625.71191080054,0.12247389305318311,0,0,0,0.0,0.0,0.0,
2024-09-22,chokepoint6,Strait of Hormuz,21,19,8,3,56,51,107,455235,402077,12326,5042,2774319,874681,3649001,2024,9,22,17722,2505836.2502510473,0.0,0.0,0,0,0,0.0,0.0,0.0,
2024-09-23,chokepoint6,Strait of Hormuz,19,18,6,4,74,47,121,496496,777419,21098,7987,4425456,1303002,5728459,2024,9,23,17723,2570781.1372382217,0.0,0.0,0,0,0,0.0,0.0,0.0,
2024-09-24,chokepoint6,Strait of Hormuz,18,17,5,6,65,46,111,656933,688209,13073,12380,2210481,1370596,3581078,2024,9,24,17724,2433940.3696538303,223459.3696538303,0.09180971417373386,0,0,0,0.0,0.0,0.0,
2024-09-25,chokepoint6,Strait of Hormuz,16,14,9,1,69,40,109,505734,553801,26260,2160,4037055,1087957,5125013,2024,9,25,17725,2547811.0,0.0,0.0,0,0,0,0.0,0.0,0.0,
2024-09-26,chokepoint6,Strait of Hormuz,13,17,4,3,53,37,90,359098,563076,15701,10329,1460247,948206,2408453,2024,9,26,17726,2632942.762254934,1172695.7622549338,0.4453935645948493,1,0,0,0.0,0.0,0.0,
2024-09-27,chokepoint6,Strait of Hormuz,27,18,12,5,50,62,112,741715,755107,71624,15265,2709841,1583713,4293554,2024,9,27,17727,2637385.228123228,0.0,0.0,0,0,0,0.0,0.0,0.0,
2024-09-28,chokepoint6,Strait of Hormuz,25,17,5,3,70,50,120,552584,552916,38142,0,2160689,1143642,3304331,2024,9,28,17728,2655451.657899649,494762.6578996489,0.18631958764068987,0,0,0,0.0,0.0,0.0,
2024-09-29,chokepoint6,Strait of Hormuz,15,19,3,0,43,37,80,357317,978740,14775,0,2546166,1350834,3897001,2024,9,29,17729,2455171.9983354914,0.0,0.0,0,0,0,0.0,0.0,0.0,
2024-09-30,chokepoint6,Strait of Hormuz,19,7,4,0,41,30,71,545291,345515,2398,0,2170164,893205,3063369,2024,9,30,17730,2527412.606441331,357248.6064413311,0.1413495388647077,0,0,0,0.0,0.0,0.0,
2024-10-01,chokepoint6,Strait of Hormuz,14,19,3,3,50,39,89,392847,533285,27893,12056,1946370,966081,2912452,2024,10,1,17731,2421312.132691256,474942.13269125577,0.1961507259963894,0,0,0,0.0,0.0,0.0,
2024-10-02,chokepoint6,Strait of Hormuz,25,21,7,6,72,59,131,575499,931446,47839,15752,3608351,1570538,5178889,2024,10,2,17732,2556993.0,0.0,0.0,0,0,0,0.0,0.0,0.0,
2024-10-03,chokepoint6,Strait of Hormuz,15,13,5,5,48,38,86,445571,555530,11636,2627,1503108,1015366,2518474,2024,10,3,17733,2632942.762254934,1129834.7622549338,0.4291148210481068,1,0,0,0.0,0.0,0.0,
2024-10-04,chokepoint6,Strait of Hormuz,19,13,5,2,58,39,97,550600,453341,39471,4318,2949049,1047731,3996781,2024,10,4,17734,2637385.228123228,0.0,0.0,0,0,0,0.0,0.0,0.0,
2024-10-05,chokepoint6,Strait of Hormuz,17,14,1,5,53,37,90,420022,592220,2505,12821,3288386,1027570,4315957,2024,10,5,17735,2659816.286266672,0.0,0.0,0,0,0,0.0,0.0,0.0,
2024-10-06,chokepoint6,Strait of Hormuz,21,13,8,2,41,44,85,526831,229338,31028,5497,2199476,792695,2992172,2024,10,6,17736,2482639.6343400073,283163.6343400073,0.11405748559850268,0,0,0,0.0,0.0,0.0,
2024-10-07,chokepoint6,Strait of Hormuz,13,16,3,2,52,34,86,383587,652960,15707,7032,2665081,1059288,3724370,2024,10,7,17737,2499449.6074838075,0.0,0.0,0,0,0,0.0,0.0,0.0,
2024-10-08,chokepoint6,Strait of Hormuz,17,12,8,3,54,40,94,558431,497076,19799,6010,2623729,1081317,3705047,2024,10,8,17738,2396780.8295949195,0.0,0.0,0,0,0,0.0,0.0,1.0,
2024-10-09,chokepoint6,Strait of Hormuz,25,16,8,6,57,55,112,502521,796772,29086,7289,2622493,1335669,3958163,2024,10,9,17739,2501148.0,0.0,0.0,0,0,0,0.0,0.0,1.0,
2024-10-10,chokepoint6,Strait of Hormuz,21,22,6,3,55,52,107,500178,832859,23403,4394,2825581,1360835,4186417,2024,10,10,17740,2576354.062104759,0.0,0.0,0,0,0,0.0,0.0,1.0,
2024-10-11,chokepoint6,Strait of Hormuz,20,12,6,1,59,39,98,437989,309004,41516,0,3010402,788510,3798912,2024,10,11,17741,2577426.5381596303,0.0,0.0,0,0,0,0.0,0.0,1.0,
2024-10-12,chokepoint6,Strait of Hormuz,27,11,5,5,67,48,115,630610,140398,13836,6056,3562871,790903,4353774,2024,10,12,17742,2606767.7300377,0.0,0.0,0,0,0,0.0,1.0,1.0,
2024-10-13,chokepoint6,Strait of Hormuz,21,16,2,6,66,45,111,584086,854625,20825,14236,2626079,1473774,4099853,2024,10,13,17743,2437123.9690459827,0.0,0.0,0,0,0,0.0,1.0,1.0,
2024-10-14,chokepoint6,Strait of Hormuz,17,13,4,1,45,35,80,506280,344409,12605,0,2497227,863295,3360522,2024,10,14,17744,2488013.3784769494,0.0,0.0,0,0,0,1.0,1.0,1.0,
2024-10-15,chokepoint6,Strait of Hormuz,14,13,1,5,43,33,76,348084,615551,4495,15231,1624887,983363,2608250,2024,10,15,17745,2355949.8152087396,731062.8152087396,0.31030491841948116,1,33,1,0.0,0.0,0.0,1659254.8152087396
2024-10-16,chokepoint6,Strait of Hormuz,14,5,6,1,47,26,73,402784,134187,21563,2743,1554570,561279,2115850,2024,10,16,17746,2482762.0,928192.0,0.37385460225345807,1,33,0,0.0,0.0,0.0,1659254.8152087396
2024-10-17,chokepoint6,Strait of Hormuz,21,10,9,7,58,47,105,456354,267876,35234,15166,2073341,774631,2847972,2024,10,17,17747,2565720.2352535506,492379.2352535506,0.19190682931371608,0,0,0,0.0,0.0,0.0,
2024-10-18,chokepoint6,Strait of Hormuz,14,15,7,4,58,40,98,365947,250668,23043,21621,3618751,661281,4280033,2024,10,18,17748,2580892.5020050346,0.0,0.0,0,0,0,0.0,0.0,0.0,
2024-10-19,chokepoint6,Strait of Hormuz,24,14,3,3,59,44,103,626214,374975,15486,4434,2332484,1021110,3353595,2024,10,19,17749,2617571.681420107,285087.6814201069,0.10891303701201364,0,0,0,0.0,0.0,0.0,
2024-10-20,chokepoint6,Strait of Hormuz,22,22,2,4,55,50,105,618263,1017988,7461,10238,2289650,1653951,3943602,2024,10,20,17750,2437123.9690459827,147473.9690459827,0.06051147619860786,0,0,0,0.0,0.0,1.0,
2024-10-21,chokepoint6,Strait of Hormuz,12,9,4,4,46,29,75,165834,439874,42718,2504,1296895,650932,1947827,2024,10,21,17751,2477166.74883343,1180271.74883343,0.47646035511709267,1,0,0,0.0,0.0,1.0,
2024-10-22,chokepoint6,Strait of Hormuz,15,9,2,5,38,31,69,411190,476479,8085,13034,1743660,908790,2652450,2024,10,22,17752,2331163.799422859,587503.7994228592,0.25202167242315243,0,0,0,0.0,0.0,1.0,
2024-10-23,chokepoint6,Strait of Hormuz,18,9,4,2,34,33,67,424385,568308,26995,0,2419883,1019689,3439572,2024,10,23,17753,2403371.0,0.0,0.0,0,0,0,0.0,0.0,1.0,
2024-10-24,chokepoint6,Strait of Hormuz,21,19,2,6,54,48,102,553832,937150,2093,11319,2574432,1504394,4078826,2024,10,24,17754,2467719.5483775777,0.0,0.0,0,0,0,0.0,1.0,1.0,
2024-10-25,chokepoint6,Strait of Hormuz,19,15,4,3,57,41,98,490966,510942,7648,1956,3263339,1011513,4274852,2024,10,25,17755,2457950.167969036,0.0,0.0,0,0,0,0.0,1.0,1.0,
2024-10-26,chokepoint6,Strait of Hormuz,25,5,6,6,40,42,82,451598,169955,42667,5568,1957650,669790,2627440,2024,10,26,17756,2507199.186063314,549549.1860633139,0.21918848295662943,0,0,0,1.0,1.0,1.0,
2024-10-27,chokepoint6,Strait of Hormuz,21,13,2,4,47,40,87,583381,614751,29525,7265,1616458,1234924,2851382,2024,10,27,17757,2344035.1670454005,727577.1670454005,0.3103951584320699,1,34,1,0.0,0.0,0.0,6358103.736785112
2024-10-28,chokepoint6,Strait of Hormuz,8,10,3,0,38,21,59,232798,459979,40051,0,1536959,732829,2269789,2024,10,28,17758,2387643.580417635,850684.5804176349,0.35628625117859397,1,34,0,0.0,0.0,0.0,6358103.736785112
2024-10-29,chokepoint6,Strait of Hormuz,11,10,5,6,38,32,70,283393,449813,15709,22949,1223132,771866,1994998,2024,10,29,17759,2269537.584860482,1046405.5848604818,0.461065545616337,1,34,0,0.0,0.0,0.0,6358103.736785112
2024-10-30,chokepoint6,Strait of Hormuz,14,12,2,4,39,32,71,401917,303611,19236,1469,742883,726234,1469117,2024,10,30,17760,2374294.0,1631411.0,0.687114148458447,1,34,0,0.0,0.0,0.0,6358103.736785112
2024-10-31,chokepoint6,Strait of Hormuz,19,15,3,0,33,37,70,388624,561523,13786,0,1077547,963933,2041481,2024,10,31,17761,2435507.010303816,1357960.0103038158,0.5575676869574758,1,34,0,0.0,0.0,0.0,6358103.736785112
2024-11-01,chokepoint6,Strait of Hormuz,20,9,4,0,48,33,81,515765,350490,10137,0,1687448,876393,2563842,2024,11,1,17762,2431513.394157779,744065.3941577789,0.30600916941093237,1,34,0,0.0,0.0,0.0,6358103.736785112
2024-11-02,chokepoint6,Strait of Hormuz,18,10,9,2,58,39,97,314893,259531,29406,0,2979947,603831,3583779,2024,11,2,17763,2462935.5337426607,0.0,0.0,0,0,0,0.0,0.0,0.0,
2024-11-03,chokepoint6,Strait of Hormuz,11,16,4,4,65,35,100,232471,696799,30168,5911,3114111,965350,4079462,2024,11,3,17764,2281963.5318831685,0.0,0.0,0,0,0,0.0,0.0,0.0,
2024-11-04,chokepoint6,Strait of Hormuz,28,18,7,5,62,58,120,856792,674645,30349,18744,3063825,1580532,4644357,2024,11,4,17765,2295351.293636058,0.0,0.0,0,0,0,0.0,0.0,0.0,
2024-11-05,chokepoint6,Strait of Hormuz,21,15,5,7,63,48,111,334436,554585,15884,4381,2892448,909288,3801736,2024,11,5,17766,2169587.5651470614,0.0,0.0,0,0,0,0.0,0.0,0.0,
2024-11-06,chokepoint6,Strait of Hormuz,20,15,3,1,52,39,91,453522,586235,7633,8078,3235603,1055470,4291074,2024,11,6,17767,2270513.0,0.0,0.0,0,0,0,0.0,0.0,0.0,
2024-11-07,chokepoint6,Strait of Hormuz,27,22,3,2,59,54,113,891528,571647,8080,2897,3000713,1474153,4474867,2024,11,7,17768,2346379.2133544195,0.0,0.0,0,0,0,0.0,0.0,1.0,
2024-11-08,chokepoint6,Strait of Hormuz,15,19,4,3,58,41,99,450464,971571,4776,3150,3015581,1429962,4445544,2024,11,8,17769,2329573.890018902,0.0,0.0,0,0,0,0.0,0.0,1.0,
2024-11-09,chokepoint6,Strait of Hormuz,17,10,3,4,54,34,88,392663,463757,9908,14081,2916692,880411,3797104,2024,11,9,17770,2347268.157256472,0.0,0.0,0,0,0,0.0,0.0,1.0,
2024-11-10,chokepoint6,Strait of Hormuz,22,17,5,1,54,45,99,481706,555521,21754,0,2782889,1058983,3841872,2024,11,10,17771,2194153.871703482,0.0,0.0,0,0,0,0.0,0.0,1.0,
2024-11-11,chokepoint6,Strait of Hormuz,20,12,4,8,67,44,111,381841,399725,16101,17146,3536580,814815,4351395,2024,11,11,17772,2233724.169673814,0.0,0.0,0,0,0,0.0,1.0,1.0,
2024-11-12,chokepoint6,Strait of Hormuz,13,16,4,2,43,35,78,374530,550948,15378,9855,2606223,950712,3556935,2024,11,12,17773,2113904.329867214,0.0,0.0,0,0,0,0.0,1.0,1.0,
2024-11-13,chokepoint6,Strait of Hormuz,15,11,7,3,45,36,81,303358,245165,37603,5132,2122857,591260,2714117,2024,11,13,17774,2199689.0,76832.0,0.03492857399386913,0,0,0,1.0,1.0,1.0,
2024-11-14,chokepoint6,Strait of Hormuz,15,8,7,5,37,35,72,269809,430974,18832,0,1316521,719616,2036137,2024,11,14,17775,2213638.2585234353,897117.2585234353,0.40526822983346883,1,35,1,0.0,0.0,0.0,1594503.6234865892
2024-11-15,chokepoint6,Strait of Hormuz,12,14,5,1,46,32,78,529279,587563,34743,0,1502188,1151587,2653776,2024,11,15,17776,2199574.364963154,697386.3649631538,0.3170551430639337,1,35,0,0.0,0.0,0.0,1594503.6234865892
2024-11-16,chokepoint6,Strait of Hormuz,15,18,2,0,37,35,72,349006,804536,7218,0,1884570,1160761,3045332,2024,11,16,17777,2204906.936266267,320336.9362662672,0.14528365392542034,0,0,0,0.0,0.0,0.0,
2024-11-17,chokepoint6,Strait of Hormuz,20,13,0,2,32,35,67,331626,605245,0,0,1490807,936872,2427679,2024,11,17,17778,2061415.5538178876,570608.5538178876,0.2768042342365566,0,0,0,0.0,0.0,0.0,
2024-11-18,chokepoint6,Strait of Hormuz,14,12,3,4,48,33,81,211031,300402,18439,18841,2567880,548714,3116595,2024,11,18,17779,2084982.2407968694,0.0,0.0,0,0,0,0.0,0.0,0.0,
2024-11-19,chokepoint6,Strait of Hormuz,15,11,11,3,38,40,78,201032,576187,75448,6680,2167944,859349,3027293,2024,11,19,17780,1995900.1226516436,0.0,0.0,0,0,0,0.0,0.0,0.0,
2024-11-20,chokepoint6,Strait of Hormuz,11,11,4,3,46,29,75,363378,384390,19989,2060,2201729,769818,2971547,2024,11,20,17781,2065283.0,0.0,0.0,0,0,0,0.0,0.0,0.0,
2024-11-21,chokepoint6,Strait of Hormuz,17,18,3,0,41,38,79,307439,740950,17268,0,2822801,1065658,3888460,2024,11,21,17782,2134291.7221325114,0.0,0.0,0,0,0,0.0,0.0,0.0,
2024-11-22,chokepoint6,Strait of Hormuz,17,10,5,4,39,36,75,441587,297645,18479,10451,1775459,768163,2543622,2024,11,22,17783,2138051.436238981,362592.43623898085,0.16959013711887708,0,0,0,0.0,0.0,0.0,
2024-11-23,chokepoint6,Strait of Hormuz,9,12,2,2,38,25,63,238202,394120,5525,2783,1537552,640632,2178184,2024,11,23,17784,2166725.6250883047,629173.6250883047,0.29037992526749334,0,0,0,0.0,0.0,0.0,
2024-11-24,chokepoint6,Strait of Hormuz,15,13,3,1,38,32,70,352173,761392,18572,3784,1058476,1135922,2194399,2024,11,24,17785,1970699.3226207835,912223.3226207835,0.46289320351906377,1,0,0,0.0,0.0,0.0,
2024-11-25,chokepoint6,Strait of Hormuz,8,11,3,7,35,29,64,107218,516232,10241,17222,2301109,650914,2952024,2024,11,25,17786,1967191.2805323333,0.0,0.0,0,0,0,0.0,0.0,0.0,
2024-11-26,chokepoint6,Strait of Hormuz,10,12,5,2,30,29,59,353321,357738,50500,2504,2036424,764064,2800489,2024,11,26,17787,1840412.2819923318,0.0,0.0,0,0,0,0.0,0.0,1.0,
2024-11-27,chokepoint6,Strait of Hormuz,13,10,3,2,46,28,74,575934,512863,49664,2940,2850416,1141403,3991819,2024,11,27,17788,1854515.0,0.0,0.0,0,0,0,0.0,0.0,1.0,
2024-11-28,chokepoint6,Strait of Hormuz,9,14,3,2,43,28,71,160288,384984,30303,9744,1179862,585321,1765183,2024,11,28,17789,1943688.9014875344,763826.9014875344,0.3929779610836725,1,0,0,0.0,0.0,1.0,
2024-11-29,chokepoint6,Strait of Hormuz,10,6,2,1,39,19,58,433639,334242,7338,0,1651464,775219,2426684,2024,11,29,17790,2004647.026151114,353183.0261511139,0.1761821515427676,0,0,0,0.0,0.0,1.0,
2024-11-30,chokepoint6,Strait of Hormuz,28,12,7,0,44,47,91,784836,418831,54402,0,2652004,1258070,3910074,2024,11,30,17791,2033136.7086462064,0.0,0.0,0,0,0,0.0,1.0,1.0,
2024-12-01,chokepoint6,Strait of Hormuz,8,10,3,1,32,22,54,202708,496666,10318,0,240812,709693,950506,2024,12,1,17792,1879687.62439354,1638875.62439354,0.8718872237733143,1,0,0,0.0,1.0,1.0,
2024-12-02,chokepoint6,Strait of Hormuz,8,12,3,3,42,26,68,233090,214317,4704,3192,1728012,455304,2183317,2024,12,2,17793,1879565.8226097245,151553.82260972448,0.08063235710431052,0,0,0,1.0,1.0,1.0,
2024-12-03,chokepoint6,Strait of Hormuz,15,11,2,4,22,32,54,286314,570685,8822,5707,559952,871529,1431482,2024,12,3,17794,1762569.0427221637,1202617.0427221637,0.6823091825468615,1,36,1,0.0,0.0,0.0,1805810.0427221637
2024-12-04,chokepoint6,Strait of Hormuz,18,8,2,1,39,29,68,460191,329226,3840,0,1311694,793258,2104952,2024,12,4,17795,1914887.0,603193.0,0.31500187739537633,1,36,0,0.0,0.0,0.0,1805810.0427221637
2024-12-05,chokepoint6,Strait of Hormuz,16,18,6,1,47,41,88,408603,575066,31418,5228,2650264,1020316,3670580,2024,12,5,17796,1951076.7759442192,0.0,0.0,0,0,0,0.0,0.0,0.0,
2024-12-06,chokepoint6,Strait of Hormuz,11,10,4,4,43,29,72,182951,303353,35064,3302,1686897,524671,2211569,2024,12,6,17797,2004647.026151114,317750.0261511139,0.15850672063759186,0,0,0,0.0,0.0,0.0,
2024-12-07,chokepoint6,Strait of Hormuz,10,10,4,1,43,25,68,271024,355875,39643,10184,2520446,676727,3197174,2024,12,7,17798,2033136.7086462064,0.0,0.0,0,0,0,0.0,0.0,0.0,
2024-12-08,chokepoint6,Strait of Hormuz,12,15,0,0,39,27,66,252692,516381,0,0,1789794,769074,2558868,2024,12,8,17799,1900823.8240379272,111029.8240379272,0.0584114227914432,0,0,0,0.0,0.0,0.0,
2024-12-09,chokepoint6,Strait of Hormuz,16,15,6,1,38,38,76,417221,823781,24016,5951,1763372,1270971,3034344,2024,12,9,17800,1939058.397012492,175686.39701249194,0.09060397421922518,0,0,0,0.0,0.0,0.0,
2024-12-10,chokepoint6,Strait of Hormuz,11,7,5,4,42,27,69,249708,412663,43452,10094,2249578,715919,2965497,2024,12,10,17801,1844173.0958450383,0.0,0.0,0,0,0,0.0,0.0,0.0,
2024-12-11,chokepoint6,Strait of Hormuz,15,12,7,2,37,36,73,270369,268584,16905,4886,1415972,560745,1976718,2024,12,11,17802,1934185.0,518213.0,0.2679231821154647,0,0,0,0.0,0.0,0.0,
2024-12-12,chokepoint6,Strait of Hormuz,13,16,4,2,42,35,77,213050,789149,20083,0,2040943,1022283,3063227,2024,12,12,17803,1998813.2544415812,0.0,0.0,0,0,0,0.0,0.0,0.0,
2024-12-13,chokepoint6,Strait of Hormuz,18,15,3,2,43,38,81,329357,393507,26951,4511,2139932,754327,2894260,2024,12,13,17804,1982356.365004386,0.0,0.0,0,0,0,0.0,0.0,0.0,
2024-12-14,chokepoint6,Strait of Hormuz,16,10,6,1,44,33,77,349252,399435,38252,0,1679436,786941,2466377,2024,12,14,17805,1982290.9405610918,302854.94056109176,0.15278026770145456,0,0,0,0.0,0.0,0.0,
2024-12-15,chokepoint6,Strait of Hormuz,12,11,7,0,35,30,65,350447,430747,5287,0,2286624,786482,3073106,2024,12,15,17806,1853287.0071988625,0.0,0.0,0,0,0,0.0,0.0,0.0,
2024-12-16,chokepoint6,Strait of Hormuz,7,9,1,3,43,20,63,170049,391852,0,13562,1563075,575463,2138539,2024,12,16,17807,1854642.757996736,291567.7579967361,0.15720966031844782,0,0,0,0.0,0.0,0.0,
2024-12-17,chokepoint6,Strait of Hormuz,16,8,5,2,35,31,66,462621,161923,40383,2510,1153539,667438,1820978,2024,12,17,17808,1794386.269244036,640847.2692440359,0.35714008752085524,1,0,0,0.0,0.0,0.0,
2024-12-18,chokepoint6,Strait of Hormuz,14,12,2,4,53,32,85,329994,545291,3187,5667,2876381,884140,3760521,2024,12,18,17809,1855903.0,0.0,0.0,0,0,0,0.0,0.0,0.0,
2024-12-19,chokepoint6,Strait of Hormuz,20,10,0,6,39,36,75,467222,329710,0,8605,1179321,805539,1984860,2024,12,19,17810,1917022.6946781492,737701.6946781492,0.3848163596216594,1,0,0,0.0,0.0,0.0,
2024-12-20,chokepoint6,Strait of Hormuz,12,5,2,2,43,21,64,464211,188255,15147,0,1464037,667614,2131652,2024,12,20,17811,1919857.2105017733,455820.2105017733,0.23742401674895408,0,0,0,0.0,0.0,0.0,
2024-12-21,chokepoint6,Strait of Hormuz,20,12,0,1,48,33,81,488263,412859,0,0,2041931,901122,2943054,2024,12,21,17812,1947141.875407657,0.0,0.0,0,0,0,0.0,0.0,0.0,
2024-12-22,chokepoint6,Strait of Hormuz,12,11,2,2,33,27,60,312428,526358,33425,14718,2333837,886931,3220768,2024,12,22,17813,1803050.7407488902,0.0,0.0,0,0,0,0.0,0.0,0.0,
2024-12-23,chokepoint6,Strait of Hormuz,9,5,5,2,29,21,50,290328,391999,17649,0,1189716,699977,1889694,2024,12,23,17814,1853779.3446917795,664063.3446917795,0.3582213528235156,1,0,0,0.0,0.0,0.0,
2024-12-24,chokepoint6,Strait of Hormuz,12,14,5,4,42,35,77,339836,542169,40055,4709,1738856,926771,2665627,2024,12,24,17815,1763067.063055451,24211.063055451028,0.013732355145636088,0,0,0,0.0,0.0,0.0,
2024-12-25,chokepoint6,Strait of Hormuz,15,19,5,8,40,47,87,248417,814998,29922,23059,2203732,1116398,3320130,2024,12,25,17816,1832402.0,0.0,0.0,0,0,0,0.0,0.0,0.0,
2024-12-26,chokepoint6,Strait of Hormuz,10,13,2,4,43,29,72,301917,662783,21158,14577,1520615,1000436,2521052,2024,12,26,17817,1893629.3090191798,373014.3090191798,0.19698380630387766,0,0,0,0.0,0.0,0.0,
2024-12-27,chokepoint6,Strait of Hormuz,18,9,2,2,41,31,72,434021,455219,3144,4074,2136957,896458,3033416,2024,12,27,17818,1894713.44411074,0.0,0.0,0,0,0,0.0,0.0,0.0,
2024-12-28,chokepoint6,Strait of Hormuz,17,13,3,1,38,34,72,365727,458545,8215,0,1478851,832488,2311340,2024,12,28,17819,1921640.7703371122,442789.77033711225,0.23042276016002403,0,0,0,0.0,0.0,0.0,
2024-12-29,chokepoint6,Strait of Hormuz,11,4,3,0,38,18,56,253077,201998,3413,0,1783238,458490,2241728,2024,12,29,17820,1792972.4683288215,9734.468328821473,0.005429234693098603,0,0,0,0.0,0.0,0.0,
2024-12-30,chokepoint6,Strait of Hormuz,17,14,6,5,40,42,82,502611,409249,24302,8798,1724806,944961,2669767,2024,12,30,17821,1807775.6045370516,82969.60453705164,0.045895964260619114,0,0,0,0.0,0.0,0.0,
2024-12-31,chokepoint6,Strait of Hormuz,13,16,6,0,37,35,72,409847,704150,45677,0,1696423,1159676,2856099,2024,12,31,17822,1715930.9591825756,19507.959182575578,0.01136873198666959,0,0,0,0.0,0.0,0.0,
2025-01-01,chokepoint6,Strait of Hormuz,18,12,2,2,41,34,75,324803,301716,8762,2135,2225748,637418,2863166,2025,1,1,17823,1809004.0,0.0,0.0,0,0,0,0.0,0.0,0.0,
2025-01-02,chokepoint6,Strait of Hormuz,14,7,2,5,37,28,65,448969,358286,7973,15040,1743466,830269,2573736,2025,1,2,17824,1887579.7052886675,144113.70528866746,0.07634840790292782,0,0,0,0.0,0.0,0.0,
2025-01-03,chokepoint6,Strait of Hormuz,15,7,5,3,37,30,67,405358,126938,26873,13983,2615342,573153,3188496,2025,1,3,17825,1900467.2753690304,0.0,0.0,0,0,0,0.0,0.0,0.0,
2025-01-04,chokepoint6,Strait of Hormuz,19,14,3,1,40,37,77,712909,610153,19833,0,1557733,1342896,2900630,2025,1,4,17826,1923924.4043756677,366191.4043756677,0.19033565120480936,0,0,0,0.0,0.0,0.0,
2025-01-05,chokepoint6,Strait of Hormuz,9,5,4,0,38,18,56,168883,189592,35480,0,1457594,393956,1851550,2025,1,5,17827,1802039.6741673504,344445.6741673504,0.19114211474090037,0,0,0,0.0,0.0,0.0,
2025-01-06,chokepoint6,Strait of Hormuz,11,13,3,2,25,29,54,324382,537335,19474,5411,564363,886605,1450968,2025,1,6,17828,1834538.419027847,1270175.419027847,0.6923678489660273,1,0,0,0.0,0.0,0.0,
2025-01-07,chokepoint6,Strait of Hormuz,10,12,3,4,34,29,63,357941,541988,20448,6640,1957933,927019,2884952,2025,1,7,17829,1754099.8457948284,0.0,0.0,0,0,0,0.0,0.0,0.0,
2025-01-08,chokepoint6,Strait of Hormuz,19,12,2,2,30,35,65,364945,475298,13733,5158,1083148,859136,1942284,2025,1,8,17830,1835785.0,752637.0,0.4099810162954812,1,0,0,0.0,0.0,0.0,
2025-01-09,chokepoint6,Strait of Hormuz,13,10,3,1,37,27,64,441615,376604,12673,0,1832266,830893,2663159,2025,1,9,17831,1897125.3475262388,64859.347526238766,0.03418822462670285,0,0,0,0.0,0.0,0.0,
2025-01-10,chokepoint6,Strait of Hormuz,13,11,2,0,42,26,68,336477,248737,25078,0,2050750,610293,2661043,2025,1,10,17832,1900467.2753690304,0.0,0.0,0,0,0,0.0,0.0,0.0,
2025-01-11,chokepoint6,Strait of Hormuz,16,11,3,1,49,31,80,321250,292258,9208,3315,2642729,626033,3268762,2025,1,11,17833,1956885.3806388269,0.0,0.0,0,0,0,0.0,0.0,0.0,
2025-01-12,chokepoint6,Strait of Hormuz,16,12,4,6,53,38,91,402829,468630,9530,12287,2919789,893278,3813067,2025,1,12,17834,1829534.7954769956,0.0,0.0,0,0,0,0.0,0.0,0.0,
2025-01-13,chokepoint6,Strait of Hormuz,10,11,3,2,38,26,64,262043,511167,32316,8958,1537924,814487,2352411,2025,1,13,17835,1921641.23209109,383717.23209108994,0.1996820351702887,0,0,0,0.0,0.0,0.0,
2025-01-14,chokepoint6,Strait of Hormuz,13,11,8,6,33,38,71,350214,396755,27187,13084,1433408,787242,2220650,2025,1,14,17836,1839632.9371959663,406224.93719596625,0.22081847361090887,0,0,0,0.0,0.0,0.0,
2025-01-15,chokepoint6,Strait of Hormuz,10,15,4,4,33,33,66,259054,561586,14839,9670,1947788,845151,2792939,2025,1,15,17837,1932775.0,0.0,0.0,0,0,0,0.0,0.0,0.0,
2025-01-16,chokepoint6,Strait of Hormuz,20,5,4,2,43,31,74,565347,191421,22057,5201,1650742,784027,2434769,2025,1,16,17838,2000274.501396645,349532.5013966451,0.17474226720012287,0,0,0,0.0,0.0,0.0,
2025-01-17,chokepoint6,Strait of Hormuz,15,10,1,4,46,30,76,334226,490943,7404,8847,2714135,841422,3555557,2025,1,17,17839,1990700.3520396187,0.0,0.0,0,0,0,0.0,0.0,0.0,
2025-01-18,chokepoint6,Strait of Hormuz,15,9,4,4,45,32,77,302059,182212,9850,9779,2236196,503901,2740097,2025,1,18,17840,2018991.82691406,0.0,0.0,0,0,0,0.0,0.0,0.0,
2025-01-19,chokepoint6,Strait of Hormuz,15,11,3,4,32,33,65,505878,449511,15711,5263,1160028,976364,2136392,2025,1,19,17841,1897246.8078989645,737218.8078989645,0.3885729599489326,1,0,0,0.0,0.0,0.0,
2025-01-20,chokepoint6,Strait of Hormuz,15,8,2,2,45,27,72,380816,244815,8584,0,1665943,634216,2300160,2025,1,20,17842,1934284.6408113595,268341.6408113595,0.13872913797154504,0,0,0,0.0,0.0,0.0,
2025-01-21,chokepoint6,Strait of Hormuz,11,14,4,4,38,33,71,362322,429618,27919,12327,1465745,832187,2297933,2025,1,21,17843,1839632.9371959663,373887.93719596625,0.2032405104497963,0,0,0,0.0,0.0,0.0,
2025-01-22,chokepoint6,Strait of Hormuz,11,10,3,0,35,24,59,259656,223093,1445,0,2133054,484195,2617250,2025,1,22,17844,1950887.0,0.0,0.0,0,0,0,0.0,0.0,0.0,
2025-01-23,chokepoint6,Strait of Hormuz,10,9,2,0,41,21,62,205705,578097,7813,0,1886518,791616,2678134,2025,1,23,17845,2007625.1729605559,121107.17296055588,0.060323597547825375,0,0,0,0.0,0.0,0.0,
2025-01-24,chokepoint6,Strait of Hormuz,18,17,0,2,31,37,68,496273,677828,0,3452,1654768,1177554,2832322,2025,1,24,17846,2019624.7934495935,364856.7934495935,0.18065573102140653,0,0,0,0.0,0.0,0.0,
2025-01-25,chokepoint6,Strait of Hormuz,15,17,2,3,52,37,89,272534,452240,8154,2743,2177915,735672,2913588,2025,1,25,17847,2104974.060792397,0.0,0.0,0,0,0,0.0,0.0,1.0,
2025-01-26,chokepoint6,Strait of Hormuz,12,4,5,4,54,25,79,232786,141268,19238,12444,2569602,405737,2975340,2025,1,26,17848,1967986.130357311,0.0,0.0,0,0,0,0.0,0.0,1.0,
2025-01-27,chokepoint6,Strait of Hormuz,18,12,2,0,41,32,73,581002,431838,12809,0,1073686,1025650,2099337,2025,1,27,17849,2008720.0614514172,935034.0614514172,0.46548749096267833,1,0,0,0.0,0.0,1.0,
2025-01-28,chokepoint6,Strait of Hormuz,13,7,1,6,33,27,60,387808,335968,3218,4346,1458593,731341,2189935,2025,1,28,17850,1915794.8826310479,457201.88263104786,0.23864866055135914,0,0,0,0.0,0.0,1.0,
2025-01-29,chokepoint6,Strait of Hormuz,16,12,5,2,48,35,83,412894,488877,5561,5141,1551214,912474,2463689,2025,1,29,17851,2030859.0,479645.0,0.23617838559939414,0,0,0,0.0,1.0,1.0,
2025-01-30,chokepoint6,Strait of Hormuz,14,18,1,4,38,37,75,420206,355390,0,11357,2554673,786954,3341627,2025,1,30,17852,2083087.107297671,0.0,0.0,0,0,0,0.0,1.0,1.0,
2025-01-31,chokepoint6,Strait of Hormuz,21,4,5,2,46,32,78,519989,77177,10654,4316,1479761,612137,2091899,2025,1,31,17853,2102414.5367723745,622653.5367723745,0.2961611641671161,0,0,0,1.0,1.0,1.0,
2025-02-01,chokepoint6,Strait of Hormuz,12,14,3,0,31,29,60,278822,562663,21352,0,1439569,862838,2302407,2025,2,1,17854,2138590.203786617,699021.2037866171,0.3268607527280919,1,37,1,0.0,0.0,0.0,5374515.8635793915
2025-02-02,chokepoint6,Strait of Hormuz,8,7,3,1,40,19,59,338539,282423,13750,3705,1194124,638418,1832543,2025,2,2,17855,1999414.5951545592,805290.5951545592,0.40276318733799604,1,37,0,0.0,0.0,0.0,5374515.8635793915
2025-02-03,chokepoint6,Strait of Hormuz,17,13,4,0,44,34,78,511346,710090,1636,0,2068522,1223074,3291596,2025,2,3,17856,2029479.9549666625,0.0,0.0,0,37,0,0.0,0.0,0.0,5374515.8635793915
2025-02-04,chokepoint6,Strait of Hormuz,12,15,3,4,46,34,80,191450,562963,13862,1892,1475376,770169,2245546,2025,2,4,17857,1955489.1941191142,480113.1941191142,0.24552076051506383,0,37,0,0.0,0.0,0.0,5374515.8635793915
2025-02-05,chokepoint6,Strait of Hormuz,14,8,2,3,35,27,62,364096,372591,24716,4758,1112829,766162,1878992,2025,2,5,17858,2057499.0,944670.0,0.4591350955699128,1,37,0,0.0,0.0,0.0,5374515.8635793915
2025-02-06,chokepoint6,Strait of Hormuz,18,16,5,4,34,43,77,384398,640923,10886,12398,1493448,1048607,2542055,2025,2,6,17859,2104914.871219072,611466.871219072,0.2904948221801188,0,37,0,0.0,0.0,0.0,5374515.8635793915
2025-02-07,chokepoint6,Strait of Hormuz,13,7,5,2,29,27,56,333207,371184,19851,7897,1309308,732140,2041448,2025,2,7,17860,2129993.1738218283,820685.1738218283,0.38529943847157033,1,37,0,0.0,0.0,0.0,5374515.8635793915
2025-02-08,chokepoint6,Strait of Hormuz,12,11,4,0,33,27,60,275727,622607,29986,0,1230252,928321,2158574,2025,2,8,17861,2243520.8254782003,1013268.8254782003,0.45164226423537873,1,37,0,0.0,0.0,0.0,5374515.8635793915
2025-02-09,chokepoint6,Strait of Hormuz,15,11,2,2,45,30,75,297120,207405,21119,0,1623694,525645,2149340,2025,2,9,17862,2097516.520487107,473822.52048710687,0.22589691945647747,0,0,0,0.0,0.0,0.0,
2025-02-10,chokepoint6,Strait of Hormuz,5,9,4,3,45,21,66,232590,536511,16262,4511,2733106,789875,3522982,2025,2,10,17863,2135344.0196355283,0.0,0.0,0,0,0,0.0,0.0,0.0,
2025-02-11,chokepoint6,Strait of Hormuz,19,12,6,6,49,43,92,361851,259558,12616,6458,1912801,640484,2553286,2025,2,11,17864,1988396.552935415,75595.55293541495,0.038018348414361976,0,0,0,0.0,0.0,0.0,
2025-02-12,chokepoint6,Strait of Hormuz,17,15,4,5,59,41,100,471757,477614,11468,4078,3252718,964917,4217636,2025,2,12,17865,2071912.0,0.0,0.0,0,0,0,0.0,0.0,0.0,
2025-02-13,chokepoint6,Strait of Hormuz,29,25,6,5,63,65,128,807253,1015494,9435,1713,3211579,1833897,5045477,2025,2,13,17866,2104914.871219072,0.0,0.0,0,0,0,0.0,0.0,0.0,
2025-02-14,chokepoint6,Strait of Hormuz,11,10,5,2,47,28,75,296853,245147,18217,5194,2390359,565412,2955771,2025,2,14,17867,2102414.5367723745,0.0,0.0,0,0,0,0.0,0.0,0.0,
2025-02-15,chokepoint6,Strait of Hormuz,16,13,0,3,38,32,70,368425,574260,0,8121,1548888,950807,2499695,2025,2,15,17868,2160264.253192548,611376.2531925482,0.28300993838555877,0,0,0,0.0,0.0,0.0,
2025-02-16,chokepoint6,Strait of Hormuz,10,11,3,3,40,27,67,122558,430125,2536,5166,2411271,560387,2971658,2025,2,16,17869,2028547.0553554753,0.0,0.0,0,0,0,0.0,0.0,0.0,
2025-02-17,chokepoint6,Strait of Hormuz,17,8,3,3,33,31,64,416049,324761,21779,4785,1837081,767375,2604457,2025,2,17,17870,2065130.7300295476,228049.7300295476,0.11042871364675527,0,0,0,0.0,0.0,0.0,
2025-02-18,chokepoint6,Strait of Hormuz,22,11,8,3,39,44,83,421531,254440,15939,0,2101234,691911,2793145,2025,2,18,17871,1955489.1941191142,0.0,0.0,0,0,0,0.0,0.0,0.0,
2025-02-19,chokepoint6,Strait of Hormuz,22,6,5,0,43,33,76,468999,124212,18839,0,2200837,612051,2812889,2025,2,19,17872,2004951.0,0.0,0.0,0,0,0,0.0,0.0,1.0,
2025-02-20,chokepoint6,Strait of Hormuz,11,6,4,1,45,22,67,336891,382258,11500,0,1661163,730651,2391814,2025,2,20,17873,2071828.065165124,410665.0651651239,0.19821387308622737,0,0,0,0.0,0.0,1.0,
2025-02-21,chokepoint6,Strait of Hormuz,19,16,3,5,40,43,83,498844,834437,25626,3192,1995161,1362100,3357262,2025,2,21,17874,2075477.7448794777,80316.74487947766,0.03869795524313927,0,0,0,0.0,0.0,1.0,
2025-02-22,chokepoint6,Strait of Hormuz,24,17,7,1,65,49,114,646406,539464,42385,0,3448889,1228256,4677146,2025,2,22,17875,2104974.060792397,0.0,0.0,0,0,0,0.0,0.0,1.0,
2025-02-23,chokepoint6,Strait of Hormuz,15,14,7,2,40,38,78,364503,483462,21390,11905,856058,881261,1737320,2025,2,23,17876,1967986.130357311,1111928.130357311,0.565008113220507,1,0,0,0.0,1.0,1.0,
2025-02-24,chokepoint6,Strait of Hormuz,15,8,1,4,40,28,68,346395,188856,0,2060,1777190,537312,2314503,2025,2,24,17877,2003589.5476694172,226399.54766941722,0.11299696982985663,0,0,0,0.0,1.0,1.0,
2025-02-25,chokepoint6,Strait of Hormuz,12,10,2,1,39,25,64,327659,635456,9015,6131,1593506,978263,2571769,2025,2,25,17878,1905546.4985588386,312040.4985588386,0.16375380962618036,0,0,0,1.0,1.0,1.0,
2025-02-26,chokepoint6,Strait of Hormuz,7,7,2,1,20,17,37,170786,115490,9060,5133,784662,300471,1085133,2025,2,26,17879,2066534.0,1281872.0,0.6203004644491695,1,38,1,0.0,0.0,0.0,4536019.847525001
2025-02-27,chokepoint6,Strait of Hormuz,13,11,5,3,38,32,70,208116,281062,7173,3820,623847,500172,1124019,2025,2,27,17880,2135584.522656405,1511737.5226564049,0.7078799769423263,1,38,0,0.0,0.0,0.0,4536019.847525001
2025-02-28,chokepoint6,Strait of Hormuz,9,13,3,0,35,25,60,182641,1335812,20802,0,1082888,1539256,2622145,2025,2,28,17881,2152074.7176756137,1069186.7176756137,0.49681672708390334,1,38,0,0.0,0.0,0.0,4536019.847525001
2025-03-01,chokepoint6,Strait of Hormuz,9,12,5,3,36,29,65,175644,620720,33598,10090,1523394,840053,2363447,2025,3,1,17882,2196617.6071929825,673223.6071929825,0.30648193157901643,1,38,0,0.0,0.0,0.0,4536019.847525001
2025-03-02,chokepoint6,Strait of Hormuz,10,12,3,1,34,26,60,199291,530570,3843,0,2047318,733704,2781023,2025,3,2,17883,2053665.6793894814,6347.679389481433,0.0030909020164219163,0,0,0,0.0,0.0,0.0,
2025-03-03,chokepoint6,Strait of Hormuz,10,9,1,0,54,20,74,262871,320804,4418,0,3240590,588094,3828684,2025,3,3,17884,2090702.353942208,0.0,0.0,0,0,0,0.0,0.0,0.0,
2025-03-04,chokepoint6,Strait of Hormuz,16,11,4,4,39,35,74,458844,651019,33590,10766,1544028,1154221,2698249,2025,3,4,17885,1988396.552935415,444368.55293541495,0.22348085057751982,0,0,0,0.0,0.0,0.0,
2025-03-05,chokepoint6,Strait of Hormuz,14,14,3,0,40,31,71,412917,453218,13833,0,1855781,879970,2735751,2025,3,5,17886,2092123.0,236342.0,0.1129675454072251,0,0,0,0.0,0.0,0.0,
2025-03-06,chokepoint6,Strait of Hormuz,20,9,1,7,68,37,105,315204,446823,1913,11406,3273775,775347,4049122,2025,3,6,17887,2162028.5455228346,0.0,0.0,0,0,0,0.0,0.0,0.0,
2025-03-07,chokepoint6,Strait of Hormuz,12,7,6,1,56,26,82,307780,332799,13529,3818,1956564,657929,2614493,2025,3,7,17888,2150239.247574687,193675.247574687,0.09007148753011487,0,0,0,0.0,0.0,0.0,
2025-03-08,chokepoint6,Strait of Hormuz,16,14,3,3,68,36,104,369441,557077,5324,0,2759723,931843,3691567,2025,3,8,17889,2182659.6159706577,0.0,0.0,0,0,0,0.0,0.0,0.0,
2025-03-09,chokepoint6,Strait of Hormuz,12,9,6,0,36,27,63,252306,207303,29383,0,1750104,488993,2239097,2025,3,9,17890,2073519.8858731976,323415.8858731976,0.15597433527241103,0,0,0,0.0,0.0,0.0,
2025-03-10,chokepoint6,Strait of Hormuz,22,5,6,3,46,36,82,637127,209529,25871,12746,3440936,885275,4326212,2025,3,10,17891,2090702.353942208,0.0,0.0,0,0,0,0.0,0.0,0.0,
2025-03-11,chokepoint6,Strait of Hormuz,15,14,4,4,37,37,74,487907,615829,5129,0,2567557,1108866,3676423,2025,3,11,17892,1974076.5675124365,0.0,0.0,0,0,0,0.0,0.0,0.0,
2025-03-12,chokepoint6,Strait of Hormuz,21,12,4,2,55,39,94,605052,628428,24262,10686,2365327,1268430,3633758,2025,3,12,17893,2066534.0,0.0,0.0,0,0,0,0.0,0.0,0.0,
2025-03-13,chokepoint6,Strait of Hormuz,18,13,3,1,44,35,79,452333,233550,3631,6152,1904997,695667,2600664,2025,3,13,17894,2135584.522656405,230587.52265640488,0.1079739622619021,0,0,0,0.0,0.0,0.0,
2025-03-14,chokepoint6,Strait of Hormuz,23,23,2,5,41,53,94,458852,1576502,11217,10269,1654456,2056842,3711298,2025,3,14,17895,2139346.514127452,484890.5141274519,0.22665356496734615,0,0,0,0.0,0.0,0.0,
2025-03-15,chokepoint6,Strait of Hormuz,16,9,6,1,45,32,77,325868,369832,17255,0,1660592,712956,2373548,2025,3,15,17896,2180798.060499228,520206.0604992281,0.23853930811922244,0,0,0,0.0,0.0,0.0,
2025-03-16,chokepoint6,Strait of Hormuz,21,10,12,4,62,47,109,553809,616943,70876,8274,2910303,1249904,4160208,2025,3,16,17897,2054727.7901091187,0.0,0.0,0,0,0,0.0,0.0,0.0,
2025-03-17,chokepoint6,Strait of Hormuz,13,17,11,0,35,41,76,272216,743197,54001,0,1736797,1069416,2806213,2025,3,17,17898,2091783.6192153136,354986.6192153136,0.16970522952487743,0,0,0,0.0,0.0,0.0,
2025-03-18,chokepoint6,Strait of Hormuz,19,11,4,3,46,37,83,297184,286298,25475,5359,2893943,614318,3508262,2025,3,18,17899,2030752.9921974086,0.0,0.0,0,0,0,0.0,0.0,1.0,
2025-03-19,chokepoint6,Strait of Hormuz,19,10,3,4,45,36,81,746882,389356,7805,14171,1497961,1158215,2656177,2025,3,19,17900,2136689.0,638728.0,0.29893353688814794,0,0,0,0.0,0.0,1.0,
2025-03-20,chokepoint6,Strait of Hormuz,20,20,2,1,70,43,113,432246,1015362,7013,0,3637372,1454621,5091994,2025,3,20,17901,2249093.648750656,0.0,0.0,0,0,0,0.0,0.0,1.0,
2025-03-21,chokepoint6,Strait of Hormuz,16,9,7,4,55,36,91,305898,415093,49464,10696,1966341,781153,2747495,2025,3,21,17902,2211973.36406005,245632.36406004988,0.11104670971679094,0,0,0,0.0,0.0,1.0,
2025-03-22,chokepoint6,Strait of Hormuz,18,9,4,1,53,32,85,398803,315206,16739,0,2945525,730749,3676275,2025,3,22,17903,2311677.0645489073,0.0,0.0,0,0,0,0.0,1.0,1.0,
2025-03-23,chokepoint6,Strait of Hormuz,18,15,6,0,40,39,79,514580,649420,37130,0,1730454,1201131,2931585,2025,3,23,17904,2209463.1866604695,479009.1866604695,0.21679889918622092,0,0,0,0.0,1.0,1.0,
2025-03-24,chokepoint6,Strait of Hormuz,16,12,3,4,41,35,76,476732,669281,0,9587,1634613,1155601,2790214,2025,3,24,17905,2249309.5792850475,614696.5792850475,0.27328233736524227,0,0,0,1.0,1.0,1.0,
2025-03-25,chokepoint6,Strait of Hormuz,8,9,3,5,36,25,61,118012,436664,21283,14394,824950,590355,1415305,2025,3,25,17906,2142285.7863416937,1317335.7863416937,0.6149206584576477,1,39,1,0.0,0.0,0.0,2765782.7863416937
2025-03-26,chokepoint6,Strait of Hormuz,16,13,2,1,24,32,56,511665,269382,2246,0,817854,783294,1601148,2025,3,26,17907,2266301.0,1448447.0,0.6391238410078802,1,39,0,0.0,0.0,0.0,2765782.7863416937
2025-03-27,chokepoint6,Strait of Hormuz,17,11,1,1,34,30,64,603109,503282,0,0,2670274,1106391,3776666,2025,3,27,17908,2342026.474899872,0.0,0.0,0,0,0,0.0,0.0,0.0,
2025-03-28,chokepoint6,Strait of Hormuz,24,21,6,0,64,51,115,466692,964371,20986,0,2716538,1452051,4168589,2025,3,28,17909,2352109.901652894,0.0,0.0,0,0,0,0.0,0.0,0.0,
2025-03-29,chokepoint6,Strait of Hormuz,19,17,4,2,68,42,110,501047,602194,36879,5526,2944362,1145647,4090010,2025,3,29,17910,2405979.0759543767,0.0,0.0,0,0,0,0.0,0.0,0.0,
2025-03-30,chokepoint6,Strait of Hormuz,14,13,3,3,66,33,99,328870,480679,16726,12514,2403544,838791,3242336,2025,3,30,17911,2252927.270250205,0.0,0.0,0,0,0,0.0,0.0,0.0,
2025-03-31,chokepoint6,Strait of Hormuz,15,19,5,8,54,47,101,333557,606513,29692,13158,2818174,982922,3801096,2025,3,31,17912,2289968.9509734455,0.0,0.0,0,0,0,0.0,0.0,0.0,
2025-04-01,chokepoint6,Strait of Hormuz,30,15,2,8,62,55,117,773638,482359,28062,19173,3025459,1303234,4328694,2025,4,1,17913,2177912.298160924,0.0,0.0,0,0,0,0.0,0.0,0.0,
2025-04-02,chokepoint6,Strait of Hormuz,19,18,9,9,60,55,115,446062,339620,64119,15929,2544880,865732,3410613,2025,4,2,17914,2320403.0,0.0,0.0,0,0,0,0.0,0.0,0.0,
2025-04-03,chokepoint6,Strait of Hormuz,25,14,4,4,80,47,127,702822,598953,23408,2993,3912819,1328178,5240998,2025,4,3,17915,2489698.1906974507,0.0,0.0,0,0,0,0.0,0.0,0.0,
2025-04-04,chokepoint6,Strait of Hormuz,14,21,6,4,60,45,105,389403,969437,20548,0,4068086,1379390,5447477,2025,4,4,17916,2516332.196362577,0.0,0.0,0,0,0,0.0,0.0,0.0,
2025-04-05,chokepoint6,Strait of Hormuz,26,19,6,3,58,54,112,480306,584444,54702,0,2763260,1119453,3882714,2025,4,5,17917,2591080.4766261796,0.0,0.0,0,0,0,0.0,0.0,0.0,
2025-04-06,chokepoint6,Strait of Hormuz,25,10,9,2,58,46,104,736426,654683,69963,9107,2685482,1470181,4155664,2025,4,6,17918,2426847.409781767,0.0,0.0,0,0,0,0.0,0.0,0.0,
2025-04-07,chokepoint6,Strait of Hormuz,20,12,6,4,54,42,96,449196,466993,31476,4718,2479881,952384,3432265,2025,4,7,17919,2500696.760035412,20815.76003541192,0.008323984086386049,0,0,0,0.0,0.0,0.0,
2025-04-08,chokepoint6,Strait of Hormuz,15,13,2,7,69,37,106,356286,527932,5218,12002,3350720,901439,4252160,2025,4,8,17920,2383980.5665248544,0.0,0.0,0,0,0,0.0,0.0,0.0,
2025-04-09,chokepoint6,Strait of Hormuz,20,21,8,4,59,53,112,566201,582028,19816,3302,2230641,1171349,3401990,2025,4,9,17921,2502396.0,271755.0,0.10859791975370804,0,0,0,0.0,0.0,0.0,
2025-04-10,chokepoint6,Strait of Hormuz,23,15,4,2,55,44,99,540363,445267,20769,3963,3193992,1010363,4204356,2025,4,10,17922,2599935.529054974,0.0,0.0,0,0,0,0.0,0.0,1.0,
2025-04-11,chokepoint6,Strait of Hormuz,23,17,6,4,59,50,109,597300,408777,31235,13526,2906187,1050839,3957026,2025,4,11,17923,2604515.509468679,0.0,0.0,0,0,0,0.0,0.0,1.0,
2025-04-12,chokepoint6,Strait of Hormuz,22,20,4,4,50,50,100,520287,585619,40556,0,3098466,1146462,4244929,2025,4,12,17924,2646300.322598477,0.0,0.0,0,0,0,0.0,0.0,1.0,
2025-04-13,chokepoint6,Strait of Hormuz,19,13,3,3,58,38,96,520880,328874,19842,8538,3043148,878134,3921283,2025,4,13,17925,2475824.260285996,0.0,0.0,0,0,0,0.0,0.0,1.0,
2025-04-14,chokepoint6,Strait of Hormuz,20,12,11,5,56,48,104,465126,431333,44866,7871,3444282,949197,4393479,2025,4,14,17926,2526108.4925953024,0.0,0.0,0,0,0,0.0,1.0,1.0,
2025-04-15,chokepoint6,Strait of Hormuz,21,21,5,5,72,52,124,524641,813078,24532,22836,2032587,1385089,3417676,2025,4,15,17927,2395453.0921796476,362866.09217964765,0.1514811930003071,0,0,0,0.0,1.0,1.0,
2025-04-16,chokepoint6,Strait of Hormuz,24,12,5,0,60,41,101,574065,697850,21061,0,3058780,1292978,4351758,2025,4,16,17928,2517647.0,0.0,0.0,0,0,0,1.0,1.0,1.0,
2025-04-17,chokepoint6,Strait of Hormuz,13,9,4,1,31,27,58,391756,742042,41202,5028,971818,1180030,2151848,2025,4,17,17929,2604630.3274403033,1632812.3274403033,0.6268883189442654,1,40,1,0.0,0.0,0.0,3320784.025621038
2025-04-18,chokepoint6,Strait of Hormuz,9,11,4,2,25,26,51,137350,474684,16998,0,928919,629033,1557952,2025,4,18,17930,2616890.6981807346,1687971.6981807346,0.6450294998389556,1,40,0,0.0,0.0,0.0,3320784.025621038
2025-04-19,chokepoint6,Strait of Hormuz,18,13,0,3,42,34,76,644481,570992,0,13594,1875675,1229068,3104743,2025,4,19,17931,2648161.878069906,772486.878069906,0.2917068191590038,0,0,0,0.0,0.0,0.0,
2025-04-20,chokepoint6,Strait of Hormuz,19,9,1,1,50,30,80,563430,480726,7583,0,2808057,1051740,3859798,2025,4,20,17932,2475824.260285996,0.0,0.0,0,0,0,0.0,0.0,0.0,
2025-04-21,chokepoint6,Strait of Hormuz,22,14,7,4,61,47,108,414618,589331,9110,9521,2787722,1022582,3810304,2025,4,21,17933,2566199.250660413,0.0,0.0,0,0,0,0.0,0.0,0.0,
2025-04-22,chokepoint6,Strait of Hormuz,25,24,7,7,61,63,124,590396,914050,35701,21532,2459374,1561681,4021055,2025,4,22,17934,2439107.8058219287,0.0,0.0,0,0,0,0.0,0.0,0.0,
2025-04-23,chokepoint6,Strait of Hormuz,21,11,5,5,65,42,107,496103,455429,72711,9820,2625071,1034065,3659136,2025,4,23,17935,2566346.0,0.0,0.0,0,0,0,0.0,0.0,0.0,
2025-04-24,chokepoint6,Strait of Hormuz,26,16,9,7,64,58,122,561287,667330,32387,14373,2068468,1275378,3343846,2025,4,24,17936,2652097.0849650544,583629.0849650544,0.2200632428856746,0,0,0,0.0,0.0,0.0,
2025-04-25,chokepoint6,Strait of Hormuz,12,16,7,4,63,39,102,264414,398438,33445,17735,3138601,714034,3852635,2025,4,25,17937,2616890.6981807346,0.0,0.0,0,0,0,0.0,0.0,0.0,
2025-04-26,chokepoint6,Strait of Hormuz,20,14,3,6,67,43,110,578484,461400,6201,13300,3103280,1059386,4162666,2025,4,26,17938,2654081.477476516,0.0,0.0,0,0,0,0.0,0.0,0.0,
2025-04-27,chokepoint6,Strait of Hormuz,16,15,3,0,59,34,93,323263,610210,10955,0,2287353,944429,3231783,2025,4,27,17939,2520739.175339339,233386.17533933884,0.09258640387017458,0,0,0,0.0,0.0,0.0,
2025-04-28,chokepoint6,Strait of Hormuz,19,19,2,2,52,42,94,352162,795630,6594,7573,2791742,1161960,3953703,2025,4,28,17940,2564603.3350955797,0.0,0.0,0,0,0,0.0,0.0,0.0,
2025-04-29,chokepoint6,Strait of Hormuz,22,17,3,3,56,45,101,565928,631942,21527,2855,2404523,1222253,3626777,2025,4,29,17941,2436879.069788419,32356.069788419176,0.013277667402358409,0,0,0,0.0,0.0,0.0,
2025-04-30,chokepoint6,Strait of Hormuz,28,19,5,3,63,55,118,647132,724030,16747,16114,3166598,1404024,4570623,2025,4,30,17942,2567874.0,0.0,0.0,0,0,0,0.0,0.0,0.0,
2025-05-01,chokepoint6,Strait of Hormuz,17,19,2,5,58,43,101,472427,801156,4484,7368,3396172,1285437,4681610,2025,5,1,17943,2653747.4466250525,0.0,0.0,0,0,0,0.0,0.0,1.0,
2025-05-02,chokepoint6,Strait of Hormuz,19,9,3,3,63,34,97,502610,387101,18324,0,2234276,908036,3142313,2025,5,2,17944,2667815.9351828634,433539.9351828634,0.16250743893736683,0,0,0,0.0,0.0,1.0,
2025-05-03,chokepoint6,Strait of Hormuz,23,11,6,5,52,45,97,567627,299657,32311,11703,2890700,911300,3802000,2025,5,3,17945,2699326.8299470767,0.0,0.0,0,0,0,0.0,0.0,1.0,
2025-05-04,chokepoint6,Strait of Hormuz,12,11,4,2,48,29,77,265062,430456,16090,0,2884464,711610,3596074,2025,5,4,17946,2523659.4890093207,0.0,0.0,0,0,0,0.0,0.0,1.0,
2025-05-05,chokepoint6,Strait of Hormuz,23,14,6,1,66,44,110,580885,707080,14995,0,3074045,1302961,4377006,2025,5,5,17947,2566199.250660413,0.0,0.0,0,0,0,0.0,1.0,1.0,
2025-05-06,chokepoint6,Strait of Hormuz,26,20,3,2,54,51,105,497959,924105,14845,0,2133741,1436910,3570651,2025,5,6,17948,2440560.048320522,306819.04832052207,0.12571665611409988,0,0,0,0.0,1.0,1.0,
2025-05-07,chokepoint6,Strait of Hormuz,19,7,4,4,30,34,64,511401,300145,3188,9122,1797624,823858,2621482,2025,5,7,17949,2567943.0,770319.0,0.29997511627010415,0,0,0,1.0,1.0,1.0,
2025-05-08,chokepoint6,Strait of Hormuz,21,13,6,4,41,44,85,577018,659728,47229,7573,935400,1291550,2226951,2025,5,8,17950,2638503.5613109446,1703103.5613109446,0.645480865094893,1,41,1,0.0,0.0,0.0,2901092.043501945
2025-05-09,chokepoint6,Strait of Hormuz,21,15,4,3,58,43,101,381825,442571,15634,2135,1445163,842167,2287330,2025,5,9,17951,2643151.4821910006,1197988.4821910006,0.4532424608512964,1,41,0,0.0,0.0,0.0,2901092.043501945
2025-05-10,chokepoint6,Strait of Hormuz,18,16,8,3,68,45,113,517462,680736,13998,8714,2596131,1220913,3817044,2025,5,10,17952,2695664.6159119126,99533.61591191264,0.036923590317722646,0,0,0,0.0,0.0,0.0,
2025-05-11,chokepoint6,Strait of Hormuz,18,11,7,2,69,38,107,327245,463959,20469,5589,3072802,817264,3890066,2025,5,11,17953,2481358.622797377,0.0,0.0,0,0,0,0.0,0.0,0.0,
2025-05-12,chokepoint6,Strait of Hormuz,19,19,5,1,68,44,112,453255,836242,47784,0,3493837,1337282,4831120,2025,5,12,17954,2562259.927456548,0.0,0.0,0,0,0,0.0,0.0,0.0,
2025-05-13,chokepoint6,Strait of Hormuz,14,19,8,4,54,45,99,326923,632300,25651,16810,2240828,1001685,3242513,2025,5,13,17955,2426605.974783642,185777.97478364222,0.07655877250537402,0,0,0,0.0,0.0,0.0,
2025-05-14,chokepoint6,Strait of Hormuz,22,19,5,3,66,49,115,506706,501119,14990,8926,2875400,1031742,3907143,2025,5,14,17956,2553192.0,0.0,0.0,0,0,0,0.0,0.0,0.0,
2025-05-15,chokepoint6,Strait of Hormuz,27,8,7,2,61,44,105,776023,547772,27217,6295,2950498,1357308,4307806,2025,5,15,17957,2649673.7298663096,0.0,0.0,0,0,0,0.0,0.0,0.0,
2025-05-16,chokepoint6,Strait of Hormuz,17,20,10,2,49,49,98,387311,794791,131900,3763,2564139,1317767,3881906,2025,5,16,17958,2658350.7895919043,94211.78959190426,0.03543993891279004,0,0,0,0.0,0.0,0.0,
2025-05-17,chokepoint6,Strait of Hormuz,28,12,4,5,56,49,105,785295,610530,8734,10099,2238507,1414659,3653166,2025,5,17,17959,2696203.2385610063,457696.23856100626,0.1697558373994402,0,0,0,0.0,0.0,0.0,
2025-05-18,chokepoint6,Strait of Hormuz,22,13,6,3,71,44,115,505876,562641,19145,8160,3174032,1095823,4269856,2025,5,18,17960,2520671.443694556,0.0,0.0,0,0,0,0.0,0.0,0.0,
2025-05-19,chokepoint6,Strait of Hormuz,22,14,10,4,64,50,114,539945,334385,11830,4173,3165537,890335,4055872,2025,5,19,17961,2566130.2975145313,0.0,0.0,0,0,0,0.0,0.0,0.0,
2025-05-20,chokepoint6,Strait of Hormuz,19,23,5,6,67,53,120,458445,670808,4585,11834,3318877,1145674,4464552,2025,5,20,17962,2443453.128271909,0.0,0.0,0,0,0,0.0,0.0,0.0,
2025-05-21,chokepoint6,Strait of Hormuz,24,16,8,4,63,52,115,598862,503946,25519,9916,2723501,1138245,3861747,2025,5,21,17963,2630845.0,0.0,0.0,0,0,0,0.0,0.0,0.0,
2025-05-22,chokepoint6,Strait of Hormuz,21,13,4,6,59,44,103,580726,381225,14839,2272,1756704,979063,2735768,2025,5,22,17964,2653217.3054030244,896513.3054030244,0.33789667494530523,1,0,0,0.0,0.0,0.0,
2025-05-23,chokepoint6,Strait of Hormuz,16,25,6,4,68,51,119,382656,924214,27494,2984,3234111,1337350,4571462,2025,5,23,17965,2723540.5175814363,0.0,0.0,0,0,0,0.0,0.0,0.0,
2025-05-24,chokepoint6,Strait of Hormuz,24,14,10,1,51,49,100,692041,640728,54441,7212,2280069,1394425,3674494,2025,5,24,17966,2762246.9849027144,482177.9849027144,0.1745600547445965,0,0,0,0.0,0.0,0.0,
2025-05-25,chokepoint6,Strait of Hormuz,26,23,2,2,53,53,106,545950,816405,25909,5653,2212664,1393919,3606583,2025,5,25,17967,2523659.4890093207,310995.48900932074,0.12323195358316905,0,0,0,0.0,0.0,0.0,
2025-05-26,chokepoint6,Strait of Hormuz,28,24,7,4,54,63,117,670507,729972,23977,4326,3616130,1428784,5044915,2025,5,26,17968,2638376.2059425977,0.0,0.0,0,0,0,0.0,0.0,0.0,
2025-05-27,chokepoint6,Strait of Hormuz,26,12,3,3,53,44,97,668025,619614,5228,10033,2487890,1302903,3790793,2025,5,27,17969,2513906.848283854,26016.848283853848,0.01034916958105052,0,0,0,0.0,0.0,0.0,
2025-05-28,chokepoint6,Strait of Hormuz,18,12,6,2,44,38,82,378884,529487,14477,0,2607278,922849,3530128,2025,5,28,17970,2630845.0,23567.0,0.008957958374590673,0,0,0,0.0,0.0,0.0,
2025-05-29,chokepoint6,Strait of Hormuz,13,15,7,4,73,39,112,380224,776600,35850,2368,4045410,1195043,5240454,2025,5,29,17971,2728386.783666389,0.0,0.0,0,0,0,0.0,0.0,0.0,
2025-05-30,chokepoint6,Strait of Hormuz,15,16,7,4,65,42,107,363308,520725,47834,8647,1867395,940515,2807910,2025,5,30,17972,2733193.040548745,865798.0405487451,0.3167716395088282,1,0,0,0.0,0.0,0.0,
2025-05-31,chokepoint6,Strait of Hormuz,21,15,3,4,51,43,94,398273,545916,5807,2768,2186634,952765,3139400,2025,5,31,17973,2775898.3916931963,589264.3916931963,0.21227880438871777,0,0,0,0.0,0.0,0.0,
2025-06-01,chokepoint6,Strait of Hormuz,29,13,7,3,47,52,99,752509,554272,25883,17363,2207649,1350028,3557678,2025,6,1,17974,2596425.852720949,388776.85272094887,0.14973539579939343,0,0,0,0.0,0.0,0.0,
2025-06-02,chokepoint6,Strait of Hormuz,28,18,8,1,66,55,121,699203,409724,50396,3597,3473409,1162921,4636331,2025,6,2,17975,2638376.2059425977,0.0,0.0,0,0,0,0.0,0.0,0.0,
2025-06-03,chokepoint6,Strait of Hormuz,14,17,4,4,55,39,94,372622,910341,11899,10655,2218109,1305518,3523627,2025,6,3,17976,2513906.848283854,295797.84828385385,0.1176646018072561,0,0,0,0.0,0.0,0.0,
2025-06-04,chokepoint6,Strait of Hormuz,25,6,6,6,67,43,110,716772,245190,19763,19500,3461280,1001226,4462507,2025,6,4,17977,2652918.0,0.0,0.0,0,0,0,0.0,0.0,0.0,
2025-06-05,chokepoint6,Strait of Hormuz,16,16,3,2,50,37,87,476404,861028,10677,0,2634857,1348111,3982969,2025,6,5,17978,2744442.932139394,109585.93213939387,0.03993011873413874,0,0,0,0.0,0.0,0.0,
2025-06-06,chokepoint6,Strait of Hormuz,13,12,0,3,43,28,71,302097,422621,0,4013,979768,728732,1708501,2025,6,6,17979,2742253.4095974243,1762485.4095974243,0.6427142741181477,1,0,0,0.0,0.0,0.0,
2025-06-07,chokepoint6,Strait of Hormuz,9,15,5,3,45,32,77,329491,442942,36039,2639,2596020,811111,3407132,2025,6,7,17980,2785422.4580673277,189402.45806732774,0.06799774932479904,0,0,0,0.0,0.0,0.0,
2025-06-08,chokepoint6,Strait of Hormuz,17,20,8,1,61,46,107,434019,719586,44510,4318,3204347,1202435,4406782,2025,6,8,17981,2606888.919412827,0.0,0.0,0,0,0,0.0,0.0,0.0,
2025-06-09,chokepoint6,Strait of Hormuz,32,22,7,3,69,64,133,744993,881550,65531,9346,3654936,1701422,5356359,2025,6,9,17982,2656111.15492763,0.0,0.0,0,0,0,0.0,0.0,0.0,
2025-06-10,chokepoint6,Strait of Hormuz,29,18,6,4,60,57,117,566690,469950,64024,6302,2781090,1106968,3888059,2025,6,10,17983,2526137.8094843784,0.0,0.0,0,0,0,0.0,0.0,0.0,
2025-06-11,chokepoint6,Strait of Hormuz,22,18,6,3,50,49,99,352356,795756,6858,4942,2320057,1159914,3479971,2025,6,11,17984,2679981.0,359924.0,0.13430095213361587,0,0,0,0.0,0.0,0.0,
2025-06-12,chokepoint6,Strait of Hormuz,17,11,5,2,63,35,98,546342,255528,36705,2353,3216294,840929,4057224,2025,6,12,17985,2769529.0494195763,0.0,0.0,0,0,0,0.0,0.0,0.0,
2025-06-13,chokepoint6,Strait of Hormuz,13,20,9,5,66,47,113,331776,700787,31676,12950,2725831,1077190,3803022,2025,6,13,17986,2775580.701734551,49749.70173455123,0.017924069620263973,0,0,0,0.0,0.0,0.0,
2025-06-14,chokepoint6,Strait of Hormuz,22,19,5,3,53,49,102,621411,932154,15124,8924,2061273,1577615,3638888,2025,6,14,17987,2813837.165187064,752564.1651870641,0.26745121377236253,0,0,0,0.0,0.0,0.0,
2025-06-15,chokepoint6,Strait of Hormuz,17,13,4,5,63,39,102,498273,491414,18316,0,3481253,1008004,4489258,2025,6,15,17988,2631829.8705815338,0.0,0.0,0,0,0,0.0,0.0,0.0,
2025-06-16,chokepoint6,Strait of Hormuz,26,15,6,7,58,54,112,653788,423052,27229,18858,3132243,1122928,4255172,2025,6,16,17989,2678161.1717955363,0.0,0.0,0,0,0,0.0,0.0,0.0,
2025-06-17,chokepoint6,Strait of Hormuz,18,13,4,1,49,36,85,471682,799136,3192,4538,2591660,1278550,3870210,2025,6,17,17990,2547108.83745,0.0,0.0,0,0,0,0.0,0.0,0.0,
2025-06-18,chokepoint6,Strait of Hormuz,19,21,10,3,71,53,124,326569,651320,33281,7295,2654939,1018466,3673406,2025,6,18,17991,2697110.0,42171.0,0.01563562479839532,0,0,0,0.0,0.0,0.0,
2025-06-19,chokepoint6,Strait of Hormuz,26,14,4,4,53,48,101,524181,383175,13770,8015,3425533,929142,4354676,2025,6,19,17992,2787230.3924841383,0.0,0.0,0,0,0,0.0,0.0,0.0,
2025-06-20,chokepoint6,Strait of Hormuz,19,11,6,3,49,39,88,624967,431836,14922,7547,2078094,1079274,3157368,2025,6,20,17993,2796439.6340885093,718345.6340885093,0.25687864859727316,0,0,0,0.0,0.0,0.0,
2025-06-21,chokepoint6,Strait of Hormuz,24,15,6,5,68,50,118,503634,882263,13895,11415,2294139,1411208,3705347,2025,6,21,17994,2815026.7547804816,520887.75478048157,0.18503829631313784,0,0,0,0.0,0.0,0.0,
2025-06-22,chokepoint6,Strait of Hormuz,19,11,4,2,60,36,96,442672,504522,2414,2504,3226492,952113,4178605,2025,6,22,17995,2651608.492476145,0.0,0.0,0,0,0,0.0,0.0,0.0,
2025-06-23,chokepoint6,Strait of Hormuz,19,18,8,3,39,48,87,542110,519959,25589,9451,1936442,1097111,3033554,2025,6,23,17996,2695278.540430495,758836.540430495,0.28154290142839644,0,0,0,0.0,0.0,0.0,
2025-06-24,chokepoint6,Strait of Hormuz,22,12,8,1,65,43,108,499281,378485,39517,0,2757877,917283,3675161,2025,6,24,17997,2563289.7461794224,0.0,0.0,0,0,0,0.0,0.0,0.0,
2025-06-25,chokepoint6,Strait of Hormuz,14,15,6,1,68,36,104,198854,500543,20917,0,3130021,720315,3850337,2025,6,25,17998,2681114.0,0.0,0.0,0,0,0,0.0,0.0,0.0,
2025-06-26,chokepoint6,Strait of Hormuz,27,12,3,2,55,44,99,721765,405781,15259,7236,3072869,1150042,4222912,2025,6,26,17999,2787122.917460569,0.0,0.0,0,0,0,0.0,0.0,0.0,
2025-06-27,chokepoint6,Strait of Hormuz,22,11,9,4,70,46,116,622933,327943,90147,5929,2452105,1046953,3499058,2025,6,27,18000,2752151.2830519974,300046.2830519974,0.10902245268990489,0,0,0,0.0,0.0,0.0,
2025-06-28,chokepoint6,Strait of Hormuz,21,17,6,2,58,46,104,379901,637179,16088,0,3215116,1033170,4248286,2025,6,28,16001,2831712.50748886,0.0,0.0,0,0,0,0.0,0.0,0.0,
2025-06-29,chokepoint6,Strait of Hormuz,20,17,5,5,55,47,102,438348,590235,23956,11500,2473998,1064041,3538039,2025,6,29,16002,2647429.7444784595,173431.74447845947,0.06550947946406235,0,0,0,0.0,0.0,0.0,
2025-06-30,chokepoint6,Strait of Hormuz,17,12,12,3,49,44,93,309830,540387,54199,6376,2427179,910794,3337974,2025,6,30,16003,2695278.540430495,268099.54043049505,0.09947006827267421,0,0,0,0.0,0.0,0.0,
2025-07-01,chokepoint6,Strait of Hormuz,20,13,6,2,44,41,85,516874,390204,17590,8039,1658116,932708,2590824,2025,7,1,16004,2563388.589909693,905272.5899096932,0.3531546459530685,1,0,0,0.0,0.0,0.0,
2025-07-02,chokepoint6,Strait of Hormuz,19,14,4,2,54,39,93,329437,831402,26237,9370,2182855,1196448,3379303,2025,7,2,16005,2697006.0,514151.0,0.19063769231510794,0,0,0,0.0,0.0,0.0,
2025-07-03,chokepoint6,Strait of Hormuz,15,11,2,7,48,35,83,422757,451273,3570,25180,2194170,902782,3096953,2025,7,3,16006,2787230.3924841383,593060.3924841383,0.21277767136988238,0,0,0,0.0,0.0,0.0,
2025-07-04,chokepoint6,Strait of Hormuz,18,13,6,1,58,38,96,462285,594339,26922,0,2799793,1083547,3883340,2025,7,4,16007,2775580.701734551,0.0,0.0,0,0,0,0.0,0.0,0.0,
2025-07-05,chokepoint6,Strait of Hormuz,17,12,5,2,62,36,98,359635,456013,43782,0,2106511,859430,2965941,2025,7,5,16008,2791264.361419292,684753.3614192922,0.24532013910395475,0,0,0,0.0,0.0,0.0,
2025-07-06,chokepoint6,Strait of Hormuz,13,13,3,2,45,31,76,409678,551556,6242,7845,1374650,975322,2349972,2025,7,6,16009,2600228.641009188,1225578.6410091878,0.47133495173467604,1,0,0,0.0,0.0,0.0,
2025-07-07,chokepoint6,Strait of Hormuz,19,9,8,3,31,39,70,462757,260224,37448,4697,2078031,765127,2843158,2025,7,7,16010,2624509.628373639,546478.6283736392,0.20822123206013232,0,0,0,0.0,0.0,0.0,
2025-07-08,chokepoint6,Strait of Hormuz,16,10,7,2,42,35,77,311668,582797,16872,3784,1359103,915122,2274226,2025,7,8,16011,2493334.0465007653,1134231.0465007653,0.454905369817007,1,0,0,0.0,0.0,0.0,
2025-07-09,chokepoint6,Strait of Hormuz,12,12,1,6,60,31,91,155838,644116,7128,12849,3514007,819931,4333939,2025,7,9,16012,2620994.0,0.0,0.0,0,0,0,0.0,0.0,0.0,
2025-07-10,chokepoint6,Strait of Hormuz,23,16,8,2,62,49,111,603584,662096,61181,7001,3068082,1333863,4401946,2025,7,10,16013,2708571.0761958435,0.0,0.0,0,0,0,0.0,0.0,0.0,
2025-07-11,chokepoint6,Strait of Hormuz,12,11,3,4,55,30,85,237664,672818,10477,14229,3344799,935189,4279989,2025,7,11,16014,2698488.8870273926,0.0,0.0,0,0,0,0.0,0.0,0.0,
2025-07-12,chokepoint6,Strait of Hormuz,23,18,0,3,62,44,106,430929,404386,0,1853,3912441,837169,4749611,2025,7,12,16015,2736839.3250870807,0.0,0.0,0,0,0,0.0,0.0,0.0,
2025-07-13,chokepoint6,Strait of Hormuz,17,20,3,2,53,42,95,471872,570788,20486,9155,2124256,1072303,3196559,2025,7,13,16016,2553843.26213143,429587.2621314302,0.1682120702164384,0,0,0,0.0,0.0,0.0,
2025-07-14,chokepoint6,Strait of Hormuz,19,18,5,5,69,47,116,484081,715285,45913,11517,2691895,1256798,3948693,2025,7,14,16017,2581807.644653607,0.0,0.0,0,0,0,0.0,0.0,0.0,
2025-07-15,chokepoint6,Strait of Hormuz,31,16,5,4,53,56,109,779136,536200,15390,10485,3182087,1341213,4523300,2025,7,15,16018,2447291.876604252,0.0,0.0,0,0,0,0.0,0.0,0.0,
2025-07-16,chokepoint6,Strait of Hormuz,14,23,3,4,67,44,111,285694,1037738,3604,4115,3082708,1331152,4413860,2025,7,16,16019,2601667.0,0.0,0.0,0,0,0,0.0,0.0,0.0,
2025-07-17,chokepoint6,Strait of Hormuz,19,23,8,5,61,55,116,429632,852865,17852,15150,3498766,1315501,4814267,2025,7,17,16020,2708571.0761958435,0.0,0.0,0,0,0,0.0,0.0,0.0,
2025-07-18,chokepoint6,Strait of Hormuz,19,15,4,1,42,39,81,412261,443678,39135,7346,2239938,902421,3142360,2025,7,18,16021,2693334.456326596,453396.456326596,0.1683401982481513,0,0,0,0.0,0.0,0.0,
2025-07-19,chokepoint6,Strait of Hormuz,17,11,4,2,52,34,86,553798,288173,20471,7210,2304512,869653,3174166,2025,7,19,16022,2712602.3558245455,408090.3558245455,0.1504423805237384,0,0,0,0.0,0.0,0.0,
2025-07-20,chokepoint6,Strait of Hormuz,25,15,6,2,64,48,112,539716,732845,64164,6702,2986319,1343429,4329749,2025,7,20,16023,2527624.244274214,0.0,0.0,0,0,0,0.0,0.0,0.0,
2025-07-21,chokepoint6,Strait of Hormuz,17,13,8,3,47,41,88,402028,579701,20139,4013,3056542,1005883,4062426,2025,7,21,16024,2559807.5938334414,0.0,0.0,0,0,0,0.0,0.0,0.0,
2025-07-22,chokepoint6,Strait of Hormuz,25,9,10,8,44,52,96,633843,544556,26246,25063,2079937,1229710,3309647,2025,7,22,16025,2460037.965706765,380100.9657067652,0.1545102030966269,0,0,0,0.0,0.0,0.0,
2025-07-23,chokepoint6,Strait of Hormuz,12,17,6,5,60,40,100,160700,505871,46022,10116,2499493,722709,3222202,2025,7,23,16026,2563885.0,64392.0,0.025115011008684088,0,0,0,0.0,0.0,0.0,
2025-07-24,chokepoint6,Strait of Hormuz,16,19,3,3,47,41,88,363431,885204,12733,5697,2124879,1267066,3391946,2025,7,24,16027,2674854.9212058033,549975.9212058033,0.20560962646821926,0,0,0,0.0,0.0,0.0,
2025-07-25,chokepoint6,Strait of Hormuz,17,9,4,4,48,34,82,267963,442863,15013,9931,2478169,735771,3213941,2025,7,25,16028,2713342.4262310546,235173.4262310546,0.08667296245307314,0,0,0,0.0,0.0,0.0,
2025-07-26,chokepoint6,Strait of Hormuz,16,8,3,3,63,30,93,404306,369723,15499,4110,2833815,793640,3627455,2025,7,26,16029,2771368.9216967234,0.0,0.0,0,0,0,0.0,0.0,0.0,
2025-07-27,chokepoint6,Strait of Hormuz,15,16,8,4,59,43,102,361654,494408,36617,12204,3299079,904884,4203963,2025,7,27,16030,2542618.459840256,0.0,0.0,0,0,0,0.0,0.0,0.0,
2025-07-28,chokepoint6,Strait of Hormuz,19,13,5,4,55,41,96,453511,356475,9100,7135,2051368,826223,2877592,2025,7,28,16031,2637654.696213224,586286.696213224,0.22227575772330338,0,0,0,0.0,0.0,0.0,
2025-07-29,chokepoint6,Strait of Hormuz,23,11,5,5,54,44,98,723318,292798,31169,8173,2517124,1055460,3572585,2025,7,29,16032,2471162.637464644,0.0,0.0,0,0,0,0.0,0.0,0.0,
2025-07-30,chokepoint6,Strait of Hormuz,19,14,7,5,65,45,110,599593,701237,33584,4403,3597243,1338819,4936062,2025,7,30,16033,2600073.0,0.0,0.0,0,0,0,0.0,0.0,0.0,
2025-07-31,chokepoint6,Strait of Hormuz,22,17,6,2,55,47,102,498089,466030,17346,4340,2103165,985806,3088972,2025,7,31,16034,2686951.0284257634,583786.0284257634,0.21726708907225345,0,0,0,0.0,0.0,0.0,
2025-08-01,chokepoint6,Strait of Hormuz,12,8,1,2,52,23,75,422446,410980,3999,9315,1754952,846741,2601694,2025,8,1,16035,2679566.877718462,924614.8777184621,0.3450613177103206,1,0,0,0.0,0.0,0.0,
2025-08-02,chokepoint6,Strait of Hormuz,18,16,5,4,60,43,103,520536,513583,27334,3513,3713856,1064969,4778825,2025,8,2,16036,2729938.025530563,0.0,0.0,0,0,0,0.0,0.0,0.0,
2025-08-03,chokepoint6,Strait of Hormuz,16,15,4,2,43,37,80,361704,565150,42500,6071,2459241,975426,3434668,2025,8,3,16037,2590928.7916951007,131687.79169510072,0.05082648049502924,0,0,0,0.0,0.0,0.0,
2025-08-04,chokepoint6,Strait of Hormuz,12,14,2,5,39,33,72,298474,705935,1614,14539,1525727,1020563,2546290,2025,8,4,16038,2637654.696213224,1111927.696213224,0.42155923510745147,1,0,0,0.0,0.0,0.0,
2025-08-05,chokepoint6,Strait of Hormuz,27,14,4,6,54,51,105,701708,369208,17436,4257,3419438,1092611,4512049,2025,8,5,16039,2508666.229738536,0.0,0.0,0,0,0,0.0,0.0,0.0,
2025-08-06,chokepoint6,Strait of Hormuz,11,18,5,5,33,39,72,200144,877189,33086,17163,1483852,1127583,2611435,2025,8,6,16040,2649431.0,1165579.0,0.43993559371804736,1,0,0,0.0,0.0,0.0,
2025-08-07,chokepoint6,Strait of Hormuz,18,3,6,4,39,31,70,537376,133540,20150,6799,2293325,697866,2991192,2025,8,7,16041,2737958.2612461643,444633.26124616433,0.16239592383113696,0,0,0,0.0,0.0,0.0,
2025-08-08,chokepoint6,Strait of Hormuz,13,13,2,4,43,32,75,324966,323104,4137,0,1629400,652209,2281609,2025,8,8,16042,2740864.125403717,1111464.1254037172,0.4055159521050696,1,0,0,0.0,0.0,1.0,
2025-08-09,chokepoint6,Strait of Hormuz,15,7,4,3,42,29,71,454616,245087,19631,4010,2350268,723346,3073615,2025,8,9,16043,2796079.41691392,445811.4169139201,0.15944161464697224,0,0,0,0.0,0.0,1.0,
2025-08-10,chokepoint6,Strait of Hormuz,16,18,3,4,57,41,98,374877,620073,11943,5342,2779055,1012236,3791292,2025,8,10,16044,2602092.7336677746,0.0,0.0,0,0,0,0.0,0.0,1.0,
2025-08-11,chokepoint6,Strait of Hormuz,18,14,6,4,59,42,101,470094,423748,17325,10445,2686975,921612,3608588,2025,8,11,16045,2645781.174217748,0.0,0.0,0,0,0,0.0,0.0,1.0,
2025-08-12,chokepoint6,Strait of Hormuz,28,20,9,2,68,59,127,821365,680978,64930,0,2725047,1567274,4292322,2025,8,12,16046,2515009.3360445662,0.0,0.0,0,0,0,0.0,1.0,1.0,
2025-08-13,chokepoint6,Strait of Hormuz,20,20,4,5,71,49,120,501750,1010428,12899,4291,2511282,1529370,4040652,2025,8,13,16047,2646207.0,134925.0,0.05098807462908231,0,0,0,0.0,1.0,1.0,
2025-08-14,chokepoint6,Strait of Hormuz,16,17,7,6,57,46,103,352953,651984,30858,12187,2743608,1047984,3791593,2025,8,14,16048,2736044.3790956847,0.0,0.0,0,0,0,1.0,1.0,1.0,
2025-08-15,chokepoint6,Strait of Hormuz,12,6,6,2,49,26,75,340909,234503,48371,11707,1917237,635492,2552729,2025,8,15,16049,2748955.5153128207,831718.5153128207,0.3025580118266025,1,42,1,0.0,0.0,0.0,1679713.5099051376
2025-08-16,chokepoint6,Strait of Hormuz,14,16,5,2,45,37,82,337016,1219847,10914,0,1925877,1567778,3493655,2025,8,16,16050,2773871.994592317,847994.9945923169,0.3057080486213816,1,42,0,0.0,0.0,0.0,1679713.5099051376
2025-08-17,chokepoint6,Strait of Hormuz,19,20,6,8,74,53,127,440973,635359,16320,25219,4001781,1117873,5119655,2025,8,17,16051,2595689.6391907013,0.0,0.0,0,0,0,0.0,0.0,0.0,
2025-08-18,chokepoint6,Strait of Hormuz,17,22,3,3,49,45,94,527325,761703,20539,0,2055719,1309567,3365287,2025,8,18,16052,2644410.105867747,588691.1058677472,0.22261717445470577,0,0,0,0.0,0.0,0.0,
2025-08-19,chokepoint6,Strait of Hormuz,26,16,5,6,53,53,106,895695,566405,26000,11507,3953849,1499608,5453458,2025,8,19,16053,2515009.3360445662,0.0,0.0,0,0,0,0.0,0.0,0.0,
2025-08-20,chokepoint6,Strait of Hormuz,19,11,5,2,49,37,86,363158,372573,19136,0,2942038,754868,3696907,2025,8,20,16054,2653990.0,0.0,0.0,0,0,0,0.0,0.0,0.0,
2025-08-21,chokepoint6,Strait of Hormuz,13,15,3,2,48,33,81,444084,712690,12821,10919,2451059,1180516,3631576,2025,8,21,16055,2752050.9237116575,300991.9237116575,0.10937004149098861,0,0,0,0.0,0.0,0.0,
2025-08-22,chokepoint6,Strait of Hormuz,19,10,6,7,73,42,115,473796,345103,13114,9873,3049896,841888,3891785,2025,8,22,16056,2747501.011369334,0.0,0.0,0,0,0,0.0,0.0,0.0,
2025-08-23,chokepoint6,Strait of Hormuz,19,9,5,2,52,35,87,546250,393915,35772,0,2162407,975939,3138347,2025,8,23,16057,2786548.0009129974,624141.0009129974,0.22398358137326219,0,0,0,0.0,0.0,0.0,
2025-08-24,chokepoint6,Strait of Hormuz,23,17,4,4,56,48,104,401494,761098,28954,5980,3069295,1197528,4266823,2025,8,24,16058,2595689.6391907013,0.0,0.0,0,0,0,0.0,0.0,0.0,
2025-08-25,chokepoint6,Strait of Hormuz,20,9,9,3,49,41,90,530618,245281,40831,4466,2260610,821198,3081808,2025,8,25,16059,2642501.402844058,381891.4028440579,0.14451890259473005,0,0,0,0.0,0.0,0.0,
2025-08-26,chokepoint6,Strait of Hormuz,17,11,10,5,39,43,82,390618,290544,42729,8288,1976976,732181,2709157,2025,8,26,16060,2510932.032170897,533956.0321708969,0.2126525231785148,0,0,0,0.0,0.0,0.0,
2025-08-27,chokepoint6,Strait of Hormuz,14,19,7,5,45,45,90,357542,579028,19295,4827,2630494,960693,3591188,2025,8,27,16061,2646207.0,15713.0,0.005937933049077415,0,0,0,0.0,0.0,0.0,
2025-08-28,chokepoint6,Strait of Hormuz,16,17,6,5,64,44,108,297133,488993,18495,19360,2418119,823982,3242102,2025,8,28,16062,2730193.1907933,312074.19079330005,0.11430480152308271,0,0,0,0.0,0.0,0.0,
2025-08-29,chokepoint6,Strait of Hormuz,23,15,7,5,51,50,101,694490,562299,39247,8238,2275780,1304275,3580056,2025,8,29,16063,2739443.784186305,463663.784186305,0.1692547176411677,0,0,0,0.0,0.0,0.0,
2025-08-30,chokepoint6,Strait of Hormuz,17,17,8,5,74,47,121,449219,754602,45813,11045,4309715,1260681,5570397,2025,8,30,16064,2786548.0009129974,0.0,0.0,0,0,0,0.0,0.0,0.0,
2025-08-31,chokepoint6,Strait of Hormuz,18,18,7,6,60,49,109,324804,371119,35665,23758,2584331,755348,3339679,2025,8,31,16065,2601640.2077511824,17309.207751182374,0.006653190437175856,0,0,0,0.0,0.0,0.0,
2025-09-01,chokepoint6,Strait of Hormuz,29,8,6,2,69,45,114,838744,264872,9809,0,2868315,1113425,3981741,2025,9,1,16066,2644410.105867747,0.0,0.0,0,0,0,0.0,0.0,0.0,
2025-09-02,chokepoint6,Strait of Hormuz,14,16,4,2,45,36,81,427944,585456,4394,3613,1688845,1021408,2710254,2025,9,2,16067,2503444.6196028856,814599.6196028856,0.325391507854527,1,0,0,0.0,0.0,0.0,
2025-09-03,chokepoint6,Strait of Hormuz,15,19,6,7,39,47,86,241573,805499,23501,18897,2091423,1089472,3180896,2025,9,3,16068,2638977.0,547554.0,0.20748721947936644,0,0,0,0.0,0.0,0.0,
2025-09-04,chokepoint6,Strait of Hormuz,9,8,3,2,39,22,61,183915,258036,27899,1487,1456304,471338,1927643,2025,9,4,16069,2730193.1907933,1273889.1907933,0.46659305835538756,1,0,0,0.0,0.0,1.0,
2025-09-05,chokepoint6,Strait of Hormuz,23,19,3,1,75,46,121,571459,647349,17563,3212,3599143,1239584,4838728,2025,9,5,16070,2731959.041473559,0.0,0.0,0,0,0,0.0,0.0,1.0,
2025-09-06,chokepoint6,Strait of Hormuz,18,13,6,3,64,40,104,427959,600423,34345,4135,2742870,1066863,3809733,2025,9,6,16071,2765600.5146126663,22730.51461266633,0.00821901590362187,0,0,0,0.0,0.0,1.0,
2025-09-07,chokepoint6,Strait of Hormuz,18,17,8,3,55,46,101,475969,1221867,87725,7001,3010705,1792563,4803269,2025,9,7,16072,2585620.2013329957,0.0,0.0,0,0,0,0.0,0.0,1.0,
2025-09-08,chokepoint6,Strait of Hormuz,19,14,4,4,58,41,99,422101,849802,13558,4551,2653045,1290013,3943058,2025,9,8,16073,2592655.2736180816,0.0,0.0,0,0,0,0.0,1.0,1.0,
2025-09-09,chokepoint6,Strait of Hormuz,20,14,6,2,43,42,85,581808,802578,32728,10168,1668185,1427284,3095470,2025,9,9,16074,2444983.3052501394,776798.3052501394,0.31771108767168754,1,0,0,0.0,1.0,1.0,
2025-09-10,chokepoint6,Strait of Hormuz,16,11,10,5,44,42,86,312506,319606,27911,11242,2267581,671266,2938848,2025,9,10,16075,2611093.0,343512.0,0.13155869974757697,0,0,0,1.0,1.0,1.0,
2025-09-11,chokepoint6,Strait of Hormuz,15,9,9,3,33,36,69,428512,392866,33830,4177,1620037,859386,2479423,2025,9,11,16076,2681106.0406055073,1061069.0406055073,0.39575795382038415,1,43,1,0.0,0.0,0.0,6451867.749463744
2025-09-12,chokepoint6,Strait of Hormuz,8,7,4,1,41,20,61,318516,214481,27901,3385,1201950,564284,1766235,2025,9,12,16077,2703092.5731744994,1501142.5731744994,0.5553426427462543,1,43,0,0.0,0.0,0.0,6451867.749463744
2025-09-13,chokepoint6,Strait of Hormuz,19,7,1,2,32,29,61,640134,420264,0,599,1480424,1060997,2541421,2025,9,13,16078,2722477.1043912647,1242053.1043912647,0.4562216895737615,1,43,0,0.0,0.0,1.0,6451867.749463744
2025-09-14,chokepoint6,Strait of Hormuz,10,10,3,2,39,25,64,247173,358130,11420,7828,1363264,624554,1987819,2025,9,14,16079,2525239.894054252,1161975.8940542522,0.46014475566862256,1,43,0,0.0,0.0,1.0,6451867.749463744
2025-09-15,chokepoint6,Strait of Hormuz,16,16,7,3,34,42,76,260489,434776,37685,2880,1085154,735833,1820987,2025,9,15,16080,2570781.1372382217,1485627.1372382217,0.5778893876723493,1,43,0,0.0,0.0,1.0,6451867.749463744
2025-09-16,chokepoint6,Strait of Hormuz,18,12,1,6,62,37,99,559687,568780,0,2790,2354138,1131259,3485398,2025,9,16,16081,2464408.9495097967,110270.94950979669,0.044745394035243635,0,0,0,0.0,0.0,1.0,
2025-09-17,chokepoint6,Strait of Hormuz,26,15,3,8,55,52,107,497404,327551,1472,21319,2286099,847747,3133846,2025,9,17,16082,2572528.0,286429.0,0.11134145089965979,0,0,0,0.0,1.0,1.0,
2025-09-18,chokepoint6,Strait of Hormuz,21,20,2,6,66,49,115,547375,735768,18276,20819,2928645,1322240,4250885,2025,9,18,16083,2646478.4147425066,0.0,0.0,0,0,0,0.0,1.0,1.0,
2025-09-19,chokepoint6,Strait of Hormuz,20,8,8,4,37,40,77,598157,517869,15354,0,2171937,1131381,3303319,2025,9,19,16084,2651140.3839218803,479203.3839218803,0.18075368125658664,0,0,0,1.0,1.0,1.0,
2025-09-20,chokepoint6,Strait of Hormuz,7,10,1,0,46,18,64,266156,337303,3212,0,1777491,606672,2384164,2025,9,20,16085,2686152.0989513095,908661.0989513095,0.3382761159749876,1,44,1,0.0,0.0,0.0,5812384.563215952
2025-09-21,chokepoint6,Strait of Hormuz,9,11,1,1,51,22,73,188362,335084,0,4504,1632000,527952,2159952,2025,9,21,16086,2500977.2409514138,868977.2409514138,0.34745507744838183,1,44,0,0.0,0.0,0.0,5812384.563215952
2025-09-22,chokepoint6,Strait of Hormuz,6,12,6,2,37,26,63,93791,317376,47748,6404,1496639,465320,1961959,2025,9,22,16087,2546080.9211981567,1049441.9211981567,0.41217932724003964,1,44,0,0.0,0.0,0.0,5812384.563215952
2025-09-23,chokepoint6,Strait of Hormuz,19,9,3,4,53,35,88,607876,296559,35996,12106,2720643,952538,3673182,2025,9,23,16088,2426196.343555309,0.0,0.0,0,44,0,0.0,0.0,0.0,5812384.563215952
2025-09-24,chokepoint6,Strait of Hormuz,14,13,5,6,52,38,90,349430,518735,12570,21392,2236283,902128,3138412,2025,9,24,16089,2572528.0,336245.0,0.13070606034220036,0,44,0,0.0,0.0,0.0,5812384.563215952
2025-09-25,chokepoint6,Strait of Hormuz,21,9,5,1,26,36,62,525598,324299,15423,0,1745296,865320,2610617,2025,9,25,16090,2646478.4147425066,901182.4147425066,0.3405213546131222,1,44,0,0.0,0.0,0.0,5812384.563215952
2025-09-26,chokepoint6,Strait of Hormuz,14,22,1,1,38,38,76,322874,881539,0,0,889704,1204413,2094117,2025,9,26,16091,2637580.8873725655,1747876.8873725655,0.6626818141352694,1,44,0,0.0,0.0,0.0,5812384.563215952
2025-09-27,chokepoint6,Strait of Hormuz,17,16,9,0,60,42,102,454396,621089,44426,0,3006967,1119911,4126879,2025,9,27,16092,2675065.7119108005,0.0,0.0,0,0,0,0.0,0.0,0.0,
2025-09-28,chokepoint6,Strait of Hormuz,22,18,8,0,76,48,124,487142,953420,25090,0,3732513,1465653,5198166,2025,9,28,16093,2500791.7151417914,0.0,0.0,0,0,0,0.0,0.0,0.0,
2025-09-29,chokepoint6,Strait of Hormuz,23,22,5,9,70,59,129,619193,938621,24280,24976,2652585,1607071,4259656,2025,9,29,16094,2527412.606441331,0.0,0.0,0,0,0,0.0,0.0,0.0,
2025-09-30,chokepoint6,Strait of Hormuz,21,9,10,4,56,44,100,647038,499830,38605,1670,2097595,1187145,3284740,2025,9,30,16095,2377142.2911469867,279547.29114698665,0.1175980471123179,0,0,0,0.0,0.0,0.0,
2025-10-01,chokepoint6,Strait of Hormuz,17,14,11,2,72,44,116,353224,492604,42552,5664,3296811,894045,4190857,2025,10,1,16096,2529130.0,0.0,0.0,0,0,0,0.0,0.0,1.0,
2025-10-02,chokepoint6,Strait of Hormuz,19,13,1,5,56,38,94,506375,388748,5604,11826,4213415,912555,5125971,2025,10,2,16097,2632747.4470678708,0.0,0.0,0,0,0,0.0,0.0,1.0,
2025-10-03,chokepoint6,Strait of Hormuz,21,18,2,5,55,46,101,633291,587489,5118,7037,2985012,1232937,4217949,2025,10,3,16098,2647086.4070943403,0.0,0.0,0,0,0,0.0,0.0,1.0,
2025-10-04,chokepoint6,Strait of Hormuz,26,12,4,3,73,45,118,543980,475860,8843,8520,1767642,1037205,2804847,2025,10,4,16099,2675065.7119108005,907423.7119108005,0.33921548464042306,1,0,0,0.0,0.0,1.0,
2025-10-05,chokepoint6,Strait of Hormuz,21,16,7,5,72,49,121,498268,516724,14472,6454,3521158,1035919,4557078,2025,10,5,16100,2500791.7151417914,0.0,0.0,0,0,0,0.0,1.0,1.0,
2025-10-06,chokepoint6,Strait of Hormuz,20,17,6,2,44,45,89,596391,1033684,15953,4554,2090605,1650583,3741189,2025,10,6,16101,2531566.7836504807,440961.7836504807,0.1741853252690496,0,0,0,0.0,1.0,1.0,
2025-10-07,chokepoint6,Strait of Hormuz,18,13,6,8,56,45,101,433880,352400,30412,17848,2677093,834542,3511635,2025,10,7,16102,2403736.9571127254,0.0,0.0,0,0,0,1.0,1.0,1.0,
2025-10-08,chokepoint6,Strait of Hormuz,12,10,3,4,26,29,55,174479,409090,20441,6503,1037540,610515,1648055,2025,10,8,16103,2501148.0,1463608.0,0.5851744878751677,1,45,1,0.0,0.0,0.0,11852295.092959693
2025-10-09,chokepoint6,Strait of Hormuz,11,12,2,1,30,26,56,335486,307146,17039,0,1496030,659672,2155703,2025,10,9,16104,2606074.0063626687,1110044.0063626687,0.4259449285218003,1,45,0,0.0,0.0,0.0,11852295.092959693
2025-10-10,chokepoint6,Strait of Hormuz,14,14,8,2,31,38,69,503134,323444,42467,0,979332,869046,1848378,2025,10,10,16105,2589273.7574687125,1609941.7574687125,0.6217734810098257,1,45,0,0.0,0.0,0.0,11852295.092959693
2025-10-11,chokepoint6,Strait of Hormuz,15,7,5,3,39,30,69,378239,209667,68262,4563,1820603,660732,2481336,2025,10,11,16106,2617571.681420107,796968.6814201069,0.30446871315009366,1,45,0,0.0,0.0,0.0,11852295.092959693
2025-10-12,chokepoint6,Strait of Hormuz,10,12,8,2,23,32,55,373100,734712,30003,8992,890370,1146810,2037181,2025,10,12,16107,2443938.361481954,1553568.3614819539,0.6356823011444127,1,45,0,0.0,0.0,0.0,11852295.092959693
2025-10-13,chokepoint6,Strait of Hormuz,10,12,7,4,38,33,71,278686,679740,36852,7169,1636984,1002449,2639433,2025,10,13,16108,2481076.092408651,844092.092408651,0.34021209385367895,1,45,0,0.0,0.0,0.0,11852295.092959693
2025-10-14,chokepoint6,Strait of Hormuz,27,19,7,4,63,57,120,732324,928694,33583,6367,4567780,1700969,6268750,2025,10,14,16109,2359667.860139694,0.0,0.0,0,45,0,0.0,0.0,0.0,11852295.092959693
2025-10-15,chokepoint6,Strait of Hormuz,13,8,2,1,38,24,62,319349,99553,9608,5263,1592552,433774,2026327,2025,10,15,16110,2489704.0,897152.0,0.3603448442063796,1,45,0,0.0,0.0,0.0,11852295.092959693
2025-10-16,chokepoint6,Strait of Hormuz,11,9,2,1,28,23,51,325296,580916,4110,3385,1206092,913708,2119801,2025,10,16,16111,2561677.520905453,1355585.5209054528,0.5291788329493973,1,45,0,0.0,0.0,0.0,11852295.092959693
2025-10-17,chokepoint6,Strait of Hormuz,12,15,6,1,24,34,58,289032,767654,24386,0,1208079,1081072,2289152,2025,10,17,16112,2570239.942874446,1362160.942874446,0.5299742332037155,1,45,0,0.0,0.0,0.0,11852295.092959693
2025-10-18,chokepoint6,Strait of Hormuz,12,9,6,2,43,29,72,403960,622567,11023,12669,1747594,1050221,2797815,2025,10,18,16113,2606767.7300377,859173.7300376999,0.3295935115881131,1,45,0,0.0,0.0,0.0,11852295.092959693
2025-10-19,chokepoint6,Strait of Hormuz,17,14,1,3,47,35,82,549048,831659,0,0,2057561,1380708,3438270,2025,10,19,16114,2447224.818680979,389663.81868097885,0.15922681713035355,0,0,0,0.0,0.0,0.0,
2025-10-20,chokepoint6,Strait of Hormuz,10,15,3,6,48,34,82,336593,810815,29917,30755,1795983,1208081,3004065,2025,10,20,16115,2491359.105033657,695376.105033657,0.27911516393950875,0,0,0,0.0,0.0,0.0,
2025-10-21,chokepoint6,Strait of Hormuz,27,16,4,3,53,50,103,695840,484136,32307,4050,2285006,1216334,3501341,2025,10,21,16116,2359667.860139694,74661.86013969406,0.03164083445848774,0,0,0,0.0,0.0,0.0,
2025-10-22,chokepoint6,Strait of Hormuz,20,16,8,7,65,51,116,318818,570922,9637,5379,3684915,904758,4589674,2025,10,22,16117,2478850.0,0.0,0.0,0,0,0,0.0,0.0,0.0,
2025-10-23,chokepoint6,Strait of Hormuz,23,17,7,4,58,51,109,588745,627578,18034,11289,2955595,1245647,4201243,2025,10,23,16118,2534727.125331823,0.0,0.0,0,0,0,0.0,0.0,0.0,
2025-10-24,chokepoint6,Strait of Hormuz,16,19,4,2,63,41,104,538010,1006266,15839,8549,2242037,1568665,3810703,2025,10,24,16119,2488051.6705774055,246014.6705774055,0.09887844110581213,0,0,0,0.0,0.0,0.0,
2025-10-25,chokepoint6,Strait of Hormuz,17,16,5,2,61,40,101,489449,754901,9059,0,3609411,1253410,4862822,2025,10,25,16120,2507199.186063314,0.0,0.0,0,0,0,0.0,0.0,0.0,
2025-10-26,chokepoint6,Strait of Hormuz,20,13,6,1,59,40,99,528907,395295,44065,0,3305933,968267,4274201,2025,10,26,16121,2330649.82344746,0.0,0.0,0,0,0,0.0,0.0,0.0,
2025-10-27,chokepoint6,Strait of Hormuz,25,7,8,9,57,49,106,543086,224364,54576,7170,2798994,829197,3628192,2025,10,27,16122,2386308.4876220073,0.0,0.0,0,0,0,0.0,0.0,1.0,
2025-10-28,chokepoint6,Strait of Hormuz,28,18,3,2,52,51,103,737515,647340,11675,7997,1912261,1404529,3316791,2025,10,28,16123,2269537.584860482,357276.5848604818,0.15742263412766752,0,0,0,0.0,0.0,1.0,
2025-10-29,chokepoint6,Strait of Hormuz,17,17,8,2,70,44,114,422060,550702,24894,6000,2918046,1003657,3921704,2025,10,29,16124,2389266.0,0.0,0.0,0,0,0,0.0,0.0,1.0,
2025-10-30,chokepoint6,Strait of Hormuz,18,15,7,7,48,47,95,495383,657061,28753,10416,2635302,1191613,3826916,2025,10,30,16125,2467719.5483775777,0.0,0.0,0,0,0,0.0,0.0,1.0,
2025-10-31,chokepoint6,Strait of Hormuz,16,16,5,1,42,38,80,462189,422157,42532,2135,3436232,929013,4365246,2025,10,31,16126,2457950.167969036,0.0,0.0,0,0,0,0.0,1.0,1.0,
2025-11-01,chokepoint6,Strait of Hormuz,13,11,2,1,47,27,74,355782,374389,12366,2342,1808993,744881,2553874,2025,11,1,16127,2474471.29796409,665478.29796409,0.26893757002217916,0,0,0,0.0,1.0,1.0,
2025-11-02,chokepoint6,Strait of Hormuz,14,6,2,3,35,25,60,371992,291180,7993,0,1878385,671166,2549551,2025,11,2,16128,2305582.2435515504,427197.24355155043,0.18528822589017252,0,0,0,1.0,1.0,1.0,
2025-11-03,chokepoint6,Strait of Hormuz,6,14,5,1,25,26,51,167328,418094,34581,2654,680417,622658,1303075,2025,11,3,16129,2344179.114809082,1663762.114809082,0.7097418897295246,1,46,1,0.0,0.0,0.0,2885567.8108239663
2025-11-04,chokepoint6,Strait of Hormuz,10,10,2,2,50,24,74,271220,400306,17860,3706,987633,693093,1680727,2025,11,4,16130,2209438.6960148844,1221805.6960148844,0.5529937075052719,1,46,0,0.0,0.0,0.0,2885567.8108239663
2025-11-05,chokepoint6,Strait of Hormuz,12,13,2,4,47,31,78,266435,385246,20010,0,2980784,671693,3652477,2025,11,5,16131,2296911.0,0.0,0.0,0,0,0,0.0,0.0,0.0,
2025-11-06,chokepoint6,Strait of Hormuz,11,12,6,1,39,30,69,220078,410867,30275,0,2011944,661221,2673165,2025,11,6,16132,2359041.6312754937,347097.63127549365,0.14713501731964937,0,0,0,0.0,0.0,0.0,
2025-11-07,chokepoint6,Strait of Hormuz,15,16,7,3,36,41,77,344707,537024,24412,6702,2024502,912846,2937349,2025,11,7,16133,2350512.5354003673,326010.53540036734,0.13869763742605923,0,0,0,0.0,0.0,0.0,
2025-11-08,chokepoint6,Strait of Hormuz,16,22,2,4,63,44,107,363831,493543,16823,7346,3348133,881545,4229678,2025,11,8,16134,2383917.5962219047,0.0,0.0,0,0,0,0.0,0.0,0.0,
2025-11-09,chokepoint6,Strait of Hormuz,10,9,4,3,45,26,71,231164,365545,33181,0,2533855,629891,3163747,2025,11,9,16135,2208922.3151202477,0.0,0.0,0,0,0,0.0,0.0,1.0,
2025-11-10,chokepoint6,Strait of Hormuz,9,13,2,2,41,26,67,262089,749742,10988,7534,2050581,1030354,3080936,2025,11,10,16136,2234088.92182232,183507.9218223202,0.08213993634265683,0,0,0,0.0,0.0,1.0,
2025-11-11,chokepoint6,Strait of Hormuz,21,12,4,3,60,40,100,364196,404785,15248,8995,3049537,793226,3842763,2025,11,11,16137,2124419.782095251,0.0,0.0,0,0,0,0.0,0.0,1.0,
2025-11-12,chokepoint6,Strait of Hormuz,14,9,3,3,41,29,70,346669,202790,16323,847,2040948,566629,2607578,2025,11,12,16138,2235242.0,194294.0,0.08692302667899046,0,0,0,0.0,0.0,1.0,
2025-11-13,chokepoint6,Strait of Hormuz,18,22,8,1,51,49,100,627851,929131,31798,4552,1940299,1593333,3533633,2025,11,13,16139,2298495.990113338,358196.990113338,0.15583972808918212,0,0,0,0.0,1.0,1.0,
2025-11-14,chokepoint6,Strait of Hormuz,12,12,5,7,47,36,83,285513,377407,18785,4653,3239720,686360,3926081,2025,11,14,16140,2277193.113839163,0.0,0.0,0,0,0,0.0,1.0,1.0,
2025-11-15,chokepoint6,Strait of Hormuz,13,12,3,3,38,31,69,334171,595330,9659,8398,2322682,947558,3270241,2025,11,15,16141,2249052.9945582687,0.0,0.0,0,0,0,1.0,1.0,1.0,
2025-11-16,chokepoint6,Strait of Hormuz,13,17,5,2,33,37,70,540149,713689,26699,7641,1322659,1288179,2610839,2025,11,16,16142,2085655.6297057983,762996.6297057983,0.36583059007369606,1,47,1,0.0,0.0,1.0,1547569.6225862396
2025-11-17,chokepoint6,Strait of Hormuz,11,10,5,1,33,27,60,316976,485360,44212,0,1314019,846549,2160568,2025,11,17,16143,2098591.9928804412,784572.9928804412,0.37385685047028533,1,47,0,0.0,0.0,1.0,1547569.6225862396
2025-11-18,chokepoint6,Strait of Hormuz,14,9,4,4,41,31,72,479057,444743,17497,7303,1609802,948601,2558404,2025,11,18,16144,1995900.1226516436,386098.1226516436,0.19344561296919746,0,0,0,0.0,0.0,1.0,
2025-11-19,chokepoint6,Strait of Hormuz,9,12,1,4,38,26,64,158811,513386,10550,19046,1997768,701795,2699564,2025,11,19,16145,2086399.0,88631.0,0.04248036928698681,0,0,0,0.0,1.0,1.0,
2025-11-20,chokepoint6,Strait of Hormuz,13,6,2,3,43,24,67,346367,372826,724,9139,2064640,729058,2793698,2025,11,20,16146,2170187.3465908896,105547.34659088962,0.048635131320202446,0,0,0,0.0,1.0,1.0,
2025-11-21,chokepoint6,Strait of Hormuz,8,7,2,0,32,17,49,300387,205947,1208,0,1584138,507543,2091681,2025,11,21,16147,2138051.436238981,553913.4362389809,0.25907395250198606,0,0,0,1.0,1.0,1.0,
2025-11-22,chokepoint6,Strait of Hormuz,8,9,2,2,30,21,51,146132,139001,12966,3491,962561,301591,1264153,2025,11,22,16148,2168437.038183866,1205876.038183866,0.5561037821018889,1,48,1,0.0,0.0,0.0,19831387.02298951
2025-11-23,chokepoint6,Strait of Hormuz,14,10,6,4,27,34,61,324152,236743,10987,6784,776010,578667,1354677,2025,11,23,16149,2027319.0511870224,1251309.0511870224,0.6172235447865811,1,48,0,0.0,0.0,0.0,19831387.02298951
2025-11-24,chokepoint6,Strait of Hormuz,11,7,2,3,23,23,46,308155,384182,0,6534,939319,698871,1638191,2025,11,24,16150,2062251.6863587368,1122932.6863587368,0.5445177685083964,1,48,0,0.0,0.0,0.0,19831387.02298951
2025-11-25,chokepoint6,Strait of Hormuz,11,14,3,3,36,31,67,249345,614493,1860,2177,1565770,867876,2433647,2025,11,25,16151,1908067.0136807435,342297.0136807435,0.17939464978247166,0,48,0,0.0,0.0,0.0,19831387.02298951
2025-11-26,chokepoint6,Strait of Hormuz,5,5,6,3,32,19,51,124142,274847,30979,4634,1174915,434604,1609519,2025,11,26,16152,1968528.0,793613.0,0.4031504758885827,1,48,0,0.0,0.0,0.0,19831387.02298951
2025-11-27,chokepoint6,Strait of Hormuz,7,9,4,0,29,20,49,200786,357328,10662,0,2042975,568776,2611752,2025,11,27,16153,2001121.9006209397,0.0,0.0,0,48,0,0.0,0.0,0.0,19831387.02298951
2025-11-28,chokepoint6,Strait of Hormuz,6,14,2,2,26,24,50,115794,493846,23884,7775,1185354,641300,1826655,2025,11,28,16154,1919857.2105017733,734503.2105017733,0.3825822079287885,1,48,0,0.0,0.0,0.0,19831387.02298951
2025-11-29,chokepoint6,Strait of Hormuz,16,7,4,1,29,28,57,335630,241120,13201,0,823763,589952,1413716,2025,11,29,16155,1974784.871714364,1151021.871714364,0.5828593727858219,1,48,0,0.0,0.0,0.0,19831387.02298951
2025-11-30,chokepoint6,Strait of Hormuz,7,7,7,1,35,22,57,160532,216878,30511,0,2472791,407922,2880714,2025,11,30,16156,1900823.8240379272,0.0,0.0,0,48,0,0.0,0.0,0.0,19831387.02298951
2025-12-01,chokepoint6,Strait of Hormuz,6,14,10,0,35,30,65,101126,750966,68536,0,3025778,920628,3946406,2025,12,1,16157,1935104.0839943045,0.0,0.0,0,48,0,0.0,0.0,0.0,19831387.02298951
2025-12-02,chokepoint6,Strait of Hormuz,13,12,3,1,30,29,59,477300,206007,15066,0,1234964,698374,1933339,2025,12,2,16158,1819947.8281443482,584983.8281443482,0.321428899827754,1,48,0,0.0,0.0,0.0,19831387.02298951
2025-12-03,chokepoint6,Strait of Hormuz,11,8,2,4,26,25,51,411452,480060,1646,12457,1516768,905617,2422386,2025,12,3,16159,1880843.0,364075.0,0.19357011722934875,0,48,0,0.0,0.0,0.0,19831387.02298951
2025-12-04,chokepoint6,Strait of Hormuz,8,5,2,0,30,15,45,384989,282870,17215,0,1715620,685075,2400695,2025,12,4,16160,1916481.1859055513,200861.1859055513,0.10480728294269319,0,48,0,0.0,0.0,0.0,19831387.02298951
2025-12-05,chokepoint6,Strait of Hormuz,2,13,3,0,26,18,44,2927,357316,21527,0,1204017,381771,1585789,2025,12,5,16161,1982356.365004386,778339.365004386,0.39263342290257885,1,48,0,0.0,0.0,0.0,19831387.02298951
2025-12-06,chokepoint6,Strait of Hormuz,12,13,1,3,39,29,68,304863,364876,16876,7071,1323388,693688,2017076,2025,12,6,16162,1982290.9405610918,658902.9405610918,0.33239466875361284,1,48,0,0.0,0.0,0.0,19831387.02298951
2025-12-07,chokepoint6,Strait of Hormuz,9,9,4,2,40,24,64,176676,454984,9631,9186,2225547,650479,2876026,2025,12,7,16165,1900823.8240379272,0.0,0.0,0,48,0,0.0,0.0,0.0,19831387.02298951
2025-12-08,chokepoint6,Strait of Hormuz,10,14,3,5,27,32,59,301667,725991,14695,9120,1135754,1051475,2187229,2025,12,8,16166,1935104.0839943045,799350.0839943045,0.4130785990303647,1,48,0,0.0,0.0,0.0,19831387.02298951
2025-12-09,chokepoint6,Strait of Hormuz,12,16,6,2,46,36,82,451072,512391,19148,2792,1806733,985404,2792137,2025,12,9,16167,1840412.2819923318,33679.281992331846,0.01829985722322634,0,48,0,0.0,0.0,0.0,19831387.02298951
2025-12-10,chokepoint6,Strait of Hormuz,6,9,6,0,31,21,52,230411,557299,33034,0,1006238,820745,1826983,2025,12,10,16168,1940376.0,934138.0,0.48142112662700426,1,48,0,0.0,0.0,0.0,19831387.02298951
2025-12-11,chokepoint6,Strait of Hormuz,7,7,4,2,30,20,50,216425,101192,9157,0,1964902,326775,2291678,2025,12,11,16169,2005211.1185850047,40309.118585004704,0.020102181865742495,0,48,0,0.0,0.0,0.0,19831387.02298951
2025-12-12,chokepoint6,Strait of Hormuz,6,9,3,1,22,19,41,66323,466911,10996,0,1184935,544231,1729166,2025,12,12,16170,2002334.313119264,817399.3131192641,0.40822319617841846,1,48,0,0.0,0.0,0.0,19831387.02298951
2025-12-13,chokepoint6,Strait of Hormuz,9,4,5,2,26,20,46,314970,125178,58614,0,1256662,498762,1755425,2025,12,13,16171,2030791.127753272,774129.127753272,0.38119583898798853,1,48,0,0.0,0.0,0.0,19831387.02298951
2025-12-14,chokepoint6,Strait of Hormuz,7,4,2,0,36,13,49,200634,96765,7691,0,2455638,305091,2760730,2025,12,14,16172,1879687.62439354,0.0,0.0,0,48,0,0.0,0.0,0.0,19831387.02298951
2025-12-15,chokepoint6,Strait of Hormuz,13,9,4,3,18,29,47,317274,491966,15149,3402,1304890,827792,2132683,2025,12,15,16173,1886709.9681156687,581819.9681156687,0.30837806443390725,1,48,0,0.0,0.0,0.0,19831387.02298951
2025-12-16,chokepoint6,Strait of Hormuz,10,11,2,1,31,24,55,396401,564904,9907,7573,1891843,978787,2870631,2025,12,16,16174,1794386.269244036,0.0,0.0,0,48,0,0.0,0.0,0.0,19831387.02298951
2025-12-17,chokepoint6,Strait of Hormuz,4,10,2,2,32,18,50,101757,465211,0,0,862506,566969,1429475,2025,12,17,16175,1855903.0,993397.0,0.5352634270217786,1,48,0,0.0,0.0,0.0,19831387.02298951
2025-12-18,chokepoint6,Strait of Hormuz,10,8,3,1,33,22,55,407418,254690,8477,6492,1963432,677080,2640513,2025,12,18,16176,1951076.7759442192,0.0,0.0,0,48,0,0.0,0.0,0.0,19831387.02298951
2025-12-19,chokepoint6,Strait of Hormuz,9,4,1,0,17,14,31,360090,152404,0,0,828897,512495,1341392,2025,12,19,16177,1921294.1154651607,1092397.1154651607,0.5685736018614113,1,48,0,0.0,0.0,0.0,19831387.02298951
2025-12-20,chokepoint6,Strait of Hormuz,10,12,4,2,20,28,48,305330,563823,18318,7645,1143589,895117,2038706,2025,12,20,16178,1947692.047470279,804103.047470279,0.41284917115858855,1,48,0,0.0,0.0,0.0,19831387.02298951
2025-12-21,chokepoint6,Strait of Hormuz,13,11,0,1,29,25,54,412109,726474,0,0,719285,1138584,1857869,2025,12,21,16179,1820425.3800627326,1101140.3800627326,0.604880810893104,1,48,0,0.0,0.0,0.0,19831387.02298951
2025-12-22,chokepoint6,Strait of Hormuz,5,9,5,1,26,20,46,172386,312092,29863,3150,858100,517493,1375594,2025,12,22,16180,1853255.7005114583,995155.7005114583,0.5369770076718593,1,48,0,0.0,0.0,0.0,19831387.02298951
2025-12-23,chokepoint6,Strait of Hormuz,16,13,1,2,26,32,58,456288,550234,1026,9878,1994683,1017426,3012110,2025,12,23,16181,1745746.6001664647,0.0,0.0,0,48,0,0.0,0.0,0.0,19831387.02298951
2025-12-24,chokepoint6,Strait of Hormuz,13,17,5,1,29,36,65,417777,737419,29917,3621,929216,1188735,2117952,2025,12,24,16182,1855039.0,925823.0,0.49908546397137743,1,48,0,0.0,0.0,0.0,19831387.02298951
2025-12-25,chokepoint6,Strait of Hormuz,11,16,4,5,32,36,68,450174,763052,11467,12814,1167192,1237508,2404701,2025,12,25,16183,1917022.6946781492,749830.6946781492,0.3911433582710084,1,48,0,0.0,0.0,0.0,19831387.02298951
2025-12-26,chokepoint6,Strait of Hormuz,10,10,6,0,36,26,62,227796,427357,16473,0,2507207,671626,3178834,2025,12,26,16184,1896965.0783293045,0.0,0.0,0,0,0,0.0,0.0,0.0,
2025-12-27,chokepoint6,Strait of Hormuz,9,10,6,2,39,27,66,352607,419158,25201,5411,1867382,802379,2669762,2025,12,27,16185,1923924.4043756677,56542.404375667684,0.02938909878531129,0,0,0,0.0,0.0,0.0,
2025-12-28,chokepoint6,Strait of Hormuz,4,15,10,2,24,31,55,122727,383628,44899,0,1632034,551254,2183289,2025,12,28,16186,1796583.8410991956,164549.84109919565,0.09159040470859399,0,0,0,0.0,0.0,0.0,
2025-12-29,chokepoint6,Strait of Hormuz,13,4,4,3,26,24,50,619894,157325,20206,20747,643850,818174,1462025,2025,12,29,16187,1828984.193161007,1185134.193161007,0.6479739943037762,1,0,0,0.0,0.0,0.0,
2025-12-30,chokepoint6,Strait of Hormuz,10,10,8,3,35,31,66,259651,555861,24669,10383,1680707,850565,2531272,2025,12,30,16188,1735988.6330636758,55281.633063675836,0.031844467187619026,0,0,0,0.0,0.0,0.0,
2025-12-31,chokepoint6,Strait of Hormuz,10,8,3,4,46,25,71,154884,181250,5234,8678,1449369,350048,1799417,2025,12,31,16189,1809004.0,359635.0,0.19880276660527008,0,0,0,0.0,0.0,0.0,
2026-01-01,chokepoint6,Strait of Hormuz,20,7,4,4,29,35,64,661381,249490,36101,3992,1713442,950965,2664408,2026,1,1,16190,1869449.4955435172,156007.49554351717,0.08345103513917615,0,0,0,0.0,0.0,0.0,
2026-01-02,chokepoint6,Strait of Hormuz,7,16,4,1,23,28,51,203614,659538,39851,0,1162313,903004,2065317,2026,1,2,16191,1890904.8177704643,728591.8177704643,0.38531385129661644,1,0,0,0.0,0.0,0.0,
2026-01-03,chokepoint6,Strait of Hormuz,15,4,4,2,34,25,59,559549,524999,6762,0,1748158,1091311,2839469,2026,1,3,16192,1927476.3740089703,179318.37400897034,0.09303272217858884,0,0,0,0.0,0.0,0.0,
2026-01-04,chokepoint6,Strait of Hormuz,8,11,1,3,26,23,49,311214,688032,0,17301,1127400,1016548,2143949,2026,1,4,16193,1798718.8603369137,671318.8603369137,0.3732205599996714,1,0,0,0.0,0.0,0.0,
2026-01-05,chokepoint6,Strait of Hormuz,12,12,6,1,30,31,61,393254,350011,16415,2960,1948403,762641,2711045,2026,1,5,16194,1834538.419027847,0.0,0.0,0,0,0,0.0,0.0,0.0,
2026-01-06,chokepoint6,Strait of Hormuz,15,5,7,3,31,30,61,303972,276037,52584,11637,379967,644232,1024199,2026,1,6,16195,1744767.6670685906,1364800.6670685906,0.782224873161257,1,0,0,0.0,0.0,1.0,
2026-01-07,chokepoint6,Strait of Hormuz,12,10,4,3,37,29,66,276999,296629,3792,7824,1536799,585245,2122045,2026,1,7,16196,1845604.0,308805.0,0.16731920823752008,0,0,0,0.0,0.0,1.0,
2026-01-08,chokepoint6,Strait of Hormuz,8,12,3,2,37,25,62,420463,484342,16617,1586,2085390,923010,3008400,2026,1,8,16197,1897125.3475262388,0.0,0.0,0,0,0,0.0,0.0,1.0,
2026-01-09,chokepoint6,Strait of Hormuz,9,15,6,4,40,34,74,198676,511457,17773,8308,2991391,736216,3727608,2026,1,9,16198,1900467.2753690304,0.0,0.0,0,0,0,0.0,0.0,1.0,
2026-01-10,chokepoint6,Strait of Hormuz,10,10,5,4,34,29,63,245832,316787,28306,1341,1184808,592268,1777076,2026,1,10,16199,1927476.3740089703,742668.3740089703,0.38530608417486834,1,0,0,0.0,1.0,1.0,
2026-01-11,chokepoint6,Strait of Hormuz,16,11,2,4,31,33,64,452582,299450,5724,4889,1935469,762647,2698117,2026,1,11,16200,1829534.7954769956,0.0,0.0,0,0,0,0.0,1.0,1.0,
2026-01-12,chokepoint6,Strait of Hormuz,8,4,2,4,34,18,52,240315,108524,7682,8664,1663154,365186,2028340,2026,1,12,16201,1862529.3989721052,199375.39897210523,0.10704550439962814,0,0,0,1.0,1.0,1.0,
2026-01-13,chokepoint6,Strait of Hormuz,12,10,3,2,26,27,53,407945,269976,5948,3648,641841,687518,1329359,2026,1,13,16202,1827608.217240333,1185767.217240333,0.6488082106737447,1,49,1,0.0,0.0,0.0,11024750.283565484
2026-01-14,chokepoint6,Strait of Hormuz,4,14,7,2,34,27,61,74129,476341,12462,5375,1260279,568309,1828588,2026,1,14,16203,1935599.0,675320.0,0.3488945799207377,1,49,0,0.0,0.0,0.0,11024750.283565484
2026-01-15,chokepoint6,Strait of Hormuz,14,9,3,1,35,27,62,573763,267984,20997,10135,1845107,872881,2717989,2026,1,15,16204,1997356.1411412698,152249.14114126982,0.07622533508434612,0,49,0,0.0,0.0,0.0,11024750.283565484
2026-01-16,chokepoint6,Strait of Hormuz,6,10,3,5,29,24,53,220181,487330,14885,14604,1066232,737001,1803234,2026,1,16,16205,2003798.134169862,937566.1341698619,0.4678945040331016,1,49,0,0.0,0.0,0.0,11024750.283565484
2026-01-17,chokepoint6,Strait of Hormuz,5,8,2,0,23,15,38,203993,340101,0,0,901828,544094,1445923,2026,1,17,16206,2018991.82691406,1117163.82691406,0.5533275628072233,1,49,0,0.0,0.0,0.0,11024750.283565484
2026-01-18,chokepoint6,Strait of Hormuz,12,10,9,3,20,34,54,477129,356515,63184,6653,1302150,903483,2205633,2026,1,18,16207,1887599.4657986003,585449.4657986003,0.3101555581077207,1,49,0,0.0,0.0,0.0,11024750.283565484
2026-01-19,chokepoint6,Strait of Hormuz,9,11,7,2,29,29,58,183607,1161992,58530,873,924715,1405004,2329720,2026,1,19,16208,1931462.558434973,1006747.558434973,0.5212358655560588,1,49,0,0.0,0.0,0.0,11024750.283565484
2026-01-20,chokepoint6,Strait of Hormuz,8,11,2,4,33,25,58,234247,574245,14341,8963,1253055,831797,2084853,2026,1,20,16209,1839632.9371959663,586577.9371959663,0.3188559659570181,1,49,0,0.0,0.0,0.0,11024750.283565484
2026-01-21,chokepoint6,Strait of Hormuz,16,7,2,2,29,27,56,392404,351663,15246,6676,2051286,765990,2817276,2026,1,21,16210,1935599.0,0.0,0.0,0,49,0,0.0,0.0,0.0,11024750.283565484
2026-01-22,chokepoint6,Strait of Hormuz,5,15,2,4,38,26,64,154276,674985,39096,4013,1411533,872372,2283905,2026,1,22,16211,2016073.329861297,604540.329861297,0.2998602882678323,0,49,0,0.0,0.0,0.0,11024750.283565484
2026-01-23,chokepoint6,Strait of Hormuz,9,7,8,0,24,24,48,376621,167864,42109,0,1230089,586596,1816685,2026,1,23,16212,2011161.7544901608,781072.7544901608,0.3883689378769867,1,49,0,0.0,0.0,0.0,11024750.283565484
2026-01-24,chokepoint6,Strait of Hormuz,9,10,4,2,21,25,46,213373,255914,27612,0,878943,496899,1375843,2026,1,24,16213,2048327.337276009,1169384.337276009,0.5708971979210744,1,49,0,0.0,0.0,0.0,11024750.283565484
2026-01-25,chokepoint6,Strait of Hormuz,9,8,3,3,41,23,64,159645,314328,16656,10976,2629818,501607,3131426,2026,1,25,16214,1967986.130357311,0.0,0.0,0,49,0,0.0,0.0,0.0,11024750.283565484
2026-01-26,chokepoint6,Strait of Hormuz,7,7,7,3,19,24,43,135132,400954,12778,2105,1238981,550971,1789952,2026,1,26,16215,2003477.6237224783,764496.6237224783,0.38158480767159114,1,49,0,0.0,0.0,0.0,11024750.283565484
2026-01-27,chokepoint6,Strait of Hormuz,19,5,5,2,30,31,61,449290,0,12913,7622,1253238,469825,1723064,2026,1,27,16216,1910425.9573204748,657187.9573204748,0.344000747478449,1,49,0,0.0,0.0,1.0,11024750.283565484
2026-01-28,chokepoint6,Strait of Hormuz,8,9,6,3,28,26,54,228176,247258,14529,8606,1214507,498571,1713078,2026,1,28,16217,2015734.0,801227.0,0.397486473909752,1,49,0,0.0,0.0,1.0,11024750.283565484
2026-01-29,chokepoint6,Strait of Hormuz,13,11,5,2,41,31,72,393917,290559,30912,8256,1593036,723645,2316681,2026,1,29,16218,2098717.4893311523,505681.4893311523,0.24094786073008317,0,0,0,0.0,0.0,1.0,
2026-01-30,chokepoint6,Strait of Hormuz,14,10,4,4,39,32,71,374149,438543,14065,0,1648687,826758,2475446,2026,1,30,16219,2086756.6206547702,438069.6206547702,0.20992846809194035,0,0,0,0.0,0.0,1.0,
2026-01-31,chokepoint6,Strait of Hormuz,9,13,7,1,40,30,70,234264,1089614,35369,0,1652157,1359248,3011406,2026,1,31,16220,2132293.673520311,480136.6735203108,0.22517380203432721,0,0,0,0.0,1.0,1.0,
2026-02-01,chokepoint6,Strait of Hormuz,10,11,4,5,19,30,49,267297,312799,22513,8475,1035130,611086,1646216,2026,2,1,16221,1999414.5951545592,964284.5951545592,0.48228346311537146,1,0,0,0.0,1.0,1.0,
2026-02-02,chokepoint6,Strait of Hormuz,11,6,6,3,41,26,67,405544,299000,27442,2609,2714863,734596,3449459,2026,2,2,16222,2035472.8827326645,0.0,0.0,0,0,0,1.0,1.0,1.0,
2026-02-03,chokepoint6,Strait of Hormuz,13,10,10,0,33,33,66,304097,457039,55971,0,1211012,817107,2028119,2026,2,3,16223,1930169.992442062,719157.9924420619,0.37258790430794086,1,50,1,0.0,0.0,0.0,5975070.998359412
2026-02-04,chokepoint6,Strait of Hormuz,9,6,6,2,20,23,43,221745,232941,27710,12521,986199,494918,1481118,2026,2,4,16224,2057499.0,1071300.0,0.5206806904887925,1,50,0,0.0,0.0,0.0,5975070.998359412
2026-02-05,chokepoint6,Strait of Hormuz,12,14,7,2,36,35,71,515523,328113,13721,7838,1814047,865196,2679244,2026,2,5,16225,2126247.629983843,312200.62998384284,0.14683173567427574,0,50,0,0.0,0.0,0.0,5975070.998359412
2026-02-06,chokepoint6,Strait of Hormuz,7,14,2,3,34,26,60,75092,541688,14408,12239,1050896,643428,1694325,2026,2,6,16226,2108622.8358108723,1057726.8358108723,0.5016197386500003,1,50,0,0.0,0.0,0.0,5975070.998359412
2026-02-07,chokepoint6,Strait of Hormuz,6,12,1,1,40,20,60,140362,274183,5471,4621,2323504,424638,2748142,2026,2,7,16227,2160264.253192548,0.0,0.0,0,50,0,0.0,0.0,0.0,5975070.998359412
2026-02-08,chokepoint6,Strait of Hormuz,11,8,6,1,32,26,58,291193,209688,33334,4671,1066129,538887,1605017,2026,2,8,16228,2097516.520487107,1031387.5204871069,0.4917184252964012,1,50,0,0.0,0.0,0.0,5975070.998359412
2026-02-09,chokepoint6,Strait of Hormuz,4,12,1,3,33,20,53,125699,630618,0,7593,999250,763911,1763162,2026,2,9,16229,2135344.0196355283,1136094.0196355283,0.5320426166409676,1,50,0,0.0,0.0,0.0,5975070.998359412
2026-02-10,chokepoint6,Strait of Hormuz,11,9,4,2,39,26,65,350944,454096,3941,1865,2479703,810848,3290551,2026,2,10,16230,2030853.7367686462,0.0,0.0,0,50,0,0.0,0.0,0.0,5975070.998359412
2026-02-11,chokepoint6,Strait of Hormuz,10,14,5,3,49,32,81,238116,318682,25487,1254,1444919,583541,2028460,2026,2,11,16231,2092123.0,647204.0,0.30935274838047283,1,50,0,0.0,0.0,0.0,5975070.998359412
2026-02-12,chokepoint6,Strait of Hormuz,11,14,8,3,32,36,68,297990,420206,45278,3206,1916098,766682,2682780,2026,2,12,16232,2141142.221471351,225044.2214713511,0.10510475166694211,0,0,0,0.0,0.0,0.0,
2026-02-13,chokepoint6,Strait of Hormuz,20,18,6,5,54,49,103,676396,657865,5853,0,2415490,1340115,3755606,2026,2,13,16233,2108622.8358108723,0.0,0.0,0,0,0,0.0,0.0,0.0,
2026-02-14,chokepoint6,Strait of Hormuz,17,16,4,1,53,38,91,422994,608871,10248,3793,2559173,1045907,3605080,2026,2,14,16234,2132293.673520311,0.0,0.0,0,0,0,0.0,0.0,0.0,
2026-02-15,chokepoint6,Strait of Hormuz,9,17,4,2,42,32,74,445309,707030,14550,4388,1436990,1171279,2608269,2026,2,15,16235,2019678.136361093,582688.136361093,0.28850544345196383,0,0,0,0.0,0.0,0.0,
2026-02-16,chokepoint6,Strait of Hormuz,8,5,5,1,35,19,54,171194,84874,48139,4621,1965358,308830,2274188,2026,2,16,16236,2065130.7300295476,99772.73002954759,0.04831303344564538,0,0,0,0.0,0.0,0.0,
2026-02-17,chokepoint6,Strait of Hormuz,14,11,5,5,40,35,75,460295,522343,13122,2855,1902017,998617,2900635,2026,2,17,16237,1964076.2431863877,62059.2431863877,0.031597166047743076,0,0,0,0.0,0.0,0.0,
2026-02-18,chokepoint6,Strait of Hormuz,22,19,7,7,54,55,109,556879,823993,23948,11425,2925472,1416246,4341719,2026,2,18,16238,2057499.0,0.0,0.0,0,0,0,0.0,0.0,0.0,
2026-02-19,chokepoint6,Strait of Hormuz,23,23,4,2,63,52,115,677002,1074981,12210,2371,3441832,1766565,5208398,2026,2,19,16239,2071943.8074981982,0.0,0.0,0,0,0,0.0,0.0,1.0,
2026-02-20,chokepoint6,Strait of Hormuz,20,11,6,2,55,39,94,431159,520451,37301,0,2985825,988912,3974738,2026,2,20,16240,2075477.7448794777,0.0,0.0,0,0,0,0.0,0.0,1.0,
2026-02-21,chokepoint6,Strait of Hormuz,9,19,3,2,53,33,86,181766,410553,18090,5308,1816744,615718,2432463,2026,2,21,16241,2104974.060792397,288230.0607923968,0.1369280819944619,0,0,0,0.0,0.0,1.0,
2026-02-22,chokepoint6,Strait of Hormuz,31,19,5,3,69,58,127,798917,850492,5544,8078,3572104,1663032,5235136,2026,2,22,16242,1967986.130357311,0.0,0.0,0,0,0,0.0,0.0,1.0,
2026-02-23,chokepoint6,Strait of Hormuz,11,14,8,6,65,39,104,257623,391040,20712,7511,1956111,676888,2632999,2026,2,23,16243,2003477.6237224783,47366.62372247828,0.023642202519073157,0,0,0,0.0,1.0,1.0,
2026-02-24,chokepoint6,Strait of Hormuz,15,19,4,6,49,44,93,553990,921273,9959,10224,1756199,1495447,3251647,2026,2,24,16244,1905546.4985588386,149347.49855883862,0.07837515309743943,0,0,0,0.0,1.0,1.0,
2026-02-25,chokepoint6,Strait of Hormuz,31,17,6,3,59,57,116,767619,621746,39139,0,4168541,1428505,5597047,2026,2,25,16245,2004951.0,0.0,0.0,0,0,0,1.0,1.0,1.0,
2026-02-26,chokepoint6,Strait of Hormuz,15,12,13,4,45,44,89,380979,474150,80253,0,909158,935383,1844542,2026,2,26,16246,2135584.522656405,1226426.5226564049,0.5742814248957381,1,51,1,0.0,0.0,0.0,463594502.87018174
2026-02-27,chokepoint6,Strait of Hormuz,5,15,6,1,37,27,64,210575,448186,7811,0,1196784,666573,1863357,2026,2,27,16247,2139346.514127452,942562.5141274519,0.4405843129680574,1,51,0,0.0,0.0,0.0,463594502.87018174
2026-02-28,chokepoint6,Strait of Hormuz,5,11,4,1,36,21,57,101722,226530,16038,3493,2598963,347784,2946748,2026,2,28,16248,2182659.6159706577,0.0,0.0,0,51,0,0.0,0.0,0.0,463594502.87018174
2026-03-01,chokepoint6,Strait of Hormuz,3,9,3,0,5,15,20,64346,263770,13807,0,153007,341924,494931,2026,3,1,16249,2053665.6793894814,1900658.6793894814,0.9254956629330796,1,51,0,0.0,0.0,0.0,463594502.87018174
2026-03-02,chokepoint6,Strait of Hormuz,0,3,0,0,1,3,4,0,61822,0,0,0,61822,61822,2026,3,2,16250,2090702.353942208,2090702.353942208,1.0,1,51,0,0.0,0.0,0.0,463594502.87018174
2026-03-03,chokepoint6,Strait of Hormuz,1,2,0,0,1,3,4,0,96964,0,0,6701,96964,103665,2026,3,3,16251,1988396.552935415,1981695.552935415,0.9966299478893647,1,51,0,0.0,0.0,0.0,463594502.87018174
2026-03-04,chokepoint6,Strait of Hormuz,0,0,0,0,0,0,0,0,0,0,0,0,0,0,2026,3,4,16252,2092123.0,2092123.0,1.0,1,51,0,0.0,0.0,0.0,463594502.87018174
2026-03-05,chokepoint6,Strait of Hormuz,0,1,1,0,1,2,3,0,18130,5901,0,0,24031,24031,2026,3,5,16253,2162028.5455228346,2162028.5455228346,1.0,1,51,0,0.0,0.0,0.0,463594502.87018174
2026-03-06,chokepoint6,Strait of Hormuz,0,0,2,0,0,2,2,0,0,143,0,0,143,143,2026,3,6,16254,2165837.1201131297,2165837.1201131297,1.0,1,51,0,0.0,0.0,0.0,463594502.87018174
2026-03-07,chokepoint6,Strait of Hormuz,0,2,0,0,1,2,3,0,102414,0,0,0,102414,102414,2026,3,7,16255,2180798.060499228,2180798.060499228,1.0,1,51,0,0.0,0.0,0.0,463594502.87018174
2026-03-08,chokepoint6,Strait of Hormuz,0,2,0,0,0,2,2,0,51168,0,0,0,51168,51168,2026,3,8,16256,2040616.0491613336,2040616.0491613336,1.0,1,51,0,0.0,0.0,0.0,463594502.87018174
2026-03-09,chokepoint6,Strait of Hormuz,0,0,1,0,1,1,2,0,0,1599,0,0,1599,1599,2026,3,9,16257,2110914.6195742167,2110914.6195742167,1.0,1,51,0,0.0,0.0,0.0,463594502.87018174
2026-03-10,chokepoint6,Strait of Hormuz,0,1,0,0,1,1,2,0,0,0,0,42122,0,42122,2026,3,10,16258,1988396.552935415,1946274.552935415,0.9788160968505922,1,51,0,0.0,0.0,0.0,463594502.87018174
2026-03-11,chokepoint6,Strait of Hormuz,1,1,0,0,0,2,2,79885,43477,0,0,0,123362,123362,2026,3,11,16259,2077056.0,2077056.0,1.0,1,51,0,0.0,0.0,0.0,463594502.87018174
2026-03-12,chokepoint6,Strait of Hormuz,1,0,0,0,0,1,1,0,0,0,0,0,0,0,2026,3,12,16260,2135584.522656405,2135584.522656405,1.0,1,51,0,0.0,0.0,0.0,463594502.87018174
2026-03-13,chokepoint6,Strait of Hormuz,0,0,0,0,0,0,0,0,0,0,0,0,0,0,2026,3,13,16261,2139346.514127452,2139346.514127452,1.0,1,51,0,0.0,0.0,0.0,463594502.87018174
2026-03-14,chokepoint6,Strait of Hormuz,1,0,0,0,0,1,1,0,0,0,0,0,0,0,2026,3,14,16262,2169750.521486042,2169750.521486042,1.0,1,51,0,0.0,0.0,0.0,463594502.87018174
2026-03-15,chokepoint6,Strait of Hormuz,2,3,0,0,2,5,7,24093,0,0,0,339183,24093,363277,2026,3,15,16263,2038875.6403758284,1699692.6403758284,0.833642134280697,1,51,0,0.0,0.0,0.0,463594502.87018174
2026-03-16,chokepoint6,Strait of Hormuz,0,2,2,0,0,4,4,0,0,0,0,0,0,0,2026,3,16,16264,2091783.6192153136,2091783.6192153136,1.0,1,51,0,0.0,0.0,0.0,463594502.87018174
2026-03-17,chokepoint6,Strait of Hormuz,0,0,0,0,1,0,1,0,0,0,0,47804,0,47804,2026,3,17,16265,1989424.9078984244,1941620.9078984244,0.9759709452665399,1,51,0,0.0,0.0,0.0,463594502.87018174
2026-03-18,chokepoint6,Strait of Hormuz,0,0,0,0,0,0,0,0,0,0,0,0,0,0,2026,3,18,16266,2136689.0,2136689.0,1.0,1,51,0,0.0,0.0,0.0,463594502.87018174
2026-03-19,chokepoint6,Strait of Hormuz,0,0,0,0,0,0,0,0,0,0,0,0,0,0,2026,3,19,16267,2208083.6599495537,2208083.6599495537,1.0,1,51,0,0.0,0.0,0.0,463594502.87018174
2026-03-20,chokepoint6,Strait of Hormuz,0,1,0,0,2,1,3,0,74945,0,0,118692,74945,193637,2026,3,20,16268,2253055.5950161503,2134363.5950161503,0.9473195422862394,1,51,0,0.0,0.0,0.0,463594502.87018174
2026-03-21,chokepoint6,Strait of Hormuz,0,0,0,0,0,0,0,0,0,0,0,0,0,0,2026,3,21,16269,2243409.5311296545,2243409.5311296545,1.0,1,51,0,0.0,0.0,0.0,463594502.87018174
2026-03-22,chokepoint6,Strait of Hormuz,0,2,0,0,0,2,2,0,31388,0,0,0,31388,31388,2026,3,22,16270,2161237.2739570932,2161237.2739570932,1.0,1,51,0,0.0,0.0,0.0,463594502.87018174
2026-03-23,chokepoint6,Strait of Hormuz,0,2,0,0,2,2,4,0,88658,0,0,48834,88658,137492,2026,3,23,16271,2249309.5792850475,2200475.5792850475,0.978289338004099,1,51,0,0.0,0.0,0.0,463594502.87018174
2026-03-24,chokepoint6,Strait of Hormuz,0,0,1,0,1,1,2,0,0,12988,0,0,12988,12988,2026,3,24,16272,2139242.5399539336,2139242.5399539336,1.0,1,51,0,0.0,0.0,0.0,463594502.87018174
2026-03-25,chokepoint6,Strait of Hormuz,0,0,0,0,2,0,2,0,0,0,0,3212,0,3212,2026,3,25,16273,2254040.0,2250828.0,0.9985750031055349,1,51,0,0.0,0.0,0.0,463594502.87018174
2026-03-26,chokepoint6,Strait of Hormuz,0,4,0,0,0,4,4,0,73148,0,0,0,73148,73148,2026,3,26,16274,2342026.474899872,2342026.474899872,1.0,1,51,0,0.0,0.0,0.0,463594502.87018174
2026-03-27,chokepoint6,Strait of Hormuz,0,2,0,0,0,2,2,0,68784,0,0,0,68784,68784,2026,3,27,16275,2346152.1292722784,2346152.1292722784,1.0,1,51,0,0.0,0.0,0.0,463594502.87018174
2026-03-28,chokepoint6,Strait of Hormuz,0,5,0,0,1,5,6,0,97272,0,0,0,97272,97272,2026,3,28,16276,2385537.6639559236,2385537.6639559236,1.0,1,51,0,0.0,0.0,0.0,463594502.87018174
2026-03-29,chokepoint6,Strait of Hormuz,0,2,1,0,2,3,5,0,117202,2281,0,5464,119484,124948,2026,3,29,16277,2249402.2798673795,2243938.2798673795,0.9975709102596259,1,51,0,0.0,0.0,0.0,463594502.87018174
2026-03-30,chokepoint6,Strait of Hormuz,2,0,1,0,3,3,6,107592,0,2169,0,0,109762,109762,2026,3,30,16278,2293557.512522172,2293557.512522172,1.0,1,51,0,0.0,0.0,0.0,463594502.87018174
2026-03-31,chokepoint6,Strait of Hormuz,1,1,1,0,2,3,5,6722,0,6529,0,70842,13252,84095,2026,3,31,16279,2177912.298160924,2107070.298160924,0.9674725194123655,1,51,0,0.0,0.0,0.0,463594502.87018174
2026-04-01,chokepoint6,Strait of Hormuz,0,4,2,0,1,6,7,0,79292,3678,0,4062,82971,87033,2026,4,1,16280,2291525.0,2287463.0,0.9982273813290277,1,51,0,0.0,0.0,0.0,463594502.87018174
2026-04-02,chokepoint6,Strait of Hormuz,0,1,0,0,0,1,1,0,40276,0,0,0,40276,40276,2026,4,2,16281,2397936.2222569236,2397936.2222569236,1.0,1,51,0,0.0,0.0,0.0,463594502.87018174
2026-04-03,chokepoint6,Strait of Hormuz,0,1,0,0,2,1,3,0,50383,0,0,97195,50383,147579,2026,4,3,16282,2494083.9798149117,2396888.9798149117,0.9610297805580656,1,51,0,0.0,0.0,0.0,463594502.87018174
2026-04-04,chokepoint6,Strait of Hormuz,1,6,1,0,3,8,11,25200,71283,0,0,38238,96483,134722,2026,4,4,16283,2552093.856341287,2513855.856341287,0.9850170087181596,1,51,0,0.0,0.0,0.0,463594502.87018174
2026-04-05,chokepoint6,Strait of Hormuz,0,0,0,0,4,0,4,0,0,0,0,264106,0,264106,2026,4,5,16284,2422457.6139054107,2158351.6139054107,0.8909760078013433,1,51,0,0.0,0.0,0.0,463594502.87018174
2026-04-06,chokepoint6,Strait of Hormuz,1,3,1,0,0,5,5,3504,103810,0,0,0,107315,107315,2026,4,6,16285,2470614.201332734,2470614.201332734,1.0,1,51,0,0.0,0.0,0.0,463594502.87018174
2026-04-07,chokepoint6,Strait of Hormuz,0,1,0,0,2,1,3,0,43988,0,0,69890,43988,113878,2026,4,7,16286,2378328.415910236,2308438.415910236,0.9706138145041455,1,51,0,0.0,0.0,0.0,463594502.87018174
2026-04-08,chokepoint6,Strait of Hormuz,0,3,0,0,0,3,3,0,35363,0,0,0,35363,35363,2026,4,8,16287,2508343.0,2508343.0,1.0,1,51,0,0.0,0.0,0.0,463594502.87018174
2026-04-09,chokepoint6,Strait of Hormuz,0,2,1,0,5,3,8,0,51274,1337,0,164591,52612,217203,2026,4,9,16288,2586010.2796069635,2421419.2796069635,0.936353307912985,1,51,0,0.0,0.0,0.0,463594502.87018174
2026-04-10,chokepoint6,Strait of Hormuz,0,3,0,0,0,3,3,0,0,0,0,0,0,0,2026,4,10,16289,2604515.509468679,2604515.509468679,1.0,1,51,0,0.0,0.0,0.0,463594502.87018174
2026-04-11,chokepoint6,Strait of Hormuz,1,2,1,0,3,4,7,70087,44690,0,0,287665,114777,402443,2026,4,11,16290,2641530.414811278,2353865.414811278,0.8910991149725028,1,51,0,0.0,0.0,0.0,463594502.87018174
2026-04-12,chokepoint6,Strait of Hormuz,1,8,0,0,3,9,12,19937,154589,0,0,33937,174526,208464,2026,4,12,16291,2474083.8515004907,2440146.8515004907,0.9862830033107335,1,51,0,0.0,0.0,0.0,463594502.87018174
2026-04-13,chokepoint6,Strait of Hormuz,1,1,1,0,4,3,7,32074,39698,0,0,34634,71772,106407,2026,4,13,16292,2520474.3210520777,2485840.3210520777,0.9862589355857657,1,51,0,0.0,0.0,0.0,463594502.87018174
2026-04-14,chokepoint6,Strait of Hormuz,1,1,0,0,3,2,5,52152,31086,0,0,30952,83239,114192,2026,4,14,16293,2402496.6583819236,2371544.6583819236,0.987116735462664,1,51,0,0.0,0.0,0.0,463594502.87018174
2026-04-15,chokepoint6,Strait of Hormuz,1,2,0,0,4,3,7,22735,314972,0,0,6839,337708,344547,2026,4,15,16294,2520414.0,2513575.0,0.9972865568910504,1,51,0,0.0,0.0,0.0,463594502.87018174
2026-04-16,chokepoint6,Strait of Hormuz,1,1,0,0,1,2,3,3441,0,0,0,75745,3441,79186,2026,4,16,16295,2601770.8717651535,2526025.8717651535,0.97088713659531,1,51,0,0.0,0.0,0.0,463594502.87018174
2026-04-17,chokepoint6,Strait of Hormuz,0,5,0,0,3,5,8,0,0,0,0,5366,0,5366,2026,4,17,16296,2609218.578091639,2603852.578091639,0.9979434455798162,1,51,0,0.0,0.0,0.0,463594502.87018174
2026-04-18,chokepoint6,Strait of Hormuz,4,4,0,0,12,8,20,127378,184207,0,0,516261,311586,827847,2026,4,18,16297,2654081.477476516,2137820.477476516,0.8054841178082981,1,51,0,0.0,0.0,0.0,463594502.87018174
2026-04-19,chokepoint6,Strait of Hormuz,0,0,1,0,1,1,2,0,0,4793,0,6839,4793,11633,2026,4,19,16298,2475824.260285996,2468985.260285996,0.9972376876219761,1,51,0,0.0,0.0,0.0,463594502.87018174
2026-04-20,chokepoint6,Strait of Hormuz,1,0,0,0,2,1,3,19702,0,0,0,36579,19702,56282,2026,4,20,16299,2520474.3210520777,2483895.3210520777,0.985487255436615,1,51,0,0.0,0.0,0.0,463594502.87018174
2026-04-21,chokepoint6,Strait of Hormuz,0,0,1,0,3,1,4,0,0,950,0,75113,950,76063,2026,4,21,16300,2440625.627333875,2365512.627333875,0.9692238747480281,1,51,0,0.0,0.0,0.0,463594502.87018174
2026-04-22,chokepoint6,Strait of Hormuz,2,1,0,0,2,3,5,72964,47075,0,0,0,120039,120039,2026,4,22,16301,2566346.0,2566346.0,1.0,1,51,0,0.0,0.0,0.0,463594502.87018174
2026-04-23,chokepoint6,Strait of Hormuz,0,1,2,0,0,3,3,0,33377,0,0,0,33377,33377,2026,4,23,16302,2652097.0849650544,2652097.0849650544,1.0,1,51,0,0.0,0.0,0.0,463594502.87018174
2026-04-24,chokepoint6,Strait of Hormuz,0,1,3,0,2,4,6,0,38488,794,0,33283,39282,72566,2026,4,24,16303,2656768.9518512296,2623485.9518512296,0.9874723769348447,1,51,0,0.0,0.0,0.0,463594502.87018174
2026-04-25,chokepoint6,Strait of Hormuz,0,1,1,0,2,2,4,0,53679,107,0,53759,53786,107546,2026,4,25,16304,2654081.477476516,2600322.477476516,0.9797447815915908,1,51,0,0.0,0.0,0.0,463594502.87018174
2026-04-26,chokepoint6,Strait of Hormuz,0,1,1,0,1,2,3,0,26381,11122,0,0,37503,37503,2026,4,26,16305,2481358.622797377,2481358.622797377,1.0,1,51,0,0.0,0.0,0.0,463594502.87018174
2026-04-27,chokepoint6,Strait of Hormuz,0,4,1,0,2,5,7,0,51255,0,0,30787,51255,82042,2026,4,27,16306,2566199.250660413,2535412.250660413,0.9880028801379795,1,51,0,0.0,0.0,0.0,463594502.87018174
2026-04-28,chokepoint6,Strait of Hormuz,2,2,3,0,3,7,10,24008,92204,13090,0,323392,129304,452697,2026,4,28,16307,2439107.8058219287,2115715.8058219287,0.8674138144988538,1,51,0,0.0,0.0,0.0,463594502.87018174
2026-04-29,chokepoint6,Strait of Hormuz,3,10,3,0,23,16,39,25536,634686,8134,0,136489,668357,804846,2026,4,29,16308,2564001.0,2427512.0,0.9467671814480572,1,51,0,0.0,0.0,0.0,463594502.87018174
2026-04-30,chokepoint6,Strait of Hormuz,3,2,2,0,4,7,11,68802,38140,3824,0,64253,110767,175020,2026,4,30,16309,2653676.141080569,2589423.141080569,0.9757871734966738,1,51,0,0.0,0.0,0.0,463594502.87018174
2026-05-01,chokepoint6,Strait of Hormuz,0,2,3,0,2,5,7,0,32632,1702,0,36640,34335,70976,2026,5,1,16310,2658422.220746424,2621782.220746424,0.9862173887525991,1,51,0,0.0,0.0,0.0,463594502.87018174
2026-05-02,chokepoint6,Strait of Hormuz,0,2,0,0,4,2,6,0,0,0,0,93041,0,93041,2026,5,2,16311,2705730.4547751914,2612689.4547751914,0.965613352270254,1,51,0,0.0,0.0,0.0,463594502.87018174
2026-05-03,chokepoint6,Strait of Hormuz,0,3,2,0,1,5,6,0,120547,7250,0,0,127798,127798,2026,5,3,16312,2523659.4890093207,2523659.4890093207,1.0,1,51,0,0.0,0.0,0.0,463594502.87018174
2026-05-04,chokepoint6,Strait of Hormuz,1,1,0,0,0,2,2,12784,0,0,0,0,12784,12784,2026,5,4,16313,2569172.230500976,2569172.230500976,1.0,1,51,0,0.0,0.0,0.0,463594502.87018174
2026-05-05,chokepoint6,Strait of Hormuz,0,0,0,0,0,0,0,0,0,0,0,0,0,0,2026,5,5,16314,2440625.627333875,2440625.627333875,1.0,1,51,0,0.0,0.0,0.0,463594502.87018174
2026-05-06,chokepoint6,Strait of Hormuz,0,0,0,0,0,0,0,0,0,0,0,0,0,0,2026,5,6,16315,2567874.0,2567874.0,1.0,1,51,0,0.0,0.0,0.0,463594502.87018174
2026-05-07,chokepoint6,Strait of Hormuz,0,0,0,0,0,0,0,0,0,0,0,0,0,0,2026,5,7,16316,2653747.4466250525,2653747.4466250525,1.0,1,51,0,0.0,0.0,0.0,463594502.87018174
2026-05-08,chokepoint6,Strait of Hormuz,0,0,0,0,0,0,0,0,0,0,0,0,0,0,2026,5,8,16317,2643151.4821910006,2643151.4821910006,1.0,1,51,0,0.0,0.0,0.0,463594502.87018174
2026-05-09,chokepoint6,Strait of Hormuz,0,0,0,0,1,0,1,0,0,0,0,98525,0,98525,2026,5,9,16318,2680715.4750195206,2582190.4750195206,0.963246752250243,1,51,0,0.0,0.0,0.0,463594502.87018174
2026-05-10,chokepoint6,Strait of Hormuz,1,2,2,0,2,5,7,7273,130924,0,0,319376,138197,457574,2026,5,10,16319,2520235.6052846494,2200859.6052846494,0.8732753400791955,1,51,0,0.0,0.0,0.0,463594502.87018174
2026-05-11,chokepoint6,Strait of Hormuz,0,2,1,0,4,3,7,0,26381,0,0,88456,26381,114837,2026,5,11,16320,2526108.4925953024,2437652.4925953024,0.9649832933703013,1,51,0,0.0,0.0,0.0,463594502.87018174
2026-05-12,chokepoint6,Strait of Hormuz,0,0,1,1,1,2,3,0,0,344,0,0,344,344,2026,5,12,16321,2436879.069788419,2436879.069788419,1.0,1,51,0,0.0,0.0,0.0,463594502.87018174
2026-05-13,chokepoint6,Strait of Hormuz,0,0,2,0,2,2,4,0,0,749,0,349804,749,350554,2026,5,13,16322,2553192.0,2203388.0,0.8629934607346412,1,51,0,0.0,0.0,0.0,463594502.87018174
2026-05-14,chokepoint6,Strait of Hormuz,1,1,5,0,3,7,10,16699,0,5510,0,42976,22209,65186,2026,5,14,16323,2638503.5613109446,2595527.5613109446,0.9837119795363675,1,51,0,0.0,0.0,0.0,463594502.87018174
2026-05-15,chokepoint6,Strait of Hormuz,0,0,2,0,2,2,4,0,0,1337,0,5341,1337,6679,2026,5,15,16324,2654341.327831674,2649000.327831674,0.9979878247217124,1,51,0,0.0,0.0,0.0,463594502.87018174
2026-05-16,chokepoint6,Strait of Hormuz,0,5,1,0,1,6,7,0,142233,0,0,36579,142233,178812,2026,5,16,16325,2696130.7922397833,2659551.7922397833,0.9864327798542695,1,51,0,0.0,0.0,0.0,463594502.87018174
2026-05-17,chokepoint6,Strait of Hormuz,0,0,2,0,1,2,3,0,0,10961,0,0,10961,10961,2026,5,17,16326,2520739.175339339,2520739.175339339,1.0,1,51,0,0.0,0.0,0.0,463594502.87018174
2026-05-18,chokepoint6,Strait of Hormuz,1,0,2,0,1,3,4,1990,0,692,0,13968,2683,16651,2026,5,18,16327,2566130.2975145313,2552162.2975145313,0.9945567845820109,1,51,0,0.0,0.0,0.0,463594502.87018174
2026-05-19,chokepoint6,Strait of Hormuz,1,0,0,0,3,1,4,38979,0,0,0,570517,38979,609497,2026,5,19,16328,2440560.048320522,1870043.048320522,0.7662352129411433,1,51,0,0.0,0.0,0.0,463594502.87018174
2026-05-20,chokepoint6,Strait of Hormuz,2,2,0,0,4,4,8,23766,104908,0,0,290295,128675,418971,2026,5,20,16329,2570918.0,2280623.0,0.8870850801153518,1,51,0,0.0,0.0,0.0,463594502.87018174
2026-05-21,chokepoint6,Strait of Hormuz,0,2,1,0,2,3,5,0,30674,721,0,42682,31395,74078,2026,5,21,16330,2718751.2344379476,2676069.2344379476,0.9843008806913429,1,51,0,0.0,0.0,0.0,463594502.87018174
2026-05-22,chokepoint6,Strait of Hormuz,0,2,0,0,0,2,2,0,0,0,0,0,0,0,2026,5,22,16331,2657891.14564108,2657891.14564108,1.0,1,51,0,0.0,0.0,0.0,463594502.87018174
2026-05-23,chokepoint6,Strait of Hormuz,0,1,4,0,1,5,6,0,22944,5159,0,284471,28103,312575,2026,5,23,16332,2762246.9849027144,2477775.9849027144,0.8970146400539852,1,51,0,0.0,0.0,0.0,463594502.87018174
2026-05-24,chokepoint6,Strait of Hormuz,0,3,0,0,2,3,5,0,80894,0,0,6839,80894,87734,2026,5,24,16333,2582484.9133121814,2575645.9133121814,0.9973517754296467,1,51,0,0.0,0.0,0.0,463594502.87018174
2026-05-25,chokepoint6,Strait of Hormuz,1,2,1,0,0,4,4,16699,69303,749,0,0,86752,86752,2026,5,25,16334,2569172.230500976,2569172.230500976,1.0,1,51,0,0.0,0.0,0.0,463594502.87018174
2026-05-26,chokepoint6,Strait of Hormuz,0,1,1,0,2,2,4,0,0,0,0,0,0,0,2026,5,26,16335,2509270.697165961,2509270.697165961,1.0,1,51,0,0.0,0.0,0.0,463594502.87018174
2026-05-27,chokepoint6,Strait of Hormuz,0,0,0,0,1,0,1,0,0,0,0,106096,0,106096,2026,5,27,16336,2645047.0,2538951.0,0.95988880348818,1,51,0,0.0,0.0,0.0,463594502.87018174
2026-05-28,chokepoint6,Strait of Hormuz,0,1,1,0,0,2,2,0,64539,692,0,0,65232,65232,2026,5,28,16337,2718751.2344379476,2718751.2344379476,1.0,1,51,0,0.0,0.0,0.0,463594502.87018174
2026-05-29,chokepoint6,Strait of Hormuz,0,0,0,1,0,1,1,0,0,0,6056,0,6056,6056,2026,5,29,16338,2733193.040548745,2733193.040548745,1.0,1,51,0,0.0,0.0,0.0,463594502.87018174
2026-05-30,chokepoint6,Strait of Hormuz,0,2,2,0,0,4,4,0,52574,0,0,0,52574,52574,2026,5,30,16339,2772036.6877879975,2772036.6877879975,1.0,1,51,0,0.0,0.0,0.0,463594502.87018174
2026-05-31,chokepoint6,Strait of Hormuz,1,1,3,0,0,5,5,1990,44505,2323,0,0,48820,48820,2026,5,31,16340,2595247.911072553,2595247.911072553,1.0,1,51,0,0.0,0.0,0.0,463594502.87018174
2026-06-01,chokepoint6,Strait of Hormuz,0,1,0,0,1,1,2,0,52053,0,0,38238,52053,90292,2026,6,1,16341,2643250.893560166,2605012.893560166,0.9855337228512207,1,51,0,0.0,0.0,0.0,463594502.87018174
2026-06-02,chokepoint6,Strait of Hormuz,1,2,4,1,3,8,11,22144,32472,2379,6245,33268,63241,96510,2026,6,2,16342,2509270.697165961,2476002.697165961,0.9867419644928809,1,51,0,0.0,0.0,0.0,463594502.87018174
2026-06-03,chokepoint6,Strait of Hormuz,0,3,3,0,3,6,9,0,101939,1186,0,12593,103125,115719,2026,6,3,16343,2645047.0,2632454.0,0.9952390259984039,1,51,0,0.0,0.0,0.0,463594502.87018174
2026-06-04,chokepoint6,Strait of Hormuz,0,0,2,0,1,2,3,0,0,1047,0,0,1047,1047,2026,6,4,16344,2741561.7747767926,2741561.7747767926,1.0,1,51,0,0.0,0.0,0.0,463594502.87018174
2026-06-05,chokepoint6,Strait of Hormuz,0,0,2,0,0,2,2,0,0,0,0,0,0,0,2026,6,5,16345,2749277.4731252226,2749277.4731252226,1.0,1,51,0,0.0,0.0,0.0,463594502.87018174
2026-06-06,chokepoint6,Strait of Hormuz,0,2,0,0,0,2,2,0,93370,0,0,0,93370,93370,2026,6,6,16346,2781225.8211698076,2781225.8211698076,1.0,1,51,0,0.0,0.0,0.0,463594502.87018174
2026-06-07,chokepoint6,Strait of Hormuz,0,0,2,0,0,2,2,0,0,366,0,0,366,366,2026,6,7,16347,2604152.168316387,2604152.168316387,1.0,1,51,0,0.0,0.0,0.0,463594502.87018174
2026-06-08,chokepoint6,Strait of Hormuz,2,1,3,0,1,6,7,41108,0,13545,0,6794,54653,61448,2026,6,8,16348,2653902.6556174974,2647108.6556174974,0.997439996532797,1,51,0,0.0,0.0,0.0,463594502.87018174
2026-06-09,chokepoint6,Strait of Hormuz,0,1,1,0,2,2,4,0,61289,859,0,48671,62149,110820,2026,6,9,16349,2526137.8094843784,2477466.8094843784,0.980733038467947,1,51,0,0.0,0.0,0.0,463594502.87018174
2026-06-10,chokepoint6,Strait of Hormuz,0,0,3,0,0,3,3,0,0,13825,0,0,13825,13825,2026,6,10,16350,2657916.0,2657916.0,1.0,1,51,0,0.0,0.0,0.0,463594502.87018174
2026-06-11,chokepoint6,Strait of Hormuz,0,0,0,0,2,0,2,0,0,0,0,11142,0,11142,2026,6,11,16351,2769529.0494195763,2758387.0494195763,0.9959769333337251,1,51,0,0.0,0.0,0.0,463594502.87018174
2026-06-12,chokepoint6,Strait of Hormuz,0,0,0,0,1,0,1,0,0,0,0,11375,0,11375,2026,6,12,16352,2774407.7814726504,2763032.7814726504,0.995900025916896,1,51,0,0.0,0.0,0.0,463594502.87018174
2026-06-13,chokepoint6,Strait of Hormuz,0,0,0,0,0,0,0,0,0,0,0,0,0,0,2026,6,13,16353,2815026.7547804816,2815026.7547804816,1.0,1,51,0,0.0,0.0,0.0,463594502.87018174
2026-06-14,chokepoint6,Strait of Hormuz,0,0,0,0,0,0,0,0,0,0,0,0,0,0,2026,6,14,16354,2630717.69734184,2630717.69734184,1.0,1,51,0,0.0,0.0,0.0,463594502.87018174
2026-06-15,chokepoint6,Strait of Hormuz,0,2,3,0,2,5,7,0,85430,1089,0,0,86520,86520,2026,6,15,16355,2679293.402437337,2679293.402437337,1.0,1,51,0,0.0,0.0,0.0,463594502.87018174
2026-06-16,chokepoint6,Strait of Hormuz,1,0,6,0,3,7,10,393,0,2864,0,35583,3257,38841,2026,6,16,16356,2547108.83745,2511525.83745,0.9860300433664926,1,51,0,0.0,0.0,0.0,463594502.87018174
2026-06-17,chokepoint6,Strait of Hormuz,2,4,2,0,0,8,8,54288,76746,4444,0,0,135479,135479,2026,6,17,16357,2679981.0,2679981.0,1.0,1,51,0,0.0,0.0,0.0,463594502.87018174
2026-06-18,chokepoint6,Strait of Hormuz,1,7,2,0,10,10,20,0,351944,12298,0,459872,364243,824115,2026,6,18,16358,2787230.3924841383,2327358.3924841383,0.8350075396565492,1,51,0,0.0,0.0,0.0,463594502.87018174
2026-06-19,chokepoint6,Strait of Hormuz,2,1,3,0,3,6,9,48415,67620,12352,0,600658,128388,729047,2026,6,19,16359,2792140.306773705,2191482.306773705,0.7848754238664835,1,51,0,0.0,0.0,0.0,463594502.87018174
2026-06-20,chokepoint6,Strait of Hormuz,1,7,5,0,12,13,25,16260,259184,38403,0,543037,313848,856885,2026,6,20,16360,2836182.1305243224,2293145.1305243224,0.8085323949560287,1,51,0,0.0,0.0,0.0,463594502.87018174
2026-06-21,chokepoint6,Strait of Hormuz,1,2,2,0,1,5,6,0,89864,5969,0,65755,95834,161589,2026,6,21,16361,2631829.8705815338,2566074.8705815338,0.9750154822942751,1,51,0,0.0,0.0,0.0,463594502.87018174
2026-06-22,chokepoint6,Strait of Hormuz,0,4,0,0,12,4,16,0,111092,0,0,394079,111092,505171,2026,6,22,16362,2699428.7203558255,2305349.7203558255,0.8540139263436248,1,51,0,0.0,0.0,0.0,463594502.87018174
2026-06-23,chokepoint6,Strait of Hormuz,3,10,4,0,12,17,29,60727,355046,3527,0,953326,419302,1372629,2026,6,23,16363,2563388.589909693,1610062.5899096932,0.6280993042753673,1,51,0,0.0,0.0,0.0,463594502.87018174
2026-06-24,chokepoint6,Strait of Hormuz,6,19,5,1,20,31,51,117224,583322,2209,0,1261562,702756,1964318,2026,6,24,16364,2697006.0,1435444.0,0.5322361166419355,1,51,0,0.0,0.0,0.0,463594502.87018174
2026-06-25,chokepoint6,Strait of Hormuz,8,12,5,0,21,25,46,81930,388502,11977,0,1383947,482410,1866357,2026,6,25,16365,2770699.907128266,1386752.907128266,0.5005063534887064,1,51,0,0.0,0.0,0.0,463594502.87018174
2026-06-26,chokepoint6,Strait of Hormuz,2,8,3,0,17,13,30,33710,297817,13035,0,655492,344563,1000055,2026,6,26,16366,2792032.6424248633,2136540.6424248633,0.7652276731869764,1,51,0,0.0,0.0,0.0,463594502.87018174
2026-06-27,chokepoint6,Strait of Hormuz,3,7,6,0,9,16,25,73395,272380,56790,0,552718,402566,955285,2026,6,27,16367,2791264.361419292,2238546.361419292,0.8019829265763434,1,51,0,0.0,0.0,0.0,463594502.87018174
2026-06-28,chokepoint6,Strait of Hormuz,3,2,4,0,7,9,16,111172,85797,5927,0,86241,202897,289138,2026,6,28,16368,2647429.7444784595,2561188.7444784595,0.9674246313127416,1,51,0,0.0,0.0,0.0,463594502.87018174
2026-06-29,chokepoint6,Strait of Hormuz,4,6,3,0,13,13,26,52444,231303,27949,0,976186,311697,1287883,2026,6,29,16369,2695174.611051195,1718988.6110511948,0.6378023167785557,1,51,0,0.0,0.0,0.0,463594502.87018174
2026-06-30,chokepoint6,Strait of Hormuz,0,8,2,0,6,10,16,0,330871,2188,0,232679,333059,565738,2026,6,30,16370,2563388.589909693,2330709.589909693,0.9092299150757329,1,51,0,0.0,0.0,0.0,463594502.87018174
2026-07-01,chokepoint6,Strait of Hormuz,2,4,5,0,18,11,29,35547,125083,12346,0,1409459,172976,1582436,2026,7,1,16371,2697110.0,1287651.0,0.4774187927077502,1,51,0,0.0,0.0,0.0,463594502.87018174
2026-07-02,chokepoint6,Strait of Hormuz,4,7,2,0,15,13,28,66451,267157,13663,0,235228,347273,582502,2026,7,2,16372,2787122.917460569,2551894.917460569,0.9156018564784637,1,51,0,0.0,0.0,0.0,463594502.87018174
2026-07-03,chokepoint6,Strait of Hormuz,1,5,1,0,17,7,24,16078,237509,1114,0,1127426,254702,1382128,2026,7,3,16373,2792140.306773705,1664714.306773705,0.5962144175688895,1,51,0,0.0,0.0,0.0,463594502.87018174
2026-07-04,chokepoint6,Strait of Hormuz,3,4,2,0,8,9,17,70711,119464,1094,0,353844,191270,545114,2026,7,4,16374,2815026.7547804816,2461182.7547804816,0.8743017275416293,1,51,0,0.0,0.0,0.0,463594502.87018174
2026-07-05,chokepoint6,Strait of Hormuz,0,5,1,0,16,6,22,0,110578,0,0,782230,110578,892809,2026,7,5,16375,2609613.891092784,1827383.8910927838,0.700250675906527,1,51,0,0.0,0.0,0.0,463594502.87018174
2026-07-06,chokepoint6,Strait of Hormuz,3,2,2,2,16,9,25,47623,116593,692,0,2149176,164909,2314086,2026,7,6,16376,2647122.2629391043,497946.26293910434,0.18810852445713397,0,51,0,0.0,0.0,0.0,463594502.87018174
2026-07-07,chokepoint6,Strait of Hormuz,1,8,3,4,10,16,26,22735,161530,13019,0,1210489,197285,1407775,2026,7,7,16377,2496082.66253868,1285593.6625386798,0.5150445062709368,1,51,0,0.0,0.0,0.0,463594502.87018174
2026-07-08,chokepoint6,Strait of Hormuz,3,5,4,0,8,12,20,98643,105583,14597,0,316479,218824,535304,2026,7,8,16378,2623401.0,2306922.0,0.879363086314292,1,51,0,0.0,0.0,0.0,463594502.87018174
2026-07-09,chokepoint6,Strait of Hormuz,3,2,2,0,3,7,10,17790,100711,2845,0,45539,121347,166887,2026,7,9,16379,2708571.0761958435,2663032.0761958435,0.9831870758717697,1,51,0,0.0,0.0,0.0,463594502.87018174
2026-07-10,chokepoint6,Strait of Hormuz,0,2,1,0,4,3,7,0,121746,0,0,50372,121746,172119,2026,7,10,16380,2713342.4262310546,2662970.4262310546,0.9814354430487534,1,51,0,0.0,0.0,0.0,463594502.87018174
2026-07-11,chokepoint6,Strait of Hormuz,0,3,0,0,3,3,6,0,109979,0,0,118896,109979,228875,2026,7,11,16381,2736839.3250870807,2617943.3250870807,0.9565571866385627,1,51,0,0.0,0.0,0.0,463594502.87018174
2026-07-12,chokepoint6,Strait of Hormuz,1,0,2,0,1,3,4,3819,0,1319,0,58739,5139,63878,2026,7,12,16382,2558730.7383542336,2499991.7383542336,0.9770436962672435,1,51,0,0.0,0.0,0.0,463594502.87018174
2026-07-13,chokepoint6,Strait of Hormuz,1,3,4,0,2,8,10,21447,0,1316,0,42247,22764,65012,2026,7,13,16383,2599900.350540462,2557653.350540462,0.9837505310573854,1,51,0,0.0,0.0,0.0,463594502.87018174
2026-07-14,chokepoint6,Strait of Hormuz,1,1,1,0,5,3,8,42287,0,0,0,45089,42287,87376,2026,7,14,16384,2455470.244863675,2410381.244863675,0.981637325846519,1,51,0,0.0,0.0,0.0,463594502.87018174
2026-07-15,chokepoint6,Strait of Hormuz,1,4,1,0,3,6,9,22137,191547,749,0,0,214434,214434,2026,7,15,16385,2574957.0,2574957.0,1.0,1,51,0,0.0,0.0,0.0,463594502.87018174
2026-07-16,chokepoint6,Strait of Hormuz,2,1,2,0,1,5,6,28460,0,0,0,0,28460,28460,2026,7,16,16386,2688598.289844697,2688598.289844697,1.0,1,51,0,0.0,0.0,0.0,463594502.87018174
2026-07-17,chokepoint6,Strait of Hormuz,0,0,0,0,1,0,1,0,0,0,0,1231,0,1231,2026,7,17,16387,2713342.4262310546,2712111.4262310546,0.9995463160166961,1,51,0,0.0,0.0,0.0,463594502.87018174
2026-07-18,chokepoint6,Strait of Hormuz,0,2,2,0,2,4,6,0,79232,16152,0,36937,95385,132322,2026,7,18,16388,2731611.6405454865,2694674.6405454865,0.9864779460404467,1,51,0,0.0,0.0,0.0,463594502.87018174
2026-07-19,chokepoint6,Strait of Hormuz,1,0,1,0,2,2,4,14080,0,749,0,39216,14830,54047,2026,7,19,16389,2536071.0675112545,2496855.0675112545,0.984536710937488,1,51,0,0.0,0.0,0.0,463594502.87018174
2026-07-20,chokepoint6,Strait of Hormuz,1,1,1,0,2,3,5,157,0,1049,0,0,1207,1207,2026,7,20,16390,2573208.487837458,2573208.487837458,1.0,1,51,0,0.0,0.0,0.0,463594502.87018174
2026-07-21,chokepoint6,Strait of Hormuz,0,3,2,0,1,5,6,0,26381,2168,0,43064,28549,71614,2026,7,21,16391,2434546.7379222224,2391482.7379222224,0.9823112863970921,1,51,0,0.0,0.0,0.0,463594502.87018174
2026-07-22,chokepoint6,Strait of Hormuz,0,1,4,0,1,5,6,0,34321,1114,0,0,35435,35435,2026,7,22,16392,2588368.0,2588368.0,1.0,1,51,0,0.0,0.0,0.0,463594502.87018174
2026-07-23,chokepoint6,Strait of Hormuz,0,0,0,0,0,0,0,0,0,0,0,0,0,0,2026,7,23,16393,2649553.8538784827,2649553.8538784827,1.0,1,51,0,0.0,0.0,0.0,463594502.87018174
2026-07-24,chokepoint6,Strait of Hormuz,0,2,1,0,0,3,3,0,0,591,0,0,591,591,2026,7,24,16394,2679566.877718462,2679566.877718462,1.0,1,51,0,0.0,0.0,0.0,463594502.87018174
2026-07-25,chokepoint6,Strait of Hormuz,0,0,2,0,0,2,2,0,0,324,0,0,324,324,2026,7,25,16395,2751903.9601147557,2751903.9601147557,1.0,1,51,0,0.0,0.0,0.0,463594502.87018174
2026-07-26,chokepoint6,Strait of Hormuz,0,1,0,0,2,1,3,0,40897,0,0,81157,40897,122054,2026,7,26,16396,2591013.210846569,2509856.210846569,0.9686775043599707,1,51,0,0.0,0.0,0.0,463594502.87018174
2026-07-27,chokepoint6,Strait of Hormuz,0,3,2,0,0,5,5,0,166886,3427,0,0,170314,170314,2026,7,27,16397,2588473.115422197,2588473.115422197,1.0,1,51,0,0.0,0.0,0.0,463594502.87018174
2026-07-28,chokepoint6,Strait of Hormuz,0,4,0,0,1,4,5,0,25204,0,0,38762,25204,63967,2026,7,28,16398,2508584.4935769658,2469822.4935769658,0.9845482581514607,1,51,0,0.0,0.0,0.0,463594502.87018174
2026-07-29,chokepoint6,Strait of Hormuz,0,4,0,0,3,4,7,0,64475,0,0,115119,64475,179594,2026,7,29,16399,2600073.0,2484954.0,0.9557247046525232,1,51,0,0.0,0.0,0.0,463594502.87018174
2026-07-30,chokepoint6,Strait of Hormuz,1,0,2,0,1,3,4,0,0,0,0,5325,0,5325,2026,7,30,16400,2686951.0284257634,2681626.0284257634,0.9980181998318295,1,51,0,0.0,0.0,0.0,463594502.87018174
2026-07-31,chokepoint6,Strait of Hormuz,1,2,3,0,2,6,8,42287,130403,15386,0,282046,188077,470124,2026,7,31,16401,2691684.293133772,2409638.293133772,0.8952157945419259,1,51,0,0.0,0.0,0.0,463594502.87018174
2026-08-01,chokepoint6,Strait of Hormuz,0,1,1,0,3,2,5,0,0,0,0,3003,0,3003,2026,8,1,16402,2717648.3995897397,2714645.3995897397,0.9988950005451576,1,51,0,0.0,0.0,0.0,463594502.87018174
2026-08-02,chokepoint6,Strait of Hormuz,1,1,1,0,0,3,3,42287,65066,0,0,0,107354,107354,2026,8,2,16164,2552278.562975144,2552278.562975144,1.0,1,51,0,0.0,0.0,0.0,463594502.87018174
2026-08-03,chokepoint6,Strait of Hormuz,0,3,0,0,3,3,6,0,125383,0,0,6134,125383,131517,2026,8,3,16403,2637654.696213224,2631520.696213224,0.9976744491957926,1,51,0,0.0,0.0,0.0,463594502.87018174
2026-08-04,chokepoint6,Strait of Hormuz,0,3,0,0,4,3,7,0,150743,0,0,64214,150743,214958,2026,8,4,16404,2508584.4935769658,2444370.4935769658,0.9744022973256771,1,51,0,0.0,0.0,0.0,463594502.87018174
2026-08-05,chokepoint6,Strait of Hormuz,1,1,3,0,0,5,5,3504,0,1300,0,0,4805,4805,2026,8,5,16405,2639533.0,2639533.0,1.0,1,51,0,0.0,0.0,0.0,463594502.87018174
2026-08-06,chokepoint6,Strait of Hormuz,0,1,1,0,0,2,2,0,24815,324,0,0,25140,25140,2026,8,6,16406,2737958.2612461643,2737958.2612461643,1.0,1,51,0,0.0,0.0,0.0,463594502.87018174
2026-08-07,chokepoint6,Strait of Hormuz,0,2,0,0,4,2,6,0,90890,0,0,4245,90890,95136,2026,8,7,16407,2742781.3790003983,2738536.3790003983,0.9984523009990877,1,51,0,0.0,0.0,0.0,463594502.87018174
2026-08-08,chokepoint6,Strait of Hormuz,3,3,2,0,2,8,10,10556,363842,3906,0,10939,378306,389245,2026,8,8,16408,2779816.792719352,2768877.792719352,0.9960648485797156,1,51,0,0.0,0.0,0.0,463594502.87018174
2026-08-09,chokepoint6,Strait of Hormuz,0,1,2,0,0,3,3,0,0,0,0,0,0,0,2026,8,9,16409,2614115.5914257374,2614115.5914257374,1.0,1,51,0,0.0,0.0,0.0,463594502.87018174
2026-08-10,chokepoint6,Strait of Hormuz,0,2,0,0,2,2,4,0,52556,0,0,11478,52556,64034,2026,8,10,16410,2649019.9734322904,2637541.9734322904,0.9956670768378058,1,51,0,0.0,0.0,0.0,463594502.87018174
2026-08-11,chokepoint6,Strait of Hormuz,0,3,4,0,2,7,9,0,84711,14097,0,1067,98808,99876,2026,8,11,16411,2516313.312947754,2515246.312947754,0.999575966953515,1,51,0,0.0,0.0,0.0,463594502.87018174
2026-08-12,chokepoint6,Strait of Hormuz,0,1,1,0,1,2,3,0,0,1391,0,13189,1391,14580,2026,8,12,16412,2646207.0,2633018.0,0.995015885000682,1,51,0,0.0,0.0,0.0,463594502.87018174
2026-08-13,chokepoint6,Strait of Hormuz,0,4,0,0,2,4,6,0,114538,0,0,36112,114538,150650,2026,8,13,16413,2734626.5355155235,2698514.5355155235,0.9867945404862415,1,51,0,0.0,0.0,0.0,463594502.87018174
2026-08-14,chokepoint6,Strait of Hormuz,0,5,0,0,2,5,7,0,191299,0,0,4395,191299,195694,2026,8,14,16414,2740864.125403717,2736469.125403717,0.9983964911068502,1,51,0,0.0,0.0,0.0,463594502.87018174
2026-08-15,chokepoint6,Strait of Hormuz,0,0,0,0,1,0,1,0,0,0,0,1067,0,1067,2026,8,15,16415,2788023.17600457,2786956.17600457,0.9996172915601337,1,51,0,0.0,0.0,0.0,463594502.87018174
2026-08-16,chokepoint6,Strait of Hormuz,0,0,0,0,1,0,1,0,0,0,0,0,0,0,2026,8,16,16416,2593353.388254716,2593353.388254716,1.0,1,51,0,0.0,0.0,0.0,463594502.87018174
2026-08-17,chokepoint6,Strait of Hormuz,0,0,1,0,3,1,4,0,0,0,0,24505,0,24505,2026,8,17,16417,2642501.402844058,2617996.402844058,0.9907265895966504,1,51,0,0.0,0.0,0.0,463594502.87018174
2026-08-18,chokepoint6,Strait of Hormuz,0,1,1,0,4,2,6,0,312627,269,0,0,312897,312897,2026,8,18,16418,2515009.3360445662,2515009.3360445662,1.0,1,51,0,0.0,0.0,0.0,463594502.87018174
2026-08-19,chokepoint6,Strait of Hormuz,0,0,2,0,4,2,6,0,0,344,0,78587,344,78931,2026,8,19,16419,2646207.0,2567620.0,0.9703020209681253,1,51,0,0.0,0.0,0.0,463594502.87018174
2026-08-20,chokepoint6,Strait of Hormuz,0,2,1,0,2,3,5,0,64542,16876,0,55226,81418,136645,2026,8,20,16420,2742669.5942505044,2687443.5942505044,0.9798641440019713,1,51,0,0.0,0.0,0.0,463594502.87018174
2026-08-21,chokepoint6,Strait of Hormuz,0,2,0,0,2,2,4,0,72476,0,0,0,72476,72476,2026,8,21,16421,2756898.8667422673,2756898.8667422673,1.0,1,51,0,0.0,0.0,0.0,463594502.87018174
2026-08-22,chokepoint6,Strait of Hormuz,2,2,2,0,1,6,7,16412,153812,14272,0,0,184497,184497,2026,8,22,16422,2786548.0009129974,2786548.0009129974,1.0,1,51,0,0.0,0.0,0.0,463594502.87018174
2026-08-23,chokepoint6,Strait of Hormuz,0,2,0,0,1,2,3,0,32472,0,0,0,32472,32472,2026,8,23,16423,2605204.462855621,2605204.462855621,1.0,1,51,0,0.0,0.0,0.0,463594502.87018174
2026-08-24,chokepoint6,Strait of Hormuz,0,0,1,0,2,1,3,0,0,0,0,69775,0,69775,2026,8,24,16424,2642501.402844058,2572726.402844058,0.9735950944340453,1,51,0,0.0,0.0,0.0,463594502.87018174
2026-08-25,chokepoint6,Strait of Hormuz,0,0,0,0,4,0,4,0,0,0,0,56680,0,56680,2026,8,25,16425,2513194.032921324,2456514.032921324,0.9774470258732408,1,51,0,0.0,0.0,0.0,463594502.87018174
2026-08-26,chokepoint6,Strait of Hormuz,0,2,1,0,2,3,5,0,88102,0,0,0,88102,88102,2026,8,26,16426,2641917.0,2641917.0,1.0,1,51,0,0.0,0.0,0.0,463594502.87018174
2026-08-27,chokepoint6,Strait of Hormuz,0,0,0,0,2,0,2,0,0,0,0,4989,0,4989,2026,8,27,16427,2734626.5355155235,2729637.5355155235,0.998175619253596,1,51,0,0.0,0.0,0.0,463594502.87018174
2026-08-28,chokepoint6,Strait of Hormuz,0,4,3,0,0,7,7,0,150542,1437,0,0,151980,151980,2026,8,28,16428,2735002.6297965846,2735002.6297965846,1.0,1,51,0,0.0,0.0,0.0,463594502.87018174
2026-08-29,chokepoint6,Strait of Hormuz,0,1,1,0,1,2,3,0,0,344,0,9744,344,10089,2026,8,29,16429,2778376.2658683644,2768632.2658683644,0.996492915621364,1,51,0,0.0,0.0,0.0,463594502.87018174
2026-08-30,chokepoint6,Strait of Hormuz,0,2,2,0,2,4,6,0,26381,1418,0,42932,27800,70732,2026,8,30,16430,2605204.462855621,2562272.462855621,0.9835206792356938,1,51,0,0.0,0.0,0.0,463594502.87018174
2026-08-31,chokepoint6,Strait of Hormuz,1,1,0,0,1,2,3,0,28355,0,0,0,28355,28355,2026,8,31,16431,2648559.2864721227,2648559.2864721227,1.0,1,51,0,0.0,0.0,,463594502.87018174
2026-09-01,chokepoint6,Strait of Hormuz,0,3,0,0,1,3,4,0,48719,0,0,14589,48719,63309,2026,9,1,16432,2515009.3360445662,2500420.3360445662,0.9941992263046846,1,51,0,0.0,0.0,,463594502.87018174
2026-09-02,chokepoint6,Strait of Hormuz,0,2,0,0,1,2,3,0,69799,0,0,45387,69799,115187,2026,9,2,16433,2634039.0,2588652.0,0.9827690478386994,1,51,0,0.0,0.0,,463594502.87018174
2026-09-03,chokepoint6,Strait of Hormuz,0,1,0,0,1,1,2,0,72529,0,0,44440,72529,116969,2026,9,3,16434,2727154.9545500977,2682714.9545500977,0.9837046296449512,1,51,0,0.0,0.0,,463594502.87018174
2026-09-04,chokepoint6,Strait of Hormuz,1,1,0,0,0,2,2,3504,49762,0,0,0,53267,53267,2026,9,4,16435,2735002.6297965846,2735002.6297965846,1.0,1,51,0,0.0,,,463594502.87018174
2026-09-05,chokepoint6,Strait of Hormuz,0,1,1,0,0,2,2,0,63174,0,0,0,63174,63174,2026,9,5,16436,2770785.1513402006,2770785.1513402006,1.0,1,51,0,0.0,,,463594502.87018174
2026-09-06,chokepoint6,Strait of Hormuz,1,3,0,0,2,4,6,3721,148701,0,0,60280,152422,212702,2026,9,6,16437,2585620.2013329957,2525340.2013329957,0.976686444525409,1,51,0,,,,463594502.87018174
