task_id,episode_cluster_id,flow_episode_id,phase4_split,dependency_group,relative_path,sha256,size_bytes,evidence_present,evidence_storage_type,source_class,document_id,signal_family_id,document_role,evidence_date,issue_date,publication_date,effective_date,expiry_date,geographic_scope,window_type,is_zero_result_capture,is_direct_official,is_update,parent_family_id,reviewer_1,reviewer_2,adjudication_status,notes,review_origin,review_id,evidence_id,reviewer_1_decision,reviewer_2_decision,historical_availability_status,prior_episode_overlap_status,review_action,claim_eligibility_status,onset_date,days_from_onset,active_flow_episode_id,clean_pre_onset_signal,independent_episode_unit
E051_GARD_onset,E051,51,test,E051,E051/GARD/onset/E051_Gard_Circular-01-2026_published-2026-03-01_effective-2026-03-05.pdf,bf424254b659b5b608971243a42e7fae3f102a0134f1270c487cf796e42a50b6,249440,True,local_original,GARD,bf424254b659b5b6,GARD-CIRCULAR-01-2026,positive_signal,2026-03-01,,2026-03-01,2026-03-05,,Persian/Arabian Gulf and adjacent waters,onset,False,True,False,,R1,R2,accepted,"R1 and R2 independently confirmed the source, issue date, geographic relevance, document role, signal-family assignment, and pre-onset classification. The record is not treated as clean E051 lead-time evidence because its issue date overlaps an earlier active PortWatch episode.",Existing_Metadata_preserved,,,,,legacy_reviewed,legacy_reviewed,Existing metadata preserved without modification,legacy_accepted,2026-02-26,3.0,51.0,False,E051
E051_IUA_JWC_LMA_onset,E051,51,test,E051,E051/IUA_JWC_LMA/onset/E051_IUA_JWC_JWLA-033_issued-2026-03-03.pdf,df761598928c937850a48d41260f7445ae56e25a8d1a792c1b4430f04be299d9,208144,True,local_original,IUA_JWC_LMA,df761598928c9378,JWLA-033,positive_signal,2026-03-03,2026-03-03,,,,"Persian/Arabian Gulf, Gulf of Oman and adjacent waters",onset,False,True,False,,R1,R2,accepted,"R1 and R2 independently confirmed the source, issue date, geographic relevance, document role, signal-family assignment, and pre-onset classification. The record is not treated as clean E051 lead-time evidence because its issue date overlaps an earlier active PortWatch episode.",Existing_Metadata_preserved,,,,,legacy_reviewed,legacy_reviewed,Existing metadata preserved without modification,legacy_accepted,2026-02-26,5.0,51.0,False,E051
E051_MARAD_onset,E051,51,test,E051,E051/MARAD/onset/E051_MARAD_2026-0001B_effective-2026-03-06.pdf,7cb2953ce534988a0cddfdd289c7c6a565aa36a99ebde6db4391f91fa8446544,274986,True,local_original,MARAD,7cb2953ce534988a,MARAD-2026-0001B,positive_signal,2026-03-06,,,2026-03-06,,"Strait of Hormuz, Persian/Arabian Gulf, Gulf of Oman and adjacent waters",onset,False,True,False,,R1,R2,accepted,"R1 and R2 independently confirmed the source, issue date, geographic relevance, document role, signal-family assignment, and pre-onset classification. The record is not treated as clean E051 lead-time evidence because its issue date overlaps an earlier active PortWatch episode.",Existing_Metadata_preserved,,,,,legacy_reviewed,legacy_reviewed,Existing metadata preserved without modification,legacy_accepted,2026-02-26,8.0,51.0,False,E051
E051_MARAD_onset,E051,51,test,E051,E051/MARAD/onset/E051_MARAD_2026-001A_effective-2026-02-28.pdf,bbd274aa6211059d544e4f11601d5503d02a6a60e0ad05e26033343120567aab,280011,True,local_original,MARAD,bbd274aa6211059d,MARAD-2026-001A,positive_signal,2026-02-28,,,2026-02-28,,"Strait of Hormuz, Persian/Arabian Gulf, Gulf of Oman and adjacent waters",onset,False,True,False,,R1,R2,accepted,"R1 and R2 independently confirmed the source, issue date, geographic relevance, document role, signal-family assignment, and pre-onset classification. The record is not treated as clean E051 lead-time evidence because its issue date overlaps an earlier active PortWatch episode.",Existing_Metadata_preserved,,,,,legacy_reviewed,legacy_reviewed,Existing metadata preserved without modification,legacy_accepted,2026-02-26,2.0,51.0,False,E051
E051_MARAD_pre_onset,E051,51,test,E051,E051/MARAD/pre_onset/E051_MARAD_Search_PreOnset_2026-01-27_to_2026-02-25.pdf,85f97cd9d32d3e3521843b3a308d260403d8d712741aa65a55322ed177532fe8,252759,True,local_original,MARAD,85f97cd9d32d3e35,,zero_result_capture,,,,,,"Strait of Hormuz, Persian/Arabian Gulf, Gulf of Oman and adjacent waters",pre_onset,True,True,False,,R1,R2,accepted,"R1 and R2 independently confirmed the source, issue date, geographic relevance, document role, signal-family assignment, and pre-onset classification. The record is not treated as clean E051 lead-time evidence because its issue date overlaps an earlier active PortWatch episode.",Existing_Metadata_preserved,,,,,legacy_reviewed,legacy_reviewed,Existing metadata preserved without modification,not_applicable,2026-02-26,,,False,E051
E051_UKMTO_WARNING_pre_onset,E051,51,test,E051,E051/UKMTO_WARNING/pre_onset/E051_UKMTO_Warnings_PreOnset_February-2026_two-excluded-no-Hormuz-records.pdf,e1827ad3cb4b40b3641ba7e8e856e6114a5ed0f5b390d9b8a21a28af7635e0ef,106287,True,local_original,UKMTO_WARNING,e1827ad3cb4b40b3,,zero_result_capture,,,,,,Strait of Hormuz and adjacent waters,pre_onset,True,True,False,,R1,R2,accepted,"R1 and R2 independently confirmed the source, issue date, geographic relevance, document role, signal-family assignment, and pre-onset classification. The record is not treated as clean E051 lead-time evidence because its issue date overlaps an earlier active PortWatch episode.",Existing_Metadata_preserved,,,,,legacy_reviewed,legacy_reviewed,Existing metadata preserved without modification,not_applicable,2026-02-26,,,False,E051
E051_UKMTO_WARNING_pre_onset,E051,51,test,E051,E051/UKMTO_WARNING/pre_onset/E051_UKMTO_Warnings_PreOnset_January-2026_zero-records.pdf,88633bb18c984f51d96aadda7440902701da95ae939db7134d8767e76391b455,96636,True,local_original,UKMTO_WARNING,88633bb18c984f51,,zero_result_capture,,,,,,Strait of Hormuz and adjacent waters,pre_onset,True,True,False,,R1,R2,accepted,"R1 and R2 independently confirmed the source, issue date, geographic relevance, document role, signal-family assignment, and pre-onset classification. The record is not treated as clean E051 lead-time evidence because its issue date overlaps an earlier active PortWatch episode.",Existing_Metadata_preserved,,,,,legacy_reviewed,legacy_reviewed,Existing metadata preserved without modification,not_applicable,2026-02-26,,,False,E051
E051_UKMTO_ADVISORY_pre_onset,E051,51,test,E051,E051/UKMTO_ADVISORY/pre_onset/20260203-UKMTO_ADVISORY_001-26.pdf,ce313bd01498ad4ea349c5bdc3368613ae4db7ca545e929cce10743c5b08bd11,223125,True,local_original,UKMTO_ADVISORY,ce313bd01498ad4e,UKMTO-ADVISORY-001-26,positive_signal,2026-02-03,2026-02-03,,,,Strait of Hormuz and adjacent waters,pre_onset,False,True,False,,R1,R2,accepted,"R1 and R2 independently confirmed the source, issue date, geographic relevance, document role, signal-family assignment, and pre-onset classification. The record is not treated as clean E051 lead-time evidence because its issue date overlaps an earlier active PortWatch episode.",Existing_Metadata_preserved,,,,,legacy_reviewed,legacy_reviewed,Existing metadata preserved without modification,legacy_accepted,2026-02-26,-23.0,50.0,False,E051
E051_UKMTO_ADVISORY_onset,E051,51,test,E051,E051/UKMTO_ADVISORY/onset/20260228-UKMTO_ADVISORY_003-26-UPDATE_01.pdf,b8865cfc5bdb980de66e9154773088af9495bb0a385e3cc55963032d0e56f0e5,139321,True,local_original,UKMTO_ADVISORY,b8865cfc5bdb980d,UKMTO-ADVISORY-003-26,update,2026-02-28,2026-02-28,,,,Strait of Hormuz and adjacent waters,onset,False,True,True,UKMTO-ADVISORY-003-26,R1,R2,accepted,"R1 and R2 independently confirmed the source, issue date, geographic relevance, document role, signal-family assignment, and pre-onset classification. The record is not treated as clean E051 lead-time evidence because its issue date overlaps an earlier active PortWatch episode.",Existing_Metadata_preserved,,,,,legacy_reviewed,legacy_reviewed,Existing metadata preserved without modification,legacy_accepted,2026-02-26,2.0,51.0,False,E051
E051_UKMTO_ADVISORY_onset,E051,51,test,E051,E051/UKMTO_ADVISORY/onset/20260228-UKMTO_ADVISORY_003-26.pdf,c7afb2663b9ab390416283276738c4a3813573ae7e58d0f9abf54e187421c006,248106,True,local_original,UKMTO_ADVISORY,c7afb2663b9ab390,UKMTO-ADVISORY-003-26,positive_signal,2026-02-28,2026-02-28,,,,Strait of Hormuz and adjacent waters,onset,False,True,False,,R1,R2,accepted,"R1 and R2 independently confirmed the source, issue date, geographic relevance, document role, signal-family assignment, and pre-onset classification. The record is not treated as clean E051 lead-time evidence because its issue date overlaps an earlier active PortWatch episode.",Existing_Metadata_preserved,,,,,legacy_reviewed,legacy_reviewed,Existing metadata preserved without modification,legacy_accepted,2026-02-26,2.0,51.0,False,E051
E051_UKMTO_ADVISORY_onset,E051,51,test,E051,E051/UKMTO_ADVISORY/onset/20260301-UKMTO_ADVISORY_003-26-UPDATE_002.pdf,3b3b30ff51e50c6fa74544fbfa039728b8f57ef46d7725c86a326a7644cbf0a4,132811,True,local_original,UKMTO_ADVISORY,3b3b30ff51e50c6f,UKMTO-ADVISORY-003-26,update,2026-03-01,2026-03-01,,,,Strait of Hormuz and adjacent waters,onset,False,True,True,UKMTO-ADVISORY-003-26,R1,R2,accepted,"R1 and R2 independently confirmed the source, issue date, geographic relevance, document role, signal-family assignment, and pre-onset classification. The record is not treated as clean E051 lead-time evidence because its issue date overlaps an earlier active PortWatch episode.",Existing_Metadata_preserved,,,,,legacy_reviewed,legacy_reviewed,Existing metadata preserved without modification,legacy_accepted,2026-02-26,3.0,51.0,False,E051
E051_UKMTO_WARNING_onset,E051,51,test,E051,E051/UKMTO_WARNING/onset/20260301-UKMTO_WARNING_004-26.pdf,731469409e2faf7b4e9e6c0d4f6d279123be0dcacd4b84ea2f1bb17afcdf38b9,238182,True,local_original,UKMTO_WARNING,731469409e2faf7b,UKMTO-WARNING-004-26,positive_signal,2026-03-01,2026-03-01,,,,Strait of Hormuz and adjacent waters,onset,False,True,False,,R1,R2,accepted,"R1 and R2 independently confirmed the source, issue date, geographic relevance, document role, signal-family assignment, and pre-onset classification. The record is not treated as clean E051 lead-time evidence because its issue date overlaps an earlier active PortWatch episode.",Existing_Metadata_preserved,,,,,legacy_reviewed,legacy_reviewed,Existing metadata preserved without modification,legacy_accepted,2026-02-26,3.0,51.0,False,E051
E051_UKMTO_WARNING_onset,E051,51,test,E051,E051/UKMTO_WARNING/onset/20260301-UKMTO_WARNING_005-26.pdf,e4d415ae4d13a77756f9dc11c51fc1d856b33669a15271c6b02805c82b5fd777,251148,True,local_original,UKMTO_WARNING,e4d415ae4d13a777,UKMTO-WARNING-005-26,positive_signal,2026-03-01,2026-03-01,,,,Strait of Hormuz and adjacent waters,onset,False,True,False,,R1,R2,accepted,"R1 and R2 independently confirmed the source, issue date, geographic relevance, document role, signal-family assignment, and pre-onset classification. The record is not treated as clean E051 lead-time evidence because its issue date overlaps an earlier active PortWatch episode.",Existing_Metadata_preserved,,,,,legacy_reviewed,legacy_reviewed,Existing metadata preserved without modification,legacy_accepted,2026-02-26,3.0,51.0,False,E051
E051_UKMTO_WARNING_onset,E051,51,test,E051,E051/UKMTO_WARNING/onset/20260301-UKMTO_WARNING_006-26.pdf,902794191370d5e6959e67ddfbb5661f23e22347ae16d153bf9c6076d6425c19,241674,True,local_original,UKMTO_WARNING,902794191370d5e6,UKMTO-WARNING-006-26,positive_signal,2026-03-01,2026-03-01,,,,Strait of Hormuz and adjacent waters,onset,False,True,False,,R1,R2,accepted,"R1 and R2 independently confirmed the source, issue date, geographic relevance, document role, signal-family assignment, and pre-onset classification. The record is not treated as clean E051 lead-time evidence because its issue date overlaps an earlier active PortWatch episode.",Existing_Metadata_preserved,,,,,legacy_reviewed,legacy_reviewed,Existing metadata preserved without modification,legacy_accepted,2026-02-26,3.0,51.0,False,E051
E051_UKMTO_WARNING_onset,E051,51,test,E051,E051/UKMTO_WARNING/onset/20260301-UKMTO_WARNING_007-26.pdf,d59984f571d570a935ae79a4cb99de7bf3427d77b8e147334e3de3d3e281dddb,282355,True,local_original,UKMTO_WARNING,d59984f571d570a9,UKMTO-WARNING-007-26,positive_signal,2026-03-01,2026-03-01,,,,Strait of Hormuz and adjacent waters,onset,False,True,False,,R1,R2,accepted,"R1 and R2 independently confirmed the source, issue date, geographic relevance, document role, signal-family assignment, and pre-onset classification. The record is not treated as clean E051 lead-time evidence because its issue date overlaps an earlier active PortWatch episode.",Existing_Metadata_preserved,,,,,legacy_reviewed,legacy_reviewed,Existing metadata preserved without modification,legacy_accepted,2026-02-26,3.0,51.0,False,E051
E051_UKMTO_WARNING_onset,E051,51,test,E051,E051/UKMTO_WARNING/onset/20260302-UKMTO_WARNING_005-26-UPDATE_001.pdf,f3237190139ee139d864be0f0105f46e3e49b12c26919ca870ddd4dffd15d7e3,254789,True,local_original,UKMTO_WARNING,f3237190139ee139,UKMTO-WARNING-005-26,update,2026-03-02,2026-03-02,,,,Strait of Hormuz and adjacent waters,onset,False,True,True,UKMTO-WARNING-005-26,R1,R2,accepted,"R1 and R2 independently confirmed the source, issue date, geographic relevance, document role, signal-family assignment, and pre-onset classification. The record is not treated as clean E051 lead-time evidence because its issue date overlaps an earlier active PortWatch episode.",Existing_Metadata_preserved,,,,,legacy_reviewed,legacy_reviewed,Existing metadata preserved without modification,legacy_accepted,2026-02-26,4.0,51.0,False,E051
E051_UKMTO_WARNING_onset,E051,51,test,E051,E051/UKMTO_WARNING/onset/20260302-UKMTO_WARNING_008-26.pdf,096fa7df9085dd0d887638da6ada9b12273c87518084fd263c972f45cb9e4584,216287,True,local_original,UKMTO_WARNING,096fa7df9085dd0d,UKMTO-WARNING-008-26,positive_signal,2026-03-02,2026-03-02,,,,Strait of Hormuz and adjacent waters,onset,False,True,False,,R1,R2,accepted,"R1 and R2 independently confirmed the source, issue date, geographic relevance, document role, signal-family assignment, and pre-onset classification. The record is not treated as clean E051 lead-time evidence because its issue date overlaps an earlier active PortWatch episode.",Existing_Metadata_preserved,,,,,legacy_reviewed,legacy_reviewed,Existing metadata preserved without modification,legacy_accepted,2026-02-26,4.0,51.0,False,E051
E051_UKMTO_WARNING_onset,E051,51,test,E051,E051/UKMTO_WARNING/onset/20260303-UKMTO_WARNING_009-26.pdf,e9c189711a49d4d5da8467c2ed7d101e22c93aba54cc97af3c07322a641e9ced,261007,True,local_original,UKMTO_WARNING,e9c189711a49d4d5,UKMTO-WARNING-009-26,positive_signal,2026-03-03,2026-03-03,,,,Strait of Hormuz and adjacent waters,onset,False,True,False,,R1,R2,accepted,"R1 and R2 independently confirmed the source, issue date, geographic relevance, document role, signal-family assignment, and pre-onset classification. The record is not treated as clean E051 lead-time evidence because its issue date overlaps an earlier active PortWatch episode.",Existing_Metadata_preserved,,,,,legacy_reviewed,legacy_reviewed,Existing metadata preserved without modification,legacy_accepted,2026-02-26,5.0,51.0,False,E051
E051_UKMTO_WARNING_onset,E051,51,test,E051,E051/UKMTO_WARNING/onset/20260304-UKMTO_WARNING_010-26.pdf,33a049b80750fcc49c9f2099f09d74243af5fb49a36f7ce9d59c767f50f0a700,228997,True,local_original,UKMTO_WARNING,33a049b80750fcc4,UKMTO-WARNING-010-26,positive_signal,2026-03-04,2026-03-04,,,,Strait of Hormuz and adjacent waters,onset,False,True,False,,R1,R2,accepted,"R1 and R2 independently confirmed the source, issue date, geographic relevance, document role, signal-family assignment, and pre-onset classification. The record is not treated as clean E051 lead-time evidence because its issue date overlaps an earlier active PortWatch episode.",Existing_Metadata_preserved,,,,,legacy_reviewed,legacy_reviewed,Existing metadata preserved without modification,legacy_accepted,2026-02-26,6.0,51.0,False,E051
E051_UKMTO_WARNING_onset,E051,51,test,E051,E051/UKMTO_WARNING/onset/20260304-UKMTO_WARNING_011-26.pdf,92443ff866921eb4ffcb157d464b94cf0c3ede00af4f0d0ff5c8ab3a34fd11e3,227011,True,local_original,UKMTO_WARNING,92443ff866921eb4,UKMTO-WARNING-011-26,positive_signal,2026-03-04,2026-03-04,,,,Strait of Hormuz and adjacent waters,onset,False,True,False,,R1,R2,accepted,"R1 and R2 independently confirmed the source, issue date, geographic relevance, document role, signal-family assignment, and pre-onset classification. The record is not treated as clean E051 lead-time evidence because its issue date overlaps an earlier active PortWatch episode.",Existing_Metadata_preserved,,,,,legacy_reviewed,legacy_reviewed,Existing metadata preserved without modification,legacy_accepted,2026-02-26,6.0,51.0,False,E051
E051_UKMTO_WARNING_onset,E051,51,test,E051,E051/UKMTO_WARNING/onset/20260304-UKMTO_WARNING_012-26-UPDATE_001.pdf,7a12fe69184ea19762ef3c83683587188f654e5a64bc251e0d2cff346aeee420,234170,True,local_original,UKMTO_WARNING,7a12fe69184ea197,UKMTO-WARNING-012-26,update,2026-03-04,2026-03-04,,,,Strait of Hormuz and adjacent waters,onset,False,True,True,UKMTO-WARNING-012-26,R1,R2,accepted,"R1 and R2 independently confirmed the source, issue date, geographic relevance, document role, signal-family assignment, and pre-onset classification. The record is not treated as clean E051 lead-time evidence because its issue date overlaps an earlier active PortWatch episode.",Existing_Metadata_preserved,,,,,legacy_reviewed,legacy_reviewed,Existing metadata preserved without modification,legacy_accepted,2026-02-26,6.0,51.0,False,E051
E051_UKMTO_WARNING_onset,E051,51,test,E051,E051/UKMTO_WARNING/onset/20260304-UKMTO_WARNING_012-26.pdf,6848bb2c6750cfbd10ed4ff055bc63f316e0d832b1f33dc5bbff7f162e948fe2,229954,True,local_original,UKMTO_WARNING,6848bb2c6750cfbd,UKMTO-WARNING-012-26,positive_signal,2026-03-04,2026-03-04,,,,Strait of Hormuz and adjacent waters,onset,False,True,False,,R1,R2,accepted,"R1 and R2 independently confirmed the source, issue date, geographic relevance, document role, signal-family assignment, and pre-onset classification. The record is not treated as clean E051 lead-time evidence because its issue date overlaps an earlier active PortWatch episode.",Existing_Metadata_preserved,,,,,legacy_reviewed,legacy_reviewed,Existing metadata preserved without modification,legacy_accepted,2026-02-26,6.0,51.0,False,E051
E051_UKMTO_WARNING_onset,E051,51,test,E051,E051/UKMTO_WARNING/onset/20260304-UKMTO_WARNING_013-26.pdf,08fcdedc185c359f8e4ca85b3adc1a95912cc98daa793f3d6889c0b07ab56635,241899,True,local_original,UKMTO_WARNING,08fcdedc185c359f,UKMTO-WARNING-013-26,positive_signal,2026-03-04,2026-03-04,,,,Strait of Hormuz and adjacent waters,onset,False,True,False,,R1,R2,accepted,"R1 and R2 independently confirmed the source, issue date, geographic relevance, document role, signal-family assignment, and pre-onset classification. The record is not treated as clean E051 lead-time evidence because its issue date overlaps an earlier active PortWatch episode.",Existing_Metadata_preserved,,,,,legacy_reviewed,legacy_reviewed,Existing metadata preserved without modification,legacy_accepted,2026-02-26,6.0,51.0,False,E051
E051_UKMTO_WARNING_onset,E051,51,test,E051,E051/UKMTO_WARNING/onset/20260304-UKMTO_WARNING_014-26-UPDATE_001.pdf,22af59f6442dfc6a276ad0a9c9aefbaeec5e886c51a4e1cd016b51da097bdbf4,256397,True,local_original,UKMTO_WARNING,22af59f6442dfc6a,UKMTO-WARNING-014-26,update,2026-03-04,2026-03-04,,,,Strait of Hormuz and adjacent waters,onset,False,True,True,UKMTO-WARNING-014-26,R1,R2,accepted,"R1 and R2 independently confirmed the source, issue date, geographic relevance, document role, signal-family assignment, and pre-onset classification. The record is not treated as clean E051 lead-time evidence because its issue date overlaps an earlier active PortWatch episode.",Existing_Metadata_preserved,,,,,legacy_reviewed,legacy_reviewed,Existing metadata preserved without modification,legacy_accepted,2026-02-26,6.0,51.0,False,E051
E051_UKMTO_WARNING_onset,E051,51,test,E051,E051/UKMTO_WARNING/onset/20260304-UKMTO_WARNING_014-26.pdf,a1dc892a829a35e0502d2f65b47d6c54bf033d0c51f0f1b09bcdfeea356f603a,249318,True,local_original,UKMTO_WARNING,a1dc892a829a35e0,UKMTO-WARNING-014-26,positive_signal,2026-03-04,2026-03-04,,,,Strait of Hormuz and adjacent waters,onset,False,True,False,,R1,R2,accepted,"R1 and R2 independently confirmed the source, issue date, geographic relevance, document role, signal-family assignment, and pre-onset classification. The record is not treated as clean E051 lead-time evidence because its issue date overlaps an earlier active PortWatch episode.",Existing_Metadata_preserved,,,,,legacy_reviewed,legacy_reviewed,Existing metadata preserved without modification,legacy_accepted,2026-02-26,6.0,51.0,False,E051
E051_UKMTO_WARNING_onset,E051,51,test,E051,E051/UKMTO_WARNING/onset/20260306-UKMTO_WARNING_015-26.pdf,24c275df01938ab3b282218352889b21cfdb01b1d0551cb928d02d62f6bcedfd,213663,True,local_original,UKMTO_WARNING,24c275df01938ab3,UKMTO-WARNING-015-26,positive_signal,2026-03-06,2026-03-06,,,,Strait of Hormuz and adjacent waters,onset,False,True,False,,R1,R2,accepted,"R1 and R2 independently confirmed the source, issue date, geographic relevance, document role, signal-family assignment, and pre-onset classification. The record is not treated as clean E051 lead-time evidence because its issue date overlaps an earlier active PortWatch episode.",Existing_Metadata_preserved,,,,,legacy_reviewed,legacy_reviewed,Existing metadata preserved without modification,legacy_accepted,2026-02-26,8.0,51.0,False,E051
E051_UKMTO_WARNING_onset,E051,51,test,E051,E051/UKMTO_WARNING/onset/20260307-UKMTO_WARNING_016-26-UK-OS-UPDATE_001.pdf,7d26187564b8762ab428c64522820e18dcfcc53abe4e09591030b785abb63227,236962,True,local_original,UKMTO_WARNING,7d26187564b8762a,UKMTO-WARNING-016-26,update,2026-03-07,2026-03-07,,,,Strait of Hormuz and adjacent waters,onset,False,True,True,UKMTO-WARNING-016-26,R1,R2,accepted,"R1 and R2 independently confirmed the source, issue date, geographic relevance, document role, signal-family assignment, and pre-onset classification. The record is not treated as clean E051 lead-time evidence because its issue date overlaps an earlier active PortWatch episode.",Existing_Metadata_preserved,,,,,legacy_reviewed,legacy_reviewed,Existing metadata preserved without modification,legacy_accepted,2026-02-26,9.0,51.0,False,E051
E051_UKMTO_WARNING_onset,E051,51,test,E051,E051/UKMTO_WARNING/onset/20260307-UKMTO_WARNING_016-26-UK-OS.pdf,b0f0cb6c403f214c1060d88e852386b5e010c9a58c66ea86102f64c2d6e46154,231771,True,local_original,UKMTO_WARNING,b0f0cb6c403f214c,UKMTO-WARNING-016-26,positive_signal,2026-03-07,2026-03-07,,,,Strait of Hormuz and adjacent waters,onset,False,True,False,,R1,R2,accepted,"R1 and R2 independently confirmed the source, issue date, geographic relevance, document role, signal-family assignment, and pre-onset classification. The record is not treated as clean E051 lead-time evidence because its issue date overlaps an earlier active PortWatch episode.",Existing_Metadata_preserved,,,,,legacy_reviewed,legacy_reviewed,Existing metadata preserved without modification,legacy_accepted,2026-02-26,9.0,51.0,False,E051
E051_UKMTO_WARNING_onset,E051,51,test,E051,E051/UKMTO_WARNING/onset/20260310-UKMTO_WARNING_017-26.pdf,5fabeebe6a541762800e5df35f85fe4924639adc17fc6f6611fd300650b308bd,221416,True,local_original,UKMTO_WARNING,5fabeebe6a541762,UKMTO-WARNING-017-26,positive_signal,2026-03-10,2026-03-10,,,,Strait of Hormuz and adjacent waters,onset,False,True,False,,R1,R2,accepted,"R1 and R2 independently confirmed the source, issue date, geographic relevance, document role, signal-family assignment, and pre-onset classification. The record is not treated as clean E051 lead-time evidence because its issue date overlaps an earlier active PortWatch episode.",Existing_Metadata_preserved,,,,,legacy_reviewed,legacy_reviewed,Existing metadata preserved without modification,legacy_accepted,2026-02-26,12.0,51.0,False,E051
E051_UKMTO_WARNING_onset,E051,51,test,E051,E051/UKMTO_WARNING/onset/20260311-UKMTO_WARNING_018-26-UPDATE_001.pdf,90c27e74095070693f88d918dcd29c59525cf304abb818a4692b5f23570cc714,318347,True,local_original,UKMTO_WARNING,90c27e7409507069,UKMTO-WARNING-018-26,update,2026-03-11,2026-03-11,,,,Strait of Hormuz and adjacent waters,onset,False,True,True,UKMTO-WARNING-018-26,R1,R2,accepted,"R1 and R2 independently confirmed the source, issue date, geographic relevance, document role, signal-family assignment, and pre-onset classification. The record is not treated as clean E051 lead-time evidence because its issue date overlaps an earlier active PortWatch episode.",Existing_Metadata_preserved,,,,,legacy_reviewed,legacy_reviewed,Existing metadata preserved without modification,legacy_accepted,2026-02-26,13.0,51.0,False,E051
E051_UKMTO_WARNING_onset,E051,51,test,E051,E051/UKMTO_WARNING/onset/20260311-UKMTO_WARNING_018-26.pdf,4e1ccb838582a7cdb9b3a0bb8846ffe0133f88455842fb18f293d8817f9eafb8,317901,True,local_original,UKMTO_WARNING,4e1ccb838582a7cd,UKMTO-WARNING-018-26,positive_signal,2026-03-11,2026-03-11,,,,Strait of Hormuz and adjacent waters,onset,False,True,False,,R1,R2,accepted,"R1 and R2 independently confirmed the source, issue date, geographic relevance, document role, signal-family assignment, and pre-onset classification. The record is not treated as clean E051 lead-time evidence because its issue date overlaps an earlier active PortWatch episode.",Existing_Metadata_preserved,,,,,legacy_reviewed,legacy_reviewed,Existing metadata preserved without modification,legacy_accepted,2026-02-26,13.0,51.0,False,E051
E051_UKMTO_WARNING_onset,E051,51,test,E051,E051/UKMTO_WARNING/onset/20260311-UKMTO_WARNING_019-26.pdf,674d1c534aab1ec855ca59f47067face0d9e09a7e8a14d879a51ac7b006a7429,318733,True,local_original,UKMTO_WARNING,674d1c534aab1ec8,UKMTO-WARNING-019-26,positive_signal,2026-03-11,2026-03-11,,,,Strait of Hormuz and adjacent waters,onset,False,True,False,,R1,R2,accepted,"R1 and R2 independently confirmed the source, issue date, geographic relevance, document role, signal-family assignment, and pre-onset classification. The record is not treated as clean E051 lead-time evidence because its issue date overlaps an earlier active PortWatch episode.",Existing_Metadata_preserved,,,,,legacy_reviewed,legacy_reviewed,Existing metadata preserved without modification,legacy_accepted,2026-02-26,13.0,51.0,False,E051
E051_UKMTO_WARNING_onset,E051,51,test,E051,E051/UKMTO_WARNING/onset/20260311-UKMTO_WARNING_020-26.pdf,afa56e1c8bd85a34832341aabc012acef3af414dbc3baf2a4ac7e9de878eaa08,260797,True,local_original,UKMTO_WARNING,afa56e1c8bd85a34,UKMTO-WARNING-020-26,positive_signal,2026-03-11,2026-03-11,,,,Strait of Hormuz and adjacent waters,onset,False,True,False,,R1,R2,accepted,"R1 and R2 independently confirmed the source, issue date, geographic relevance, document role, signal-family assignment, and pre-onset classification. The record is not treated as clean E051 lead-time evidence because its issue date overlaps an earlier active PortWatch episode.",Existing_Metadata_preserved,,,,,legacy_reviewed,legacy_reviewed,Existing metadata preserved without modification,legacy_accepted,2026-02-26,13.0,51.0,False,E051
E051_UKMTO_WARNING_onset,E051,51,test,E051,E051/UKMTO_WARNING/onset/20260311-UKMTO_WARNING_021-26-UPDATE_001.pdf,35515481beede5e213a4e0663582959313c5b3884b2f331c0ceb34ca14bd5e15,209318,True,local_original,UKMTO_WARNING,35515481beede5e2,UKMTO-WARNING-021-26,update,2026-03-11,2026-03-11,,,,Strait of Hormuz and adjacent waters,onset,False,True,True,UKMTO-WARNING-021-26,R1,R2,accepted,"R1 and R2 independently confirmed the source, issue date, geographic relevance, document role, signal-family assignment, and pre-onset classification. The record is not treated as clean E051 lead-time evidence because its issue date overlaps an earlier active PortWatch episode.",Existing_Metadata_preserved,,,,,legacy_reviewed,legacy_reviewed,Existing metadata preserved without modification,legacy_accepted,2026-02-26,13.0,51.0,False,E051
E051_UKMTO_WARNING_onset,E051,51,test,E051,E051/UKMTO_WARNING/onset/20260311-UKMTO_WARNING_021-26.pdf,c0b3baac7c1b17614ea5d9d9ac55966ee54bd8b43ab01ac86151f1a965e27813,220786,True,local_original,UKMTO_WARNING,c0b3baac7c1b1761,UKMTO-WARNING-021-26,positive_signal,2026-03-11,2026-03-11,,,,Strait of Hormuz and adjacent waters,onset,False,True,False,,R1,R2,accepted,"R1 and R2 independently confirmed the source, issue date, geographic relevance, document role, signal-family assignment, and pre-onset classification. The record is not treated as clean E051 lead-time evidence because its issue date overlaps an earlier active PortWatch episode.",Existing_Metadata_preserved,,,,,legacy_reviewed,legacy_reviewed,Existing metadata preserved without modification,legacy_accepted,2026-02-26,13.0,51.0,False,E051
E051_UKMTO_WARNING_onset,E051,51,test,E051,E051/UKMTO_WARNING/onset/20260312-UKMTO_WARNING_022-26.pdf,ed1be8a30a355eabb9c7f0fcc83996b78724befd81ffdd45d2bc440f42203983,235479,True,local_original,UKMTO_WARNING,ed1be8a30a355eab,UKMTO-WARNING-022-26,positive_signal,2026-03-12,2026-03-12,,,,Strait of Hormuz and adjacent waters,onset,False,True,False,,R1,R2,accepted,"R1 and R2 independently confirmed the source, issue date, geographic relevance, document role, signal-family assignment, and pre-onset classification. The record is not treated as clean E051 lead-time evidence because its issue date overlaps an earlier active PortWatch episode.",Existing_Metadata_preserved,,,,,legacy_reviewed,legacy_reviewed,Existing metadata preserved without modification,legacy_accepted,2026-02-26,14.0,51.0,False,E051
E051_GARD_pre_onset,E051,51,test,E051,E051/GARD/pre_onset/E051_GARD_PreOnset_Search_Hormuz_Captured-2026-09-11.pdf,,0,False,metadata_reference_only,GARD,,,zero_result_capture,,,,,,Strait of Hormuz and adjacent waters,pre_onset,True,True,False,,R1,R2,accepted,Complete official Gard query; no qualifying geographically relevant record published during 2026-01-27 through 2026-02-25.,Existing_Metadata_preserved,,,,,legacy_reviewed,legacy_reviewed,Existing metadata preserved without modification,not_applicable,2026-02-26,,,False,E051
E051_GARD_pre_onset,E051,51,test,E051,E051/GARD/pre_onset/E051_GARD_PreOnset_Search_Persian-Gulf_Captured-2026-09-11.pdf,,0,False,metadata_reference_only,GARD,,,zero_result_capture,,,,,,Persian/Arabian Gulf and adjacent waters,pre_onset,True,True,False,,R1,R2,accepted,Complete official Gard query; no qualifying geographically relevant record published during 2026-01-27 through 2026-02-25.,Existing_Metadata_preserved,,,,,legacy_reviewed,legacy_reviewed,Existing metadata preserved without modification,not_applicable,2026-02-26,,,False,E051
E051_GARD_pre_onset,E051,51,test,E051,E051/GARD/pre_onset/E051_GARD_PreOnset_Search_Gulf-of-Oman_Captured-2026-09-11.pdf,,0,False,metadata_reference_only,GARD,,,zero_result_capture,,,,,,Gulf of Oman and adjacent waters,pre_onset,True,True,False,,R1,R2,accepted,Complete official Gard query; no qualifying geographically relevant record published during 2026-01-27 through 2026-02-25.,Existing_Metadata_preserved,,,,,legacy_reviewed,legacy_reviewed,Existing metadata preserved without modification,not_applicable,2026-02-26,,,False,E051
E051_GARD_pre_onset,E051,51,test,E051,E051/GARD/pre_onset/E051_GARD_PreOnset_Search_Iran_Captured-2026-09-11.pdf,,0,False,metadata_reference_only,GARD,,,zero_result_capture,,,,,,Iran and adjacent waters,pre_onset,True,True,False,,R1,R2,accepted,Official Gard Iran query results 1-20 of 36; adjudication depends on the companion page-02 capture.,Existing_Metadata_preserved,,,,,legacy_reviewed,legacy_reviewed,Existing metadata preserved without modification,not_applicable,2026-02-26,,,False,E051
E051_GARD_pre_onset,E051,51,test,E051,E051/GARD/pre_onset/E051_GARD_PreOnset_Search_Iran_Page-02_Captured-2026-09-11.pdf,,0,False,metadata_reference_only,GARD,,,zero_result_capture,,,,,,Iran and adjacent waters,pre_onset,True,True,False,,R1,R2,accepted,Official Gard Iran query results 21-36 of 36; collectively complete with the first-page capture and contains no qualifying in-window record.,Existing_Metadata_preserved,,,,,legacy_reviewed,legacy_reviewed,Existing metadata preserved without modification,not_applicable,2026-02-26,,,False,E051
E051_GARD_pre_onset,E051,51,test,E051,E051/GARD/pre_onset/E051_GARD_PreOnset_Search_Navigational-Warning_Captured-2026-09-11.pdf,,0,False,metadata_reference_only,GARD,,,zero_result_capture,,,,,,Strait of Hormuz and adjacent waters,pre_onset,True,True,False,,R1,R2,accepted,Official Gard query results 1-19 of 19. The 2026-02-19 heavy-weather article is inside the date window but is not Hormuz-specific or geopolitical disruption evidence.,Existing_Metadata_preserved,,,,,legacy_reviewed,legacy_reviewed,Existing metadata preserved without modification,not_applicable,2026-02-26,,,False,E051
E051_GARD_pre_onset,E051,51,test,E051,E051/GARD/pre_onset/E051_GARD_PreOnset_Search_War-Risk_Captured-2026-09-11.pdf,,0,False,metadata_reference_only,GARD,,,zero_result_capture,,,,,,Strait of Hormuz and adjacent waters,pre_onset,True,True,False,,R1,R2,accepted,Official Gard war-risk query results 1-20 of 131; adjudication depends on companion pages 02-07.,Existing_Metadata_preserved,,,,,legacy_reviewed,legacy_reviewed,Existing metadata preserved without modification,not_applicable,2026-02-26,,,False,E051
E051_GARD_pre_onset,E051,51,test,E051,E051/GARD/pre_onset/E051_GARD_PreOnset_Search_War-Risk_Page-02_Captured-2026-09-11.pdf,,0,False,metadata_reference_only,GARD,,,zero_result_capture,,,,,,Strait of Hormuz and adjacent waters,pre_onset,True,True,False,,R1,R2,accepted,Official Gard war-risk query results 21-40 of 131; no qualifying in-window record.,Existing_Metadata_preserved,,,,,legacy_reviewed,legacy_reviewed,Existing metadata preserved without modification,not_applicable,2026-02-26,,,False,E051
E051_GARD_pre_onset,E051,51,test,E051,E051/GARD/pre_onset/E051_GARD_PreOnset_Search_War-Risk_Page-03_Captured-2026-09-11.pdf,,0,False,metadata_reference_only,GARD,,,zero_result_capture,,,,,,Strait of Hormuz and adjacent waters,pre_onset,True,True,False,,R1,R2,accepted,Official Gard war-risk query results 41-60 of 131; no qualifying in-window record.,Existing_Metadata_preserved,,,,,legacy_reviewed,legacy_reviewed,Existing metadata preserved without modification,not_applicable,2026-02-26,,,False,E051
E051_GARD_pre_onset,E051,51,test,E051,E051/GARD/pre_onset/E051_GARD_PreOnset_Search_War-Risk_Page-04_Captured-2026-09-11.pdf,,0,False,metadata_reference_only,GARD,,,zero_result_capture,,,,,,Strait of Hormuz and adjacent waters,pre_onset,True,True,False,,R1,R2,accepted,Official Gard war-risk query results 61-80 of 131; no qualifying in-window record.,Existing_Metadata_preserved,,,,,legacy_reviewed,legacy_reviewed,Existing metadata preserved without modification,not_applicable,2026-02-26,,,False,E051
E051_GARD_pre_onset,E051,51,test,E051,E051/GARD/pre_onset/E051_GARD_PreOnset_Search_War-Risk_Page-05_Captured-2026-09-11.pdf,,0,False,metadata_reference_only,GARD,,,zero_result_capture,,,,,,Strait of Hormuz and adjacent waters,pre_onset,True,True,False,,R1,R2,accepted,Official Gard war-risk query results 81-100 of 131; the relevant Gulf-conflict result is dated 2026-02-28 and therefore falls after the fixed pre-onset cutoff.,Existing_Metadata_preserved,,,,,legacy_reviewed,legacy_reviewed,Existing metadata preserved without modification,not_applicable,2026-02-26,,,False,E051
E051_GARD_pre_onset,E051,51,test,E051,E051/GARD/pre_onset/E051_GARD_PreOnset_Search_War-Risk_Page-06_Captured-2026-09-11.pdf,,0,False,metadata_reference_only,GARD,,,zero_result_capture,,,,,,Strait of Hormuz and adjacent waters,pre_onset,True,True,False,,R1,R2,accepted,Official Gard war-risk query results 101-120 of 131; no qualifying in-window record.,Existing_Metadata_preserved,,,,,legacy_reviewed,legacy_reviewed,Existing metadata preserved without modification,not_applicable,2026-02-26,,,False,E051
E051_GARD_pre_onset,E051,51,test,E051,E051/GARD/pre_onset/E051_GARD_PreOnset_Search_War-Risk_Page-07_Captured-2026-09-11.pdf,,0,False,metadata_reference_only,GARD,,,zero_result_capture,,,,,,Strait of Hormuz and adjacent waters,pre_onset,True,True,False,,R1,R2,accepted,Official Gard war-risk query results 121-131 of 131; collectively completes the 131-result audit and contains no qualifying in-window record.,Existing_Metadata_preserved,,,,,legacy_reviewed,legacy_reviewed,Existing metadata preserved without modification,not_applicable,2026-02-26,,,False,E051
E051_GARD_pre_onset,E051,51,test,E051,E051/GARD/pre_onset/E051_GARD_PreOnset_Sitemap_Captured-2026-09-11.pdf,,0,False,metadata_reference_only,GARD,,,methodology,,,,,,Gard public sitemap,pre_onset,False,True,False,,R1,R2,accepted,Official sitemap capture documents the public index endpoints; it is an audit artifact and does not itself satisfy source-window coverage.,Existing_Metadata_preserved,,,,,legacy_reviewed,legacy_reviewed,Existing metadata preserved without modification,not_applicable,2026-02-26,,,False,E051
E051_IUA_JWC_LMA_pre_onset,E051,51,test,E051,E051/IUA_JWC_LMA/pre_onset/E051_LMA_PreOnset_Listed-Areas_Search-Audit_Captured-2026-09-11.pdf,,0,False,metadata_reference_only,IUA_JWC_LMA,,,access_limitation,,,,,,Persian/Arabian Gulf and listed areas,pre_onset,False,True,False,,R1,R2,accepted,"Official current Listed Areas page is preserved, but the historical briefing archive is member-only. This documents an access limitation, not a confirmed zero result, and does not satisfy coverage.",Existing_Metadata_preserved,,,,,legacy_reviewed,legacy_reviewed,Existing metadata preserved without modification,not_applicable,2026-02-26,,,False,E051
E038_MARAD_pre_onset,E038,38,test,E038,MARAD/E038_MARAD_pre_onset__all-alerts.pdf,1cf2d79d0aae6b3ba674820a14729f45ba6a5f9a1388419eae8417ef2acad586,251714,True,local_original,MARAD,1cf2d79d0aae6b3b,,zero_result_capture,,,,,,Strait of Hormuz / Persian-Arabian Gulf and adjacent waters,pre_onset,True,True,False,,R1,R2,accepted,"R1 / R2, accepted. Acceptance records a scoped archive/search zero, not proof of no real-world disruption or universal nonissuance. Evidence and limitations: Official date-only cancelled-alert search for 2025-01-27 through 2025-02-25. No listed results. Scope is retrieved MARAD alerts, not all advisories or all maritime incidents. Active alerts are not date-filtered. The zero is bounded by the displayed date filters and empty result section.",Existing_Metadata_preserved,,,,,legacy_reviewed,legacy_reviewed,Existing metadata preserved without modification,not_applicable,2025-02-26,,,False,E038
E038_GARD_pre_onset,E038,38,test,E038,Shared/Gard/Gard_Sitemap.pdf,18363d1d97d37223b53524fce41d2cd010a34f39ddbdfce57b7eadcfce19cd0c,73730,True,local_original,GARD,18363d1d97d37223,,methodology,,,,,,Strait of Hormuz / Persian-Arabian Gulf and adjacent waters,pre_onset,False,True,False,,R1,R2,accepted,"R1 / R2, accepted. Acceptance applies to the background/audit role only; this row is not a positive predictive signal and does not automatically establish source-window coverage. Evidence and limitations: Sitemap index only. Documents endpoints; not an article-level complete inventory and not source-window coverage.",Existing_Metadata_preserved,,,,,legacy_reviewed,legacy_reviewed,Existing metadata preserved without modification,not_applicable,2025-02-26,,,False,E038
E038_GARD_pre_onset,E038,38,test,E038,Shared/Gard/Gulf_of_Oman.pdf,daac667780825cad5fafac4ca1b3154868fce658a11b467073c3c8e1f6cc2b4c,2551271,True,local_original,GARD,daac667780825cad,,zero_result_capture,,,,,,Strait of Hormuz / Persian-Arabian Gulf and adjacent waters,pre_onset,True,True,False,,R1,R2,accepted,"R1 / R2, accepted. Acceptance records a scoped archive/search zero, not proof of no real-world disruption or universal nonissuance. Evidence and limitations: Search pagination 1-9 of 9. The recorded scoped-zero coding identifies no qualifying new corridor-relevant security/insurance-risk publication in 2025-01-27 through 2025-02-25 on this query page. A zero is valid only for jointly screened in-window hits across all companion pages.",Existing_Metadata_preserved,,,,,legacy_reviewed,legacy_reviewed,Existing metadata preserved without modification,not_applicable,2025-02-26,,,False,E038
E038_GARD_pre_onset,E038,38,test,E038,Shared/Gard/Hormuz.pdf,e29669cf76b7be6b7529254cbea1996be9ab827226884f494dee1e8b960d3d39,3884226,True,local_original,GARD,e29669cf76b7be6b,,zero_result_capture,,,,,,Strait of Hormuz / Persian-Arabian Gulf and adjacent waters,pre_onset,True,True,False,,R1,R2,accepted,"R1 / R2, accepted. Acceptance records a scoped archive/search zero, not proof of no real-world disruption or universal nonissuance. Evidence and limitations: Search pagination 1-9 of 9. The recorded scoped-zero coding identifies no qualifying new corridor-relevant security/insurance-risk publication in 2025-01-27 through 2025-02-25 on this query page. A zero is valid only for jointly screened in-window hits across all companion pages.",Existing_Metadata_preserved,,,,,legacy_reviewed,legacy_reviewed,Existing metadata preserved without modification,not_applicable,2025-02-26,,,False,E038
E038_GARD_pre_onset,E038,38,test,E038,Shared/Gard/Iran_Page1.pdf,e1c6c65f16a866c34d6ed05c8dd9577258ebdf62c21bfc2eb804efc409f130da,4802322,True,local_original,GARD,e1c6c65f16a866c3,,zero_result_capture,,,,,,Strait of Hormuz / Persian-Arabian Gulf and adjacent waters,pre_onset,True,True,False,,R1,R2,accepted,"R1 / R2, accepted. Acceptance records a scoped archive/search zero, not proof of no real-world disruption or universal nonissuance. Evidence and limitations: Search pagination 1-20 of 36. The recorded scoped-zero coding identifies no qualifying new corridor-relevant security/insurance-risk publication in 2025-01-27 through 2025-02-25 on this query page. A zero is valid only for jointly screened in-window hits across all companion pages. Iran pages 1-2 must be assessed together.",Existing_Metadata_preserved,,,,,legacy_reviewed,legacy_reviewed,Existing metadata preserved without modification,not_applicable,2025-02-26,,,False,E038
E038_GARD_pre_onset,E038,38,test,E038,Shared/Gard/Iran_Page2.pdf,0d02c0d9a178bb4a8c7b9c81abd6cc8c33a2a28578c69521e9550c631677dc5d,3602778,True,local_original,GARD,0d02c0d9a178bb4a,,zero_result_capture,,,,,,Strait of Hormuz / Persian-Arabian Gulf and adjacent waters,pre_onset,True,True,False,,R1,R2,accepted,"R1 / R2, accepted. Acceptance records a scoped archive/search zero, not proof of no real-world disruption or universal nonissuance. Evidence and limitations: Search pagination 21-36 of 36. The recorded scoped-zero coding identifies no qualifying new corridor-relevant security/insurance-risk publication in 2025-01-27 through 2025-02-25 on this query page. A zero is valid only for jointly screened in-window hits across all companion pages. Iran pages 1-2 must be assessed together.",Existing_Metadata_preserved,,,,,legacy_reviewed,legacy_reviewed,Existing metadata preserved without modification,not_applicable,2025-02-26,,,False,E038
E038_GARD_pre_onset,E038,38,test,E038,Shared/Gard/Persian_Gulf.pdf,895c35391f216d83f770d5659373b92869952b3d7e066dae18936573f805b526,5435970,True,local_original,GARD,895c35391f216d83,,zero_result_capture,,,,,,Strait of Hormuz / Persian-Arabian Gulf and adjacent waters,pre_onset,True,True,False,,R1,R2,accepted,"R1 / R2, accepted. Acceptance records a scoped archive/search zero, not proof of no real-world disruption or universal nonissuance. Evidence and limitations: Search pagination 1-16 of 16. The recorded scoped-zero coding identifies no qualifying new corridor-relevant security/insurance-risk publication in 2025-01-27 through 2025-02-25 on this query page. A zero is valid only for jointly screened in-window hits across all companion pages.",Existing_Metadata_preserved,,,,,legacy_reviewed,legacy_reviewed,Existing metadata preserved without modification,not_applicable,2025-02-26,,,False,E038
E038_GARD_pre_onset,E038,38,test,E038,Shared/Gard/Shared_Gard_Search_navigational-warning_retrieved-2026-09-12.pdf,729b1bb3f1de986ca5bc45b2288223870c27ba60685b228459beb1fc6a6e8188,10445482,True,local_original,GARD,729b1bb3f1de986c,,zero_result_capture,,,,,,Strait of Hormuz / Persian-Arabian Gulf and adjacent waters,pre_onset,True,True,False,,R1,R2,accepted,"R1 / R2, accepted. Acceptance records a scoped archive/search zero, not proof of no real-world disruption or universal nonissuance. Evidence and limitations: Search pagination 1-19 of 19. The recorded scoped-zero coding identifies no qualifying new corridor-relevant security/insurance-risk publication in 2025-01-27 through 2025-02-25 on this query page. A zero is valid only for jointly screened in-window hits across all companion pages.",Existing_Metadata_preserved,,,,,legacy_reviewed,legacy_reviewed,Existing metadata preserved without modification,not_applicable,2025-02-26,,,False,E038
E038_GARD_pre_onset,E038,38,test,E038,Shared/Gard/war_risk_page1.pdf,1031afdbd323baab5feff05b7e4c81dfcdf2b9b235d2298b011efeeab284e736,8317123,True,local_original,GARD,1031afdbd323baab,,zero_result_capture,,,,,,Strait of Hormuz / Persian-Arabian Gulf and adjacent waters,pre_onset,True,True,False,,R1,R2,accepted,"R1 / R2, accepted. Acceptance records a scoped archive/search zero, not proof of no real-world disruption or universal nonissuance. Evidence and limitations: Search pagination 1-20 of 131. The recorded scoped-zero coding identifies no qualifying new corridor-relevant security/insurance-risk publication in 2025-01-27 through 2025-02-25 on this query page. A zero is valid only for jointly screened in-window hits across all companion pages. War-risk pages 1-7 must be assessed together. Broad keyword matches include unrelated Russia sanctions, pollution and prize announcements; keywords alone do not establish eligibility.",Existing_Metadata_preserved,,,,,legacy_reviewed,legacy_reviewed,Existing metadata preserved without modification,not_applicable,2025-02-26,,,False,E038
E038_GARD_pre_onset,E038,38,test,E038,Shared/Gard/war_risk_page2.pdf,c68db5d501a5e600192ecb0705b83c37199361d637ea86b9db14f1b165d392e1,4730220,True,local_original,GARD,c68db5d501a5e600,,zero_result_capture,,,,,,Strait of Hormuz / Persian-Arabian Gulf and adjacent waters,pre_onset,True,True,False,,R1,R2,accepted,"R1 / R2, accepted. Acceptance records a scoped archive/search zero, not proof of no real-world disruption or universal nonissuance. Evidence and limitations: Search pagination 21-40 of 131. The recorded scoped-zero coding identifies no qualifying new corridor-relevant security/insurance-risk publication in 2025-01-27 through 2025-02-25 on this query page. A zero is valid only for jointly screened in-window hits across all companion pages. War-risk pages 1-7 must be assessed together. Broad keyword matches include unrelated Russia sanctions, pollution and prize announcements; keywords alone do not establish eligibility.",Existing_Metadata_preserved,,,,,legacy_reviewed,legacy_reviewed,Existing metadata preserved without modification,not_applicable,2025-02-26,,,False,E038
E038_GARD_pre_onset,E038,38,test,E038,Shared/Gard/war_risk_page3.pdf,b3a567a935a7a6545d5632bf1a53b09bf3c9ca09f127a04561dad92da2a6c14b,921339,True,local_original,GARD,b3a567a935a7a654,,zero_result_capture,,,,,,Strait of Hormuz / Persian-Arabian Gulf and adjacent waters,pre_onset,True,True,False,,R1,R2,accepted,"R1 / R2, accepted. Acceptance records a scoped archive/search zero, not proof of no real-world disruption or universal nonissuance. Evidence and limitations: Search pagination 41-60 of 131. The recorded scoped-zero coding identifies no qualifying new corridor-relevant security/insurance-risk publication in 2025-01-27 through 2025-02-25 on this query page. A zero is valid only for jointly screened in-window hits across all companion pages. War-risk pages 1-7 must be assessed together. Broad keyword matches include unrelated Russia sanctions, pollution and prize announcements; keywords alone do not establish eligibility.",Existing_Metadata_preserved,,,,,legacy_reviewed,legacy_reviewed,Existing metadata preserved without modification,not_applicable,2025-02-26,,,False,E038
E038_GARD_pre_onset,E038,38,test,E038,Shared/Gard/war_risk_page4.pdf,313642e43771170259b9227c2929abb1a5c907c5e2509d4d5bc35c8803f05595,931495,True,local_original,GARD,313642e437711702,,zero_result_capture,,,,,,Strait of Hormuz / Persian-Arabian Gulf and adjacent waters,pre_onset,True,True,False,,R1,R2,accepted,"R1 / R2, accepted. Acceptance records a scoped archive/search zero, not proof of no real-world disruption or universal nonissuance. Evidence and limitations: Search pagination 61-80 of 131. The recorded scoped-zero coding identifies no qualifying new corridor-relevant security/insurance-risk publication in 2025-01-27 through 2025-02-25 on this query page. A zero is valid only for jointly screened in-window hits across all companion pages. War-risk pages 1-7 must be assessed together. Broad keyword matches include unrelated Russia sanctions, pollution and prize announcements; keywords alone do not establish eligibility.",Existing_Metadata_preserved,,,,,legacy_reviewed,legacy_reviewed,Existing metadata preserved without modification,not_applicable,2025-02-26,,,False,E038
E038_GARD_pre_onset,E038,38,test,E038,Shared/Gard/war_risk_page5.pdf,8742e90804c5d23711418cacd36bb3f779a82aa40a57207e4b9915f8e93e3154,4269408,True,local_original,GARD,8742e90804c5d237,,zero_result_capture,,,,,,Strait of Hormuz / Persian-Arabian Gulf and adjacent waters,pre_onset,True,True,False,,R1,R2,accepted,"R1 / R2, accepted. Acceptance records a scoped archive/search zero, not proof of no real-world disruption or universal nonissuance. Evidence and limitations: Search pagination 81-100 of 131. The recorded scoped-zero coding identifies no qualifying new corridor-relevant security/insurance-risk publication in 2025-01-27 through 2025-02-25 on this query page. A zero is valid only for jointly screened in-window hits across all companion pages. War-risk pages 1-7 must be assessed together. Broad keyword matches include unrelated Russia sanctions, pollution and prize announcements; keywords alone do not establish eligibility.",Existing_Metadata_preserved,,,,,legacy_reviewed,legacy_reviewed,Existing metadata preserved without modification,not_applicable,2025-02-26,,,False,E038
E038_GARD_pre_onset,E038,38,test,E038,Shared/Gard/war_risk_page6.pdf,0955d34746021d3cae1cca840fd08d7939b5ec127d927c2bdccf39cef35d9bc8,1947318,True,local_original,GARD,0955d34746021d3c,,zero_result_capture,,,,,,Strait of Hormuz / Persian-Arabian Gulf and adjacent waters,pre_onset,True,True,False,,R1,R2,accepted,"R1 / R2, accepted. Acceptance records a scoped archive/search zero, not proof of no real-world disruption or universal nonissuance. Evidence and limitations: Search pagination 101-120 of 131. The recorded scoped-zero coding identifies no qualifying new corridor-relevant security/insurance-risk publication in 2025-01-27 through 2025-02-25 on this query page. A zero is valid only for jointly screened in-window hits across all companion pages. War-risk pages 1-7 must be assessed together. Broad keyword matches include unrelated Russia sanctions, pollution and prize announcements; keywords alone do not establish eligibility.",Existing_Metadata_preserved,,,,,legacy_reviewed,legacy_reviewed,Existing metadata preserved without modification,not_applicable,2025-02-26,,,False,E038
E038_GARD_pre_onset,E038,38,test,E038,Shared/Gard/war_risk_page7.pdf,7b8435c8d0abc35ef42624a0fc519174da7441249eb0fcb207edb3f33b672825,1455539,True,local_original,GARD,7b8435c8d0abc35e,,zero_result_capture,,,,,,Strait of Hormuz / Persian-Arabian Gulf and adjacent waters,pre_onset,True,True,False,,R1,R2,accepted,"R1 / R2, accepted. Acceptance records a scoped archive/search zero, not proof of no real-world disruption or universal nonissuance. Evidence and limitations: Search pagination 121-131 of 131. The recorded scoped-zero coding identifies no qualifying new corridor-relevant security/insurance-risk publication in 2025-01-27 through 2025-02-25 on this query page. A zero is valid only for jointly screened in-window hits across all companion pages. War-risk pages 1-7 must be assessed together. Broad keyword matches include unrelated Russia sanctions, pollution and prize announcements; keywords alone do not establish eligibility.",Existing_Metadata_preserved,,,,,legacy_reviewed,legacy_reviewed,Existing metadata preserved without modification,not_applicable,2025-02-26,,,False,E038
E038_IUA_JWC_LMA_pre_onset,E038,38,test,E038,Shared/IUA-JWC/Shared_IUA_JWC_JWLA-032_issued-2023-12-18.pdf,b237c08e9b7e13cc014717ddb65d3ccd93c4bcad782fdb27a974f2e6209756fc,201988,True,local_original,IUA_JWC_LMA,b237c08e9b7e13cc,JWC-JWLA-032,methodology,2023-12-18,2023-12-18,,,,Strait of Hormuz / Persian-Arabian Gulf and adjacent waters,pre_onset,False,True,False,,R1,R2,accepted,"R1 / R2, accepted. Acceptance applies to the background/audit role only; this row is not a positive predictive signal and does not automatically establish source-window coverage. Evidence and limitations: Historical listed-area baseline, issued 2023-12-18. Structural risk classification, not a new signal in this 2025 window. Do not count the same circular as an independent episode or a premium increase.",Existing_Metadata_preserved,,,,,legacy_reviewed,legacy_reviewed,Existing metadata preserved without modification,not_applicable,2025-02-26,-436.0,,False,E038
E038_IUA_JWC_LMA_pre_onset,E038,38,test,E038,Shared/IUA-JWC/Shared_IUA_JWC_JWLA-033_issued-2026-03-03.pdf,a4661edf771326f259ecff9d6b7a5c4e454b9fe24d2561b2e6cca4db61d808e6,208144,True,local_original,IUA_JWC_LMA,a4661edf771326f2,JWC-JWLA-033,methodology,2026-03-03,2026-03-03,,,,Strait of Hormuz / Persian-Arabian Gulf and adjacent waters,pre_onset,False,True,False,,R1,R2,accepted,"R1 / R2, accepted. Acceptance applies to the background/audit role only; this row is not a positive predictive signal and does not automatically establish source-window coverage. Evidence and limitations: Successor circular issued 2026-03-03. Historical succession audit only; unavailable in every 2025 prediction window. Exclude from all 2025 features.",Existing_Metadata_preserved,,,,,legacy_reviewed,legacy_reviewed,Existing metadata preserved without modification,not_applicable,2025-02-26,370.0,51.0,False,E038
E038_IUA_JWC_LMA_pre_onset,E038,38,test,E038,Shared/IUA-JWC/Shared_LMA_JWC_Minutes_2025-06-04_no-immediate-changes.pdf,78595b6bdf7d1d59910aaab2c1d9987c3b92c6af3fa09cefc522c990c18a33ad,159907,True,local_original,IUA_JWC_LMA,78595b6bdf7d1d59,,methodology,2025-06-04,2025-06-04,,,,Strait of Hormuz / Persian-Arabian Gulf and adjacent waters,pre_onset,False,True,False,,R1,R2,accepted,"R1 / R2, accepted. Acceptance applies to the background/audit role only; this row is not a positive predictive signal and does not automatically establish source-window coverage. Evidence and limitations: JWC minutes dated 2025-06-04 state no immediate changes. Background/succession evidence only. Does not independently prove every later window had no risk or premium change.",Existing_Metadata_preserved,,,,,legacy_reviewed,legacy_reviewed,Existing metadata preserved without modification,not_applicable,2025-02-26,98.0,,False,E038
E038_IUA_JWC_LMA_pre_onset,E038,38,test,E038,Shared_IUA_JWC_Risk_List_Index_retrieved-2026-09-12.pdf,f4c16af4f088586b0d84cccebc8fa55bfcc2a483ce3dbb242a67bbf16bd61c26,170779,True,local_original,IUA_JWC_LMA,f4c16af4f088586b,,zero_result_capture,,,,,,Strait of Hormuz / Persian-Arabian Gulf and adjacent waters,pre_onset,True,True,False,,R1,R2,accepted,"R1 / R2, accepted. Acceptance records a scoped archive/search zero, not proof of no real-world disruption or universal nonissuance. Evidence and limitations: Retrieved official historical risk-list index lists no new JWC listed-area circular issued in 2025-01-27 through 2025-02-25. Supports a scoped zero for list-change publications only. Not evidence of zero insurance premiums, no risk, or complete insurer activity. Historical index is a retrospective capture; reviewers must verify list succession.",Existing_Metadata_preserved,,,,,legacy_reviewed,legacy_reviewed,Existing metadata preserved without modification,not_applicable,2025-02-26,,,False,E038
E038_IUA_JWC_LMA_pre_onset,E038,38,test,E038,Shared_LMA_JWC_Listed-Areas_methodology_retrieved-2026-09-11.pdf,e4b9facc55c4c73d741185ac504b1b36bdd3b3dd90e8f7e1618d0d15b679029e,1337165,True,local_original,IUA_JWC_LMA,e4b9facc55c4c73d,,methodology,,,,,,Strait of Hormuz / Persian-Arabian Gulf and adjacent waters,pre_onset,False,True,False,,R1,R2,accepted,"R1 / R2, accepted. Acceptance applies to the background/audit role only; this row is not a positive predictive signal and does not automatically establish source-window coverage. Evidence and limitations: Current LMA Listed Areas methodology. Premiums are individually negotiated; JWC does not set rates. Background only, not a historical premium observation or source-window zero.",Existing_Metadata_preserved,,,,,legacy_reviewed,legacy_reviewed,Existing metadata preserved without modification,not_applicable,2025-02-26,,,False,E038
E038_MARAD_onset,E038,38,test,E038,MARAD/E038_MARAD_onset__all-alerts.pdf,9c606a0b78ac18f66f1859c56447cdd911331279d4049151164d087bc10f50a2,252925,True,local_original,MARAD,9c606a0b78ac18f6,,zero_result_capture,,,,,,Strait of Hormuz / Persian-Arabian Gulf and adjacent waters,onset,True,True,False,,R1,R2,accepted,"R1 / R2, accepted. Acceptance records a scoped archive/search zero, not proof of no real-world disruption or universal nonissuance. Evidence and limitations: Official date-only cancelled-alert search for 2025-02-26 through 2025-03-12. No listed results. Scope is retrieved MARAD alerts, not all advisories or all maritime incidents. Active alerts are not date-filtered. The zero is bounded by the displayed date filters and empty result section.",Existing_Metadata_preserved,,,,,legacy_reviewed,legacy_reviewed,Existing metadata preserved without modification,not_applicable,2025-02-26,,,False,E038
E038_GARD_onset,E038,38,test,E038,Shared/Gard/Gard_Sitemap.pdf,18363d1d97d37223b53524fce41d2cd010a34f39ddbdfce57b7eadcfce19cd0c,73730,True,local_original,GARD,18363d1d97d37223,,methodology,,,,,,Strait of Hormuz / Persian-Arabian Gulf and adjacent waters,onset,False,True,False,,R1,R2,accepted,"R1 / R2, accepted. Acceptance applies to the background/audit role only; this row is not a positive predictive signal and does not automatically establish source-window coverage. Evidence and limitations: Sitemap index only. Documents endpoints; not an article-level complete inventory and not source-window coverage.",Existing_Metadata_preserved,,,,,legacy_reviewed,legacy_reviewed,Existing metadata preserved without modification,not_applicable,2025-02-26,,,False,E038
E038_GARD_onset,E038,38,test,E038,Shared/Gard/Gulf_of_Oman.pdf,daac667780825cad5fafac4ca1b3154868fce658a11b467073c3c8e1f6cc2b4c,2551271,True,local_original,GARD,daac667780825cad,,zero_result_capture,,,,,,Strait of Hormuz / Persian-Arabian Gulf and adjacent waters,onset,True,True,False,,R1,R2,accepted,"R1 / R2, accepted. Acceptance records a scoped archive/search zero, not proof of no real-world disruption or universal nonissuance. Evidence and limitations: Search pagination 1-9 of 9. The recorded scoped-zero coding identifies no qualifying new corridor-relevant security/insurance-risk publication in 2025-02-26 through 2025-03-12 on this query page. A zero is valid only for jointly screened in-window hits across all companion pages.",Existing_Metadata_preserved,,,,,legacy_reviewed,legacy_reviewed,Existing metadata preserved without modification,not_applicable,2025-02-26,,,False,E038
E038_GARD_onset,E038,38,test,E038,Shared/Gard/Hormuz.pdf,e29669cf76b7be6b7529254cbea1996be9ab827226884f494dee1e8b960d3d39,3884226,True,local_original,GARD,e29669cf76b7be6b,,zero_result_capture,,,,,,Strait of Hormuz / Persian-Arabian Gulf and adjacent waters,onset,True,True,False,,R1,R2,accepted,"R1 / R2, accepted. Acceptance records a scoped archive/search zero, not proof of no real-world disruption or universal nonissuance. Evidence and limitations: Search pagination 1-9 of 9. The recorded scoped-zero coding identifies no qualifying new corridor-relevant security/insurance-risk publication in 2025-02-26 through 2025-03-12 on this query page. A zero is valid only for jointly screened in-window hits across all companion pages.",Existing_Metadata_preserved,,,,,legacy_reviewed,legacy_reviewed,Existing metadata preserved without modification,not_applicable,2025-02-26,,,False,E038
E038_GARD_onset,E038,38,test,E038,Shared/Gard/Iran_Page1.pdf,e1c6c65f16a866c34d6ed05c8dd9577258ebdf62c21bfc2eb804efc409f130da,4802322,True,local_original,GARD,e1c6c65f16a866c3,,zero_result_capture,,,,,,Strait of Hormuz / Persian-Arabian Gulf and adjacent waters,onset,True,True,False,,R1,R2,accepted,"R1 / R2, accepted. Acceptance records a scoped archive/search zero, not proof of no real-world disruption or universal nonissuance. Evidence and limitations: Search pagination 1-20 of 36. The recorded scoped-zero coding identifies no qualifying new corridor-relevant security/insurance-risk publication in 2025-02-26 through 2025-03-12 on this query page. A zero is valid only for jointly screened in-window hits across all companion pages. Iran pages 1-2 must be assessed together.",Existing_Metadata_preserved,,,,,legacy_reviewed,legacy_reviewed,Existing metadata preserved without modification,not_applicable,2025-02-26,,,False,E038
E038_GARD_onset,E038,38,test,E038,Shared/Gard/Iran_Page2.pdf,0d02c0d9a178bb4a8c7b9c81abd6cc8c33a2a28578c69521e9550c631677dc5d,3602778,True,local_original,GARD,0d02c0d9a178bb4a,,zero_result_capture,,,,,,Strait of Hormuz / Persian-Arabian Gulf and adjacent waters,onset,True,True,False,,R1,R2,accepted,"R1 / R2, accepted. Acceptance records a scoped archive/search zero, not proof of no real-world disruption or universal nonissuance. Evidence and limitations: Search pagination 21-36 of 36. The recorded scoped-zero coding identifies no qualifying new corridor-relevant security/insurance-risk publication in 2025-02-26 through 2025-03-12 on this query page. A zero is valid only for jointly screened in-window hits across all companion pages. Iran pages 1-2 must be assessed together.",Existing_Metadata_preserved,,,,,legacy_reviewed,legacy_reviewed,Existing metadata preserved without modification,not_applicable,2025-02-26,,,False,E038
E038_GARD_onset,E038,38,test,E038,Shared/Gard/Persian_Gulf.pdf,895c35391f216d83f770d5659373b92869952b3d7e066dae18936573f805b526,5435970,True,local_original,GARD,895c35391f216d83,,zero_result_capture,,,,,,Strait of Hormuz / Persian-Arabian Gulf and adjacent waters,onset,True,True,False,,R1,R2,accepted,"R1 / R2, accepted. Acceptance records a scoped archive/search zero, not proof of no real-world disruption or universal nonissuance. Evidence and limitations: Search pagination 1-16 of 16. The recorded scoped-zero coding identifies no qualifying new corridor-relevant security/insurance-risk publication in 2025-02-26 through 2025-03-12 on this query page. A zero is valid only for jointly screened in-window hits across all companion pages.",Existing_Metadata_preserved,,,,,legacy_reviewed,legacy_reviewed,Existing metadata preserved without modification,not_applicable,2025-02-26,,,False,E038
E038_GARD_onset,E038,38,test,E038,Shared/Gard/Shared_Gard_Search_navigational-warning_retrieved-2026-09-12.pdf,729b1bb3f1de986ca5bc45b2288223870c27ba60685b228459beb1fc6a6e8188,10445482,True,local_original,GARD,729b1bb3f1de986c,,zero_result_capture,,,,,,Strait of Hormuz / Persian-Arabian Gulf and adjacent waters,onset,True,True,False,,R1,R2,accepted,"R1 / R2, accepted. Acceptance records a scoped archive/search zero, not proof of no real-world disruption or universal nonissuance. Evidence and limitations: Search pagination 1-19 of 19. The recorded scoped-zero coding identifies no qualifying new corridor-relevant security/insurance-risk publication in 2025-02-26 through 2025-03-12 on this query page. A zero is valid only for jointly screened in-window hits across all companion pages.",Existing_Metadata_preserved,,,,,legacy_reviewed,legacy_reviewed,Existing metadata preserved without modification,not_applicable,2025-02-26,,,False,E038
E038_GARD_onset,E038,38,test,E038,Shared/Gard/war_risk_page1.pdf,1031afdbd323baab5feff05b7e4c81dfcdf2b9b235d2298b011efeeab284e736,8317123,True,local_original,GARD,1031afdbd323baab,,zero_result_capture,,,,,,Strait of Hormuz / Persian-Arabian Gulf and adjacent waters,onset,True,True,False,,R1,R2,accepted,"R1 / R2, accepted. Acceptance records a scoped archive/search zero, not proof of no real-world disruption or universal nonissuance. Evidence and limitations: Search pagination 1-20 of 131. The recorded scoped-zero coding identifies no qualifying new corridor-relevant security/insurance-risk publication in 2025-02-26 through 2025-03-12 on this query page. A zero is valid only for jointly screened in-window hits across all companion pages. War-risk pages 1-7 must be assessed together. Broad keyword matches include unrelated Russia sanctions, pollution and prize announcements; keywords alone do not establish eligibility.",Existing_Metadata_preserved,,,,,legacy_reviewed,legacy_reviewed,Existing metadata preserved without modification,not_applicable,2025-02-26,,,False,E038
E038_GARD_onset,E038,38,test,E038,Shared/Gard/war_risk_page2.pdf,c68db5d501a5e600192ecb0705b83c37199361d637ea86b9db14f1b165d392e1,4730220,True,local_original,GARD,c68db5d501a5e600,,zero_result_capture,,,,,,Strait of Hormuz / Persian-Arabian Gulf and adjacent waters,onset,True,True,False,,R1,R2,accepted,"R1 / R2, accepted. Acceptance records a scoped archive/search zero, not proof of no real-world disruption or universal nonissuance. Evidence and limitations: Search pagination 21-40 of 131. The recorded scoped-zero coding identifies no qualifying new corridor-relevant security/insurance-risk publication in 2025-02-26 through 2025-03-12 on this query page. A zero is valid only for jointly screened in-window hits across all companion pages. War-risk pages 1-7 must be assessed together. Broad keyword matches include unrelated Russia sanctions, pollution and prize announcements; keywords alone do not establish eligibility.",Existing_Metadata_preserved,,,,,legacy_reviewed,legacy_reviewed,Existing metadata preserved without modification,not_applicable,2025-02-26,,,False,E038
E038_GARD_onset,E038,38,test,E038,Shared/Gard/war_risk_page3.pdf,b3a567a935a7a6545d5632bf1a53b09bf3c9ca09f127a04561dad92da2a6c14b,921339,True,local_original,GARD,b3a567a935a7a654,,zero_result_capture,,,,,,Strait of Hormuz / Persian-Arabian Gulf and adjacent waters,onset,True,True,False,,R1,R2,accepted,"R1 / R2, accepted. Acceptance records a scoped archive/search zero, not proof of no real-world disruption or universal nonissuance. Evidence and limitations: Search pagination 41-60 of 131. The recorded scoped-zero coding identifies no qualifying new corridor-relevant security/insurance-risk publication in 2025-02-26 through 2025-03-12 on this query page. A zero is valid only for jointly screened in-window hits across all companion pages. War-risk pages 1-7 must be assessed together. Broad keyword matches include unrelated Russia sanctions, pollution and prize announcements; keywords alone do not establish eligibility.",Existing_Metadata_preserved,,,,,legacy_reviewed,legacy_reviewed,Existing metadata preserved without modification,not_applicable,2025-02-26,,,False,E038
E038_GARD_onset,E038,38,test,E038,Shared/Gard/war_risk_page4.pdf,313642e43771170259b9227c2929abb1a5c907c5e2509d4d5bc35c8803f05595,931495,True,local_original,GARD,313642e437711702,,zero_result_capture,,,,,,Strait of Hormuz / Persian-Arabian Gulf and adjacent waters,onset,True,True,False,,R1,R2,accepted,"R1 / R2, accepted. Acceptance records a scoped archive/search zero, not proof of no real-world disruption or universal nonissuance. Evidence and limitations: Search pagination 61-80 of 131. The recorded scoped-zero coding identifies no qualifying new corridor-relevant security/insurance-risk publication in 2025-02-26 through 2025-03-12 on this query page. A zero is valid only for jointly screened in-window hits across all companion pages. War-risk pages 1-7 must be assessed together. Broad keyword matches include unrelated Russia sanctions, pollution and prize announcements; keywords alone do not establish eligibility.",Existing_Metadata_preserved,,,,,legacy_reviewed,legacy_reviewed,Existing metadata preserved without modification,not_applicable,2025-02-26,,,False,E038
E038_GARD_onset,E038,38,test,E038,Shared/Gard/war_risk_page5.pdf,8742e90804c5d23711418cacd36bb3f779a82aa40a57207e4b9915f8e93e3154,4269408,True,local_original,GARD,8742e90804c5d237,,zero_result_capture,,,,,,Strait of Hormuz / Persian-Arabian Gulf and adjacent waters,onset,True,True,False,,R1,R2,accepted,"R1 / R2, accepted. Acceptance records a scoped archive/search zero, not proof of no real-world disruption or universal nonissuance. Evidence and limitations: Search pagination 81-100 of 131. The recorded scoped-zero coding identifies no qualifying new corridor-relevant security/insurance-risk publication in 2025-02-26 through 2025-03-12 on this query page. A zero is valid only for jointly screened in-window hits across all companion pages. War-risk pages 1-7 must be assessed together. Broad keyword matches include unrelated Russia sanctions, pollution and prize announcements; keywords alone do not establish eligibility.",Existing_Metadata_preserved,,,,,legacy_reviewed,legacy_reviewed,Existing metadata preserved without modification,not_applicable,2025-02-26,,,False,E038
E038_GARD_onset,E038,38,test,E038,Shared/Gard/war_risk_page6.pdf,0955d34746021d3cae1cca840fd08d7939b5ec127d927c2bdccf39cef35d9bc8,1947318,True,local_original,GARD,0955d34746021d3c,,zero_result_capture,,,,,,Strait of Hormuz / Persian-Arabian Gulf and adjacent waters,onset,True,True,False,,R1,R2,accepted,"R1 / R2, accepted. Acceptance records a scoped archive/search zero, not proof of no real-world disruption or universal nonissuance. Evidence and limitations: Search pagination 101-120 of 131. The recorded scoped-zero coding identifies no qualifying new corridor-relevant security/insurance-risk publication in 2025-02-26 through 2025-03-12 on this query page. A zero is valid only for jointly screened in-window hits across all companion pages. War-risk pages 1-7 must be assessed together. Broad keyword matches include unrelated Russia sanctions, pollution and prize announcements; keywords alone do not establish eligibility.",Existing_Metadata_preserved,,,,,legacy_reviewed,legacy_reviewed,Existing metadata preserved without modification,not_applicable,2025-02-26,,,False,E038
E038_GARD_onset,E038,38,test,E038,Shared/Gard/war_risk_page7.pdf,7b8435c8d0abc35ef42624a0fc519174da7441249eb0fcb207edb3f33b672825,1455539,True,local_original,GARD,7b8435c8d0abc35e,,zero_result_capture,,,,,,Strait of Hormuz / Persian-Arabian Gulf and adjacent waters,onset,True,True,False,,R1,R2,accepted,"R1 / R2, accepted. Acceptance records a scoped archive/search zero, not proof of no real-world disruption or universal nonissuance. Evidence and limitations: Search pagination 121-131 of 131. The recorded scoped-zero coding identifies no qualifying new corridor-relevant security/insurance-risk publication in 2025-02-26 through 2025-03-12 on this query page. A zero is valid only for jointly screened in-window hits across all companion pages. War-risk pages 1-7 must be assessed together. Broad keyword matches include unrelated Russia sanctions, pollution and prize announcements; keywords alone do not establish eligibility.",Existing_Metadata_preserved,,,,,legacy_reviewed,legacy_reviewed,Existing metadata preserved without modification,not_applicable,2025-02-26,,,False,E038
E038_IUA_JWC_LMA_onset,E038,38,test,E038,Shared/IUA-JWC/Shared_IUA_JWC_JWLA-032_issued-2023-12-18.pdf,b237c08e9b7e13cc014717ddb65d3ccd93c4bcad782fdb27a974f2e6209756fc,201988,True,local_original,IUA_JWC_LMA,b237c08e9b7e13cc,JWC-JWLA-032,methodology,2023-12-18,2023-12-18,,,,Strait of Hormuz / Persian-Arabian Gulf and adjacent waters,onset,False,True,False,,R1,R2,accepted,"R1 / R2, accepted. Acceptance applies to the background/audit role only; this row is not a positive predictive signal and does not automatically establish source-window coverage. Evidence and limitations: Historical listed-area baseline, issued 2023-12-18. Structural risk classification, not a new signal in this 2025 window. Do not count the same circular as an independent episode or a premium increase.",Existing_Metadata_preserved,,,,,legacy_reviewed,legacy_reviewed,Existing metadata preserved without modification,not_applicable,2025-02-26,-436.0,,False,E038
E038_IUA_JWC_LMA_onset,E038,38,test,E038,Shared/IUA-JWC/Shared_IUA_JWC_JWLA-033_issued-2026-03-03.pdf,a4661edf771326f259ecff9d6b7a5c4e454b9fe24d2561b2e6cca4db61d808e6,208144,True,local_original,IUA_JWC_LMA,a4661edf771326f2,JWC-JWLA-033,methodology,2026-03-03,2026-03-03,,,,Strait of Hormuz / Persian-Arabian Gulf and adjacent waters,onset,False,True,False,,R1,R2,accepted,"R1 / R2, accepted. Acceptance applies to the background/audit role only; this row is not a positive predictive signal and does not automatically establish source-window coverage. Evidence and limitations: Successor circular issued 2026-03-03. Historical succession audit only; unavailable in every 2025 prediction window. Exclude from all 2025 features.",Existing_Metadata_preserved,,,,,legacy_reviewed,legacy_reviewed,Existing metadata preserved without modification,not_applicable,2025-02-26,370.0,51.0,False,E038
E038_IUA_JWC_LMA_onset,E038,38,test,E038,Shared/IUA-JWC/Shared_LMA_JWC_Minutes_2025-06-04_no-immediate-changes.pdf,78595b6bdf7d1d59910aaab2c1d9987c3b92c6af3fa09cefc522c990c18a33ad,159907,True,local_original,IUA_JWC_LMA,78595b6bdf7d1d59,,methodology,2025-06-04,2025-06-04,,,,Strait of Hormuz / Persian-Arabian Gulf and adjacent waters,onset,False,True,False,,R1,R2,accepted,"R1 / R2, accepted. Acceptance applies to the background/audit role only; this row is not a positive predictive signal and does not automatically establish source-window coverage. Evidence and limitations: JWC minutes dated 2025-06-04 state no immediate changes. Background/succession evidence only. Does not independently prove every later window had no risk or premium change.",Existing_Metadata_preserved,,,,,legacy_reviewed,legacy_reviewed,Existing metadata preserved without modification,not_applicable,2025-02-26,98.0,,False,E038
E038_IUA_JWC_LMA_onset,E038,38,test,E038,Shared_IUA_JWC_Risk_List_Index_retrieved-2026-09-12.pdf,f4c16af4f088586b0d84cccebc8fa55bfcc2a483ce3dbb242a67bbf16bd61c26,170779,True,local_original,IUA_JWC_LMA,f4c16af4f088586b,,zero_result_capture,,,,,,Strait of Hormuz / Persian-Arabian Gulf and adjacent waters,onset,True,True,False,,R1,R2,accepted,"R1 / R2, accepted. Acceptance records a scoped archive/search zero, not proof of no real-world disruption or universal nonissuance. Evidence and limitations: Retrieved official historical risk-list index lists no new JWC listed-area circular issued in 2025-02-26 through 2025-03-12. Supports a scoped zero for list-change publications only. Not evidence of zero insurance premiums, no risk, or complete insurer activity. Historical index is a retrospective capture; reviewers must verify list succession.",Existing_Metadata_preserved,,,,,legacy_reviewed,legacy_reviewed,Existing metadata preserved without modification,not_applicable,2025-02-26,,,False,E038
E038_IUA_JWC_LMA_onset,E038,38,test,E038,Shared_LMA_JWC_Listed-Areas_methodology_retrieved-2026-09-11.pdf,e4b9facc55c4c73d741185ac504b1b36bdd3b3dd90e8f7e1618d0d15b679029e,1337165,True,local_original,IUA_JWC_LMA,e4b9facc55c4c73d,,methodology,,,,,,Strait of Hormuz / Persian-Arabian Gulf and adjacent waters,onset,False,True,False,,R1,R2,accepted,"R1 / R2, accepted. Acceptance applies to the background/audit role only; this row is not a positive predictive signal and does not automatically establish source-window coverage. Evidence and limitations: Current LMA Listed Areas methodology. Premiums are individually negotiated; JWC does not set rates. Background only, not a historical premium observation or source-window zero.",Existing_Metadata_preserved,,,,,legacy_reviewed,legacy_reviewed,Existing metadata preserved without modification,not_applicable,2025-02-26,,,False,E038
E042_MARAD_pre_onset,E042,42,test,E042,MARAD/E042_MARAD_pre_onset__all-alerts.pdf,5605315d7beb0c63225405e59ed97d52a7b3c2952a12c5526b0dbfb0560e0978,254315,True,local_original,MARAD,5605315d7beb0c63,,zero_result_capture,,,,,,Strait of Hormuz / Persian-Arabian Gulf and adjacent waters,pre_onset,True,True,False,,R1,R2,accepted,"R1 / R2, accepted. Acceptance records a scoped archive/search zero, not proof of no real-world disruption or universal nonissuance. Evidence and limitations: Official date-only cancelled-alert search for 2025-07-16 through 2025-08-14. No listed results. Scope is retrieved MARAD alerts, not all advisories or all maritime incidents. Active alerts are not date-filtered. The zero is bounded by the displayed date filters and empty result section.",Existing_Metadata_preserved,,,,,legacy_reviewed,legacy_reviewed,Existing metadata preserved without modification,not_applicable,2025-08-15,,,False,E042
E042_GARD_pre_onset,E042,42,test,E042,Shared/Gard/Gard_Sitemap.pdf,18363d1d97d37223b53524fce41d2cd010a34f39ddbdfce57b7eadcfce19cd0c,73730,True,local_original,GARD,18363d1d97d37223,,methodology,,,,,,Strait of Hormuz / Persian-Arabian Gulf and adjacent waters,pre_onset,False,True,False,,R1,R2,accepted,"R1 / R2, accepted. Acceptance applies to the background/audit role only; this row is not a positive predictive signal and does not automatically establish source-window coverage. Evidence and limitations: Sitemap index only. Documents endpoints; not an article-level complete inventory and not source-window coverage.",Existing_Metadata_preserved,,,,,legacy_reviewed,legacy_reviewed,Existing metadata preserved without modification,not_applicable,2025-08-15,,,False,E042
E042_GARD_pre_onset,E042,42,test,E042,Shared/Gard/Gulf_of_Oman.pdf,daac667780825cad5fafac4ca1b3154868fce658a11b467073c3c8e1f6cc2b4c,2551271,True,local_original,GARD,daac667780825cad,,zero_result_capture,,,,,,Strait of Hormuz / Persian-Arabian Gulf and adjacent waters,pre_onset,True,True,False,,R1,R2,accepted,"R1 / R2, accepted. Acceptance records a scoped archive/search zero, not proof of no real-world disruption or universal nonissuance. Evidence and limitations: Search pagination 1-9 of 9. The recorded scoped-zero coding identifies no qualifying new corridor-relevant security/insurance-risk publication in 2025-07-16 through 2025-08-14 on this query page. A zero is valid only for jointly screened in-window hits across all companion pages.",Existing_Metadata_preserved,,,,,legacy_reviewed,legacy_reviewed,Existing metadata preserved without modification,not_applicable,2025-08-15,,,False,E042
E042_GARD_pre_onset,E042,42,test,E042,Shared/Gard/Hormuz.pdf,e29669cf76b7be6b7529254cbea1996be9ab827226884f494dee1e8b960d3d39,3884226,True,local_original,GARD,e29669cf76b7be6b,,zero_result_capture,,,,,,Strait of Hormuz / Persian-Arabian Gulf and adjacent waters,pre_onset,True,True,False,,R1,R2,accepted,"R1 / R2, accepted. Acceptance records a scoped archive/search zero, not proof of no real-world disruption or universal nonissuance. Evidence and limitations: Search pagination 1-9 of 9. The recorded scoped-zero coding identifies no qualifying new corridor-relevant security/insurance-risk publication in 2025-07-16 through 2025-08-14 on this query page. A zero is valid only for jointly screened in-window hits across all companion pages.",Existing_Metadata_preserved,,,,,legacy_reviewed,legacy_reviewed,Existing metadata preserved without modification,not_applicable,2025-08-15,,,False,E042
E042_GARD_pre_onset,E042,42,test,E042,Shared/Gard/Iran_Page1.pdf,e1c6c65f16a866c34d6ed05c8dd9577258ebdf62c21bfc2eb804efc409f130da,4802322,True,local_original,GARD,e1c6c65f16a866c3,,zero_result_capture,,,,,,Strait of Hormuz / Persian-Arabian Gulf and adjacent waters,pre_onset,True,True,False,,R1,R2,accepted,"R1 / R2, accepted. Acceptance records a scoped archive/search zero, not proof of no real-world disruption or universal nonissuance. Evidence and limitations: Search pagination 1-20 of 36. The recorded scoped-zero coding identifies no qualifying new corridor-relevant security/insurance-risk publication in 2025-07-16 through 2025-08-14 on this query page. A zero is valid only for jointly screened in-window hits across all companion pages. Iran pages 1-2 must be assessed together.",Existing_Metadata_preserved,,,,,legacy_reviewed,legacy_reviewed,Existing metadata preserved without modification,not_applicable,2025-08-15,,,False,E042
E042_GARD_pre_onset,E042,42,test,E042,Shared/Gard/Iran_Page2.pdf,0d02c0d9a178bb4a8c7b9c81abd6cc8c33a2a28578c69521e9550c631677dc5d,3602778,True,local_original,GARD,0d02c0d9a178bb4a,,zero_result_capture,,,,,,Strait of Hormuz / Persian-Arabian Gulf and adjacent waters,pre_onset,True,True,False,,R1,R2,accepted,"R1 / R2, accepted. Acceptance records a scoped archive/search zero, not proof of no real-world disruption or universal nonissuance. Evidence and limitations: Search pagination 21-36 of 36. The recorded scoped-zero coding identifies no qualifying new corridor-relevant security/insurance-risk publication in 2025-07-16 through 2025-08-14 on this query page. A zero is valid only for jointly screened in-window hits across all companion pages. Iran pages 1-2 must be assessed together.",Existing_Metadata_preserved,,,,,legacy_reviewed,legacy_reviewed,Existing metadata preserved without modification,not_applicable,2025-08-15,,,False,E042
E042_GARD_pre_onset,E042,42,test,E042,Shared/Gard/Persian_Gulf.pdf,895c35391f216d83f770d5659373b92869952b3d7e066dae18936573f805b526,5435970,True,local_original,GARD,895c35391f216d83,,methodology,,,,,,Strait of Hormuz / Persian-Arabian Gulf and adjacent waters,pre_onset,False,True,False,,R1,R2,accepted,"R1 / R2, accepted. Acceptance applies to the background/audit role only; this row is not a positive predictive signal and does not automatically establish source-window coverage. Evidence and limitations: Search pagination 1-16 of 16. Contains GPS interference in geopolitical conflict zones, published 2025-07-22 (PDF p.3). Do NOT mark this query as zero for E042 pre-onset. Full official article retained separately; eligibility depends on whether the frozen rules include general insurer guidance.",Existing_Metadata_preserved,,,,,legacy_reviewed,legacy_reviewed,Existing metadata preserved without modification,not_applicable,2025-08-15,,,False,E042
E042_GARD_pre_onset,E042,42,test,E042,Shared/Gard/Shared_Gard_Search_navigational-warning_retrieved-2026-09-12.pdf,729b1bb3f1de986ca5bc45b2288223870c27ba60685b228459beb1fc6a6e8188,10445482,True,local_original,GARD,729b1bb3f1de986c,,zero_result_capture,,,,,,Strait of Hormuz / Persian-Arabian Gulf and adjacent waters,pre_onset,True,True,False,,R1,R2,accepted,"R1 / R2, accepted. Acceptance records a scoped archive/search zero, not proof of no real-world disruption or universal nonissuance. Evidence and limitations: Search pagination 1-19 of 19. The recorded scoped-zero coding identifies no qualifying new corridor-relevant security/insurance-risk publication in 2025-07-16 through 2025-08-14 on this query page. A zero is valid only for jointly screened in-window hits across all companion pages.",Existing_Metadata_preserved,,,,,legacy_reviewed,legacy_reviewed,Existing metadata preserved without modification,not_applicable,2025-08-15,,,False,E042
E042_GARD_pre_onset,E042,42,test,E042,Shared/Gard/war_risk_page1.pdf,1031afdbd323baab5feff05b7e4c81dfcdf2b9b235d2298b011efeeab284e736,8317123,True,local_original,GARD,1031afdbd323baab,,zero_result_capture,,,,,,Strait of Hormuz / Persian-Arabian Gulf and adjacent waters,pre_onset,True,True,False,,R1,R2,accepted,"R1 / R2, accepted. Acceptance records a scoped archive/search zero, not proof of no real-world disruption or universal nonissuance. Evidence and limitations: Search pagination 1-20 of 131. The recorded scoped-zero coding identifies no qualifying new corridor-relevant security/insurance-risk publication in 2025-07-16 through 2025-08-14 on this query page. A zero is valid only for jointly screened in-window hits across all companion pages. War-risk pages 1-7 must be assessed together. Broad keyword matches include unrelated Russia sanctions, pollution and prize announcements; keywords alone do not establish eligibility.",Existing_Metadata_preserved,,,,,legacy_reviewed,legacy_reviewed,Existing metadata preserved without modification,not_applicable,2025-08-15,,,False,E042
E042_GARD_pre_onset,E042,42,test,E042,Shared/Gard/war_risk_page2.pdf,c68db5d501a5e600192ecb0705b83c37199361d637ea86b9db14f1b165d392e1,4730220,True,local_original,GARD,c68db5d501a5e600,,zero_result_capture,,,,,,Strait of Hormuz / Persian-Arabian Gulf and adjacent waters,pre_onset,True,True,False,,R1,R2,accepted,"R1 / R2, accepted. Acceptance records a scoped archive/search zero, not proof of no real-world disruption or universal nonissuance. Evidence and limitations: Search pagination 21-40 of 131. The recorded scoped-zero coding identifies no qualifying new corridor-relevant security/insurance-risk publication in 2025-07-16 through 2025-08-14 on this query page. A zero is valid only for jointly screened in-window hits across all companion pages. War-risk pages 1-7 must be assessed together. Broad keyword matches include unrelated Russia sanctions, pollution and prize announcements; keywords alone do not establish eligibility.",Existing_Metadata_preserved,,,,,legacy_reviewed,legacy_reviewed,Existing metadata preserved without modification,not_applicable,2025-08-15,,,False,E042
E042_GARD_pre_onset,E042,42,test,E042,Shared/Gard/war_risk_page3.pdf,b3a567a935a7a6545d5632bf1a53b09bf3c9ca09f127a04561dad92da2a6c14b,921339,True,local_original,GARD,b3a567a935a7a654,,zero_result_capture,,,,,,Strait of Hormuz / Persian-Arabian Gulf and adjacent waters,pre_onset,True,True,False,,R1,R2,accepted,"R1 / R2, accepted. Acceptance records a scoped archive/search zero, not proof of no real-world disruption or universal nonissuance. Evidence and limitations: Search pagination 41-60 of 131. The recorded scoped-zero coding identifies no qualifying new corridor-relevant security/insurance-risk publication in 2025-07-16 through 2025-08-14 on this query page. A zero is valid only for jointly screened in-window hits across all companion pages. War-risk pages 1-7 must be assessed together. Broad keyword matches include unrelated Russia sanctions, pollution and prize announcements; keywords alone do not establish eligibility.",Existing_Metadata_preserved,,,,,legacy_reviewed,legacy_reviewed,Existing metadata preserved without modification,not_applicable,2025-08-15,,,False,E042
E042_GARD_pre_onset,E042,42,test,E042,Shared/Gard/war_risk_page4.pdf,313642e43771170259b9227c2929abb1a5c907c5e2509d4d5bc35c8803f05595,931495,True,local_original,GARD,313642e437711702,,zero_result_capture,,,,,,Strait of Hormuz / Persian-Arabian Gulf and adjacent waters,pre_onset,True,True,False,,R1,R2,accepted,"R1 / R2, accepted. Acceptance records a scoped archive/search zero, not proof of no real-world disruption or universal nonissuance. Evidence and limitations: Search pagination 61-80 of 131. The recorded scoped-zero coding identifies no qualifying new corridor-relevant security/insurance-risk publication in 2025-07-16 through 2025-08-14 on this query page. A zero is valid only for jointly screened in-window hits across all companion pages. War-risk pages 1-7 must be assessed together. Broad keyword matches include unrelated Russia sanctions, pollution and prize announcements; keywords alone do not establish eligibility.",Existing_Metadata_preserved,,,,,legacy_reviewed,legacy_reviewed,Existing metadata preserved without modification,not_applicable,2025-08-15,,,False,E042
E042_GARD_pre_onset,E042,42,test,E042,Shared/Gard/war_risk_page5.pdf,8742e90804c5d23711418cacd36bb3f779a82aa40a57207e4b9915f8e93e3154,4269408,True,local_original,GARD,8742e90804c5d237,,zero_result_capture,,,,,,Strait of Hormuz / Persian-Arabian Gulf and adjacent waters,pre_onset,True,True,False,,R1,R2,accepted,"R1 / R2, accepted. Acceptance records a scoped archive/search zero, not proof of no real-world disruption or universal nonissuance. Evidence and limitations: Search pagination 81-100 of 131. The recorded scoped-zero coding identifies no qualifying new corridor-relevant security/insurance-risk publication in 2025-07-16 through 2025-08-14 on this query page. A zero is valid only for jointly screened in-window hits across all companion pages. War-risk pages 1-7 must be assessed together. Broad keyword matches include unrelated Russia sanctions, pollution and prize announcements; keywords alone do not establish eligibility.",Existing_Metadata_preserved,,,,,legacy_reviewed,legacy_reviewed,Existing metadata preserved without modification,not_applicable,2025-08-15,,,False,E042
E042_GARD_pre_onset,E042,42,test,E042,Shared/Gard/war_risk_page6.pdf,0955d34746021d3cae1cca840fd08d7939b5ec127d927c2bdccf39cef35d9bc8,1947318,True,local_original,GARD,0955d34746021d3c,,zero_result_capture,,,,,,Strait of Hormuz / Persian-Arabian Gulf and adjacent waters,pre_onset,True,True,False,,R1,R2,accepted,"R1 / R2, accepted. Acceptance records a scoped archive/search zero, not proof of no real-world disruption or universal nonissuance. Evidence and limitations: Search pagination 101-120 of 131. The recorded scoped-zero coding identifies no qualifying new corridor-relevant security/insurance-risk publication in 2025-07-16 through 2025-08-14 on this query page. A zero is valid only for jointly screened in-window hits across all companion pages. War-risk pages 1-7 must be assessed together. Broad keyword matches include unrelated Russia sanctions, pollution and prize announcements; keywords alone do not establish eligibility.",Existing_Metadata_preserved,,,,,legacy_reviewed,legacy_reviewed,Existing metadata preserved without modification,not_applicable,2025-08-15,,,False,E042
E042_GARD_pre_onset,E042,42,test,E042,Shared/Gard/war_risk_page7.pdf,7b8435c8d0abc35ef42624a0fc519174da7441249eb0fcb207edb3f33b672825,1455539,True,local_original,GARD,7b8435c8d0abc35e,,zero_result_capture,,,,,,Strait of Hormuz / Persian-Arabian Gulf and adjacent waters,pre_onset,True,True,False,,R1,R2,accepted,"R1 / R2, accepted. Acceptance records a scoped archive/search zero, not proof of no real-world disruption or universal nonissuance. Evidence and limitations: Search pagination 121-131 of 131. The recorded scoped-zero coding identifies no qualifying new corridor-relevant security/insurance-risk publication in 2025-07-16 through 2025-08-14 on this query page. A zero is valid only for jointly screened in-window hits across all companion pages. War-risk pages 1-7 must be assessed together. Broad keyword matches include unrelated Russia sanctions, pollution and prize announcements; keywords alone do not establish eligibility.",Existing_Metadata_preserved,,,,,legacy_reviewed,legacy_reviewed,Existing metadata preserved without modification,not_applicable,2025-08-15,,,False,E042
E042_IUA_JWC_LMA_pre_onset,E042,42,test,E042,Shared/IUA-JWC/Shared_IUA_JWC_JWLA-032_issued-2023-12-18.pdf,b237c08e9b7e13cc014717ddb65d3ccd93c4bcad782fdb27a974f2e6209756fc,201988,True,local_original,IUA_JWC_LMA,b237c08e9b7e13cc,JWC-JWLA-032,methodology,2023-12-18,2023-12-18,,,,Strait of Hormuz / Persian-Arabian Gulf and adjacent waters,pre_onset,False,True,False,,R1,R2,accepted,"R1 / R2, accepted. Acceptance applies to the background/audit role only; this row is not a positive predictive signal and does not automatically establish source-window coverage. Evidence and limitations: Historical listed-area baseline, issued 2023-12-18. Structural risk classification, not a new signal in this 2025 window. Do not count the same circular as an independent episode or a premium increase.",Existing_Metadata_preserved,,,,,legacy_reviewed,legacy_reviewed,Existing metadata preserved without modification,not_applicable,2025-08-15,-606.0,,False,E042
E042_IUA_JWC_LMA_pre_onset,E042,42,test,E042,Shared/IUA-JWC/Shared_IUA_JWC_JWLA-033_issued-2026-03-03.pdf,a4661edf771326f259ecff9d6b7a5c4e454b9fe24d2561b2e6cca4db61d808e6,208144,True,local_original,IUA_JWC_LMA,a4661edf771326f2,JWC-JWLA-033,methodology,2026-03-03,2026-03-03,,,,Strait of Hormuz / Persian-Arabian Gulf and adjacent waters,pre_onset,False,True,False,,R1,R2,accepted,"R1 / R2, accepted. Acceptance applies to the background/audit role only; this row is not a positive predictive signal and does not automatically establish source-window coverage. Evidence and limitations: Successor circular issued 2026-03-03. Historical succession audit only; unavailable in every 2025 prediction window. Exclude from all 2025 features.",Existing_Metadata_preserved,,,,,legacy_reviewed,legacy_reviewed,Existing metadata preserved without modification,not_applicable,2025-08-15,200.0,51.0,False,E042
E042_IUA_JWC_LMA_pre_onset,E042,42,test,E042,Shared/IUA-JWC/Shared_LMA_JWC_Minutes_2025-06-04_no-immediate-changes.pdf,78595b6bdf7d1d59910aaab2c1d9987c3b92c6af3fa09cefc522c990c18a33ad,159907,True,local_original,IUA_JWC_LMA,78595b6bdf7d1d59,,methodology,2025-06-04,2025-06-04,,,,Strait of Hormuz / Persian-Arabian Gulf and adjacent waters,pre_onset,False,True,False,,R1,R2,accepted,"R1 / R2, accepted. Acceptance applies to the background/audit role only; this row is not a positive predictive signal and does not automatically establish source-window coverage. Evidence and limitations: JWC minutes dated 2025-06-04 state no immediate changes. Background/succession evidence only. Does not independently prove every later window had no risk or premium change.",Existing_Metadata_preserved,,,,,legacy_reviewed,legacy_reviewed,Existing metadata preserved without modification,not_applicable,2025-08-15,-72.0,,False,E042
E042_IUA_JWC_LMA_pre_onset,E042,42,test,E042,Shared_IUA_JWC_Risk_List_Index_retrieved-2026-09-12.pdf,f4c16af4f088586b0d84cccebc8fa55bfcc2a483ce3dbb242a67bbf16bd61c26,170779,True,local_original,IUA_JWC_LMA,f4c16af4f088586b,,zero_result_capture,,,,,,Strait of Hormuz / Persian-Arabian Gulf and adjacent waters,pre_onset,True,True,False,,R1,R2,accepted,"R1 / R2, accepted. Acceptance records a scoped archive/search zero, not proof of no real-world disruption or universal nonissuance. Evidence and limitations: Retrieved official historical risk-list index lists no new JWC listed-area circular issued in 2025-07-16 through 2025-08-14. Supports a scoped zero for list-change publications only. Not evidence of zero insurance premiums, no risk, or complete insurer activity. Historical index is a retrospective capture; reviewers must verify list succession.",Existing_Metadata_preserved,,,,,legacy_reviewed,legacy_reviewed,Existing metadata preserved without modification,not_applicable,2025-08-15,,,False,E042
E042_IUA_JWC_LMA_pre_onset,E042,42,test,E042,Shared_LMA_JWC_Listed-Areas_methodology_retrieved-2026-09-11.pdf,e4b9facc55c4c73d741185ac504b1b36bdd3b3dd90e8f7e1618d0d15b679029e,1337165,True,local_original,IUA_JWC_LMA,e4b9facc55c4c73d,,methodology,,,,,,Strait of Hormuz / Persian-Arabian Gulf and adjacent waters,pre_onset,False,True,False,,R1,R2,accepted,"R1 / R2, accepted. Acceptance applies to the background/audit role only; this row is not a positive predictive signal and does not automatically establish source-window coverage. Evidence and limitations: Current LMA Listed Areas methodology. Premiums are individually negotiated; JWC does not set rates. Background only, not a historical premium observation or source-window zero.",Existing_Metadata_preserved,,,,,legacy_reviewed,legacy_reviewed,Existing metadata preserved without modification,not_applicable,2025-08-15,,,False,E042
E042_MARAD_onset,E042,42,test,E042,MARAD/E042_MARAD_onset__all-alerts.pdf,e8ff66f5c697f531f07ae8b620369e95d8c35090571a2aa69551abc3dc17f335,252524,True,local_original,MARAD,e8ff66f5c697f531,,zero_result_capture,,,,,,Strait of Hormuz / Persian-Arabian Gulf and adjacent waters,onset,True,True,False,,R1,R2,accepted,"R1 / R2, accepted. Acceptance records a scoped archive/search zero, not proof of no real-world disruption or universal nonissuance. Evidence and limitations: Official date-only cancelled-alert search for 2025-08-15 through 2025-08-29. No listed results. Scope is retrieved MARAD alerts, not all advisories or all maritime incidents. Active alerts are not date-filtered. The zero is bounded by the displayed date filters and empty result section.",Existing_Metadata_preserved,,,,,legacy_reviewed,legacy_reviewed,Existing metadata preserved without modification,not_applicable,2025-08-15,,,False,E042
E042_GARD_onset,E042,42,test,E042,Shared/Gard/Gard_Sitemap.pdf,18363d1d97d37223b53524fce41d2cd010a34f39ddbdfce57b7eadcfce19cd0c,73730,True,local_original,GARD,18363d1d97d37223,,methodology,,,,,,Strait of Hormuz / Persian-Arabian Gulf and adjacent waters,onset,False,True,False,,R1,R2,accepted,"R1 / R2, accepted. Acceptance applies to the background/audit role only; this row is not a positive predictive signal and does not automatically establish source-window coverage. Evidence and limitations: Sitemap index only. Documents endpoints; not an article-level complete inventory and not source-window coverage.",Existing_Metadata_preserved,,,,,legacy_reviewed,legacy_reviewed,Existing metadata preserved without modification,not_applicable,2025-08-15,,,False,E042
E042_GARD_onset,E042,42,test,E042,Shared/Gard/Gulf_of_Oman.pdf,daac667780825cad5fafac4ca1b3154868fce658a11b467073c3c8e1f6cc2b4c,2551271,True,local_original,GARD,daac667780825cad,,zero_result_capture,,,,,,Strait of Hormuz / Persian-Arabian Gulf and adjacent waters,onset,True,True,False,,R1,R2,accepted,"R1 / R2, accepted. Acceptance records a scoped archive/search zero, not proof of no real-world disruption or universal nonissuance. Evidence and limitations: Search pagination 1-9 of 9. The recorded scoped-zero coding identifies no qualifying new corridor-relevant security/insurance-risk publication in 2025-08-15 through 2025-08-29 on this query page. A zero is valid only for jointly screened in-window hits across all companion pages.",Existing_Metadata_preserved,,,,,legacy_reviewed,legacy_reviewed,Existing metadata preserved without modification,not_applicable,2025-08-15,,,False,E042
E042_GARD_onset,E042,42,test,E042,Shared/Gard/Hormuz.pdf,e29669cf76b7be6b7529254cbea1996be9ab827226884f494dee1e8b960d3d39,3884226,True,local_original,GARD,e29669cf76b7be6b,,zero_result_capture,,,,,,Strait of Hormuz / Persian-Arabian Gulf and adjacent waters,onset,True,True,False,,R1,R2,accepted,"R1 / R2, accepted. Acceptance records a scoped archive/search zero, not proof of no real-world disruption or universal nonissuance. Evidence and limitations: Search pagination 1-9 of 9. The recorded scoped-zero coding identifies no qualifying new corridor-relevant security/insurance-risk publication in 2025-08-15 through 2025-08-29 on this query page. A zero is valid only for jointly screened in-window hits across all companion pages.",Existing_Metadata_preserved,,,,,legacy_reviewed,legacy_reviewed,Existing metadata preserved without modification,not_applicable,2025-08-15,,,False,E042
E042_GARD_onset,E042,42,test,E042,Shared/Gard/Iran_Page1.pdf,e1c6c65f16a866c34d6ed05c8dd9577258ebdf62c21bfc2eb804efc409f130da,4802322,True,local_original,GARD,e1c6c65f16a866c3,,zero_result_capture,,,,,,Strait of Hormuz / Persian-Arabian Gulf and adjacent waters,onset,True,True,False,,R1,R2,accepted,"R1 / R2, accepted. Acceptance records a scoped archive/search zero, not proof of no real-world disruption or universal nonissuance. Evidence and limitations: Search pagination 1-20 of 36. The recorded scoped-zero coding identifies no qualifying new corridor-relevant security/insurance-risk publication in 2025-08-15 through 2025-08-29 on this query page. A zero is valid only for jointly screened in-window hits across all companion pages. Iran pages 1-2 must be assessed together.",Existing_Metadata_preserved,,,,,legacy_reviewed,legacy_reviewed,Existing metadata preserved without modification,not_applicable,2025-08-15,,,False,E042
E042_GARD_onset,E042,42,test,E042,Shared/Gard/Iran_Page2.pdf,0d02c0d9a178bb4a8c7b9c81abd6cc8c33a2a28578c69521e9550c631677dc5d,3602778,True,local_original,GARD,0d02c0d9a178bb4a,,zero_result_capture,,,,,,Strait of Hormuz / Persian-Arabian Gulf and adjacent waters,onset,True,True,False,,R1,R2,accepted,"R1 / R2, accepted. Acceptance records a scoped archive/search zero, not proof of no real-world disruption or universal nonissuance. Evidence and limitations: Search pagination 21-36 of 36. The recorded scoped-zero coding identifies no qualifying new corridor-relevant security/insurance-risk publication in 2025-08-15 through 2025-08-29 on this query page. A zero is valid only for jointly screened in-window hits across all companion pages. Iran pages 1-2 must be assessed together.",Existing_Metadata_preserved,,,,,legacy_reviewed,legacy_reviewed,Existing metadata preserved without modification,not_applicable,2025-08-15,,,False,E042
E042_GARD_onset,E042,42,test,E042,Shared/Gard/Persian_Gulf.pdf,895c35391f216d83f770d5659373b92869952b3d7e066dae18936573f805b526,5435970,True,local_original,GARD,895c35391f216d83,,zero_result_capture,,,,,,Strait of Hormuz / Persian-Arabian Gulf and adjacent waters,onset,True,True,False,,R1,R2,accepted,"R1 / R2, accepted. Acceptance records a scoped archive/search zero, not proof of no real-world disruption or universal nonissuance. Evidence and limitations: Search pagination 1-16 of 16. The recorded scoped-zero coding identifies no qualifying new corridor-relevant security/insurance-risk publication in 2025-08-15 through 2025-08-29 on this query page. A zero is valid only for jointly screened in-window hits across all companion pages.",Existing_Metadata_preserved,,,,,legacy_reviewed,legacy_reviewed,Existing metadata preserved without modification,not_applicable,2025-08-15,,,False,E042
E042_GARD_onset,E042,42,test,E042,Shared/Gard/Shared_Gard_Search_navigational-warning_retrieved-2026-09-12.pdf,729b1bb3f1de986ca5bc45b2288223870c27ba60685b228459beb1fc6a6e8188,10445482,True,local_original,GARD,729b1bb3f1de986c,,zero_result_capture,,,,,,Strait of Hormuz / Persian-Arabian Gulf and adjacent waters,onset,True,True,False,,R1,R2,accepted,"R1 / R2, accepted. Acceptance records a scoped archive/search zero, not proof of no real-world disruption or universal nonissuance. Evidence and limitations: Search pagination 1-19 of 19. The recorded scoped-zero coding identifies no qualifying new corridor-relevant security/insurance-risk publication in 2025-08-15 through 2025-08-29 on this query page. A zero is valid only for jointly screened in-window hits across all companion pages.",Existing_Metadata_preserved,,,,,legacy_reviewed,legacy_reviewed,Existing metadata preserved without modification,not_applicable,2025-08-15,,,False,E042
E042_GARD_onset,E042,42,test,E042,Shared/Gard/war_risk_page1.pdf,1031afdbd323baab5feff05b7e4c81dfcdf2b9b235d2298b011efeeab284e736,8317123,True,local_original,GARD,1031afdbd323baab,,zero_result_capture,,,,,,Strait of Hormuz / Persian-Arabian Gulf and adjacent waters,onset,True,True,False,,R1,R2,accepted,"R1 / R2, accepted. Acceptance records a scoped archive/search zero, not proof of no real-world disruption or universal nonissuance. Evidence and limitations: Search pagination 1-20 of 131. The recorded scoped-zero coding identifies no qualifying new corridor-relevant security/insurance-risk publication in 2025-08-15 through 2025-08-29 on this query page. A zero is valid only for jointly screened in-window hits across all companion pages. War-risk pages 1-7 must be assessed together. Broad keyword matches include unrelated Russia sanctions, pollution and prize announcements; keywords alone do not establish eligibility.",Existing_Metadata_preserved,,,,,legacy_reviewed,legacy_reviewed,Existing metadata preserved without modification,not_applicable,2025-08-15,,,False,E042
E042_GARD_onset,E042,42,test,E042,Shared/Gard/war_risk_page2.pdf,c68db5d501a5e600192ecb0705b83c37199361d637ea86b9db14f1b165d392e1,4730220,True,local_original,GARD,c68db5d501a5e600,,zero_result_capture,,,,,,Strait of Hormuz / Persian-Arabian Gulf and adjacent waters,onset,True,True,False,,R1,R2,accepted,"R1 / R2, accepted. Acceptance records a scoped archive/search zero, not proof of no real-world disruption or universal nonissuance. Evidence and limitations: Search pagination 21-40 of 131. The recorded scoped-zero coding identifies no qualifying new corridor-relevant security/insurance-risk publication in 2025-08-15 through 2025-08-29 on this query page. A zero is valid only for jointly screened in-window hits across all companion pages. War-risk pages 1-7 must be assessed together. Broad keyword matches include unrelated Russia sanctions, pollution and prize announcements; keywords alone do not establish eligibility.",Existing_Metadata_preserved,,,,,legacy_reviewed,legacy_reviewed,Existing metadata preserved without modification,not_applicable,2025-08-15,,,False,E042
E042_GARD_onset,E042,42,test,E042,Shared/Gard/war_risk_page3.pdf,b3a567a935a7a6545d5632bf1a53b09bf3c9ca09f127a04561dad92da2a6c14b,921339,True,local_original,GARD,b3a567a935a7a654,,zero_result_capture,,,,,,Strait of Hormuz / Persian-Arabian Gulf and adjacent waters,onset,True,True,False,,R1,R2,accepted,"R1 / R2, accepted. Acceptance records a scoped archive/search zero, not proof of no real-world disruption or universal nonissuance. Evidence and limitations: Search pagination 41-60 of 131. The recorded scoped-zero coding identifies no qualifying new corridor-relevant security/insurance-risk publication in 2025-08-15 through 2025-08-29 on this query page. A zero is valid only for jointly screened in-window hits across all companion pages. War-risk pages 1-7 must be assessed together. Broad keyword matches include unrelated Russia sanctions, pollution and prize announcements; keywords alone do not establish eligibility.",Existing_Metadata_preserved,,,,,legacy_reviewed,legacy_reviewed,Existing metadata preserved without modification,not_applicable,2025-08-15,,,False,E042
E042_GARD_onset,E042,42,test,E042,Shared/Gard/war_risk_page4.pdf,313642e43771170259b9227c2929abb1a5c907c5e2509d4d5bc35c8803f05595,931495,True,local_original,GARD,313642e437711702,,zero_result_capture,,,,,,Strait of Hormuz / Persian-Arabian Gulf and adjacent waters,onset,True,True,False,,R1,R2,accepted,"R1 / R2, accepted. Acceptance records a scoped archive/search zero, not proof of no real-world disruption or universal nonissuance. Evidence and limitations: Search pagination 61-80 of 131. The recorded scoped-zero coding identifies no qualifying new corridor-relevant security/insurance-risk publication in 2025-08-15 through 2025-08-29 on this query page. A zero is valid only for jointly screened in-window hits across all companion pages. War-risk pages 1-7 must be assessed together. Broad keyword matches include unrelated Russia sanctions, pollution and prize announcements; keywords alone do not establish eligibility.",Existing_Metadata_preserved,,,,,legacy_reviewed,legacy_reviewed,Existing metadata preserved without modification,not_applicable,2025-08-15,,,False,E042
E042_GARD_onset,E042,42,test,E042,Shared/Gard/war_risk_page5.pdf,8742e90804c5d23711418cacd36bb3f779a82aa40a57207e4b9915f8e93e3154,4269408,True,local_original,GARD,8742e90804c5d237,,zero_result_capture,,,,,,Strait of Hormuz / Persian-Arabian Gulf and adjacent waters,onset,True,True,False,,R1,R2,accepted,"R1 / R2, accepted. Acceptance records a scoped archive/search zero, not proof of no real-world disruption or universal nonissuance. Evidence and limitations: Search pagination 81-100 of 131. The recorded scoped-zero coding identifies no qualifying new corridor-relevant security/insurance-risk publication in 2025-08-15 through 2025-08-29 on this query page. A zero is valid only for jointly screened in-window hits across all companion pages. War-risk pages 1-7 must be assessed together. Broad keyword matches include unrelated Russia sanctions, pollution and prize announcements; keywords alone do not establish eligibility.",Existing_Metadata_preserved,,,,,legacy_reviewed,legacy_reviewed,Existing metadata preserved without modification,not_applicable,2025-08-15,,,False,E042
E042_GARD_onset,E042,42,test,E042,Shared/Gard/war_risk_page6.pdf,0955d34746021d3cae1cca840fd08d7939b5ec127d927c2bdccf39cef35d9bc8,1947318,True,local_original,GARD,0955d34746021d3c,,zero_result_capture,,,,,,Strait of Hormuz / Persian-Arabian Gulf and adjacent waters,onset,True,True,False,,R1,R2,accepted,"R1 / R2, accepted. Acceptance records a scoped archive/search zero, not proof of no real-world disruption or universal nonissuance. Evidence and limitations: Search pagination 101-120 of 131. The recorded scoped-zero coding identifies no qualifying new corridor-relevant security/insurance-risk publication in 2025-08-15 through 2025-08-29 on this query page. A zero is valid only for jointly screened in-window hits across all companion pages. War-risk pages 1-7 must be assessed together. Broad keyword matches include unrelated Russia sanctions, pollution and prize announcements; keywords alone do not establish eligibility.",Existing_Metadata_preserved,,,,,legacy_reviewed,legacy_reviewed,Existing metadata preserved without modification,not_applicable,2025-08-15,,,False,E042
E042_GARD_onset,E042,42,test,E042,Shared/Gard/war_risk_page7.pdf,7b8435c8d0abc35ef42624a0fc519174da7441249eb0fcb207edb3f33b672825,1455539,True,local_original,GARD,7b8435c8d0abc35e,,zero_result_capture,,,,,,Strait of Hormuz / Persian-Arabian Gulf and adjacent waters,onset,True,True,False,,R1,R2,accepted,"R1 / R2, accepted. Acceptance records a scoped archive/search zero, not proof of no real-world disruption or universal nonissuance. Evidence and limitations: Search pagination 121-131 of 131. The recorded scoped-zero coding identifies no qualifying new corridor-relevant security/insurance-risk publication in 2025-08-15 through 2025-08-29 on this query page. A zero is valid only for jointly screened in-window hits across all companion pages. War-risk pages 1-7 must be assessed together. Broad keyword matches include unrelated Russia sanctions, pollution and prize announcements; keywords alone do not establish eligibility.",Existing_Metadata_preserved,,,,,legacy_reviewed,legacy_reviewed,Existing metadata preserved without modification,not_applicable,2025-08-15,,,False,E042
E042_IUA_JWC_LMA_onset,E042,42,test,E042,Shared/IUA-JWC/Shared_IUA_JWC_JWLA-032_issued-2023-12-18.pdf,b237c08e9b7e13cc014717ddb65d3ccd93c4bcad782fdb27a974f2e6209756fc,201988,True,local_original,IUA_JWC_LMA,b237c08e9b7e13cc,JWC-JWLA-032,methodology,2023-12-18,2023-12-18,,,,Strait of Hormuz / Persian-Arabian Gulf and adjacent waters,onset,False,True,False,,R1,R2,accepted,"R1 / R2, accepted. Acceptance applies to the background/audit role only; this row is not a positive predictive signal and does not automatically establish source-window coverage. Evidence and limitations: Historical listed-area baseline, issued 2023-12-18. Structural risk classification, not a new signal in this 2025 window. Do not count the same circular as an independent episode or a premium increase.",Existing_Metadata_preserved,,,,,legacy_reviewed,legacy_reviewed,Existing metadata preserved without modification,not_applicable,2025-08-15,-606.0,,False,E042
E042_IUA_JWC_LMA_onset,E042,42,test,E042,Shared/IUA-JWC/Shared_IUA_JWC_JWLA-033_issued-2026-03-03.pdf,a4661edf771326f259ecff9d6b7a5c4e454b9fe24d2561b2e6cca4db61d808e6,208144,True,local_original,IUA_JWC_LMA,a4661edf771326f2,JWC-JWLA-033,methodology,2026-03-03,2026-03-03,,,,Strait of Hormuz / Persian-Arabian Gulf and adjacent waters,onset,False,True,False,,R1,R2,accepted,"R1 / R2, accepted. Acceptance applies to the background/audit role only; this row is not a positive predictive signal and does not automatically establish source-window coverage. Evidence and limitations: Successor circular issued 2026-03-03. Historical succession audit only; unavailable in every 2025 prediction window. Exclude from all 2025 features.",Existing_Metadata_preserved,,,,,legacy_reviewed,legacy_reviewed,Existing metadata preserved without modification,not_applicable,2025-08-15,200.0,51.0,False,E042
E042_IUA_JWC_LMA_onset,E042,42,test,E042,Shared/IUA-JWC/Shared_LMA_JWC_Minutes_2025-06-04_no-immediate-changes.pdf,78595b6bdf7d1d59910aaab2c1d9987c3b92c6af3fa09cefc522c990c18a33ad,159907,True,local_original,IUA_JWC_LMA,78595b6bdf7d1d59,,methodology,2025-06-04,2025-06-04,,,,Strait of Hormuz / Persian-Arabian Gulf and adjacent waters,onset,False,True,False,,R1,R2,accepted,"R1 / R2, accepted. Acceptance applies to the background/audit role only; this row is not a positive predictive signal and does not automatically establish source-window coverage. Evidence and limitations: JWC minutes dated 2025-06-04 state no immediate changes. Background/succession evidence only. Does not independently prove every later window had no risk or premium change.",Existing_Metadata_preserved,,,,,legacy_reviewed,legacy_reviewed,Existing metadata preserved without modification,not_applicable,2025-08-15,-72.0,,False,E042
E042_IUA_JWC_LMA_onset,E042,42,test,E042,Shared_IUA_JWC_Risk_List_Index_retrieved-2026-09-12.pdf,f4c16af4f088586b0d84cccebc8fa55bfcc2a483ce3dbb242a67bbf16bd61c26,170779,True,local_original,IUA_JWC_LMA,f4c16af4f088586b,,zero_result_capture,,,,,,Strait of Hormuz / Persian-Arabian Gulf and adjacent waters,onset,True,True,False,,R1,R2,accepted,"R1 / R2, accepted. Acceptance records a scoped archive/search zero, not proof of no real-world disruption or universal nonissuance. Evidence and limitations: Retrieved official historical risk-list index lists no new JWC listed-area circular issued in 2025-08-15 through 2025-08-29. Supports a scoped zero for list-change publications only. Not evidence of zero insurance premiums, no risk, or complete insurer activity. Historical index is a retrospective capture; reviewers must verify list succession.",Existing_Metadata_preserved,,,,,legacy_reviewed,legacy_reviewed,Existing metadata preserved without modification,not_applicable,2025-08-15,,,False,E042
E042_IUA_JWC_LMA_onset,E042,42,test,E042,Shared_LMA_JWC_Listed-Areas_methodology_retrieved-2026-09-11.pdf,e4b9facc55c4c73d741185ac504b1b36bdd3b3dd90e8f7e1618d0d15b679029e,1337165,True,local_original,IUA_JWC_LMA,e4b9facc55c4c73d,,methodology,,,,,,Strait of Hormuz / Persian-Arabian Gulf and adjacent waters,onset,False,True,False,,R1,R2,accepted,"R1 / R2, accepted. Acceptance applies to the background/audit role only; this row is not a positive predictive signal and does not automatically establish source-window coverage. Evidence and limitations: Current LMA Listed Areas methodology. Premiums are individually negotiated; JWC does not set rates. Background only, not a historical premium observation or source-window zero.",Existing_Metadata_preserved,,,,,legacy_reviewed,legacy_reviewed,Existing metadata preserved without modification,not_applicable,2025-08-15,,,False,E042
E045_MARAD_pre_onset,E045,45,test,E045,MARAD/E045_MARAD_pre_onset__all-alerts.pdf,f7b6c823854a2217109370cb3e3c6e404b579537c150c094348bac56cee5be33,252870,True,local_original,MARAD,f7b6c823854a2217,,zero_result_capture,,,,,,Strait of Hormuz / Persian-Arabian Gulf and adjacent waters,pre_onset,True,True,False,,R1,R2,accepted,"R1 / R2, accepted. Acceptance records a scoped archive/search zero, not proof of no real-world disruption or universal nonissuance. Evidence and limitations: Official date-only cancelled-alert search for 2025-09-08 through 2025-10-07. No listed results. Scope is retrieved MARAD alerts, not all advisories or all maritime incidents. Active alerts are not date-filtered. The zero is bounded by the displayed date filters and empty result section.",Existing_Metadata_preserved,,,,,legacy_reviewed,legacy_reviewed,Existing metadata preserved without modification,not_applicable,2025-10-08,,,False,E045
E045_GARD_pre_onset,E045,45,test,E045,Shared/Gard/Gard_Sitemap.pdf,18363d1d97d37223b53524fce41d2cd010a34f39ddbdfce57b7eadcfce19cd0c,73730,True,local_original,GARD,18363d1d97d37223,,methodology,,,,,,Strait of Hormuz / Persian-Arabian Gulf and adjacent waters,pre_onset,False,True,False,,R1,R2,accepted,"R1 / R2, accepted. Acceptance applies to the background/audit role only; this row is not a positive predictive signal and does not automatically establish source-window coverage. Evidence and limitations: Sitemap index only. Documents endpoints; not an article-level complete inventory and not source-window coverage.",Existing_Metadata_preserved,,,,,legacy_reviewed,legacy_reviewed,Existing metadata preserved without modification,not_applicable,2025-10-08,,,False,E045
E045_GARD_pre_onset,E045,45,test,E045,Shared/Gard/Gulf_of_Oman.pdf,daac667780825cad5fafac4ca1b3154868fce658a11b467073c3c8e1f6cc2b4c,2551271,True,local_original,GARD,daac667780825cad,,zero_result_capture,,,,,,Strait of Hormuz / Persian-Arabian Gulf and adjacent waters,pre_onset,True,True,False,,R1,R2,accepted,"R1 / R2, accepted. Acceptance records a scoped archive/search zero, not proof of no real-world disruption or universal nonissuance. Evidence and limitations: Search pagination 1-9 of 9. The recorded scoped-zero coding identifies no qualifying new corridor-relevant security/insurance-risk publication in 2025-09-08 through 2025-10-07 on this query page. A zero is valid only for jointly screened in-window hits across all companion pages.",Existing_Metadata_preserved,,,,,legacy_reviewed,legacy_reviewed,Existing metadata preserved without modification,not_applicable,2025-10-08,,,False,E045
E045_GARD_pre_onset,E045,45,test,E045,Shared/Gard/Hormuz.pdf,e29669cf76b7be6b7529254cbea1996be9ab827226884f494dee1e8b960d3d39,3884226,True,local_original,GARD,e29669cf76b7be6b,,zero_result_capture,,,,,,Strait of Hormuz / Persian-Arabian Gulf and adjacent waters,pre_onset,True,True,False,,R1,R2,accepted,"R1 / R2, accepted. Acceptance records a scoped archive/search zero, not proof of no real-world disruption or universal nonissuance. Evidence and limitations: Search pagination 1-9 of 9. The recorded scoped-zero coding identifies no qualifying new corridor-relevant security/insurance-risk publication in 2025-09-08 through 2025-10-07 on this query page. A zero is valid only for jointly screened in-window hits across all companion pages.",Existing_Metadata_preserved,,,,,legacy_reviewed,legacy_reviewed,Existing metadata preserved without modification,not_applicable,2025-10-08,,,False,E045
E045_GARD_pre_onset,E045,45,test,E045,Shared/Gard/Iran_Page1.pdf,e1c6c65f16a866c34d6ed05c8dd9577258ebdf62c21bfc2eb804efc409f130da,4802322,True,local_original,GARD,e1c6c65f16a866c3,,zero_result_capture,,,,,,Strait of Hormuz / Persian-Arabian Gulf and adjacent waters,pre_onset,True,True,False,,R1,R2,accepted,"R1 / R2, accepted. Acceptance records a scoped archive/search zero, not proof of no real-world disruption or universal nonissuance. Evidence and limitations: Search pagination 1-20 of 36. The recorded scoped-zero coding identifies no qualifying new corridor-relevant security/insurance-risk publication in 2025-09-08 through 2025-10-07 on this query page. A zero is valid only for jointly screened in-window hits across all companion pages. Iran pages 1-2 must be assessed together.",Existing_Metadata_preserved,,,,,legacy_reviewed,legacy_reviewed,Existing metadata preserved without modification,not_applicable,2025-10-08,,,False,E045
E045_GARD_pre_onset,E045,45,test,E045,Shared/Gard/Iran_Page2.pdf,0d02c0d9a178bb4a8c7b9c81abd6cc8c33a2a28578c69521e9550c631677dc5d,3602778,True,local_original,GARD,0d02c0d9a178bb4a,,zero_result_capture,,,,,,Strait of Hormuz / Persian-Arabian Gulf and adjacent waters,pre_onset,True,True,False,,R1,R2,accepted,"R1 / R2, accepted. Acceptance records a scoped archive/search zero, not proof of no real-world disruption or universal nonissuance. Evidence and limitations: Search pagination 21-36 of 36. The recorded scoped-zero coding identifies no qualifying new corridor-relevant security/insurance-risk publication in 2025-09-08 through 2025-10-07 on this query page. A zero is valid only for jointly screened in-window hits across all companion pages. Iran pages 1-2 must be assessed together.",Existing_Metadata_preserved,,,,,legacy_reviewed,legacy_reviewed,Existing metadata preserved without modification,not_applicable,2025-10-08,,,False,E045
E045_GARD_pre_onset,E045,45,test,E045,Shared/Gard/Persian_Gulf.pdf,895c35391f216d83f770d5659373b92869952b3d7e066dae18936573f805b526,5435970,True,local_original,GARD,895c35391f216d83,,zero_result_capture,,,,,,Strait of Hormuz / Persian-Arabian Gulf and adjacent waters,pre_onset,True,True,False,,R1,R2,accepted,"R1 / R2, accepted. Acceptance records a scoped archive/search zero, not proof of no real-world disruption or universal nonissuance. Evidence and limitations: Search pagination 1-16 of 16. The recorded scoped-zero coding identifies no qualifying new corridor-relevant security/insurance-risk publication in 2025-09-08 through 2025-10-07 on this query page. A zero is valid only for jointly screened in-window hits across all companion pages.",Existing_Metadata_preserved,,,,,legacy_reviewed,legacy_reviewed,Existing metadata preserved without modification,not_applicable,2025-10-08,,,False,E045
E045_GARD_pre_onset,E045,45,test,E045,Shared/Gard/Shared_Gard_Search_navigational-warning_retrieved-2026-09-12.pdf,729b1bb3f1de986ca5bc45b2288223870c27ba60685b228459beb1fc6a6e8188,10445482,True,local_original,GARD,729b1bb3f1de986c,,zero_result_capture,,,,,,Strait of Hormuz / Persian-Arabian Gulf and adjacent waters,pre_onset,True,True,False,,R1,R2,accepted,"R1 / R2, accepted. Acceptance records a scoped archive/search zero, not proof of no real-world disruption or universal nonissuance. Evidence and limitations: Search pagination 1-19 of 19. The recorded scoped-zero coding identifies no qualifying new corridor-relevant security/insurance-risk publication in 2025-09-08 through 2025-10-07 on this query page. A zero is valid only for jointly screened in-window hits across all companion pages.",Existing_Metadata_preserved,,,,,legacy_reviewed,legacy_reviewed,Existing metadata preserved without modification,not_applicable,2025-10-08,,,False,E045
E045_GARD_pre_onset,E045,45,test,E045,Shared/Gard/war_risk_page1.pdf,1031afdbd323baab5feff05b7e4c81dfcdf2b9b235d2298b011efeeab284e736,8317123,True,local_original,GARD,1031afdbd323baab,,zero_result_capture,,,,,,Strait of Hormuz / Persian-Arabian Gulf and adjacent waters,pre_onset,True,True,False,,R1,R2,accepted,"R1 / R2, accepted. Acceptance records a scoped archive/search zero, not proof of no real-world disruption or universal nonissuance. Evidence and limitations: Search pagination 1-20 of 131. The recorded scoped-zero coding identifies no qualifying new corridor-relevant security/insurance-risk publication in 2025-09-08 through 2025-10-07 on this query page. A zero is valid only for jointly screened in-window hits across all companion pages. War-risk pages 1-7 must be assessed together. Broad keyword matches include unrelated Russia sanctions, pollution and prize announcements; keywords alone do not establish eligibility.",Existing_Metadata_preserved,,,,,legacy_reviewed,legacy_reviewed,Existing metadata preserved without modification,not_applicable,2025-10-08,,,False,E045
E045_GARD_pre_onset,E045,45,test,E045,Shared/Gard/war_risk_page2.pdf,c68db5d501a5e600192ecb0705b83c37199361d637ea86b9db14f1b165d392e1,4730220,True,local_original,GARD,c68db5d501a5e600,,zero_result_capture,,,,,,Strait of Hormuz / Persian-Arabian Gulf and adjacent waters,pre_onset,True,True,False,,R1,R2,accepted,"R1 / R2, accepted. Acceptance records a scoped archive/search zero, not proof of no real-world disruption or universal nonissuance. Evidence and limitations: Search pagination 21-40 of 131. The recorded scoped-zero coding identifies no qualifying new corridor-relevant security/insurance-risk publication in 2025-09-08 through 2025-10-07 on this query page. A zero is valid only for jointly screened in-window hits across all companion pages. War-risk pages 1-7 must be assessed together. Broad keyword matches include unrelated Russia sanctions, pollution and prize announcements; keywords alone do not establish eligibility.",Existing_Metadata_preserved,,,,,legacy_reviewed,legacy_reviewed,Existing metadata preserved without modification,not_applicable,2025-10-08,,,False,E045
E045_GARD_pre_onset,E045,45,test,E045,Shared/Gard/war_risk_page3.pdf,b3a567a935a7a6545d5632bf1a53b09bf3c9ca09f127a04561dad92da2a6c14b,921339,True,local_original,GARD,b3a567a935a7a654,,zero_result_capture,,,,,,Strait of Hormuz / Persian-Arabian Gulf and adjacent waters,pre_onset,True,True,False,,R1,R2,accepted,"R1 / R2, accepted. Acceptance records a scoped archive/search zero, not proof of no real-world disruption or universal nonissuance. Evidence and limitations: Search pagination 41-60 of 131. The recorded scoped-zero coding identifies no qualifying new corridor-relevant security/insurance-risk publication in 2025-09-08 through 2025-10-07 on this query page. A zero is valid only for jointly screened in-window hits across all companion pages. War-risk pages 1-7 must be assessed together. Broad keyword matches include unrelated Russia sanctions, pollution and prize announcements; keywords alone do not establish eligibility.",Existing_Metadata_preserved,,,,,legacy_reviewed,legacy_reviewed,Existing metadata preserved without modification,not_applicable,2025-10-08,,,False,E045
E045_GARD_pre_onset,E045,45,test,E045,Shared/Gard/war_risk_page4.pdf,313642e43771170259b9227c2929abb1a5c907c5e2509d4d5bc35c8803f05595,931495,True,local_original,GARD,313642e437711702,,zero_result_capture,,,,,,Strait of Hormuz / Persian-Arabian Gulf and adjacent waters,pre_onset,True,True,False,,R1,R2,accepted,"R1 / R2, accepted. Acceptance records a scoped archive/search zero, not proof of no real-world disruption or universal nonissuance. Evidence and limitations: Search pagination 61-80 of 131. The recorded scoped-zero coding identifies no qualifying new corridor-relevant security/insurance-risk publication in 2025-09-08 through 2025-10-07 on this query page. A zero is valid only for jointly screened in-window hits across all companion pages. War-risk pages 1-7 must be assessed together. Broad keyword matches include unrelated Russia sanctions, pollution and prize announcements; keywords alone do not establish eligibility.",Existing_Metadata_preserved,,,,,legacy_reviewed,legacy_reviewed,Existing metadata preserved without modification,not_applicable,2025-10-08,,,False,E045
E045_GARD_pre_onset,E045,45,test,E045,Shared/Gard/war_risk_page5.pdf,8742e90804c5d23711418cacd36bb3f779a82aa40a57207e4b9915f8e93e3154,4269408,True,local_original,GARD,8742e90804c5d237,,zero_result_capture,,,,,,Strait of Hormuz / Persian-Arabian Gulf and adjacent waters,pre_onset,True,True,False,,R1,R2,accepted,"R1 / R2, accepted. Acceptance records a scoped archive/search zero, not proof of no real-world disruption or universal nonissuance. Evidence and limitations: Search pagination 81-100 of 131. The recorded scoped-zero coding identifies no qualifying new corridor-relevant security/insurance-risk publication in 2025-09-08 through 2025-10-07 on this query page. A zero is valid only for jointly screened in-window hits across all companion pages. War-risk pages 1-7 must be assessed together. Broad keyword matches include unrelated Russia sanctions, pollution and prize announcements; keywords alone do not establish eligibility.",Existing_Metadata_preserved,,,,,legacy_reviewed,legacy_reviewed,Existing metadata preserved without modification,not_applicable,2025-10-08,,,False,E045
E045_GARD_pre_onset,E045,45,test,E045,Shared/Gard/war_risk_page6.pdf,0955d34746021d3cae1cca840fd08d7939b5ec127d927c2bdccf39cef35d9bc8,1947318,True,local_original,GARD,0955d34746021d3c,,zero_result_capture,,,,,,Strait of Hormuz / Persian-Arabian Gulf and adjacent waters,pre_onset,True,True,False,,R1,R2,accepted,"R1 / R2, accepted. Acceptance records a scoped archive/search zero, not proof of no real-world disruption or universal nonissuance. Evidence and limitations: Search pagination 101-120 of 131. The recorded scoped-zero coding identifies no qualifying new corridor-relevant security/insurance-risk publication in 2025-09-08 through 2025-10-07 on this query page. A zero is valid only for jointly screened in-window hits across all companion pages. War-risk pages 1-7 must be assessed together. Broad keyword matches include unrelated Russia sanctions, pollution and prize announcements; keywords alone do not establish eligibility.",Existing_Metadata_preserved,,,,,legacy_reviewed,legacy_reviewed,Existing metadata preserved without modification,not_applicable,2025-10-08,,,False,E045
E045_GARD_pre_onset,E045,45,test,E045,Shared/Gard/war_risk_page7.pdf,7b8435c8d0abc35ef42624a0fc519174da7441249eb0fcb207edb3f33b672825,1455539,True,local_original,GARD,7b8435c8d0abc35e,,zero_result_capture,,,,,,Strait of Hormuz / Persian-Arabian Gulf and adjacent waters,pre_onset,True,True,False,,R1,R2,accepted,"R1 / R2, accepted. Acceptance records a scoped archive/search zero, not proof of no real-world disruption or universal nonissuance. Evidence and limitations: Search pagination 121-131 of 131. The recorded scoped-zero coding identifies no qualifying new corridor-relevant security/insurance-risk publication in 2025-09-08 through 2025-10-07 on this query page. A zero is valid only for jointly screened in-window hits across all companion pages. War-risk pages 1-7 must be assessed together. Broad keyword matches include unrelated Russia sanctions, pollution and prize announcements; keywords alone do not establish eligibility.",Existing_Metadata_preserved,,,,,legacy_reviewed,legacy_reviewed,Existing metadata preserved without modification,not_applicable,2025-10-08,,,False,E045
E045_IUA_JWC_LMA_pre_onset,E045,45,test,E045,Shared/IUA-JWC/Shared_IUA_JWC_JWLA-032_issued-2023-12-18.pdf,b237c08e9b7e13cc014717ddb65d3ccd93c4bcad782fdb27a974f2e6209756fc,201988,True,local_original,IUA_JWC_LMA,b237c08e9b7e13cc,JWC-JWLA-032,methodology,2023-12-18,2023-12-18,,,,Strait of Hormuz / Persian-Arabian Gulf and adjacent waters,pre_onset,False,True,False,,R1,R2,accepted,"R1 / R2, accepted. Acceptance applies to the background/audit role only; this row is not a positive predictive signal and does not automatically establish source-window coverage. Evidence and limitations: Historical listed-area baseline, issued 2023-12-18. Structural risk classification, not a new signal in this 2025 window. Do not count the same circular as an independent episode or a premium increase.",Existing_Metadata_preserved,,,,,legacy_reviewed,legacy_reviewed,Existing metadata preserved without modification,not_applicable,2025-10-08,-660.0,,False,E045
E045_IUA_JWC_LMA_pre_onset,E045,45,test,E045,Shared/IUA-JWC/Shared_IUA_JWC_JWLA-033_issued-2026-03-03.pdf,a4661edf771326f259ecff9d6b7a5c4e454b9fe24d2561b2e6cca4db61d808e6,208144,True,local_original,IUA_JWC_LMA,a4661edf771326f2,JWC-JWLA-033,methodology,2026-03-03,2026-03-03,,,,Strait of Hormuz / Persian-Arabian Gulf and adjacent waters,pre_onset,False,True,False,,R1,R2,accepted,"R1 / R2, accepted. Acceptance applies to the background/audit role only; this row is not a positive predictive signal and does not automatically establish source-window coverage. Evidence and limitations: Successor circular issued 2026-03-03. Historical succession audit only; unavailable in every 2025 prediction window. Exclude from all 2025 features.",Existing_Metadata_preserved,,,,,legacy_reviewed,legacy_reviewed,Existing metadata preserved without modification,not_applicable,2025-10-08,146.0,51.0,False,E045
E045_IUA_JWC_LMA_pre_onset,E045,45,test,E045,Shared/IUA-JWC/Shared_LMA_JWC_Minutes_2025-06-04_no-immediate-changes.pdf,78595b6bdf7d1d59910aaab2c1d9987c3b92c6af3fa09cefc522c990c18a33ad,159907,True,local_original,IUA_JWC_LMA,78595b6bdf7d1d59,,methodology,2025-06-04,2025-06-04,,,,Strait of Hormuz / Persian-Arabian Gulf and adjacent waters,pre_onset,False,True,False,,R1,R2,accepted,"R1 / R2, accepted. Acceptance applies to the background/audit role only; this row is not a positive predictive signal and does not automatically establish source-window coverage. Evidence and limitations: JWC minutes dated 2025-06-04 state no immediate changes. Background/succession evidence only. Does not independently prove every later window had no risk or premium change.",Existing_Metadata_preserved,,,,,legacy_reviewed,legacy_reviewed,Existing metadata preserved without modification,not_applicable,2025-10-08,-126.0,,False,E045
E045_IUA_JWC_LMA_pre_onset,E045,45,test,E045,Shared_IUA_JWC_Risk_List_Index_retrieved-2026-09-12.pdf,f4c16af4f088586b0d84cccebc8fa55bfcc2a483ce3dbb242a67bbf16bd61c26,170779,True,local_original,IUA_JWC_LMA,f4c16af4f088586b,,zero_result_capture,,,,,,Strait of Hormuz / Persian-Arabian Gulf and adjacent waters,pre_onset,True,True,False,,R1,R2,accepted,"R1 / R2, accepted. Acceptance records a scoped archive/search zero, not proof of no real-world disruption or universal nonissuance. Evidence and limitations: Retrieved official historical risk-list index lists no new JWC listed-area circular issued in 2025-09-08 through 2025-10-07. Supports a scoped zero for list-change publications only. Not evidence of zero insurance premiums, no risk, or complete insurer activity. Historical index is a retrospective capture; reviewers must verify list succession.",Existing_Metadata_preserved,,,,,legacy_reviewed,legacy_reviewed,Existing metadata preserved without modification,not_applicable,2025-10-08,,,False,E045
E045_IUA_JWC_LMA_pre_onset,E045,45,test,E045,Shared_LMA_JWC_Listed-Areas_methodology_retrieved-2026-09-11.pdf,e4b9facc55c4c73d741185ac504b1b36bdd3b3dd90e8f7e1618d0d15b679029e,1337165,True,local_original,IUA_JWC_LMA,e4b9facc55c4c73d,,methodology,,,,,,Strait of Hormuz / Persian-Arabian Gulf and adjacent waters,pre_onset,False,True,False,,R1,R2,accepted,"R1 / R2, accepted. Acceptance applies to the background/audit role only; this row is not a positive predictive signal and does not automatically establish source-window coverage. Evidence and limitations: Current LMA Listed Areas methodology. Premiums are individually negotiated; JWC does not set rates. Background only, not a historical premium observation or source-window zero.",Existing_Metadata_preserved,,,,,legacy_reviewed,legacy_reviewed,Existing metadata preserved without modification,not_applicable,2025-10-08,,,False,E045
E045_MARAD_onset,E045,45,test,E045,MARAD/E045_MARAD_onset__all-alerts.pdf,9b8d61bc82605f806c9d240bfb69d17e8402945740774ff05290fff8c334745b,252683,True,local_original,MARAD,9b8d61bc82605f80,,zero_result_capture,,,,,,Strait of Hormuz / Persian-Arabian Gulf and adjacent waters,onset,True,True,False,,R1,R2,accepted,"R1 / R2, accepted. Acceptance records a scoped archive/search zero, not proof of no real-world disruption or universal nonissuance. Evidence and limitations: Official date-only cancelled-alert search for 2025-10-08 through 2025-10-22. No listed results. Scope is retrieved MARAD alerts, not all advisories or all maritime incidents. Active alerts are not date-filtered. The zero is bounded by the displayed date filters and empty result section.",Existing_Metadata_preserved,,,,,legacy_reviewed,legacy_reviewed,Existing metadata preserved without modification,not_applicable,2025-10-08,,,False,E045
E045_GARD_onset,E045,45,test,E045,Shared/Gard/Gard_Sitemap.pdf,18363d1d97d37223b53524fce41d2cd010a34f39ddbdfce57b7eadcfce19cd0c,73730,True,local_original,GARD,18363d1d97d37223,,methodology,,,,,,Strait of Hormuz / Persian-Arabian Gulf and adjacent waters,onset,False,True,False,,R1,R2,accepted,"R1 / R2, accepted. Acceptance applies to the background/audit role only; this row is not a positive predictive signal and does not automatically establish source-window coverage. Evidence and limitations: Sitemap index only. Documents endpoints; not an article-level complete inventory and not source-window coverage.",Existing_Metadata_preserved,,,,,legacy_reviewed,legacy_reviewed,Existing metadata preserved without modification,not_applicable,2025-10-08,,,False,E045
E045_GARD_onset,E045,45,test,E045,Shared/Gard/Gulf_of_Oman.pdf,daac667780825cad5fafac4ca1b3154868fce658a11b467073c3c8e1f6cc2b4c,2551271,True,local_original,GARD,daac667780825cad,,zero_result_capture,,,,,,Strait of Hormuz / Persian-Arabian Gulf and adjacent waters,onset,True,True,False,,R1,R2,accepted,"R1 / R2, accepted. Acceptance records a scoped archive/search zero, not proof of no real-world disruption or universal nonissuance. Evidence and limitations: Search pagination 1-9 of 9. The recorded scoped-zero coding identifies no qualifying new corridor-relevant security/insurance-risk publication in 2025-10-08 through 2025-10-22 on this query page. A zero is valid only for jointly screened in-window hits across all companion pages.",Existing_Metadata_preserved,,,,,legacy_reviewed,legacy_reviewed,Existing metadata preserved without modification,not_applicable,2025-10-08,,,False,E045
E045_GARD_onset,E045,45,test,E045,Shared/Gard/Hormuz.pdf,e29669cf76b7be6b7529254cbea1996be9ab827226884f494dee1e8b960d3d39,3884226,True,local_original,GARD,e29669cf76b7be6b,,zero_result_capture,,,,,,Strait of Hormuz / Persian-Arabian Gulf and adjacent waters,onset,True,True,False,,R1,R2,accepted,"R1 / R2, accepted. Acceptance records a scoped archive/search zero, not proof of no real-world disruption or universal nonissuance. Evidence and limitations: Search pagination 1-9 of 9. The recorded scoped-zero coding identifies no qualifying new corridor-relevant security/insurance-risk publication in 2025-10-08 through 2025-10-22 on this query page. A zero is valid only for jointly screened in-window hits across all companion pages.",Existing_Metadata_preserved,,,,,legacy_reviewed,legacy_reviewed,Existing metadata preserved without modification,not_applicable,2025-10-08,,,False,E045
E045_GARD_onset,E045,45,test,E045,Shared/Gard/Iran_Page1.pdf,e1c6c65f16a866c34d6ed05c8dd9577258ebdf62c21bfc2eb804efc409f130da,4802322,True,local_original,GARD,e1c6c65f16a866c3,,zero_result_capture,,,,,,Strait of Hormuz / Persian-Arabian Gulf and adjacent waters,onset,True,True,False,,R1,R2,accepted,"R1 / R2, accepted. Acceptance records a scoped archive/search zero, not proof of no real-world disruption or universal nonissuance. Evidence and limitations: Search pagination 1-20 of 36. The recorded scoped-zero coding identifies no qualifying new corridor-relevant security/insurance-risk publication in 2025-10-08 through 2025-10-22 on this query page. A zero is valid only for jointly screened in-window hits across all companion pages. Iran pages 1-2 must be assessed together.",Existing_Metadata_preserved,,,,,legacy_reviewed,legacy_reviewed,Existing metadata preserved without modification,not_applicable,2025-10-08,,,False,E045
E045_GARD_onset,E045,45,test,E045,Shared/Gard/Iran_Page2.pdf,0d02c0d9a178bb4a8c7b9c81abd6cc8c33a2a28578c69521e9550c631677dc5d,3602778,True,local_original,GARD,0d02c0d9a178bb4a,,zero_result_capture,,,,,,Strait of Hormuz / Persian-Arabian Gulf and adjacent waters,onset,True,True,False,,R1,R2,accepted,"R1 / R2, accepted. Acceptance records a scoped archive/search zero, not proof of no real-world disruption or universal nonissuance. Evidence and limitations: Search pagination 21-36 of 36. The recorded scoped-zero coding identifies no qualifying new corridor-relevant security/insurance-risk publication in 2025-10-08 through 2025-10-22 on this query page. A zero is valid only for jointly screened in-window hits across all companion pages. Iran pages 1-2 must be assessed together.",Existing_Metadata_preserved,,,,,legacy_reviewed,legacy_reviewed,Existing metadata preserved without modification,not_applicable,2025-10-08,,,False,E045
E045_GARD_onset,E045,45,test,E045,Shared/Gard/Persian_Gulf.pdf,895c35391f216d83f770d5659373b92869952b3d7e066dae18936573f805b526,5435970,True,local_original,GARD,895c35391f216d83,,zero_result_capture,,,,,,Strait of Hormuz / Persian-Arabian Gulf and adjacent waters,onset,True,True,False,,R1,R2,accepted,"R1 / R2, accepted. Acceptance records a scoped archive/search zero, not proof of no real-world disruption or universal nonissuance. Evidence and limitations: Search pagination 1-16 of 16. The recorded scoped-zero coding identifies no qualifying new corridor-relevant security/insurance-risk publication in 2025-10-08 through 2025-10-22 on this query page. A zero is valid only for jointly screened in-window hits across all companion pages.",Existing_Metadata_preserved,,,,,legacy_reviewed,legacy_reviewed,Existing metadata preserved without modification,not_applicable,2025-10-08,,,False,E045
E045_GARD_onset,E045,45,test,E045,Shared/Gard/Shared_Gard_Search_navigational-warning_retrieved-2026-09-12.pdf,729b1bb3f1de986ca5bc45b2288223870c27ba60685b228459beb1fc6a6e8188,10445482,True,local_original,GARD,729b1bb3f1de986c,,zero_result_capture,,,,,,Strait of Hormuz / Persian-Arabian Gulf and adjacent waters,onset,True,True,False,,R1,R2,accepted,"R1 / R2, accepted. Acceptance records a scoped archive/search zero, not proof of no real-world disruption or universal nonissuance. Evidence and limitations: Search pagination 1-19 of 19. The recorded scoped-zero coding identifies no qualifying new corridor-relevant security/insurance-risk publication in 2025-10-08 through 2025-10-22 on this query page. A zero is valid only for jointly screened in-window hits across all companion pages.",Existing_Metadata_preserved,,,,,legacy_reviewed,legacy_reviewed,Existing metadata preserved without modification,not_applicable,2025-10-08,,,False,E045
E045_GARD_onset,E045,45,test,E045,Shared/Gard/war_risk_page1.pdf,1031afdbd323baab5feff05b7e4c81dfcdf2b9b235d2298b011efeeab284e736,8317123,True,local_original,GARD,1031afdbd323baab,,zero_result_capture,,,,,,Strait of Hormuz / Persian-Arabian Gulf and adjacent waters,onset,True,True,False,,R1,R2,accepted,"R1 / R2, accepted. Acceptance records a scoped archive/search zero, not proof of no real-world disruption or universal nonissuance. Evidence and limitations: Search pagination 1-20 of 131. The recorded scoped-zero coding identifies no qualifying new corridor-relevant security/insurance-risk publication in 2025-10-08 through 2025-10-22 on this query page. A zero is valid only for jointly screened in-window hits across all companion pages. War-risk pages 1-7 must be assessed together. Broad keyword matches include unrelated Russia sanctions, pollution and prize announcements; keywords alone do not establish eligibility.",Existing_Metadata_preserved,,,,,legacy_reviewed,legacy_reviewed,Existing metadata preserved without modification,not_applicable,2025-10-08,,,False,E045
E045_GARD_onset,E045,45,test,E045,Shared/Gard/war_risk_page2.pdf,c68db5d501a5e600192ecb0705b83c37199361d637ea86b9db14f1b165d392e1,4730220,True,local_original,GARD,c68db5d501a5e600,,zero_result_capture,,,,,,Strait of Hormuz / Persian-Arabian Gulf and adjacent waters,onset,True,True,False,,R1,R2,accepted,"R1 / R2, accepted. Acceptance records a scoped archive/search zero, not proof of no real-world disruption or universal nonissuance. Evidence and limitations: Search pagination 21-40 of 131. The recorded scoped-zero coding identifies no qualifying new corridor-relevant security/insurance-risk publication in 2025-10-08 through 2025-10-22 on this query page. A zero is valid only for jointly screened in-window hits across all companion pages. War-risk pages 1-7 must be assessed together. Broad keyword matches include unrelated Russia sanctions, pollution and prize announcements; keywords alone do not establish eligibility.",Existing_Metadata_preserved,,,,,legacy_reviewed,legacy_reviewed,Existing metadata preserved without modification,not_applicable,2025-10-08,,,False,E045
E045_GARD_onset,E045,45,test,E045,Shared/Gard/war_risk_page3.pdf,b3a567a935a7a6545d5632bf1a53b09bf3c9ca09f127a04561dad92da2a6c14b,921339,True,local_original,GARD,b3a567a935a7a654,,zero_result_capture,,,,,,Strait of Hormuz / Persian-Arabian Gulf and adjacent waters,onset,True,True,False,,R1,R2,accepted,"R1 / R2, accepted. Acceptance records a scoped archive/search zero, not proof of no real-world disruption or universal nonissuance. Evidence and limitations: Search pagination 41-60 of 131. The recorded scoped-zero coding identifies no qualifying new corridor-relevant security/insurance-risk publication in 2025-10-08 through 2025-10-22 on this query page. A zero is valid only for jointly screened in-window hits across all companion pages. War-risk pages 1-7 must be assessed together. Broad keyword matches include unrelated Russia sanctions, pollution and prize announcements; keywords alone do not establish eligibility.",Existing_Metadata_preserved,,,,,legacy_reviewed,legacy_reviewed,Existing metadata preserved without modification,not_applicable,2025-10-08,,,False,E045
E045_GARD_onset,E045,45,test,E045,Shared/Gard/war_risk_page4.pdf,313642e43771170259b9227c2929abb1a5c907c5e2509d4d5bc35c8803f05595,931495,True,local_original,GARD,313642e437711702,,zero_result_capture,,,,,,Strait of Hormuz / Persian-Arabian Gulf and adjacent waters,onset,True,True,False,,R1,R2,accepted,"R1 / R2, accepted. Acceptance records a scoped archive/search zero, not proof of no real-world disruption or universal nonissuance. Evidence and limitations: Search pagination 61-80 of 131. The recorded scoped-zero coding identifies no qualifying new corridor-relevant security/insurance-risk publication in 2025-10-08 through 2025-10-22 on this query page. A zero is valid only for jointly screened in-window hits across all companion pages. War-risk pages 1-7 must be assessed together. Broad keyword matches include unrelated Russia sanctions, pollution and prize announcements; keywords alone do not establish eligibility.",Existing_Metadata_preserved,,,,,legacy_reviewed,legacy_reviewed,Existing metadata preserved without modification,not_applicable,2025-10-08,,,False,E045
E045_GARD_onset,E045,45,test,E045,Shared/Gard/war_risk_page5.pdf,8742e90804c5d23711418cacd36bb3f779a82aa40a57207e4b9915f8e93e3154,4269408,True,local_original,GARD,8742e90804c5d237,,zero_result_capture,,,,,,Strait of Hormuz / Persian-Arabian Gulf and adjacent waters,onset,True,True,False,,R1,R2,accepted,"R1 / R2, accepted. Acceptance records a scoped archive/search zero, not proof of no real-world disruption or universal nonissuance. Evidence and limitations: Search pagination 81-100 of 131. The recorded scoped-zero coding identifies no qualifying new corridor-relevant security/insurance-risk publication in 2025-10-08 through 2025-10-22 on this query page. A zero is valid only for jointly screened in-window hits across all companion pages. War-risk pages 1-7 must be assessed together. Broad keyword matches include unrelated Russia sanctions, pollution and prize announcements; keywords alone do not establish eligibility.",Existing_Metadata_preserved,,,,,legacy_reviewed,legacy_reviewed,Existing metadata preserved without modification,not_applicable,2025-10-08,,,False,E045
E045_GARD_onset,E045,45,test,E045,Shared/Gard/war_risk_page6.pdf,0955d34746021d3cae1cca840fd08d7939b5ec127d927c2bdccf39cef35d9bc8,1947318,True,local_original,GARD,0955d34746021d3c,,zero_result_capture,,,,,,Strait of Hormuz / Persian-Arabian Gulf and adjacent waters,onset,True,True,False,,R1,R2,accepted,"R1 / R2, accepted. Acceptance records a scoped archive/search zero, not proof of no real-world disruption or universal nonissuance. Evidence and limitations: Search pagination 101-120 of 131. The recorded scoped-zero coding identifies no qualifying new corridor-relevant security/insurance-risk publication in 2025-10-08 through 2025-10-22 on this query page. A zero is valid only for jointly screened in-window hits across all companion pages. War-risk pages 1-7 must be assessed together. Broad keyword matches include unrelated Russia sanctions, pollution and prize announcements; keywords alone do not establish eligibility.",Existing_Metadata_preserved,,,,,legacy_reviewed,legacy_reviewed,Existing metadata preserved without modification,not_applicable,2025-10-08,,,False,E045
E045_GARD_onset,E045,45,test,E045,Shared/Gard/war_risk_page7.pdf,7b8435c8d0abc35ef42624a0fc519174da7441249eb0fcb207edb3f33b672825,1455539,True,local_original,GARD,7b8435c8d0abc35e,,zero_result_capture,,,,,,Strait of Hormuz / Persian-Arabian Gulf and adjacent waters,onset,True,True,False,,R1,R2,accepted,"R1 / R2, accepted. Acceptance records a scoped archive/search zero, not proof of no real-world disruption or universal nonissuance. Evidence and limitations: Search pagination 121-131 of 131. The recorded scoped-zero coding identifies no qualifying new corridor-relevant security/insurance-risk publication in 2025-10-08 through 2025-10-22 on this query page. A zero is valid only for jointly screened in-window hits across all companion pages. War-risk pages 1-7 must be assessed together. Broad keyword matches include unrelated Russia sanctions, pollution and prize announcements; keywords alone do not establish eligibility.",Existing_Metadata_preserved,,,,,legacy_reviewed,legacy_reviewed,Existing metadata preserved without modification,not_applicable,2025-10-08,,,False,E045
E045_IUA_JWC_LMA_onset,E045,45,test,E045,Shared/IUA-JWC/Shared_IUA_JWC_JWLA-032_issued-2023-12-18.pdf,b237c08e9b7e13cc014717ddb65d3ccd93c4bcad782fdb27a974f2e6209756fc,201988,True,local_original,IUA_JWC_LMA,b237c08e9b7e13cc,JWC-JWLA-032,methodology,2023-12-18,2023-12-18,,,,Strait of Hormuz / Persian-Arabian Gulf and adjacent waters,onset,False,True,False,,R1,R2,accepted,"R1 / R2, accepted. Acceptance applies to the background/audit role only; this row is not a positive predictive signal and does not automatically establish source-window coverage. Evidence and limitations: Historical listed-area baseline, issued 2023-12-18. Structural risk classification, not a new signal in this 2025 window. Do not count the same circular as an independent episode or a premium increase.",Existing_Metadata_preserved,,,,,legacy_reviewed,legacy_reviewed,Existing metadata preserved without modification,not_applicable,2025-10-08,-660.0,,False,E045
E045_IUA_JWC_LMA_onset,E045,45,test,E045,Shared/IUA-JWC/Shared_IUA_JWC_JWLA-033_issued-2026-03-03.pdf,a4661edf771326f259ecff9d6b7a5c4e454b9fe24d2561b2e6cca4db61d808e6,208144,True,local_original,IUA_JWC_LMA,a4661edf771326f2,JWC-JWLA-033,methodology,2026-03-03,2026-03-03,,,,Strait of Hormuz / Persian-Arabian Gulf and adjacent waters,onset,False,True,False,,R1,R2,accepted,"R1 / R2, accepted. Acceptance applies to the background/audit role only; this row is not a positive predictive signal and does not automatically establish source-window coverage. Evidence and limitations: Successor circular issued 2026-03-03. Historical succession audit only; unavailable in every 2025 prediction window. Exclude from all 2025 features.",Existing_Metadata_preserved,,,,,legacy_reviewed,legacy_reviewed,Existing metadata preserved without modification,not_applicable,2025-10-08,146.0,51.0,False,E045
E045_IUA_JWC_LMA_onset,E045,45,test,E045,Shared/IUA-JWC/Shared_LMA_JWC_Minutes_2025-06-04_no-immediate-changes.pdf,78595b6bdf7d1d59910aaab2c1d9987c3b92c6af3fa09cefc522c990c18a33ad,159907,True,local_original,IUA_JWC_LMA,78595b6bdf7d1d59,,methodology,2025-06-04,2025-06-04,,,,Strait of Hormuz / Persian-Arabian Gulf and adjacent waters,onset,False,True,False,,R1,R2,accepted,"R1 / R2, accepted. Acceptance applies to the background/audit role only; this row is not a positive predictive signal and does not automatically establish source-window coverage. Evidence and limitations: JWC minutes dated 2025-06-04 state no immediate changes. Background/succession evidence only. Does not independently prove every later window had no risk or premium change.",Existing_Metadata_preserved,,,,,legacy_reviewed,legacy_reviewed,Existing metadata preserved without modification,not_applicable,2025-10-08,-126.0,,False,E045
E045_IUA_JWC_LMA_onset,E045,45,test,E045,Shared_IUA_JWC_Risk_List_Index_retrieved-2026-09-12.pdf,f4c16af4f088586b0d84cccebc8fa55bfcc2a483ce3dbb242a67bbf16bd61c26,170779,True,local_original,IUA_JWC_LMA,f4c16af4f088586b,,zero_result_capture,,,,,,Strait of Hormuz / Persian-Arabian Gulf and adjacent waters,onset,True,True,False,,R1,R2,accepted,"R1 / R2, accepted. Acceptance records a scoped archive/search zero, not proof of no real-world disruption or universal nonissuance. Evidence and limitations: Retrieved official historical risk-list index lists no new JWC listed-area circular issued in 2025-10-08 through 2025-10-22. Supports a scoped zero for list-change publications only. Not evidence of zero insurance premiums, no risk, or complete insurer activity. Historical index is a retrospective capture; reviewers must verify list succession.",Existing_Metadata_preserved,,,,,legacy_reviewed,legacy_reviewed,Existing metadata preserved without modification,not_applicable,2025-10-08,,,False,E045
E045_IUA_JWC_LMA_onset,E045,45,test,E045,Shared_LMA_JWC_Listed-Areas_methodology_retrieved-2026-09-11.pdf,e4b9facc55c4c73d741185ac504b1b36bdd3b3dd90e8f7e1618d0d15b679029e,1337165,True,local_original,IUA_JWC_LMA,e4b9facc55c4c73d,,methodology,,,,,,Strait of Hormuz / Persian-Arabian Gulf and adjacent waters,onset,False,True,False,,R1,R2,accepted,"R1 / R2, accepted. Acceptance applies to the background/audit role only; this row is not a positive predictive signal and does not automatically establish source-window coverage. Evidence and limitations: Current LMA Listed Areas methodology. Premiums are individually negotiated; JWC does not set rates. Background only, not a historical premium observation or source-window zero.",Existing_Metadata_preserved,,,,,legacy_reviewed,legacy_reviewed,Existing metadata preserved without modification,not_applicable,2025-10-08,,,False,E045
E038_UKMTO_ADVISORY_pre_onset,E038,38,test,E038,UKMTO/Archive/E038_UKMTO_Advisories_2025-01_archive-all-records.pdf,7d6285a1dfe43ea0fa9d1f6023902d294acfebf24ca9952555cc92a628cf34cc,101900,True,local_original,UKMTO_ADVISORY,7d6285a1dfe43ea0,,zero_result_capture,,,,,,Strait of Hormuz / Persian-Arabian Gulf and adjacent waters,pre_onset,True,True,False,,R1,R2,accepted,"R1 / R2, accepted. Acceptance records a scoped archive/search zero, not proof of no real-world disruption or universal nonissuance. Evidence and limitations: Official annual/month archive capture assessed for 2025-01-27 through 2025-02-25. month_not_listed: requested month is absent from the annual index; the selected first month is NOT the requested month. A proposed zero applies only to products listed in this retrieved index. Never report proven nonissuance.",Existing_Metadata_preserved,,,,,legacy_reviewed,legacy_reviewed,Existing metadata preserved without modification,not_applicable,2025-02-26,,,False,E038
E038_UKMTO_ADVISORY_pre_onset,E038,38,test,E038,UKMTO/Archive/E038_UKMTO_Advisories_2025-02_archive-all-records.pdf,1c2c0473a11f1adb02621eba7c0aec97a9404cc539e41109aa8d8e3ec7b83728,109579,True,local_original,UKMTO_ADVISORY,1c2c0473a11f1adb,,zero_result_capture,,,,,,Strait of Hormuz / Persian-Arabian Gulf and adjacent waters,pre_onset,True,True,False,,R1,R2,accepted,"R1 / R2, accepted. Acceptance records a scoped archive/search zero, not proof of no real-world disruption or universal nonissuance. Evidence and limitations: Official annual/month archive capture assessed for 2025-01-27 through 2025-02-25. month_not_listed: requested month is absent from the annual index; the selected first month is NOT the requested month. A proposed zero applies only to products listed in this retrieved index. Never report proven nonissuance.",Existing_Metadata_preserved,,,,,legacy_reviewed,legacy_reviewed,Existing metadata preserved without modification,not_applicable,2025-02-26,,,False,E038
E038_UKMTO_ADVISORY_onset,E038,38,test,E038,UKMTO/Archive/E038_UKMTO_Advisories_2025-02_archive-all-records.pdf,1c2c0473a11f1adb02621eba7c0aec97a9404cc539e41109aa8d8e3ec7b83728,109579,True,local_original,UKMTO_ADVISORY,1c2c0473a11f1adb,,zero_result_capture,,,,,,Strait of Hormuz / Persian-Arabian Gulf and adjacent waters,onset,True,True,False,,R1,R2,accepted,"R1 / R2, accepted. Acceptance records a scoped archive/search zero, not proof of no real-world disruption or universal nonissuance. Evidence and limitations: Official annual/month archive capture assessed for 2025-02-26 through 2025-03-12. month_not_listed: requested month is absent from the annual index; the selected first month is NOT the requested month. A proposed zero applies only to products listed in this retrieved index. Never report proven nonissuance.",Existing_Metadata_preserved,,,,,legacy_reviewed,legacy_reviewed,Existing metadata preserved without modification,not_applicable,2025-02-26,,,False,E038
E038_UKMTO_ADVISORY_onset,E038,38,test,E038,UKMTO/Archive/E038_UKMTO_Advisories_2025-03_archive-all-records.pdf,5f28fab0ac43b1cd09b908f67e9af646caba58366b292abc02903150dbc78fcf,106548,True,local_original,UKMTO_ADVISORY,5f28fab0ac43b1cd,,methodology,,,,,,Strait of Hormuz / Persian-Arabian Gulf and adjacent waters,onset,False,True,False,,R1,R2,accepted,"R1 / R2, accepted. Acceptance applies to the background/audit role only; this row is not a positive predictive signal and does not automatically establish source-window coverage. Evidence and limitations: Official annual/month archive capture assessed for 2025-02-26 through 2025-03-12. Relevant listed notice exists; archive itself is not a positive predictor. See separately coded original notice.",Existing_Metadata_preserved,,,,,legacy_reviewed,legacy_reviewed,Existing metadata preserved without modification,not_applicable,2025-02-26,,,False,E038
E038_UKMTO_WARNING_pre_onset,E038,38,test,E038,UKMTO/Archive/E038_UKMTO_Warnings_2025-01_archive-all-records.pdf,97a3d4f554424f12a793c8dc0d531f558a40ce71aaa2d2545677013bbdfcb518,104281,True,local_original,UKMTO_WARNING,97a3d4f554424f12,,zero_result_capture,,,,,,Strait of Hormuz / Persian-Arabian Gulf and adjacent waters,pre_onset,True,True,False,,R1,R2,accepted,"R1 / R2, accepted. Acceptance records a scoped archive/search zero, not proof of no real-world disruption or universal nonissuance. Evidence and limitations: Official annual/month archive capture assessed for 2025-01-27 through 2025-02-25. The recorded scoped-zero coding identifies no qualifying corridor-relevant in-window notices among the listed products. Exclude outside-window, Red Sea-only, Gulf of Aden/Somalia and administrative phone notices. Coverage is valid only when all companion months are assessed jointly.",Existing_Metadata_preserved,,,,,legacy_reviewed,legacy_reviewed,Existing metadata preserved without modification,not_applicable,2025-02-26,,,False,E038
E038_UKMTO_WARNING_pre_onset,E038,38,test,E038,UKMTO/Archive/E038_UKMTO_Warnings_2025-02_archive-all-records.pdf,9195720d4a1d9f87a752434be24ebceb736b2983f953fff86eba75b53e0794fe,87923,True,local_original,UKMTO_WARNING,9195720d4a1d9f87,,zero_result_capture,,,,,,Strait of Hormuz / Persian-Arabian Gulf and adjacent waters,pre_onset,True,True,False,,R1,R2,accepted,"R1 / R2, accepted. Acceptance records a scoped archive/search zero, not proof of no real-world disruption or universal nonissuance. Evidence and limitations: Official annual/month archive capture assessed for 2025-01-27 through 2025-02-25. month_not_listed: requested month is absent from the annual index; the selected first month is NOT the requested month. A proposed zero applies only to products listed in this retrieved index. Never report proven nonissuance.",Existing_Metadata_preserved,,,,,legacy_reviewed,legacy_reviewed,Existing metadata preserved without modification,not_applicable,2025-02-26,,,False,E038
E038_UKMTO_WARNING_onset,E038,38,test,E038,UKMTO/Archive/E038_UKMTO_Warnings_2025-02_archive-all-records.pdf,9195720d4a1d9f87a752434be24ebceb736b2983f953fff86eba75b53e0794fe,87923,True,local_original,UKMTO_WARNING,9195720d4a1d9f87,,zero_result_capture,,,,,,Strait of Hormuz / Persian-Arabian Gulf and adjacent waters,onset,True,True,False,,R1,R2,accepted,"R1 / R2, accepted. Acceptance records a scoped archive/search zero, not proof of no real-world disruption or universal nonissuance. Evidence and limitations: Official annual/month archive capture assessed for 2025-02-26 through 2025-03-12. month_not_listed: requested month is absent from the annual index; the selected first month is NOT the requested month. A proposed zero applies only to products listed in this retrieved index. Never report proven nonissuance.",Existing_Metadata_preserved,,,,,legacy_reviewed,legacy_reviewed,Existing metadata preserved without modification,not_applicable,2025-02-26,,,False,E038
E038_UKMTO_WARNING_onset,E038,38,test,E038,UKMTO/Archive/E038_UKMTO_Warnings_2025-03_archive-all-records.pdf,c3bdad5dee7f064471a46c61cc6a1287d8006d8b8505b8632237768591f8e567,95232,True,local_original,UKMTO_WARNING,c3bdad5dee7f0644,,zero_result_capture,,,,,,Strait of Hormuz / Persian-Arabian Gulf and adjacent waters,onset,True,True,False,,R1,R2,accepted,"R1 / R2, accepted. Acceptance records a scoped archive/search zero, not proof of no real-world disruption or universal nonissuance. Evidence and limitations: Official annual/month archive capture assessed for 2025-02-26 through 2025-03-12. month_not_listed: requested month is absent from the annual index; the selected first month is NOT the requested month. A proposed zero applies only to products listed in this retrieved index. Never report proven nonissuance.",Existing_Metadata_preserved,,,,,legacy_reviewed,legacy_reviewed,Existing metadata preserved without modification,not_applicable,2025-02-26,,,False,E038
E042_UKMTO_ADVISORY_pre_onset,E042,42,test,E042,UKMTO/Archive/E042_UKMTO_Advisories_2025-07_archive-all-records.pdf,8182eafc08c32e3819997c14aff61b6e905bdf0ebdd8b20091e71eafdcec2050,105291,True,local_original,UKMTO_ADVISORY,8182eafc08c32e38,,zero_result_capture,,,,,,Strait of Hormuz / Persian-Arabian Gulf and adjacent waters,pre_onset,True,True,False,,R1,R2,accepted,"R1 / R2, accepted. Acceptance records a scoped archive/search zero, not proof of no real-world disruption or universal nonissuance. Evidence and limitations: Official annual/month archive capture assessed for 2025-07-16 through 2025-08-14. The recorded scoped-zero coding identifies no qualifying corridor-relevant in-window notices among the listed products. Exclude outside-window, Red Sea-only, Gulf of Aden/Somalia and administrative phone notices. Coverage is valid only when all companion months are assessed jointly.",Existing_Metadata_preserved,,,,,legacy_reviewed,legacy_reviewed,Existing metadata preserved without modification,not_applicable,2025-08-15,,,False,E042
E042_UKMTO_WARNING_pre_onset,E042,42,test,E042,UKMTO/Archive/E042_UKMTO_Warnings_2025-07_archive-all-records.pdf,413530b725d0e16e4a334016f950988b47eb6a34e568b6bd99a9d211e879398b,130475,True,local_original,UKMTO_WARNING,413530b725d0e16e,,zero_result_capture,,,,,,Strait of Hormuz / Persian-Arabian Gulf and adjacent waters,pre_onset,True,True,False,,R1,R2,accepted,"R1 / R2, accepted. Acceptance records a scoped archive/search zero, not proof of no real-world disruption or universal nonissuance. Evidence and limitations: Official annual/month archive capture assessed for 2025-07-16 through 2025-08-14. The recorded scoped-zero coding identifies no qualifying corridor-relevant in-window notices among the listed products. Exclude outside-window, Red Sea-only, Gulf of Aden/Somalia and administrative phone notices. Coverage is valid only when all companion months are assessed jointly.",Existing_Metadata_preserved,,,,,legacy_reviewed,legacy_reviewed,Existing metadata preserved without modification,not_applicable,2025-08-15,,,False,E042
E042_UKMTO_WARNING_pre_onset,E042,42,test,E042,UKMTO/Archive/E042_UKMTO_Warnings_2025-08_archive-all-records.pdf,214419d64f683ed54013af15f0f23f2771be66d38f28caf15e4ed97ed4a5a782,96634,True,local_original,UKMTO_WARNING,214419d64f683ed5,,zero_result_capture,,,,,,Strait of Hormuz / Persian-Arabian Gulf and adjacent waters,pre_onset,True,True,False,,R1,R2,accepted,"R1 / R2, accepted. Acceptance records a scoped archive/search zero, not proof of no real-world disruption or universal nonissuance. Evidence and limitations: Official annual/month archive capture assessed for 2025-07-16 through 2025-08-14. The recorded scoped-zero coding identifies no qualifying corridor-relevant in-window notices among the listed products. Exclude outside-window, Red Sea-only, Gulf of Aden/Somalia and administrative phone notices. Coverage is valid only when all companion months are assessed jointly.",Existing_Metadata_preserved,,,,,legacy_reviewed,legacy_reviewed,Existing metadata preserved without modification,not_applicable,2025-08-15,,,False,E042
E042_UKMTO_WARNING_onset,E042,42,test,E042,UKMTO/Archive/E042_UKMTO_Warnings_2025-08_archive-all-records.pdf,214419d64f683ed54013af15f0f23f2771be66d38f28caf15e4ed97ed4a5a782,96634,True,local_original,UKMTO_WARNING,214419d64f683ed5,,zero_result_capture,,,,,,Strait of Hormuz / Persian-Arabian Gulf and adjacent waters,onset,True,True,False,,R1,R2,accepted,"R1 / R2, accepted. Acceptance records a scoped archive/search zero, not proof of no real-world disruption or universal nonissuance. Evidence and limitations: Official annual/month archive capture assessed for 2025-08-15 through 2025-08-29. The recorded scoped-zero coding identifies no qualifying corridor-relevant in-window notices among the listed products. Exclude outside-window, Red Sea-only, Gulf of Aden/Somalia and administrative phone notices. Coverage is valid only when all companion months are assessed jointly.",Existing_Metadata_preserved,,,,,legacy_reviewed,legacy_reviewed,Existing metadata preserved without modification,not_applicable,2025-08-15,,,False,E042
E045_UKMTO_ADVISORY_pre_onset,E045,45,test,E045,UKMTO/Archive/E045_UKMTO_Advisories_2025-09_archive-all-records.pdf,92fae100ca1a1e3fe8398051ab1bbe9fe3cc42a8c535c74995ab17aafd06a713,98133,True,local_original,UKMTO_ADVISORY,92fae100ca1a1e3f,,zero_result_capture,,,,,,Strait of Hormuz / Persian-Arabian Gulf and adjacent waters,pre_onset,True,True,False,,R1,R2,accepted,"R1 / R2, accepted. Acceptance records a scoped archive/search zero, not proof of no real-world disruption or universal nonissuance. Evidence and limitations: Official annual/month archive capture assessed for 2025-09-08 through 2025-10-07. The recorded scoped-zero coding identifies no qualifying corridor-relevant in-window notices among the listed products. Exclude outside-window, Red Sea-only, Gulf of Aden/Somalia and administrative phone notices. Coverage is valid only when all companion months are assessed jointly.",Existing_Metadata_preserved,,,,,legacy_reviewed,legacy_reviewed,Existing metadata preserved without modification,not_applicable,2025-10-08,,,False,E045
E045_UKMTO_ADVISORY_pre_onset,E045,45,test,E045,UKMTO/Archive/E045_UKMTO_Advisories_2025-10_archive-all-records.pdf,99fcc9252b2027a9c57fa741aeeb09fe4f15cc81dd97c783684efe382e6dc979,107743,True,local_original,UKMTO_ADVISORY,99fcc9252b2027a9,,methodology,,,,,,Strait of Hormuz / Persian-Arabian Gulf and adjacent waters,pre_onset,False,True,False,,R1,R2,accepted,"R1 / R2, accepted. Acceptance applies to the background/audit role only; this row is not a positive predictive signal and does not automatically establish source-window coverage. Evidence and limitations: Official annual/month archive capture assessed for 2025-09-08 through 2025-10-07. Relevant listed notice exists; archive itself is not a positive predictor. See separately coded original notice.",Existing_Metadata_preserved,,,,,legacy_reviewed,legacy_reviewed,Existing metadata preserved without modification,not_applicable,2025-10-08,,,False,E045
E045_UKMTO_ADVISORY_onset,E045,45,test,E045,UKMTO/Archive/E045_UKMTO_Advisories_2025-10_archive-all-records.pdf,99fcc9252b2027a9c57fa741aeeb09fe4f15cc81dd97c783684efe382e6dc979,107743,True,local_original,UKMTO_ADVISORY,99fcc9252b2027a9,,zero_result_capture,,,,,,Strait of Hormuz / Persian-Arabian Gulf and adjacent waters,onset,True,True,False,,R1,R2,accepted,"R1 / R2, accepted. Acceptance records a scoped archive/search zero, not proof of no real-world disruption or universal nonissuance. Evidence and limitations: Official annual/month archive capture assessed for 2025-10-08 through 2025-10-22. The recorded scoped-zero coding identifies no qualifying corridor-relevant in-window notices among the listed products. Exclude outside-window, Red Sea-only, Gulf of Aden/Somalia and administrative phone notices. Coverage is valid only when all companion months are assessed jointly.",Existing_Metadata_preserved,,,,,legacy_reviewed,legacy_reviewed,Existing metadata preserved without modification,not_applicable,2025-10-08,,,False,E045
E045_UKMTO_WARNING_pre_onset,E045,45,test,E045,UKMTO/Archive/E045_UKMTO_Warnings_2025-09_archive-all-records.pdf,f56e399ad1788fb7fe0ede87e12cc635153cea99587adc3c592dd9966b28f6a7,106062,True,local_original,UKMTO_WARNING,f56e399ad1788fb7,,zero_result_capture,,,,,,Strait of Hormuz / Persian-Arabian Gulf and adjacent waters,pre_onset,True,True,False,,R1,R2,accepted,"R1 / R2, accepted. Acceptance records a scoped archive/search zero, not proof of no real-world disruption or universal nonissuance. Evidence and limitations: Official annual/month archive capture assessed for 2025-09-08 through 2025-10-07. The recorded scoped-zero coding identifies no qualifying corridor-relevant in-window notices among the listed products. Exclude outside-window, Red Sea-only, Gulf of Aden/Somalia and administrative phone notices. Coverage is valid only when all companion months are assessed jointly.",Existing_Metadata_preserved,,,,,legacy_reviewed,legacy_reviewed,Existing metadata preserved without modification,not_applicable,2025-10-08,,,False,E045
E045_UKMTO_WARNING_pre_onset,E045,45,test,E045,UKMTO/Archive/E045_UKMTO_Warnings_2025-10_archive-all-records.pdf,a7650cb407e94c9cee10b3f9c4b7a1bdcad3de53a9cccab5a17a82690ee5d046,106534,True,local_original,UKMTO_WARNING,a7650cb407e94c9c,,zero_result_capture,,,,,,Strait of Hormuz / Persian-Arabian Gulf and adjacent waters,pre_onset,True,True,False,,R1,R2,accepted,"R1 / R2, accepted. Acceptance records a scoped archive/search zero, not proof of no real-world disruption or universal nonissuance. Evidence and limitations: Official annual/month archive capture assessed for 2025-09-08 through 2025-10-07. The recorded scoped-zero coding identifies no qualifying corridor-relevant in-window notices among the listed products. Exclude outside-window, Red Sea-only, Gulf of Aden/Somalia and administrative phone notices. Coverage is valid only when all companion months are assessed jointly.",Existing_Metadata_preserved,,,,,legacy_reviewed,legacy_reviewed,Existing metadata preserved without modification,not_applicable,2025-10-08,,,False,E045
E045_UKMTO_WARNING_onset,E045,45,test,E045,UKMTO/Archive/E045_UKMTO_Warnings_2025-10_archive-all-records.pdf,a7650cb407e94c9cee10b3f9c4b7a1bdcad3de53a9cccab5a17a82690ee5d046,106534,True,local_original,UKMTO_WARNING,a7650cb407e94c9c,,zero_result_capture,,,,,,Strait of Hormuz / Persian-Arabian Gulf and adjacent waters,onset,True,True,False,,R1,R2,accepted,"R1 / R2, accepted. Acceptance records a scoped archive/search zero, not proof of no real-world disruption or universal nonissuance. Evidence and limitations: Official annual/month archive capture assessed for 2025-10-08 through 2025-10-22. The recorded scoped-zero coding identifies no qualifying corridor-relevant in-window notices among the listed products. Exclude outside-window, Red Sea-only, Gulf of Aden/Somalia and administrative phone notices. Coverage is valid only when all companion months are assessed jointly.",Existing_Metadata_preserved,,,,,legacy_reviewed,legacy_reviewed,Existing metadata preserved without modification,not_applicable,2025-10-08,,,False,E045
E042_UKMTO_ADVISORY_onset,E042,42,test,E042,UKMTO/Archive/E042_UKMTO_Advisories_2025-07_archive-all-records.pdf,8182eafc08c32e3819997c14aff61b6e905bdf0ebdd8b20091e71eafdcec2050,105291,True,local_original,UKMTO_ADVISORY,8182eafc08c32e38,,zero_result_capture,,,,,,Strait of Hormuz / Persian-Arabian Gulf and adjacent waters,onset,True,True,False,,R1,R2,accepted,"R1 / R2, accepted. Acceptance records a scoped archive/search zero, not proof of no real-world disruption or universal nonissuance. Evidence and limitations: month_not_listed: August 2025 is absent from the visible official 2025 advisory index. The selected July tab is not an August archive. Proposed zero is limited to products listed in the retrieved annual index; it is not proof no advisory was ever issued.",Existing_Metadata_preserved,,,,,legacy_reviewed,legacy_reviewed,Existing metadata preserved without modification,not_applicable,2025-08-15,,,False,E042
E038_UKMTO_ADVISORY_onset,E038,38,test,E038,UKMTO/Advisories/20250310_UKMTO_ADVISORY_INCIDENT 006-25.pdf,c9b438746dd31e2f5f698e9d610ecdbf2ca990a574d640431d363750a0a9b83a,287325,True,local_original,UKMTO_ADVISORY,c9b438746dd31e2f,UKMTO-ADVISORY-006-25,positive_signal,2025-03-10,2025-03-10,2025-03-10,,,Strait of Hormuz,onset,False,True,False,,R1,R2,accepted,"R1 / R2, accepted. Acceptance records source/date/geographic eligibility within the coded window; it does not establish causation, forecast performance or model warning lead time. Evidence and limitations: PDF p.1: issued 2025-03-10 18:30 UTC. Reports GPS interference in Strait of Hormuz. Publication is 12 days after 2025-02-26 flow onset and 9 days after episode end. Post-event corroboration, not an early-warning success. Earliest predictor availability is issue time, never earlier.",Existing_Metadata_preserved,,,,,legacy_reviewed,legacy_reviewed,Existing metadata preserved without modification,legacy_accepted,2025-02-26,12.0,,False,E038
E045_UKMTO_ADVISORY_pre_onset,E045,45,test,E045,UKMTO/Advisories/20251007-UKMTO_ADVISORY_034-25.pdf,fca48f3f54ecd686ec54ec0157586836cc6e778df7bc64fed0e45890cfaf9e1c,222090,True,local_original,UKMTO_ADVISORY,fca48f3f54ecd686,UKMTO-ADVISORY-034-25,positive_signal,2025-10-07,2025-10-07,2025-10-07,,,Strait of Hormuz / Persian-Arabian Gulf; also Port Sudan and Suez,pre_onset,False,True,False,,R1,R2,accepted,"R1 / R2, accepted. Acceptance records source/date/geographic eligibility within the coded window; it does not establish causation, forecast performance or model warning lead time. Evidence and limitations: PDF p.1: issued 2025-10-07 13:10 UTC. Reports increased GNSS interference and AIS speed anomalies during Oct 3-7, including Hormuz/Gulf. Use Oct 7 issue date, NOT Oct 3 report-range start. Publication precedes Oct 8 flow onset by 1 calendar day; this is not validated model lead time. Since AIS is also involved in the flow outcome source, assess observation-error sensitivity and do not equate interference with a physical supply disruption.",Existing_Metadata_preserved,,,,,legacy_reviewed,legacy_reviewed,Existing metadata preserved without modification,legacy_accepted,2025-10-08,-1.0,,True,E045
E042_GARD_pre_onset,E042,42,test,E042,Shared/Gard/E042_GARD_GPS-interference_published-2025-07-22.pdf,733cac110902a00790be3017e0d1dcf4f2a558cd6e05fb12fa13c09b74356fcc,484789,True,local_original,GARD,733cac110902a007,GARD-GNSS-GUIDANCE-2025-07-22,methodology,2025-07-22,,2025-07-22,,,Persian/Arabian Gulf and other conflict zones,pre_onset,False,True,False,,R1,R2,accepted,"R1 / R2, accepted. Acceptance applies to the background/audit role only; this row is not a positive predictive signal and does not automatically establish source-window coverage. Evidence and limitations: Candidate evaluated as background. Recorded acceptance does not classify it as a positive signal. PDF p.1 publication 2025-07-22; p.3 explicitly mentions Persian/Arabian Gulf. General insurer navigation guidance, not a dated Hormuz incident, premium increase, or policy cancellation. 24-calendar-day publication interval to Aug 15 onset is not model lead time or causal corroboration. Include only if frozen rules admit broad guidance, with identical rules across all episodes. Official PDF downloaded 2026-09-12; HTTP Last-Modified is 2025-10-28, after E042. Contemporaneous version/content availability is unverified, so exclude from strict historical-availability analysis unless verified, or test exclusion sensitivity. PDF p.2 has missing case-study bodies (en-US placeholders); full webpage contains them. Preserve PDF unchanged. Source: https://gard.no/en/insights/gps-interference-in-geopolitical-conflict-zones/ Conservative default: background/methodology only. Promote to positive_signal only after both humans verify frozen-rule eligibility and historically available content, or retain as explicitly exploratory with exclusion sensitivity.",Existing_Metadata_preserved,,,,,legacy_reviewed,legacy_reviewed,Existing metadata preserved without modification,not_applicable,2025-08-15,-24.0,,False,E042
E045_UKMTO_ADVISORY_pre_onset,E045,45,test,E045,UKMTO/Advisories/20250916-UKMTO_ADVISORY_031_25.pdf,a57dbe37663323167b333e89ddf50791ad73da0ca762ab35ee61b001e214a6a4,244275,True,local_original,UKMTO_ADVISORY,a57dbe3766332316,,methodology,2025-09-16,2025-09-16,,,,outside target corridor,pre_onset,False,True,False,,R1,R2,accepted,"R1 / R2, accepted. Acceptance records the document exclusion/background role, not a positive predictive signal. Evidence and limitations: EXCLUDED from predictive signals: not target-corridor security evidence (outside target corridor). Original retained for transparent screening. Geographic exclusion is subject to the original PDF classification. Updates must not count as new independent incidents.",Existing_Metadata_preserved,,,,,legacy_reviewed,legacy_reviewed,Existing metadata preserved without modification,not_applicable,2025-10-08,-22.0,,False,E045
E045_UKMTO_ADVISORY_onset,E045,45,test,E045,UKMTO/Advisories/20251016 -UKMTO_ADVISORY_035-25-INTERIM-TELEPHONE-NUMBERS.pdf,580e49eb6ec93c8f1753fc1b540743f235350ff31bbccc2ce323547ed17f9278,176118,True,local_original,UKMTO_ADVISORY,580e49eb6ec93c8f,,methodology,2025-10-16,2025-10-16,,,,UKMTO contact details,onset,False,True,False,,R1,R2,accepted,"R1 / R2, accepted. Acceptance records the document exclusion/background role, not a positive predictive signal. Evidence and limitations: EXCLUDED from predictive signals: administrative interim telephone-number notice. Original retained for transparent screening. Geographic exclusion is subject to the original PDF classification. Updates must not count as new independent incidents.",Existing_Metadata_preserved,,,,,legacy_reviewed,legacy_reviewed,Existing metadata preserved without modification,not_applicable,2025-10-08,8.0,45.0,False,E045
E045_UKMTO_ADVISORY_onset,E045,45,test,E045,UKMTO/Advisories/20251018-UKMTO_ADVISORY_036-25 - Update-002.pdf,5010c506fd03da899d4ab16e770bacadf402e894a923e093cb85143d09a93fcd,235196,True,local_original,UKMTO_ADVISORY,5010c506fd03da89,UKMTO-WARNING-036-25,methodology,2025-10-19,2025-10-19,,,,outside target corridor,onset,False,True,True,UKMTO-WARNING-036-25,R1,R2,accepted,"Page 1 identifies incident 036-25, ADVISORY Update 002. The body explicitly reclassifies the same warning as an advisory. Keep the advisory source class, but link it to the original warning incident family. Issue Date is 19 Oct 2025. Report Date and filename are 18 Oct 2025 and must not replace the issue date. Incident location is 116 NM east of Aden, Yemen, outside the Hormuz corridor. Background/excluded role is unchanged. Reviewer identifiers R1 / R2 are retained from the prior accepted coding. Confirmation of the amended family links and issue date by both reviewers is pending. Prior note before correction:  R1 / R2, accepted. Acceptance records the document exclusion/background role, not a positive predictive signal. Evidence and limitations: EXCLUDED from predictive signals: not target-corridor security evidence (outside target corridor). Original retained for transparent screening. Geographic exclusion is subject to the original PDF classification. Updates must not count as new independent incidents.",Existing_Metadata_preserved,,,,,legacy_reviewed,legacy_reviewed,Existing metadata preserved without modification,not_applicable,2025-10-08,11.0,,False,E045
E042_UKMTO_WARNING_pre_onset,E042,42,test,E042,UKMTO/Warnings/20250724 - UKMTO_WARNING_INCIDENT_028-25-OS-HMG UO.pdf,98bb9b0d512c91268276a175847db3049cffccb5932e834f8833d96956067fb1,253930,True,local_original,UKMTO_WARNING,98bb9b0d512c9126,UKMTO-WARNING-028-25,methodology,2025-07-24,2025-07-24,,,,AL MUKHA,pre_onset,False,True,False,,R1,R2,accepted,"Assign the original warning 028-25 its incident family so Update 001 refers to an existing original record. The Al Mukha, Yemen incident remains outside the Hormuz corridor. Background/excluded role is unchanged. Reviewer identifiers R1 / R2 are retained from the prior accepted coding. Confirmation of the amended family links by both reviewers is pending. Prior note before correction:  R1 / R2, accepted. Acceptance records the document exclusion/background role, not a positive predictive signal. Evidence and limitations: EXCLUDED from predictive signals: not target-corridor security evidence (AL MUKHA). Original retained for transparent screening. Geographic exclusion is subject to the original PDF classification. Updates must not count as new independent incidents.",Existing_Metadata_preserved,,,,,legacy_reviewed,legacy_reviewed,Existing metadata preserved without modification,not_applicable,2025-08-15,-22.0,,False,E042
E042_UKMTO_WARNING_pre_onset,E042,42,test,E042,UKMTO/Warnings/20250724 - UKMTO_WARNING_INCIDENT_028-25-update 001-OS-HMG UO.pdf,aff704b2b6a06c16b4b30372dbf6d82ee387e08dab0262d10f13d8a6dd7a4b7d,260106,True,local_original,UKMTO_WARNING,aff704b2b6a06c16,UKMTO-WARNING-028-25,methodology,2025-07-24,2025-07-24,,,,AL MUKHA,pre_onset,False,True,True,UKMTO-WARNING-028-25,R1,R2,accepted,"Metadata correction (2026-09-13). Page 1 identifies WARNING 028-25 Update 001, issued 24 Jul 2025. Link to the original WARNING 028-25 family. This is an update of the Al Mukha, Yemen incident, not an independent Hormuz incident. Background/excluded role is unchanged. Reviewer identifiers R1 / R2 are retained from the prior accepted coding. Confirmation of the amended family links by both reviewers is pending. Prior note before correction:  R1 / R2, accepted. Acceptance records the document exclusion/background role, not a positive predictive signal. Evidence and limitations: EXCLUDED from predictive signals: not target-corridor security evidence (AL MUKHA). Original retained for transparent screening. Geographic exclusion is subject to the original PDF classification. Updates must not count as new independent incidents.",Existing_Metadata_preserved,,,,,legacy_reviewed,legacy_reviewed,Existing metadata preserved without modification,not_applicable,2025-08-15,-22.0,,False,E042
E045_UKMTO_WARNING_pre_onset,E045,45,test,E045,UKMTO/Warnings/20250923-UKMTO_WARNING_032-25.pdf,99c5330ca229a4cb5cad6107e8c45020d90749e44ec8e84556da399bcab469c3,243240,True,local_original,UKMTO_WARNING,99c5330ca229a4cb,,methodology,2025-09-23,2025-09-23,,,,outside target corridor,pre_onset,False,True,False,,R1,R2,accepted,"R1 / R2, accepted. Acceptance records the document exclusion/background role, not a positive predictive signal. Evidence and limitations: EXCLUDED from predictive signals: not target-corridor security evidence (outside target corridor). Original retained for transparent screening. Geographic exclusion is subject to the original PDF classification. Updates must not count as new independent incidents.",Existing_Metadata_preserved,,,,,legacy_reviewed,legacy_reviewed,Existing metadata preserved without modification,not_applicable,2025-10-08,-15.0,44.0,False,E045
E045_UKMTO_WARNING_pre_onset,E045,45,test,E045,UKMTO/Warnings/20250929_UKMTO_WARNING_033 -UPDATE 001.pdf,c48335dfa7e15f0e1f640edb243c5a7615d0c8de04e21d2885932a2ed431e869,272322,True,local_original,UKMTO_WARNING,c48335dfa7e15f0e,UKMTO-WARNING-033-25,methodology,2025-09-29,2025-09-29,,,,outside target corridor,pre_onset,False,True,True,UKMTO-WARNING-033-25,R1,R2,accepted,"Page 1 identifies WARNING 033-25 UPDATE 001, issued 29 Sep 2025. Link to the original WARNING 033-25 family. The incident is 128 NM southeast of Aden, Yemen, outside the Hormuz corridor. Background/excluded role is unchanged. Reviewer identifiers R1 / R2 are retained from the prior accepted coding. Confirmation of the amended family links by both reviewers is pending. Prior note before correction:  R1 / R2, accepted. Acceptance records the document exclusion/background role, not a positive predictive signal. Evidence and limitations: EXCLUDED from predictive signals: not target-corridor security evidence (outside target corridor). Original retained for transparent screening. Geographic exclusion is subject to the original PDF classification. Updates must not count as new independent incidents.",Existing_Metadata_preserved,,,,,legacy_reviewed,legacy_reviewed,Existing metadata preserved without modification,not_applicable,2025-10-08,-9.0,,False,E045
E045_UKMTO_WARNING_pre_onset,E045,45,test,E045,UKMTO/Warnings/20250929_UKMTO_WARNING_033-25.pdf,18dc892ba10e08bc5bdba514c87de535f5d763d98b6d0c0ad7c61138de53ea73,267443,True,local_original,UKMTO_WARNING,18dc892ba10e08bc,UKMTO-WARNING-033-25,methodology,2025-09-29,2025-09-29,,,,outside target corridor,pre_onset,False,True,False,,R1,R2,accepted,"Assign the original warning 033-25 its incident family so Update 001 refers to an existing original record. The incident southeast of Aden, Yemen remains outside the Hormuz corridor. Background/excluded role is unchanged. Reviewer identifiers R1 / R2 are retained from the prior accepted coding. Confirmation of the amended family links by both reviewers is pending. Prior note before correction:  R1 / R2, accepted. Acceptance records the document exclusion/background role, not a positive predictive signal. Evidence and limitations: EXCLUDED from predictive signals: not target-corridor security evidence (outside target corridor). Original retained for transparent screening. Geographic exclusion is subject to the original PDF classification. Updates must not count as new independent incidents.",Existing_Metadata_preserved,,,,,legacy_reviewed,legacy_reviewed,Existing metadata preserved without modification,not_applicable,2025-10-08,-9.0,,False,E045
E045_UKMTO_WARNING_onset,E045,45,test,E045,UKMTO/Warnings/20251018-UKMTO_WARNING_036-25 - Update-001.pdf,7aa2d785ecaea546533db3e0c4510bf7bba49b7894f36eb0eead5b7927d8c5bc,234666,True,local_original,UKMTO_WARNING,7aa2d785ecaea546,UKMTO-WARNING-036-25,methodology,2025-10-18,2025-10-18,,,,outside target corridor,onset,False,True,True,UKMTO-WARNING-036-25,R1,R2,accepted,"Page 1 identifies WARNING 036-25 ATTACK Update 001, issued 18 Oct 2025. Link to the original WARNING 036-25 family. Update 002 in the advisory folder belongs to this same incident, not a new independent incident. The location east of Aden, Yemen is outside the Hormuz corridor. Background/excluded role is unchanged. Reviewer identifiers R1 / R2 are retained from the prior accepted coding. Confirmation of the amended family links by both reviewers is pending. Prior note before correction:  R1 / R2, accepted. Acceptance records the document exclusion/background role, not a positive predictive signal. Evidence and limitations: EXCLUDED from predictive signals: not target-corridor security evidence (outside target corridor). Original retained for transparent screening. Geographic exclusion is subject to the original PDF classification. Updates must not count as new independent incidents.",Existing_Metadata_preserved,,,,,legacy_reviewed,legacy_reviewed,Existing metadata preserved without modification,not_applicable,2025-10-08,10.0,45.0,False,E045
E045_UKMTO_WARNING_onset,E045,45,test,E045,UKMTO/Warnings/20251018-UKMTO_WARNING_036-25.pdf,3bb3e931b2ffafb12b56dc9dfb944511226916d833aab84a9bc88e59a0c10d13,230061,True,local_original,UKMTO_WARNING,3bb3e931b2ffafb1,UKMTO-WARNING-036-25,methodology,2025-10-18,2025-10-18,,,,outside target corridor,onset,False,True,False,,R1,R2,accepted,"Assign the original warning 036-25 its incident family so WARNING Update 001 and the later advisory-reclassified Update 002 both refer to the same original incident. The incident east of Aden, Yemen remains outside the Hormuz corridor. Background/excluded role is unchanged. Reviewer identifiers R1 / R2 are retained from the prior accepted coding. Confirmation of the amended family links by both reviewers is pending. Prior note before correction:  R1 / R2, accepted. Acceptance records the document exclusion/background role, not a positive predictive signal. Evidence and limitations: EXCLUDED from predictive signals: not target-corridor security evidence (outside target corridor). Original retained for transparent screening. Geographic exclusion is subject to the original PDF classification. Updates must not count as new independent incidents.",Existing_Metadata_preserved,,,,,legacy_reviewed,legacy_reviewed,Existing metadata preserved without modification,not_applicable,2025-10-08,10.0,45.0,False,E045
E006_GARD_onset,E006,6,training,E006,E006/GARD/onset/automated_pending/E006_GARD_onset__search-Gulf-of-Oman/20260913T224926885288Z_qrm2o0ds/E006_GARD_onset__search-Gulf-of-Oman__document-940c2cb2ca.pdf,,0,False,metadata_reference_only,GARD,EV-FE4517242497,GARD-GULF-OMAN-2019-06,positive_signal,,,,,,Gulf of Oman / Hormuz / Persian Gulf,onset,False,False,False,,R1,R2,accepted,"Coding note: Regional candidate. Displayed publication date 2019-06-12 conflicts with the described 2019-06-13 incidents. Current text says Updated 2019-06-14. Issue/publication cells remain blank. E006 and E007 mappings reuse the same source/event, not independent episodes. Historical version and prior overlap remain unresolved. Source: PDF pp. 1-3. Mapping retained as a candidate only. Do not export as a verified historical signal or replace missing issue/publication dates with effective dates. Prior overlap cannot be certified without a reliable availability date. Original reviewed evidence path is not present in the v1.0.3 local evidence snapshot; retained as a metadata reference only and excluded from direct-evidence eligibility.",Document_Review_human_adjudicated,RV-E0DAE471104B,EV-FE4517242497,agree,agree,unverified,unknown,Verify issue/publication date,ineligible_unresolved_historical_availability,2019-05-31,,,False,E006
E006_MARAD_onset,E006,6,training,E006,E006/MARAD/onset/automated_pending/E006_MARAD_onset__Arabian-Gulf/20260914T010959429002Z_l6gjuzxd/E006_MARAD_onset__Arabian-Gulf__document-ec66a102d9.pdf,,0,False,metadata_reference_only,MARAD,EV-BA3C5900F785,MARAD-2019-003A,positive_signal,2019-06-13,,,2019-06-13,2019-06-20,Persian Gulf / Strait of Hormuz / Gulf of Oman,onset,False,False,False,,R1,R2,accepted,Coding note: Regional alert describes an already reported incident. Effective and expiry dates are explicit. Issue/publication dates and historical availability remain unverified. Check full flow-episode history before assigning independent lead time. Source: PDF p. 1. Mapping retained as a candidate only. Do not export as a verified historical signal or replace missing issue/publication dates with effective dates. Prior overlap cannot be certified without a reliable availability date. Original reviewed evidence path is not present in the v1.0.3 local evidence snapshot; retained as a metadata reference only and excluded from direct-evidence eligibility.,Document_Review_human_adjudicated,RV-BE71B226C345,EV-BA3C5900F785,agree,agree,unverified,unknown,Verify issue/publication date,ineligible_unresolved_historical_availability,2019-05-31,13.0,,False,E006
E006_GARD_pre_onset,E006,6,training,E006,E006/GARD/pre_onset/automated_pending/E006_GARD_pre_onset__search-Iran/20260913T223831843592Z_bahqu7bt/E006_GARD_pre_onset__search-Iran__document-70d012db10.pdf,,0,False,metadata_reference_only,GARD,EV-B7DCC5D605DF,GARD-AIS-SANCTIONS-2019,methodology,2019-05-28,,2019-05-28,,,Sanctions/AIS methodology; not a specific disruption alert,pre_onset,False,False,False,,R1,R2,accepted,Coding note: Methodology/background only. Displayed publication date is 2019-05-28. AIS observability and sanctions guidance are not an incident-specific warning or measured insurance-price change. Not used as a positive event feature. Source: PDF pp. 1-10. Original reviewed evidence path is not present in the v1.0.3 local evidence snapshot; retained as a metadata reference only and excluded from direct-evidence eligibility.,Document_Review_human_adjudicated,RV-DA6DA6BE8ABD,EV-B7DCC5D605DF,agree,agree,not_applicable,not_applicable,Review complete,not_applicable,2019-05-31,-3.0,,False,E006
E006_IUA_JWC_LMA_onset,E006,6,training,E006,E006/IUA_JWC_LMA/onset/automated_pending/E006_IUA_JWC_LMA_onset__page-1/20260914T011051137968Z_c6vu9px4/documents/E006_IUA_JWC_LMA_onset__page-1__document-864b57ce0f.pdf,,0,False,metadata_reference_only,IUA_JWC_LMA,EV-B5D8F0174EBF,JWLA-034,excluded,2026-07-29,2026-07-29,,,,"Regional listed areas, including Persian/Arabian Gulf",onset,False,False,False,,R1,R2,accepted,"Coding note: Exclude from this historical window. Circular JWLA-034 is internally dated 2026-07-29, after the requested dates. The /2025/06/ URL path is not its issue date. Repeated copies are one circular, not independent signals. Historical coverage remains unknown, not zero. Source: PDF p. 1. Original reviewed evidence path is not present in the v1.0.3 local evidence snapshot; retained as a metadata reference only and excluded from direct-evidence eligibility.",Document_Review_human_adjudicated,RV-6CFA452379B1,EV-B5D8F0174EBF,agree,agree,not_applicable,not_applicable,Review complete,not_applicable,2019-05-31,2616.0,51.0,False,E006
E006_IUA_JWC_LMA_pre_onset,E006,6,training,E006,E006/IUA_JWC_LMA/onset/automated_pending/E006_IUA_JWC_LMA_onset__page-1/20260914T011051137968Z_c6vu9px4/documents/E006_IUA_JWC_LMA_onset__page-1__document-864b57ce0f.pdf,,0,False,metadata_reference_only,IUA_JWC_LMA,EV-B5D8F0174EBF,JWLA-034,excluded,2026-07-29,2026-07-29,,,,"Regional listed areas, including Persian/Arabian Gulf",pre_onset,False,False,False,,R1,R2,accepted,"Coding note: Exclude from this historical window. Circular JWLA-034 is internally dated 2026-07-29, after the requested dates. The /2025/06/ URL path is not its issue date. Repeated copies are one circular, not independent signals. Historical coverage remains unknown, not zero. Source: PDF p. 1. Original reviewed evidence path is not present in the v1.0.3 local evidence snapshot; retained as a metadata reference only and excluded from direct-evidence eligibility.",Document_Review_human_adjudicated,RV-70AC94282D09,EV-B5D8F0174EBF,agree,agree,not_applicable,not_applicable,Review complete,not_applicable,2019-05-31,2616.0,51.0,False,E006
E007_GARD_pre_onset,E007,7,training,E007,E006/GARD/onset/automated_pending/E006_GARD_onset__search-Gulf-of-Oman/20260913T224926885288Z_qrm2o0ds/E006_GARD_onset__search-Gulf-of-Oman__document-940c2cb2ca.pdf,,0,False,metadata_reference_only,GARD,EV-FE4517242497,GARD-GULF-OMAN-2019-06,positive_signal,,,,,,Gulf of Oman / Hormuz / Persian Gulf,pre_onset,False,False,False,,R1,R2,accepted,"Coding note: Regional candidate. Displayed publication date 2019-06-12 conflicts with the described 2019-06-13 incidents. Current text says Updated 2019-06-14. Issue/publication cells remain blank. E006 and E007 mappings reuse the same source/event, not independent episodes. Historical version and prior overlap remain unresolved. Source: PDF pp. 1-3. Mapping retained as a candidate only. Do not export as a verified historical signal or replace missing issue/publication dates with effective dates. Prior overlap cannot be certified without a reliable availability date. Original reviewed evidence path is not present in the v1.0.3 local evidence snapshot; retained as a metadata reference only and excluded from direct-evidence eligibility.",Document_Review_human_adjudicated,RV-7D45467EED26,EV-FE4517242497,agree,agree,unverified,unknown,Verify issue/publication date,ineligible_unresolved_historical_availability,2019-06-19,,,False,E007
E007_MARAD_pre_onset,E007,7,training,E007,E006/MARAD/onset/automated_pending/E006_MARAD_onset__Arabian-Gulf/20260914T010959429002Z_l6gjuzxd/E006_MARAD_onset__Arabian-Gulf__document-ec66a102d9.pdf,,0,False,metadata_reference_only,MARAD,EV-BA3C5900F785,MARAD-2019-003A,positive_signal,2019-06-13,,,2019-06-13,2019-06-20,Persian Gulf / Strait of Hormuz / Gulf of Oman,pre_onset,False,False,False,,R1,R2,accepted,Coding note: Regional alert describes an already reported incident. Effective and expiry dates are explicit. Issue/publication dates and historical availability remain unverified. Check full flow-episode history before assigning independent lead time. Source: PDF p. 1. Mapping retained as a candidate only. Do not export as a verified historical signal or replace missing issue/publication dates with effective dates. Prior overlap cannot be certified without a reliable availability date. Original reviewed evidence path is not present in the v1.0.3 local evidence snapshot; retained as a metadata reference only and excluded from direct-evidence eligibility.,Document_Review_human_adjudicated,RV-18A744BC9ABC,EV-BA3C5900F785,agree,agree,unverified,unknown,Verify issue/publication date,ineligible_unresolved_historical_availability,2019-06-19,-6.0,,False,E007
E007_GARD_pre_onset,E007,7,training,E007,E006/GARD/pre_onset/automated_pending/E006_GARD_pre_onset__search-Iran/20260913T223831843592Z_bahqu7bt/E006_GARD_pre_onset__search-Iran__document-70d012db10.pdf,,0,False,metadata_reference_only,GARD,EV-B7DCC5D605DF,GARD-AIS-SANCTIONS-2019,methodology,2019-05-28,,2019-05-28,,,Sanctions/AIS methodology; not a specific disruption alert,pre_onset,False,False,False,,R1,R2,accepted,Coding note: Methodology/background only. Displayed publication date is 2019-05-28. AIS observability and sanctions guidance are not an incident-specific warning or measured insurance-price change. Not used as a positive event feature. Source: PDF pp. 1-10. Original reviewed evidence path is not present in the v1.0.3 local evidence snapshot; retained as a metadata reference only and excluded from direct-evidence eligibility.,Document_Review_human_adjudicated,RV-514AC7C3E9FB,EV-B7DCC5D605DF,agree,agree,not_applicable,not_applicable,Review complete,not_applicable,2019-06-19,-22.0,,False,E007
E007_IUA_JWC_LMA_onset,E007,7,training,E007,E006/IUA_JWC_LMA/onset/automated_pending/E006_IUA_JWC_LMA_onset__page-1/20260914T011051137968Z_c6vu9px4/documents/E006_IUA_JWC_LMA_onset__page-1__document-864b57ce0f.pdf,,0,False,metadata_reference_only,IUA_JWC_LMA,EV-B5D8F0174EBF,JWLA-034,excluded,2026-07-29,2026-07-29,,,,"Regional listed areas, including Persian/Arabian Gulf",onset,False,False,False,,R1,R2,accepted,"Coding note: Exclude from this historical window. Circular JWLA-034 is internally dated 2026-07-29, after the requested dates. The /2025/06/ URL path is not its issue date. Repeated copies are one circular, not independent signals. Historical coverage remains unknown, not zero. Source: PDF p. 1. Original reviewed evidence path is not present in the v1.0.3 local evidence snapshot; retained as a metadata reference only and excluded from direct-evidence eligibility.",Document_Review_human_adjudicated,RV-8335311F8D0F,EV-B5D8F0174EBF,agree,agree,not_applicable,not_applicable,Review complete,not_applicable,2019-06-19,2597.0,51.0,False,E007
E007_IUA_JWC_LMA_pre_onset,E007,7,training,E007,E006/IUA_JWC_LMA/onset/automated_pending/E006_IUA_JWC_LMA_onset__page-1/20260914T011051137968Z_c6vu9px4/documents/E006_IUA_JWC_LMA_onset__page-1__document-864b57ce0f.pdf,,0,False,metadata_reference_only,IUA_JWC_LMA,EV-B5D8F0174EBF,JWLA-034,excluded,2026-07-29,2026-07-29,,,,"Regional listed areas, including Persian/Arabian Gulf",pre_onset,False,False,False,,R1,R2,accepted,"Coding note: Exclude from this historical window. Circular JWLA-034 is internally dated 2026-07-29, after the requested dates. The /2025/06/ URL path is not its issue date. Repeated copies are one circular, not independent signals. Historical coverage remains unknown, not zero. Source: PDF p. 1. Original reviewed evidence path is not present in the v1.0.3 local evidence snapshot; retained as a metadata reference only and excluded from direct-evidence eligibility.",Document_Review_human_adjudicated,RV-F8A417075016,EV-B5D8F0174EBF,agree,agree,not_applicable,not_applicable,Review complete,not_applicable,2019-06-19,2597.0,51.0,False,E007
E027_GARD_pre_onset,E027,27,training,E027,E027/GARD/pre_onset/automated_pending/E027_GARD_pre_onset__search-Gulf-of-Oman/20260913T231954572757Z_r8e0wgu6/E027_GARD_pre_onset__search-Gulf-of-Oman__document-a2167037c8.pdf,,0,False,metadata_reference_only,GARD,EV-9A9E4E3FCEEA,GARD-PERSIAN-GULF-GUIDANCE-2021,positive_signal,2021-01-06,,2021-01-06,,,Persian Gulf / Gulf of Oman / Gulf of Aden / Red Sea,pre_onset,False,False,False,,R1,R2,accepted,"Coding note: Regional guidance candidate. Publication cell records the displayed 2021-01-06 article date, not proof of the entire current body being available then. Current text links to September 2021 content. Historical-version eligibility remains unverified. Repeated industry guidance is not an independent signal family. Source: PDF pp. 1-4. Mapping retained as a candidate only. Do not export as a verified historical signal or replace missing issue/publication dates with effective dates. Prior overlap cannot be certified without a reliable availability date. Original reviewed evidence path is not present in the v1.0.3 local evidence snapshot; retained as a metadata reference only and excluded from direct-evidence eligibility.",Document_Review_human_adjudicated,RV-AF12DC700251,EV-9A9E4E3FCEEA,agree,agree,unverified,unknown,Resolve historical availability,ineligible_unresolved_historical_availability,2021-01-22,-16.0,26.0,False,E027
E027_MARAD_pre_onset,E027,27,training,E027,E027/MARAD/pre_onset/automated_pending/E027_MARAD_pre_onset__Arabian-Gulf/20260913T211320676817Z_zpi930r4/E027_MARAD_pre_onset__Arabian-Gulf__document-34f9336182.pdf,,0,False,metadata_reference_only,MARAD,EV-23C2296536B6,MARAD-2021-001A,positive_signal,2021-01-05,,,2021-01-05,2021-01-12,Persian Gulf / Strait of Hormuz / Gulf of Oman,pre_onset,False,False,False,,R1,R2,accepted,Coding note: Regional alert describes an already reported incident. Effective and expiry dates are explicit. Issue/publication dates and historical availability remain unverified. Check full flow-episode history before assigning independent lead time. Alert expires before this flow onset. Do not extend an active-alert feature beyond expiry without a stated protocol rule. Source: PDF p. 1. Mapping retained as a candidate only. Do not export as a verified historical signal or replace missing issue/publication dates with effective dates. Prior overlap cannot be certified without a reliable availability date. Original reviewed evidence path is not present in the v1.0.3 local evidence snapshot; retained as a metadata reference only and excluded from direct-evidence eligibility.,Document_Review_human_adjudicated,RV-4354912FE686,EV-23C2296536B6,agree,agree,unverified,unknown,Verify issue/publication date,ineligible_unresolved_historical_availability,2021-01-22,-17.0,26.0,False,E027
E027_IUA_JWC_LMA_onset,E027,27,training,E027,E006/IUA_JWC_LMA/onset/automated_pending/E006_IUA_JWC_LMA_onset__page-1/20260914T011051137968Z_c6vu9px4/documents/E006_IUA_JWC_LMA_onset__page-1__document-864b57ce0f.pdf,,0,False,metadata_reference_only,IUA_JWC_LMA,EV-B5D8F0174EBF,JWLA-034,excluded,2026-07-29,2026-07-29,,,,"Regional listed areas, including Persian/Arabian Gulf",onset,False,False,False,,R1,R2,accepted,"Coding note: Exclude from this historical window. Circular JWLA-034 is internally dated 2026-07-29, after the requested dates. The /2025/06/ URL path is not its issue date. Repeated copies are one circular, not independent signals. Historical coverage remains unknown, not zero. Source: PDF p. 1. Original reviewed evidence path is not present in the v1.0.3 local evidence snapshot; retained as a metadata reference only and excluded from direct-evidence eligibility.",Document_Review_human_adjudicated,RV-FECFD5CE8155,EV-B5D8F0174EBF,agree,agree,not_applicable,not_applicable,Review complete,not_applicable,2021-01-22,2014.0,51.0,False,E027
E027_IUA_JWC_LMA_pre_onset,E027,27,training,E027,E006/IUA_JWC_LMA/onset/automated_pending/E006_IUA_JWC_LMA_onset__page-1/20260914T011051137968Z_c6vu9px4/documents/E006_IUA_JWC_LMA_onset__page-1__document-864b57ce0f.pdf,,0,False,metadata_reference_only,IUA_JWC_LMA,EV-B5D8F0174EBF,JWLA-034,excluded,2026-07-29,2026-07-29,,,,"Regional listed areas, including Persian/Arabian Gulf",pre_onset,False,False,False,,R1,R2,accepted,"Coding note: Exclude from this historical window. Circular JWLA-034 is internally dated 2026-07-29, after the requested dates. The /2025/06/ URL path is not its issue date. Repeated copies are one circular, not independent signals. Historical coverage remains unknown, not zero. Source: PDF p. 1. Original reviewed evidence path is not present in the v1.0.3 local evidence snapshot; retained as a metadata reference only and excluded from direct-evidence eligibility.",Document_Review_human_adjudicated,RV-CB898FF0B70C,EV-B5D8F0174EBF,agree,agree,not_applicable,not_applicable,Review complete,not_applicable,2021-01-22,2014.0,51.0,False,E027
E029_MARAD_pre_onset,E029,29,training,E029,E029/MARAD/pre_onset/automated_pending/E029_MARAD_pre_onset__Arabian-Gulf/20260913T211411209749Z_iwsxag6m/E029_MARAD_pre_onset__Arabian-Gulf__document-a7ef08fdfd.pdf,,0,False,metadata_reference_only,MARAD,EV-FA2D04B9BCF1,MARAD-2021-003A,positive_signal,2021-02-26,,,2021-02-26,2021-03-05,Persian Gulf / Strait of Hormuz / Gulf of Oman,pre_onset,False,False,False,,R1,R2,accepted,Coding note: Regional alert describes an already reported incident. Effective and expiry dates are explicit. Issue/publication dates and historical availability remain unverified. Check full flow-episode history before assigning independent lead time. Alert expires before this flow onset. Do not extend an active-alert feature beyond expiry without a stated protocol rule. Source: PDF p. 1. Mapping retained as a candidate only. Do not export as a verified historical signal or replace missing issue/publication dates with effective dates. Prior overlap cannot be certified without a reliable availability date. Original reviewed evidence path is not present in the v1.0.3 local evidence snapshot; retained as a metadata reference only and excluded from direct-evidence eligibility.,Document_Review_human_adjudicated,RV-8B1D718113ED,EV-FA2D04B9BCF1,agree,agree,unverified,unknown,Verify issue/publication date,ineligible_unresolved_historical_availability,2021-03-07,-9.0,28.0,False,E029
E029_IUA_JWC_LMA_onset,E029,29,training,E029,E006/IUA_JWC_LMA/onset/automated_pending/E006_IUA_JWC_LMA_onset__page-1/20260914T011051137968Z_c6vu9px4/documents/E006_IUA_JWC_LMA_onset__page-1__document-864b57ce0f.pdf,,0,False,metadata_reference_only,IUA_JWC_LMA,EV-B5D8F0174EBF,JWLA-034,excluded,2026-07-29,2026-07-29,,,,"Regional listed areas, including Persian/Arabian Gulf",onset,False,False,False,,R1,R2,accepted,"Coding note: Exclude from this historical window. Circular JWLA-034 is internally dated 2026-07-29, after the requested dates. The /2025/06/ URL path is not its issue date. Repeated copies are one circular, not independent signals. Historical coverage remains unknown, not zero. Source: PDF p. 1. Original reviewed evidence path is not present in the v1.0.3 local evidence snapshot; retained as a metadata reference only and excluded from direct-evidence eligibility.",Document_Review_human_adjudicated,RV-C424C27B1A6F,EV-B5D8F0174EBF,agree,agree,not_applicable,not_applicable,Review complete,not_applicable,2021-03-07,1970.0,51.0,False,E029
E029_IUA_JWC_LMA_pre_onset,E029,29,training,E029,E006/IUA_JWC_LMA/onset/automated_pending/E006_IUA_JWC_LMA_onset__page-1/20260914T011051137968Z_c6vu9px4/documents/E006_IUA_JWC_LMA_onset__page-1__document-864b57ce0f.pdf,,0,False,metadata_reference_only,IUA_JWC_LMA,EV-B5D8F0174EBF,JWLA-034,excluded,2026-07-29,2026-07-29,,,,"Regional listed areas, including Persian/Arabian Gulf",pre_onset,False,False,False,,R1,R2,accepted,"Coding note: Exclude from this historical window. Circular JWLA-034 is internally dated 2026-07-29, after the requested dates. The /2025/06/ URL path is not its issue date. Repeated copies are one circular, not independent signals. Historical coverage remains unknown, not zero. Source: PDF p. 1. Original reviewed evidence path is not present in the v1.0.3 local evidence snapshot; retained as a metadata reference only and excluded from direct-evidence eligibility.",Document_Review_human_adjudicated,RV-A7A0A49170DC,EV-B5D8F0174EBF,agree,agree,not_applicable,not_applicable,Review complete,not_applicable,2021-03-07,1970.0,51.0,False,E029
E031_UKMTO_ADVISORY_pre_onset,E031,31,validation,E031,E031/UKMTO_ADVISORY/pre_onset/20240223-UKMTO ADVISORY  038 FEB 24.pdf,407ec7390657c1313ead3c970ab347b64a33bd9a558904de8e66afb5f5ef1068,187786,True,local_original,UKMTO_ADVISORY,EV-DD3082A47F31,UKMTO-INCIDENT-038-2024,positive_signal,2024-02-23,2024-02-23,,,,"175 NM east of Qalhat LNG terminal, Oman; reported position 22°12′08″N 63°00′34″E",pre_onset,False,True,False,,R1,R2,accepted,"Coding note: Adjacent-region candidate, 175 NM east of Qalhat, Oman. Inclusion depends on the stated corridor boundary. Do not relabel it as a Strait of Hormuz incident. Explicit issue timestamp: 2024-02-23 16:20 UTC. Publication/as-of availability remains unverified. No lead-time claim is approved. Source: PDF p. 1. Full supplied flow_episodes.csv checked: issue date 2024-02-23 does not fall within an earlier active flow episode. This date-membership check does not establish independent causation, publication availability or lead-time eligibility.",Document_Review_human_adjudicated,RV-EBE21A9CBAE9,EV-DD3082A47F31,agree,agree,unverified,clear,Resolve historical availability,ineligible_unresolved_historical_availability,2024-02-28,-5.0,,False,E031
E031_UKMTO_ADVISORY_pre_onset,E031,31,validation,E031,E031/UKMTO_ADVISORY/pre_onset/20240225-ADVISORY INCIDENT 040.pdf,8eac2853492ab3652d42778f975e280665be62230e3c68ddd024f54a4576a198,440287,True,local_original,UKMTO_ADVISORY,EV-8CAE9A61CE46,UKMTO-INCIDENT-040-2024,positive_signal,2024-02-25,2024-02-25,,,,"20 NM east of Khor Fakkan, UAE / Gulf of Oman",pre_onset,False,True,False,,R1,R2,accepted,"Coding note: Regional candidate off Khor Fakkan, UAE. It reports a suspicious approach, not a demonstrated supply disruption. Explicit issue timestamp: 2024-02-25 17:35 UTC. Publication/as-of availability remains unverified. No lead-time claim is approved. Source: PDF p. 1. Full supplied flow_episodes.csv checked: issue date 2024-02-25 does not fall within an earlier active flow episode. This date-membership check does not establish independent causation, publication availability or lead-time eligibility.",Document_Review_human_adjudicated,RV-BBB458FCDDEB,EV-8CAE9A61CE46,agree,agree,unverified,clear,Resolve historical availability,ineligible_unresolved_historical_availability,2024-02-28,-3.0,,False,E031
E031_UKMTO_ADVISORY_pre_onset,E031,31,validation,E031,E031/UKMTO_ADVISORY/pre_onset/20240227 UKMTO ADVISORY INCIDENT 041.pdf,dd827544738ec740aba3c9588c38a776b293203f9ea089dd33579f5adc8d483a,258705,True,local_original,UKMTO_ADVISORY,EV-272FC149DD08,UKMTO-INCIDENT-041-2024,positive_signal,2024-02-27,2024-02-27,,,,"40 NM southeast of Mubarak Al Kabeer, Kuwait / Persian Gulf (initial location)",pre_onset,False,True,False,,R1,R2,accepted,"Coding note: Original and Update 001 belong to one incident family. Update corrects the reported location and does not create an independent event. Explicit issue timestamp: 2024-02-27 07:15 UTC. Publication/as-of availability remains unverified. No lead-time claim is approved. Source: PDF p. 1. Full supplied flow_episodes.csv checked: issue date 2024-02-27 does not fall within an earlier active flow episode. This date-membership check does not establish independent causation, publication availability or lead-time eligibility.",Document_Review_human_adjudicated,RV-B1611E348579,EV-272FC149DD08,agree,agree,unverified,clear,Resolve historical availability,ineligible_unresolved_historical_availability,2024-02-28,-1.0,,False,E031
E031_UKMTO_ADVISORY_pre_onset,E031,31,validation,E031,E031/UKMTO_ADVISORY/pre_onset/20240227 UKMTO ADVISORY INCIDENT 041 - UPDATE 001.pdf,a6ecf6851da51796c613546cabcc4590d4021c547a163613a4daef9a8fad0c0a,260783,True,local_original,UKMTO_ADVISORY,EV-1CB459B1F841,UKMTO-INCIDENT-041-2024,update,2024-02-27,2024-02-27,,,,"90 NM east of Ras Al Misham, Saudi Arabia / Persian Gulf (corrected location)",pre_onset,False,True,True,UKMTO-INCIDENT-041-2024,R1,R2,accepted,"Coding note: Original and Update 001 belong to one incident family. Update corrects the reported location and does not create an independent event. Explicit issue timestamp: 2024-02-27 10:30 UTC. Retain this update issuance date, not the original incident date. Publication/as-of availability remains unverified. No lead-time claim is approved. Source: PDF p. 1. Full supplied flow_episodes.csv checked: issue date 2024-02-27 does not fall within an earlier active flow episode. This date-membership check does not establish independent causation, publication availability or lead-time eligibility.",Document_Review_human_adjudicated,RV-3BB4D32C8E0D,EV-1CB459B1F841,agree,agree,unverified,clear,Resolve historical availability,ineligible_unresolved_historical_availability,2024-02-28,-1.0,,False,E031
E031_GARD_pre_onset,E031,31,validation,E031,E031/GARD/pre_onset/automated_pending/E031_GARD_pre_onset__search-war-risk/20260914T000405120896Z_r5po83mg/E031_GARD_pre_onset__search-war-risk__document-b28fdbe1a6.pdf,,0,False,metadata_reference_only,GARD,EV-206D346F3F2A,GARD-RED-SEA-CANCELLATION-2024,excluded,2024-02-14,2024-02-14,,2024-02-20,,Indian Ocean / Gulf of Aden / Southern Red Sea exclusion polygon,pre_onset,False,False,False,,R1,R2,accepted,"Coding note: Exclude from Hormuz-specific signals. Notice dated 2024-02-14 takes effect 2024-02-20 at noon GMT in the stated Red Sea/Gulf of Aden/Indian Ocean exclusion waters. Visible publication 2024-02-13 and metadata 2024-02-14 conflict, so publication remains blank. Not a Hormuz premium observation. Source: PDF pp. 1, 3-5. Original reviewed evidence path is not present in the v1.0.3 local evidence snapshot; retained as a metadata reference only and excluded from direct-evidence eligibility.",Document_Review_human_adjudicated,RV-D11A04058527,EV-206D346F3F2A,agree,agree,not_applicable,not_applicable,Review complete,not_applicable,2024-02-28,-14.0,,False,E031
E031_GARD_pre_onset,E031,31,validation,E031,E031/GARD/pre_onset/automated_pending/E031_GARD_pre_onset__search-war-risk/20260914T000405120896Z_r5po83mg/E031_GARD_pre_onset__search-war-risk__document-21e9b063db.pdf,,0,False,metadata_reference_only,GARD,EV-6C2CE69DC9FC,GARD-RED-SEA-CANCELLATION-2024,excluded,2024-02-20,,,2024-02-20,,Indian Ocean / Gulf of Aden / Southern Red Sea,pre_onset,False,False,True,GARD-RED-SEA-CANCELLATION-2024,R1,R2,accepted,Coding note: Exclude from Hormuz-specific signals. Follow-on Red Sea crew-cover terms share the Gard 19/2023 cancellation family. Effective 2024-02-20 at noon GMT. Visible publication 2024-02-15 and metadata 2024-02-16 conflict. Publication and separately unverified issue dates remain blank. Source: PDF pp. 1-3. Original reviewed evidence path is not present in the v1.0.3 local evidence snapshot; retained as a metadata reference only and excluded from direct-evidence eligibility.,Document_Review_human_adjudicated,RV-2F011AC5CE80,EV-6C2CE69DC9FC,agree,agree,not_applicable,not_applicable,Review complete,not_applicable,2024-02-28,-8.0,,False,E031
E031_GARD_pre_onset,E031,31,validation,E031,E031/GARD/pre_onset/automated_pending/E031_GARD_pre_onset__search-war-risk/20260914T000405120896Z_r5po83mg/E031_GARD_pre_onset__search-war-risk__document-07102edbcb.pdf,,0,False,metadata_reference_only,GARD,EV-4E605B65C075,GARD-RED-SEA-CANCELLATION-2024,excluded,,,,,,Indian Ocean / Gulf of Aden / Southern Red Sea,pre_onset,False,False,True,GARD-RED-SEA-CANCELLATION-2024,R1,R2,accepted,"Coding note: Exclude from Hormuz-specific signals. Voyage-specific Red Sea charterers buyback shares the Gard 19/2023 family. Visible publication 2024-02-18 and metadata 2024-02-19 conflict. No fixed effective date is verified. Blank dates are unknown, not zero. Source: PDF pp. 1-3. Original reviewed evidence path is not present in the v1.0.3 local evidence snapshot; retained as a metadata reference only and excluded from direct-evidence eligibility.",Document_Review_human_adjudicated,RV-DA18241A8EBD,EV-4E605B65C075,agree,agree,not_applicable,not_applicable,Review complete,not_applicable,2024-02-28,,,False,E031
E031_GARD_onset,E031,31,validation,E031,E031/GARD/onset/automated_pending/E031_GARD_onset__search-war-risk/20260914T001409183872Z_vtgl37ir/E031_GARD_onset__search-war-risk__document-eaa262e4fd.pdf,,0,False,metadata_reference_only,GARD,EV-839383EC1442,GARD-RED-SEA-INSURANCE-COMMENTARY-2024,methodology,2024-02-28,,2024-02-28,,,Red Sea; wider insurance/legal context,onset,False,False,False,,R1,R2,accepted,Coding note: Wider-region methodology/background only. Displayed publication date 2024-02-28. Red Sea legal/insurance commentary is not a quantified Hormuz premium series or evidence of a new Hormuz cover change. Source: PDF pp. 1-11. Original reviewed evidence path is not present in the v1.0.3 local evidence snapshot; retained as a metadata reference only and excluded from direct-evidence eligibility.,Document_Review_human_adjudicated,RV-BE3C8E2FC4FA,EV-839383EC1442,agree,agree,not_applicable,not_applicable,Review complete,not_applicable,2024-02-28,0.0,31.0,False,E031
E031_GARD_pre_onset,E031,31,validation,E031,E031/GARD/pre_onset/automated_pending/E031_GARD_pre_onset__search-Iran/20260914T000047225784Z_sw9z27xj/E031_GARD_pre_onset__search-Iran__document-5839153848.pdf,,0,False,metadata_reference_only,GARD,EV-10BFDAA819E8,GARD-POLAR-COMMENTARY-2024,excluded,,,,,,"Historical case law, not a new Hormuz event",pre_onset,False,False,False,,R1,R2,accepted,"Coding note: Exclude from contemporary incident-warning features. Historical case-law commentary is not a new Hormuz event. Visible publication 2024-02-13 and metadata 2024-02-14 conflict, so publication remains blank. Source: PDF pp. 1-10. Original reviewed evidence path is not present in the v1.0.3 local evidence snapshot; retained as a metadata reference only and excluded from direct-evidence eligibility.",Document_Review_human_adjudicated,RV-79C4A2700C88,EV-10BFDAA819E8,agree,agree,not_applicable,not_applicable,Review complete,not_applicable,2024-02-28,,,False,E031
E031_IUA_JWC_LMA_onset,E031,31,validation,E031,E006/IUA_JWC_LMA/onset/automated_pending/E006_IUA_JWC_LMA_onset__page-1/20260914T011051137968Z_c6vu9px4/documents/E006_IUA_JWC_LMA_onset__page-1__document-864b57ce0f.pdf,,0,False,metadata_reference_only,IUA_JWC_LMA,EV-B5D8F0174EBF,JWLA-034,excluded,2026-07-29,2026-07-29,,,,"Regional listed areas, including Persian/Arabian Gulf",onset,False,False,False,,R1,R2,accepted,"Coding note: Exclude from this historical window. Circular JWLA-034 is internally dated 2026-07-29, after the requested dates. The /2025/06/ URL path is not its issue date. Repeated copies are one circular, not independent signals. Historical coverage remains unknown, not zero. Source: PDF p. 1. Original reviewed evidence path is not present in the v1.0.3 local evidence snapshot; retained as a metadata reference only and excluded from direct-evidence eligibility.",Document_Review_human_adjudicated,RV-585CFC4A9CA4,EV-B5D8F0174EBF,agree,agree,not_applicable,not_applicable,Review complete,not_applicable,2024-02-28,882.0,51.0,False,E031
E031_IUA_JWC_LMA_pre_onset,E031,31,validation,E031,E006/IUA_JWC_LMA/onset/automated_pending/E006_IUA_JWC_LMA_onset__page-1/20260914T011051137968Z_c6vu9px4/documents/E006_IUA_JWC_LMA_onset__page-1__document-864b57ce0f.pdf,,0,False,metadata_reference_only,IUA_JWC_LMA,EV-B5D8F0174EBF,JWLA-034,excluded,2026-07-29,2026-07-29,,,,"Regional listed areas, including Persian/Arabian Gulf",pre_onset,False,False,False,,R1,R2,accepted,"Coding note: Exclude from this historical window. Circular JWLA-034 is internally dated 2026-07-29, after the requested dates. The /2025/06/ URL path is not its issue date. Repeated copies are one circular, not independent signals. Historical coverage remains unknown, not zero. Source: PDF p. 1. Original reviewed evidence path is not present in the v1.0.3 local evidence snapshot; retained as a metadata reference only and excluded from direct-evidence eligibility.",Document_Review_human_adjudicated,RV-A17D6DF85B3B,EV-B5D8F0174EBF,agree,agree,not_applicable,not_applicable,Review complete,not_applicable,2024-02-28,882.0,51.0,False,E031
E031_UKMTO_ADVISORY_pre_onset,E031,31,validation,E031,E031/UKMTO_ADVISORY/pre_onset/20240130 UKMTO ADVISORY INCIDENT  025.pdf,f859ce8b67edf8527845e906bbb330ff137160f05a32f2ee9c3a76f9eb4af876,180079,True,local_original,UKMTO_ADVISORY,EV-01B554B66A53,UKMTO-INCIDENT-025-2024,excluded,2024-01-30,2024-01-30,,,,Yemen,pre_onset,False,True,False,,R1,R2,accepted,Coding note: Exclude from Hormuz-specific incident-warning features because the reported location is outside the target region (Yemen). Explicit issue timestamp: 2024-01-30 16:50 UTC.  Source: PDF p. 1.,Document_Review_human_adjudicated,RV-7FB789D8FB8A,EV-01B554B66A53,agree,agree,not_applicable,not_applicable,Review complete,not_applicable,2024-02-28,-29.0,,False,E031
E031_UKMTO_ADVISORY_pre_onset,E031,31,validation,E031,E031/UKMTO_ADVISORY/pre_onset/20240130 UKMTO ADVISORY INCIDENT 025 UPDATE 001.pdf,ab4ff89bb19dc660be867544dd421002c5aef46210fbf7ac99a6ecaf741dff48,179770,True,local_original,UKMTO_ADVISORY,EV-AA3290EA90A5,UKMTO-INCIDENT-025-2024,excluded,2024-01-30,2024-01-30,,,,Yemen,pre_onset,False,True,True,UKMTO-INCIDENT-025-2024,R1,R2,accepted,"Coding note: Exclude from Hormuz-specific incident-warning features because the reported location is outside the target region (Yemen). Explicit issue timestamp: 2024-01-30 19:30 UTC. Retain this update issuance date, not the original incident date.  Source: PDF p. 1.",Document_Review_human_adjudicated,RV-D8ED2075B2D7,EV-AA3290EA90A5,agree,agree,not_applicable,not_applicable,Review complete,not_applicable,2024-02-28,-29.0,,False,E031
E031_UKMTO_ADVISORY_onset,E031,31,validation,E031,E031/UKMTO_ADVISORY/onset/20240302-UKMTO ADVISORY SECURITY NOTIFICATION 022045ZMAR2024.pdf,1293d25e018ce4f644a8615ece20f1833a3729964f13f0dc3257968942717d74,203278,True,local_original,UKMTO_ADVISORY,EV-A8EDCF2B6EDA,UKMTO-INCIDENT-043-2024,excluded,2024-03-02,2024-03-02,,,,Somalia,onset,False,True,False,,R1,R2,accepted,Coding note: Exclude from Hormuz-specific incident-warning features because the reported location is outside the target region (Somalia). Explicit issue timestamp: 2024-03-02 21:00 UTC.  Source: PDF p. 1.,Document_Review_human_adjudicated,RV-3D8E7F305005,EV-A8EDCF2B6EDA,agree,agree,not_applicable,not_applicable,Review complete,not_applicable,2024-02-28,3.0,31.0,False,E031
E031_UKMTO_ADVISORY_onset,E031,31,validation,E031,E031/UKMTO_ADVISORY/onset/20240306-ADVISORY INCIDENT 045.pdf,bf3d2fa0705e4e1065a06a557a4ba7d64c86435ae212645c92f4e6dfbf0266ef,301549,True,local_original,UKMTO_ADVISORY,EV-30EFD9FAE366,UKMTO-INCIDENT-045-2024,excluded,2024-03-06,2024-03-06,,,,Yemen / Aden,onset,False,True,False,,R1,R2,accepted,Coding note: Exclude from Hormuz-specific incident-warning features because the reported location is outside the target region (Yemen / Aden). Explicit issue timestamp: 2024-03-06 02:35 UTC.  Source: PDF p. 1.,Document_Review_human_adjudicated,RV-BCCFA6CEE1F8,EV-30EFD9FAE366,agree,agree,not_applicable,not_applicable,Review complete,not_applicable,2024-02-28,7.0,,False,E031
E031_UKMTO_ADVISORY_pre_onset,E031,31,validation,E031,E031/UKMTO_ADVISORY/pre_onset/20240202 UKMTO ADVISORY 022100ZFEB2024.pdf,c0b87c8996e991d77dcea894a434e71b888528bfc0774f5761a933b4a8b68a09,210159,True,local_original,UKMTO_ADVISORY,EV-9D66DE4305CB,UKMTO-SECURITY-NOTIFICATION-2024-02-02,excluded,2024-02-02,2024-02-02,,,,Yemen,pre_onset,False,True,False,,R1,R2,accepted,"Coding note: Unnumbered security notification. Family ID is a derived date-based tracking key, not an official incident number. Exclude from Hormuz-specific incident-warning features because the reported location is outside the target region (Yemen). Explicit issue timestamp: 2024-02-02 22:00 UTC. Source states 72-hour validity. Absolute expiry is left blank because its start timestamp needs interpretation. Source: PDF p. 1.",Document_Review_human_adjudicated,RV-4FE7F52BD82E,EV-9D66DE4305CB,agree,agree,not_applicable,not_applicable,Review complete,not_applicable,2024-02-28,-26.0,,False,E031
E031_UKMTO_ADVISORY_pre_onset,E031,31,validation,E031,E031/UKMTO_ADVISORY/pre_onset/20240221 UKMTO ADVISORY 210035ZFEB2024.pdf,03ccda74035f94f02020714771913590967c9b146f22747f4b2afe89d884cbde,212906,True,local_original,UKMTO_ADVISORY,EV-FB4B9EDC4D0E,UKMTO-SECURITY-NOTIFICATION-2024-02-21,excluded,2024-02-21,2024-02-21,,,,Yemen,pre_onset,False,True,False,,R1,R2,accepted,"Coding note: Unnumbered security notification. Family ID is a derived date-based tracking key, not an official incident number. Exclude from Hormuz-specific incident-warning features because the reported location is outside the target region (Yemen). Explicit issue timestamp: 2024-02-21 02:50 UTC. Source states 72-hour validity. Absolute expiry is left blank because its start timestamp needs interpretation. Source: PDF p. 1.",Document_Review_human_adjudicated,RV-BAB90C0C716E,EV-FB4B9EDC4D0E,agree,agree,not_applicable,not_applicable,Review complete,not_applicable,2024-02-28,-7.0,,False,E031
E031_UKMTO_WARNING_pre_onset,E031,31,validation,E031,E031/UKMTO_WARNING/pre_onset/20240129 UKMTO WARNING INCIDENT 024.pdf,744bbc3e89ec7f967aaab4253e85f495787c916bac77a2abaccf39391db81e54,267475,True,local_original,UKMTO_WARNING,EV-7313D2C30AA6,UKMTO-INCIDENT-024-2024,excluded,2024-01-29,2024-01-29,,,,Yemen / Mukha,pre_onset,False,True,False,,R1,R2,accepted,Coding note: Exclude from Hormuz-specific incident-warning features because the reported location is outside the target region (Yemen / Mukha). Explicit issue timestamp: 2024-01-29 17:00 UTC.  Source: PDF p. 1.,Document_Review_human_adjudicated,RV-43C1723C8CAB,EV-7313D2C30AA6,agree,agree,not_applicable,not_applicable,Review complete,not_applicable,2024-02-28,-30.0,,False,E031
E031_UKMTO_WARNING_pre_onset,E031,31,validation,E031,E031/UKMTO_WARNING/pre_onset/20240201 UKMTO WARNING INCIDENT 026.pdf,de5816b417d3c3c97b67050b318d529d0f1a3fddce08bc8f77cca4853b1fe388,259363,True,local_original,UKMTO_WARNING,EV-4D7DEAC1291F,UKMTO-INCIDENT-026-2024,excluded,2024-02-01,2024-02-01,,,,Yemen,pre_onset,False,True,False,,R1,R2,accepted,Coding note: Exclude from Hormuz-specific incident-warning features because the reported location is outside the target region (Yemen). Explicit issue timestamp: 2024-02-01 10:05 UTC.  Source: PDF p. 1.,Document_Review_human_adjudicated,RV-8AC73246006C,EV-4D7DEAC1291F,agree,agree,not_applicable,not_applicable,Review complete,not_applicable,2024-02-28,-27.0,,False,E031
E031_UKMTO_WARNING_pre_onset,E031,31,validation,E031,E031/UKMTO_WARNING/pre_onset/20240201 UKMTO WARNING INCIDENT 026 UPDATE 001.pdf,87f4d78d1aeea118381c2cf32946b725c64272dc297dc0173e71d4db0514a0f4,262826,True,local_original,UKMTO_WARNING,EV-B36B139D33E3,UKMTO-INCIDENT-026-2024,excluded,2024-02-01,2024-02-01,,,,Yemen,pre_onset,False,True,True,UKMTO-INCIDENT-026-2024,R1,R2,accepted,"Coding note: Exclude from Hormuz-specific incident-warning features because the reported location is outside the target region (Yemen). Explicit issue timestamp: 2024-02-01 11:10 UTC. Retain this update issuance date, not the original incident date.  Source: PDF p. 1.",Document_Review_human_adjudicated,RV-46E924871C5D,EV-B36B139D33E3,agree,agree,not_applicable,not_applicable,Review complete,not_applicable,2024-02-28,-27.0,,False,E031
E031_UKMTO_WARNING_pre_onset,E031,31,validation,E031,E031/UKMTO_WARNING/pre_onset/20240201 UKMTO WARNING INCIDENT 027.pdf,aa449eb7037a616d8afd655a95c7b576d9bb4b3a704243622749e032fd8d4e19,259238,True,local_original,UKMTO_WARNING,EV-04E2B178ED7E,UKMTO-INCIDENT-027-2024,excluded,2024-02-06,2024-02-06,,,,Yemen,pre_onset,False,True,False,,R1,R2,accepted,Coding note: Exclude from Hormuz-specific incident-warning features because the reported location is outside the target region (Yemen). Explicit issue timestamp: 2024-02-06 02:00 UTC.  Source: PDF p. 1.,Document_Review_human_adjudicated,RV-A847035D1CC3,EV-04E2B178ED7E,agree,agree,not_applicable,not_applicable,Review complete,not_applicable,2024-02-28,-22.0,,False,E031
E031_UKMTO_WARNING_pre_onset,E031,31,validation,E031,E031/UKMTO_WARNING/pre_onset/20240201 UKMTO WARNING INCIDENT 027 Update 001.pdf,4a54f9bcf28df2a9c27a8dc720894795b963b6c4b0e83c4d8d25ec8a2ae58907,267251,True,local_original,UKMTO_WARNING,EV-BB8DA7C8802F,UKMTO-INCIDENT-027-2024,excluded,2024-02-06,2024-02-06,,,,Yemen,pre_onset,False,True,True,UKMTO-INCIDENT-027-2024,R1,R2,accepted,"Coding note: Exclude from Hormuz-specific incident-warning features because the reported location is outside the target region (Yemen). Explicit issue timestamp: 2024-02-06 03:35 UTC. Retain this update issuance date, not the original incident date.  Source: PDF p. 1.",Document_Review_human_adjudicated,RV-F3E79B58013E,EV-BB8DA7C8802F,agree,agree,not_applicable,not_applicable,Review complete,not_applicable,2024-02-28,-22.0,,False,E031
E031_UKMTO_WARNING_pre_onset,E031,31,validation,E031,E031/UKMTO_WARNING/pre_onset/20240206-UKMTO WARNING INCIDENT 028 (1).pdf,306779270fa936341ed909b3b5e7ad0db7656435b04dcfb8dcfe3a2cd254678f,260135,True,local_original,UKMTO_WARNING,EV-34AF4C8BA77B,UKMTO-INCIDENT-028-2024,excluded,2024-02-06,2024-02-06,,,,Yemen / Aden,pre_onset,False,True,False,,R1,R2,accepted,Coding note: Exclude from Hormuz-specific incident-warning features because the reported location is outside the target region (Yemen / Aden). Explicit issue timestamp: 2024-02-06 11:15 UTC.  Source: PDF p. 1.,Document_Review_human_adjudicated,RV-E0E0FD6E1B8C,EV-34AF4C8BA77B,agree,agree,not_applicable,not_applicable,Review complete,not_applicable,2024-02-28,-22.0,,False,E031
E031_UKMTO_WARNING_pre_onset,E031,31,validation,E031,E031/UKMTO_WARNING/pre_onset/20240206 UKMTO WARNING INCIDENT 028 UPDATE 01.pdf,0736ccb9eb2da63c7eaeec932c30732eca01e81ddc6b3ee85ab519c7fc5c1ee7,258715,True,local_original,UKMTO_WARNING,EV-0EEFEB23B750,UKMTO-INCIDENT-028-2024,excluded,2024-02-06,2024-02-06,,,,Yemen / Aden,pre_onset,False,True,True,UKMTO-INCIDENT-028-2024,R1,R2,accepted,"Coding note: Exclude from Hormuz-specific incident-warning features because the reported location is outside the target region (Yemen / Aden). Explicit issue timestamp: 2024-02-06 12:05 UTC. Retain this update issuance date, not the original incident date.  Source: PDF p. 1.",Document_Review_human_adjudicated,RV-702CB736DE69,EV-0EEFEB23B750,agree,agree,not_applicable,not_applicable,Review complete,not_applicable,2024-02-28,-22.0,,False,E031
E031_UKMTO_WARNING_pre_onset,E031,31,validation,E031,E031/UKMTO_WARNING/pre_onset/20240212 UKMTO WARNING INCIDENT FLASH 029 ATTACK.pdf,95151b73903e3275c49e3fd1d8689f044ad64fc880b2ef08322d6bd703bac562,260245,True,local_original,UKMTO_WARNING,EV-973ECF78FF14,UKMTO-INCIDENT-029-2024,excluded,2024-02-12,2024-02-12,,,,Yemen / Mukha,pre_onset,False,True,False,,R1,R2,accepted,Coding note: Exclude from Hormuz-specific incident-warning features because the reported location is outside the target region (Yemen / Mukha). Explicit issue timestamp: 2024-02-12 01:02 UTC.  Source: PDF p. 1.,Document_Review_human_adjudicated,RV-C05624C7F774,EV-973ECF78FF14,agree,agree,not_applicable,not_applicable,Review complete,not_applicable,2024-02-28,-16.0,,False,E031
E031_UKMTO_WARNING_pre_onset,E031,31,validation,E031,E031/UKMTO_WARNING/pre_onset/20240212 UKMTO WARNING INCIDENT 029  ATTACK UPDATE 001.pdf,40f616b6640f842d7fed562ab4c857a7798684b5fa80fbe1bd87a1a073397e73,262026,True,local_original,UKMTO_WARNING,EV-3C4318B234B4,UKMTO-INCIDENT-029-2024,excluded,2024-02-12,2024-02-12,,,,Yemen / Mukha,pre_onset,False,True,True,UKMTO-INCIDENT-029-2024,R1,R2,accepted,"Coding note: Exclude from Hormuz-specific incident-warning features because the reported location is outside the target region (Yemen / Mukha). Explicit issue timestamp: 2024-02-12 04:05 UTC. Retain this update issuance date, not the original incident date.  Source: PDF p. 1.",Document_Review_human_adjudicated,RV-05E21F0DB85E,EV-3C4318B234B4,agree,agree,not_applicable,not_applicable,Review complete,not_applicable,2024-02-28,-16.0,,False,E031
E031_UKMTO_WARNING_pre_onset,E031,31,validation,E031,E031/UKMTO_WARNING/pre_onset/20240212 UKMTO WARNING INCIDENT 029  ATTACK UPDATE 002.pdf,7080d8950a1b63376f5357f8ace9d0a2ef13ddee6ae850c1ef004b88b1ac9cc2,262954,True,local_original,UKMTO_WARNING,EV-B899F958D0A5,UKMTO-INCIDENT-029-2024,excluded,2024-02-12,2024-02-12,,,,Yemen / Mukha,pre_onset,False,True,True,UKMTO-INCIDENT-029-2024,R1,R2,accepted,"Coding note: Exclude from Hormuz-specific incident-warning features because the reported location is outside the target region (Yemen / Mukha). Explicit issue timestamp: 2024-02-12 07:55 UTC. Retain this update issuance date, not the original incident date.  Source: PDF p. 1.",Document_Review_human_adjudicated,RV-F9B8FE86F673,EV-B899F958D0A5,agree,agree,not_applicable,not_applicable,Review complete,not_applicable,2024-02-28,-16.0,,False,E031
E031_UKMTO_WARNING_pre_onset,E031,31,validation,E031,E031/UKMTO_WARNING/pre_onset/20240215 UKMTO WARNING INCIDENT 30.pdf,c7510c5f19a3c3235232c33c81875c88c416b8f2aeb9240adaa5419d689fde01,227348,True,local_original,UKMTO_WARNING,EV-D0FA72BFAEA9,UKMTO-INCIDENT-030-2024,excluded,2024-02-15,2024-02-15,,,,Yemen / Aden,pre_onset,False,True,False,,R1,R2,accepted,Coding note: Exclude from Hormuz-specific incident-warning features because the reported location is outside the target region (Yemen / Aden). Explicit issue timestamp: 2024-02-15 14:00 UTC.  Source: PDF p. 1.,Document_Review_human_adjudicated,RV-40C0831265F8,EV-D0FA72BFAEA9,agree,agree,not_applicable,not_applicable,Review complete,not_applicable,2024-02-28,-13.0,,False,E031
E031_UKMTO_WARNING_pre_onset,E031,31,validation,E031,E031/UKMTO_WARNING/pre_onset/20240215 UKMTO WARNING INCIDENT 30 UPDATE 001.pdf,627c3291e0ce80f21307639bff667e698d7267e56d0158cf8641fe41cdc441dd,230109,True,local_original,UKMTO_WARNING,EV-4431A7C30960,UKMTO-INCIDENT-030-2024,excluded,2024-02-15,2024-02-15,,,,Yemen / Aden,pre_onset,False,True,True,UKMTO-INCIDENT-030-2024,R1,R2,accepted,"Coding note: Exclude from Hormuz-specific incident-warning features because the reported location is outside the target region (Yemen / Aden). Explicit issue timestamp: 2024-02-15 14:30 UTC. Retain this update issuance date, not the original incident date.  Source: PDF p. 1.",Document_Review_human_adjudicated,RV-F9B6C59B1F62,EV-4431A7C30960,agree,agree,not_applicable,not_applicable,Review complete,not_applicable,2024-02-28,-13.0,,False,E031
E031_UKMTO_WARNING_pre_onset,E031,31,validation,E031,E031/UKMTO_WARNING/pre_onset/20240216UKMTO WARNING INCIDENT 031docx.pdf,e5e61dce228992009351c5d2e275e2ae69479e39308ce7d1d4f0f29595eb73b6,258970,True,local_original,UKMTO_WARNING,EV-CB309B8132C5,UKMTO-INCIDENT-031-2024,excluded,2024-02-16,2024-02-16,,,,Yemen / Mukha,pre_onset,False,True,False,,R1,R2,accepted,Coding note: Exclude from Hormuz-specific incident-warning features because the reported location is outside the target region (Yemen / Mukha). Explicit issue timestamp: 2024-02-16 13:50 UTC.  Source: PDF p. 1.,Document_Review_human_adjudicated,RV-B0CF65E236E8,EV-CB309B8132C5,agree,agree,not_applicable,not_applicable,Review complete,not_applicable,2024-02-28,-12.0,,False,E031
E031_UKMTO_WARNING_pre_onset,E031,31,validation,E031,E031/UKMTO_WARNING/pre_onset/20240216-UKMTO WARNING INCIDENT 031 Update 001.pdf,d24ee0fb11f8ef5168e3e207e4cc3169ad42aaab591f515cbf2f039675dbf954,262508,True,local_original,UKMTO_WARNING,EV-CA946F60617E,UKMTO-INCIDENT-031-2024,excluded,2024-02-16,2024-02-16,,,,Yemen / Mukha,pre_onset,False,True,True,UKMTO-INCIDENT-031-2024,R1,R2,accepted,"Coding note: Exclude from Hormuz-specific incident-warning features because the reported location is outside the target region (Yemen / Mukha). Explicit issue timestamp: 2024-02-16 13:50 UTC. Retain this update issuance date, not the original incident date.  Source: PDF p. 1.",Document_Review_human_adjudicated,RV-B52A14B7725C,EV-CA946F60617E,agree,agree,not_applicable,not_applicable,Review complete,not_applicable,2024-02-28,-12.0,,False,E031
E031_UKMTO_WARNING_pre_onset,E031,31,validation,E031,E031/UKMTO_WARNING/pre_onset/20240218 UKMTO WARNING INCIDENT 032.pdf,be5faeb4a77af0feac58164326ac55aa7c93de2ad7351a03c9a1002c98621eff,230104,True,local_original,UKMTO_WARNING,EV-1E0A25D0830A,UKMTO-INCIDENT-032-2024,excluded,2024-02-18,2024-02-18,,,,Yemen / Mukha,pre_onset,False,True,False,,R1,R2,accepted,Coding note: Exclude from Hormuz-specific incident-warning features because the reported location is outside the target region (Yemen / Mukha). Explicit issue timestamp: 2024-02-18 20:45 UTC.  Source: PDF p. 1.,Document_Review_human_adjudicated,RV-85F8EDADE6F1,EV-1E0A25D0830A,agree,agree,not_applicable,not_applicable,Review complete,not_applicable,2024-02-28,-10.0,,False,E031
E031_UKMTO_WARNING_pre_onset,E031,31,validation,E031,E031/UKMTO_WARNING/pre_onset/20240218 UKMTO WARNING INCIDENT 032 UPDATE 001.pdf,008a2f6ec124395e054a075cd13fcbc17aab3cb88c563e11fb0c32ce384eaa11,231464,True,local_original,UKMTO_WARNING,EV-4D75D9F98DB5,UKMTO-INCIDENT-032-2024,excluded,2024-02-18,2024-02-18,,,,Yemen / Mukha,pre_onset,False,True,True,UKMTO-INCIDENT-032-2024,R1,R2,accepted,"Coding note: Exclude from Hormuz-specific incident-warning features because the reported location is outside the target region (Yemen / Mukha). Explicit issue timestamp: 2024-02-18 21:29 UTC. Retain this update issuance date, not the original incident date.  Source: PDF p. 1.",Document_Review_human_adjudicated,RV-9D1C726C7C47,EV-4D75D9F98DB5,agree,agree,not_applicable,not_applicable,Review complete,not_applicable,2024-02-28,-10.0,,False,E031
E031_UKMTO_WARNING_pre_onset,E031,31,validation,E031,E031/UKMTO_WARNING/pre_onset/20240219 UKMTO WARNING INCIDENT 032 UPDATE 002.pdf,43114940f072d48acced72207eb41a3e19e69d4735e190644422b569721f315d,231763,True,local_original,UKMTO_WARNING,EV-8E09CA44A6E0,UKMTO-INCIDENT-032-2024,excluded,2024-02-19,2024-02-19,,,,Yemen / Mukha,pre_onset,False,True,True,UKMTO-INCIDENT-032-2024,R1,R2,accepted,"Coding note: Exclude from Hormuz-specific incident-warning features because the reported location is outside the target region (Yemen / Mukha). Explicit issue timestamp: 2024-02-19 01:10 UTC. Retain this update issuance date, not the original incident date.  Source: PDF p. 1.",Document_Review_human_adjudicated,RV-A98082097223,EV-8E09CA44A6E0,agree,agree,not_applicable,not_applicable,Review complete,not_applicable,2024-02-28,-9.0,,False,E031
E031_UKMTO_WARNING_pre_onset,E031,31,validation,E031,E031/UKMTO_WARNING/pre_onset/20240219 UKMTO WARNING 032 UPDATE 003.pdf,0e342fe37d996d67f66275967d4ad890a6633f3f75ccb46550e6794ecb4cce8c,232797,True,local_original,UKMTO_WARNING,EV-3F0F90934B56,UKMTO-INCIDENT-032-2024,excluded,2024-02-19,2024-02-19,,,,Yemen / Mukha,pre_onset,False,True,True,UKMTO-INCIDENT-032-2024,R1,R2,accepted,"Coding note: Exclude from Hormuz-specific incident-warning features because the reported location is outside the target region (Yemen / Mukha). Explicit issue timestamp: 2024-02-19 01:57 UTC. Retain this update issuance date, not the original incident date.  Source: PDF p. 1.",Document_Review_human_adjudicated,RV-092E6656620C,EV-3F0F90934B56,agree,agree,not_applicable,not_applicable,Review complete,not_applicable,2024-02-28,-9.0,,False,E031
E031_UKMTO_WARNING_onset,E031,31,validation,E031,E031/UKMTO_WARNING/onset/20240302 UKMTO WARNING INCIDENT 032 UPDATE 004 (1).pdf,fec1d46f20345eafc7f34ecadeddef92cc387ea68fbfa976610212c766ec5a31,268797,True,local_original,UKMTO_WARNING,EV-42B183112FE9,UKMTO-INCIDENT-032-2024,excluded,2024-03-02,2024-03-02,,,,Yemen / Mukha,onset,False,True,True,UKMTO-INCIDENT-032-2024,R1,R2,accepted,"Coding note: Exclude from Hormuz-specific incident-warning features because the reported location is outside the target region (Yemen / Mukha). Explicit issue timestamp: 2024-03-02 11:35 UTC. Retain this update issuance date, not the original incident date.  Source: PDF p. 1.",Document_Review_human_adjudicated,RV-17AA4281AAA2,EV-42B183112FE9,agree,agree,not_applicable,not_applicable,Review complete,not_applicable,2024-02-28,3.0,31.0,False,E031
E031_UKMTO_WARNING_pre_onset,E031,31,validation,E031,E031/UKMTO_WARNING/pre_onset/20240219-UKMTO WARNING INCIDENT 033.pdf,6c7ca1ac8931261b7f898c6f5489f2c83f9f4e28aabd06a1a0320515d31a1af3,209329,True,local_original,UKMTO_WARNING,EV-5D5239D3A491,UKMTO-INCIDENT-033-2024,excluded,2024-02-19,2024-02-19,,,,Yemen / Aden,pre_onset,False,True,False,,R1,R2,accepted,Coding note: Exclude from Hormuz-specific incident-warning features because the reported location is outside the target region (Yemen / Aden). Explicit issue timestamp: 2024-02-19 10:15 UTC.  Source: PDF p. 1.,Document_Review_human_adjudicated,RV-9826A938B89C,EV-5D5239D3A491,agree,agree,not_applicable,not_applicable,Review complete,not_applicable,2024-02-28,-9.0,,False,E031
E031_UKMTO_WARNING_pre_onset,E031,31,validation,E031,E031/UKMTO_WARNING/pre_onset/20240219-UKMTO WARNING INCIDENT 033 UPDATE 001.pdf,b671ddcf1442584eb6bd2b77d05faf553b0d27694fd58ae078ff9c9e27b8f50b,213094,True,local_original,UKMTO_WARNING,EV-1BF94067D3A0,UKMTO-INCIDENT-033-2024,excluded,2024-02-19,2024-02-19,,,,Yemen / Aden,pre_onset,False,True,True,UKMTO-INCIDENT-033-2024,R1,R2,accepted,"Coding note: Exclude from Hormuz-specific incident-warning features because the reported location is outside the target region (Yemen / Aden). Explicit issue timestamp: 2024-02-19 11:10 UTC. Retain this update issuance date, not the original incident date.  Source: PDF p. 1.",Document_Review_human_adjudicated,RV-F8C8AD6EAB38,EV-1BF94067D3A0,agree,agree,not_applicable,not_applicable,Review complete,not_applicable,2024-02-28,-9.0,,False,E031
E031_UKMTO_WARNING_pre_onset,E031,31,validation,E031,E031/UKMTO_WARNING/pre_onset/20240219-UKMTO WARNING INCIDENT 033 UPDATE 002.pdf,e61cff424ba73e5ce7051af93195bbfefde4e479f127d5f69451184b092118d0,216973,True,local_original,UKMTO_WARNING,EV-165408249C7C,UKMTO-INCIDENT-033-2024,excluded,2024-02-19,2024-02-19,,,,Yemen / Aden,pre_onset,False,True,True,UKMTO-INCIDENT-033-2024,R1,R2,accepted,"Coding note: Exclude from Hormuz-specific incident-warning features because the reported location is outside the target region (Yemen / Aden). Explicit issue timestamp: 2024-02-19 13:00 UTC. Retain this update issuance date, not the original incident date.  Source: PDF p. 1.",Document_Review_human_adjudicated,RV-8D3F63041973,EV-165408249C7C,agree,agree,not_applicable,not_applicable,Review complete,not_applicable,2024-02-28,-9.0,,False,E031
E031_UKMTO_WARNING_pre_onset,E031,31,validation,E031,E031/UKMTO_WARNING/pre_onset/20240219 UKMTO WARNING INCIDENT 034.pdf,92762c0cdd9057acfaf30820f80cd81eb14467760b3701f41d5d8db17f7ceb3f,215317,True,local_original,UKMTO_WARNING,EV-1596B7CF86B2,UKMTO-INCIDENT-034-2024,excluded,2024-02-19,2024-02-19,,,,Jizan,pre_onset,False,True,False,,R1,R2,accepted,Coding note: Exclude from Hormuz-specific incident-warning features because the reported location is outside the target region (Jizan). Explicit issue timestamp: 2024-02-19 18:00 UTC.  Source: PDF p. 1.,Document_Review_human_adjudicated,RV-47FEC8C75018,EV-1596B7CF86B2,agree,agree,not_applicable,not_applicable,Review complete,not_applicable,2024-02-28,-9.0,,False,E031
E031_UKMTO_WARNING_pre_onset,E031,31,validation,E031,E031/UKMTO_WARNING/pre_onset/20240219 UKMTO WARNING INCIDENT 034 UPDATE 001.pdf,db017e269a79e8ce3b851babbb30a4cbd39375f524aae64f27b8568802bc5480,217671,True,local_original,UKMTO_WARNING,EV-D939602914EA,UKMTO-INCIDENT-034-2024,excluded,2024-02-19,2024-02-19,,,,Jizan,pre_onset,False,True,True,UKMTO-INCIDENT-034-2024,R1,R2,accepted,"Coding note: Exclude from Hormuz-specific incident-warning features because the reported location is outside the target region (Jizan). Explicit issue timestamp: 2024-02-19 19:21 UTC. Retain this update issuance date, not the original incident date.  Source: PDF p. 1.",Document_Review_human_adjudicated,RV-9003CFD4A976,EV-D939602914EA,agree,agree,not_applicable,not_applicable,Review complete,not_applicable,2024-02-28,-9.0,,False,E031
E031_UKMTO_WARNING_pre_onset,E031,31,validation,E031,E031/UKMTO_WARNING/pre_onset/20240219 UKMTO WARNING INCIDENT 035.pdf,4ab7c7c978ab2ea71e28e27c7986bedc5dd5a7d6e81a19b9e58428f218a4afd1,214776,True,local_original,UKMTO_WARNING,EV-223492322564,UKMTO-INCIDENT-035-2024,excluded,2024-02-19,2024-02-19,,,,Djibouti,pre_onset,False,True,False,,R1,R2,accepted,Coding note: Exclude from Hormuz-specific incident-warning features because the reported location is outside the target region (Djibouti). Explicit issue timestamp: 2024-02-19 18:35 UTC.  Source: PDF p. 1.,Document_Review_human_adjudicated,RV-44498651F11B,EV-223492322564,agree,agree,not_applicable,not_applicable,Review complete,not_applicable,2024-02-28,-9.0,,False,E031
E031_UKMTO_WARNING_pre_onset,E031,31,validation,E031,E031/UKMTO_WARNING/pre_onset/20240219 UKMTO WARNING INCIDENT 035 UPDATE 001.pdf,ba1f094577c6fbdb69ab93745d83a19ca848926cb724a17aefdf1ad2bf0c6b40,217202,True,local_original,UKMTO_WARNING,EV-32E6B9437C50,UKMTO-INCIDENT-035-2024,excluded,2024-02-19,2024-02-19,,,,Djibouti,pre_onset,False,True,True,UKMTO-INCIDENT-035-2024,R1,R2,accepted,"Coding note: Exclude from Hormuz-specific incident-warning features because the reported location is outside the target region (Djibouti). Explicit issue timestamp: 2024-02-19 19:52 UTC. Retain this update issuance date, not the original incident date.  Source: PDF p. 1.",Document_Review_human_adjudicated,RV-BA4E9C2F3BF9,EV-32E6B9437C50,agree,agree,not_applicable,not_applicable,Review complete,not_applicable,2024-02-28,-9.0,,False,E031
E031_UKMTO_WARNING_pre_onset,E031,31,validation,E031,E031/UKMTO_WARNING/pre_onset/20240222-UKMTO WARNING INCIDENT 037.pdf,d071ebee933819991c8b985c39ebbbd9090fcd833512ea57b863b1621902697b,209633,True,local_original,UKMTO_WARNING,EV-BB6593AFCCD4,UKMTO-INCIDENT-037-2024,excluded,2024-02-22,2024-02-22,,,,Yemen / Aden,pre_onset,False,True,False,,R1,R2,accepted,Coding note: Exclude from Hormuz-specific incident-warning features because the reported location is outside the target region (Yemen / Aden). Explicit issue timestamp: 2024-02-22 07:50 UTC.  Source: PDF p. 1.,Document_Review_human_adjudicated,RV-BE3A3E2BF743,EV-BB6593AFCCD4,agree,agree,not_applicable,not_applicable,Review complete,not_applicable,2024-02-28,-6.0,,False,E031
E031_UKMTO_WARNING_pre_onset,E031,31,validation,E031,E031/UKMTO_WARNING/pre_onset/20240222-UKMTO WARNING INCIDENT 037 - Update 001.pdf,bd2ac6c1352f3c922bbaffb941082344e6a808ea501c57d3d07d1d5c1deeee0e,215141,True,local_original,UKMTO_WARNING,EV-BFD2E66C748D,UKMTO-INCIDENT-037-2024,excluded,2024-02-22,2024-02-22,,,,Yemen / Aden,pre_onset,False,True,True,UKMTO-INCIDENT-037-2024,R1,R2,accepted,"Coding note: Exclude from Hormuz-specific incident-warning features because the reported location is outside the target region (Yemen / Aden). Explicit issue timestamp: 2024-02-22 08:40 UTC. Retain this update issuance date, not the original incident date.  Source: PDF p. 1.",Document_Review_human_adjudicated,RV-78AA9B2787CF,EV-BFD2E66C748D,agree,agree,not_applicable,not_applicable,Review complete,not_applicable,2024-02-28,-6.0,,False,E031
E031_UKMTO_WARNING_pre_onset,E031,31,validation,E031,E031/UKMTO_WARNING/pre_onset/20240222-WARNING INCIDENT 037 - Update 002.pdf,31d09fecdc6844242ea63119dd478ad094fc11f47414595f9fdc40853fcebe71,214216,True,local_original,UKMTO_WARNING,EV-E7613C1A421A,UKMTO-INCIDENT-037-2024,excluded,2024-02-22,2024-02-22,,,,Yemen / Aden,pre_onset,False,True,True,UKMTO-INCIDENT-037-2024,R1,R2,accepted,"Coding note: Exclude from Hormuz-specific incident-warning features because the reported location is outside the target region (Yemen / Aden). Explicit issue timestamp: 2024-02-22 13:45 UTC. Retain this update issuance date, not the original incident date.  Source: PDF p. 1.",Document_Review_human_adjudicated,RV-1D92BEE291E7,EV-E7613C1A421A,agree,agree,not_applicable,not_applicable,Review complete,not_applicable,2024-02-28,-6.0,,False,E031
E031_UKMTO_WARNING_pre_onset,E031,31,validation,E031,E031/UKMTO_WARNING/pre_onset/20240224-WARNING INCIDENT 039.pdf,932cce53af1903a1fa7cf1acf18ac2f20bda35d5a1a8069d417a51aefdb54756,212949,True,local_original,UKMTO_WARNING,EV-0A63B3DD3557,UKMTO-INCIDENT-039-2024,excluded,2024-02-24,2024-02-24,,,,Djibouti,pre_onset,False,True,False,,R1,R2,accepted,Coding note: Exclude from Hormuz-specific incident-warning features because the reported location is outside the target region (Djibouti). Explicit issue timestamp: 2024-02-24 22:20 UTC.  Source: PDF p. 1.,Document_Review_human_adjudicated,RV-E2D09DEDDE49,EV-0A63B3DD3557,agree,agree,not_applicable,not_applicable,Review complete,not_applicable,2024-02-28,-4.0,,False,E031
E031_UKMTO_WARNING_pre_onset,E031,31,validation,E031,E031/UKMTO_WARNING/pre_onset/20240224-WARNING INCIDENT 039 - Update 001.pdf,be1c7ef8df950c3e3031aa79bd59126240118d81b4f3b0217629aeb45430c1a6,212787,True,local_original,UKMTO_WARNING,EV-395608F79AF6,UKMTO-INCIDENT-039-2024,excluded,2024-02-24,2024-02-24,,,,Djibouti,pre_onset,False,True,True,UKMTO-INCIDENT-039-2024,R1,R2,accepted,"Coding note: Exclude from Hormuz-specific incident-warning features because the reported location is outside the target region (Djibouti). Explicit issue timestamp: 2024-02-24 23:30 UTC. Retain this update issuance date, not the original incident date.  Source: PDF p. 1.",Document_Review_human_adjudicated,RV-1566112BF8F2,EV-395608F79AF6,agree,agree,not_applicable,not_applicable,Review complete,not_applicable,2024-02-28,-4.0,,False,E031
E031_UKMTO_WARNING_pre_onset,E031,31,validation,E031,E031/UKMTO_WARNING/pre_onset/20240227 UKMTO WARNING INCIDENT 042.pdf,6d4a7147ca56d87bf1e6b89432b99482c8c81b2a09aa12f38fd0d1ae77b8cd21,265578,True,local_original,UKMTO_WARNING,EV-F5EB7CE87516,UKMTO-INCIDENT-042-2024,excluded,2024-02-27,2024-02-27,,,,Yemen,pre_onset,False,True,False,,R1,R2,accepted,Coding note: Exclude from Hormuz-specific incident-warning features because the reported location is outside the target region (Yemen). Explicit issue timestamp: 2024-02-27 20:45 UTC.  Source: PDF p. 1.,Document_Review_human_adjudicated,RV-A0D99E65DDC0,EV-F5EB7CE87516,agree,agree,not_applicable,not_applicable,Review complete,not_applicable,2024-02-28,-1.0,,False,E031
E031_UKMTO_WARNING_pre_onset,E031,31,validation,E031,E031/UKMTO_WARNING/pre_onset/20240227 UKMTO WARNING INCIDENT 042 UPDATE 001.pdf,a2d385dc7018962671bfdd6b72c9ab52d606260747c85896f4725c2f6ed68d33,270463,True,local_original,UKMTO_WARNING,EV-0871A65ADA59,UKMTO-INCIDENT-042-2024,excluded,2024-02-27,2024-02-27,,,,Yemen,pre_onset,False,True,True,UKMTO-INCIDENT-042-2024,R1,R2,accepted,"Coding note: Exclude from Hormuz-specific incident-warning features because the reported location is outside the target region (Yemen). Explicit issue timestamp: 2024-02-27 21:05 UTC. Retain this update issuance date, not the original incident date.  Source: PDF p. 1.",Document_Review_human_adjudicated,RV-696FE3998164,EV-0871A65ADA59,agree,agree,not_applicable,not_applicable,Review complete,not_applicable,2024-02-28,-1.0,,False,E031
E031_UKMTO_WARNING_onset,E031,31,validation,E031,E031/UKMTO_WARNING/onset/20240304 UKMTO WARNING INCIDENT 044.pdf,e297200f5e785174fb7f7ebc102eb348bb128574043975c05b5388dbfbf554ff,246928,True,local_original,UKMTO_WARNING,EV-6A91CF9DB271,UKMTO-INCIDENT-044-2024,excluded,2024-03-04,2024-03-04,,,,Yemen / Aden,onset,False,True,False,,R1,R2,accepted,Coding note: Exclude from Hormuz-specific incident-warning features because the reported location is outside the target region (Yemen / Aden). Explicit issue timestamp: 2024-03-04 13:10 UTC.  Source: PDF p. 1.,Document_Review_human_adjudicated,RV-7F4B26B556E7,EV-6A91CF9DB271,agree,agree,not_applicable,not_applicable,Review complete,not_applicable,2024-02-28,5.0,,False,E031
E031_UKMTO_WARNING_onset,E031,31,validation,E031,E031/UKMTO_WARNING/onset/20240304 UKMTO WARNING INCIDENT 044 UPDATE 001.pdf,d374edd0aca39ad92f9f01f32e6576e90cb4d93da9e9fde65688d917e9ff0727,248128,True,local_original,UKMTO_WARNING,EV-5DB1A58DE190,UKMTO-INCIDENT-044-2024,excluded,2024-03-04,2024-03-04,,,,Yemen / Aden,onset,False,True,True,UKMTO-INCIDENT-044-2024,R1,R2,accepted,"Coding note: Exclude from Hormuz-specific incident-warning features because the reported location is outside the target region (Yemen / Aden). Explicit issue timestamp: 2024-03-04 15:00 UTC. Retain this update issuance date, not the original incident date.  Source: PDF p. 1.",Document_Review_human_adjudicated,RV-CD299AC300CD,EV-5DB1A58DE190,agree,agree,not_applicable,not_applicable,Review complete,not_applicable,2024-02-28,5.0,,False,E031
E031_UKMTO_WARNING_onset,E031,31,validation,E031,E031/UKMTO_WARNING/onset/20240304 UKMTO WARNING INCIDENT 044 UPDATE 002.pdf,9ad521274c7e3ad8a9571dd579d67fb1121821ad634ff716ff69dc30e976e1d6,247995,True,local_original,UKMTO_WARNING,EV-C8B0DD3FD7B6,UKMTO-INCIDENT-044-2024,excluded,2024-03-04,2024-03-04,,,,Yemen / Aden,onset,False,True,True,UKMTO-INCIDENT-044-2024,R1,R2,accepted,"Coding note: Exclude from Hormuz-specific incident-warning features because the reported location is outside the target region (Yemen / Aden). Explicit issue timestamp: 2024-03-04 17:40 UTC. Retain this update issuance date, not the original incident date.  Source: PDF p. 1.",Document_Review_human_adjudicated,RV-C4D59CDD06CA,EV-C8B0DD3FD7B6,agree,agree,not_applicable,not_applicable,Review complete,not_applicable,2024-02-28,5.0,,False,E031
E031_UKMTO_WARNING_onset,E031,31,validation,E031,E031/UKMTO_WARNING/onset/20240304 UKMTO WARNING INCIDENT 044 UPDATE 003.pdf,8c16f06f6f0e6f2de6b56f5b475f687d8728ef26cd4e1407009a5202c63b238d,249572,True,local_original,UKMTO_WARNING,EV-DBB62C501FB2,UKMTO-INCIDENT-044-2024,excluded,2024-03-04,2024-03-04,,,,Yemen / Aden,onset,False,True,True,UKMTO-INCIDENT-044-2024,R1,R2,accepted,"Coding note: Exclude from Hormuz-specific incident-warning features because the reported location is outside the target region (Yemen / Aden). Explicit issue timestamp: 2024-03-04 18:45 UTC. Retain this update issuance date, not the original incident date.  Source: PDF p. 1.",Document_Review_human_adjudicated,RV-09249803DDFA,EV-DBB62C501FB2,agree,agree,not_applicable,not_applicable,Review complete,not_applicable,2024-02-28,5.0,,False,E031
E031_UKMTO_WARNING_onset,E031,31,validation,E031,E031/UKMTO_WARNING/onset/20240306 UKMTO WARNING INCIDENT 046.pdf,861be373be2733b9c93747849ee99d65692e0937aeff34da63b5fec4cbeb14ff,250309,True,local_original,UKMTO_WARNING,EV-F8D5E0BB68C6,UKMTO-INCIDENT-046-2024,excluded,2024-03-06,2024-03-06,,,,Yemen / Aden,onset,False,True,False,,R1,R2,accepted,Coding note: Exclude from Hormuz-specific incident-warning features because the reported location is outside the target region (Yemen / Aden). Explicit issue timestamp: 2024-03-06 09:25 UTC.  Source: PDF p. 1.,Document_Review_human_adjudicated,RV-2B5435A23E08,EV-F8D5E0BB68C6,agree,agree,not_applicable,not_applicable,Review complete,not_applicable,2024-02-28,7.0,,False,E031
E031_UKMTO_WARNING_onset,E031,31,validation,E031,E031/UKMTO_WARNING/onset/20240306 UKMTO WARNING INCIDENT 046 UPDATE 001.pdf,1b9785113b3ddabfb716d4dc7e6168d1505a5a42c9250ca574a861f5d347dd09,249379,True,local_original,UKMTO_WARNING,EV-1E0F5DE68AD2,UKMTO-INCIDENT-046-2024,excluded,2024-03-06,2024-03-06,,,,Yemen / Aden,onset,False,True,True,UKMTO-INCIDENT-046-2024,R1,R2,accepted,"Coding note: Exclude from Hormuz-specific incident-warning features because the reported location is outside the target region (Yemen / Aden). Explicit issue timestamp: 2024-03-06 10:30 UTC. Retain this update issuance date, not the original incident date.  Source: PDF p. 1.",Document_Review_human_adjudicated,RV-FD1713D4576B,EV-1E0F5DE68AD2,agree,agree,not_applicable,not_applicable,Review complete,not_applicable,2024-02-28,7.0,,False,E031
E031_UKMTO_WARNING_onset,E031,31,validation,E031,E031/UKMTO_WARNING/onset/20240306 UKMTO WARNING INCIDENT 046 UPDATE 002.pdf,ff3e70499ce98ea9e88a396815ea08900632b4b529e19d4014a12e8ed390acd7,252722,True,local_original,UKMTO_WARNING,EV-179196643861,UKMTO-INCIDENT-046-2024,excluded,2024-03-06,2024-03-06,,,,Yemen / Aden,onset,False,True,True,UKMTO-INCIDENT-046-2024,R1,R2,accepted,"Coding note: Exclude from Hormuz-specific incident-warning features because the reported location is outside the target region (Yemen / Aden). Explicit issue timestamp: 2024-03-06 11:50 UTC. Retain this update issuance date, not the original incident date.  Source: PDF p. 1.",Document_Review_human_adjudicated,RV-0D5A47F3816A,EV-179196643861,agree,agree,not_applicable,not_applicable,Review complete,not_applicable,2024-02-28,7.0,,False,E031
E031_UKMTO_WARNING_onset,E031,31,validation,E031,E031/UKMTO_WARNING/onset/20240306 UKMTO WARNING INCIDENT 046 UPDATE 003.pdf,0b8dcee92691a3156eb66f6cd280909224fbb2fe204abac3ceabd237c08e7d5e,256288,True,local_original,UKMTO_WARNING,EV-D989D4A80816,UKMTO-INCIDENT-046-2024,excluded,2024-03-06,2024-03-06,,,,Yemen / Aden,onset,False,True,True,UKMTO-INCIDENT-046-2024,R1,R2,accepted,"Coding note: Exclude from Hormuz-specific incident-warning features because the reported location is outside the target region (Yemen / Aden). Explicit issue timestamp: 2024-03-06 15:20 UTC. Retain this update issuance date, not the original incident date.  Source: PDF p. 1.",Document_Review_human_adjudicated,RV-1BB864F2EE4E,EV-D989D4A80816,agree,agree,not_applicable,not_applicable,Review complete,not_applicable,2024-02-28,7.0,,False,E031
E031_UKMTO_WARNING_onset,E031,31,validation,E031,E031/UKMTO_WARNING/onset/20240308 UKMTO WARNING INCIDENT 047.pdf,5b451bdcb31e2c8c59a7319bbcf04c85b61b851280877eff268cfc60f77ec5d9,253307,True,local_original,UKMTO_WARNING,EV-5B3BEA0AD922,UKMTO-INCIDENT-047-2024,excluded,2024-03-08,2024-03-08,,,,Yemen / Aden,onset,False,True,False,,R1,R2,accepted,Coding note: Exclude from Hormuz-specific incident-warning features because the reported location is outside the target region (Yemen / Aden). Explicit issue timestamp: 2024-03-08 13:45 UTC.  Source: PDF p. 1.,Document_Review_human_adjudicated,RV-5B9F0906B88A,EV-5B3BEA0AD922,agree,agree,not_applicable,not_applicable,Review complete,not_applicable,2024-02-28,9.0,,False,E031
E031_UKMTO_WARNING_onset,E031,31,validation,E031,E031/UKMTO_WARNING/onset/20240308 UKMTO WARNING INCIDENT 047 UPDATE 001.pdf,3aa4c8d3141ec21f516360a44d156f923a14adb18fb21733ef9fc681427f958f,256123,True,local_original,UKMTO_WARNING,EV-C5D5E0F69657,UKMTO-INCIDENT-047-2024,excluded,2024-03-08,2024-03-08,,,,Yemen / Aden,onset,False,True,True,UKMTO-INCIDENT-047-2024,R1,R2,accepted,"Coding note: Exclude from Hormuz-specific incident-warning features because the reported location is outside the target region (Yemen / Aden). Explicit issue timestamp: 2024-03-08 15:00 UTC. Retain this update issuance date, not the original incident date.  Source: PDF p. 1.",Document_Review_human_adjudicated,RV-E19BC562EF7E,EV-C5D5E0F69657,agree,agree,not_applicable,not_applicable,Review complete,not_applicable,2024-02-28,9.0,,False,E031
E031_UKMTO_WARNING_onset,E031,31,validation,E031,E031/UKMTO_WARNING/onset/20240308 UKMTO WARNING INCIDENT 047 UPDATE 002.pdf,b9b0da0369538993e9e7f67dad655ea6bbc3aba145288e08e7a31b199bbb170d,259188,True,local_original,UKMTO_WARNING,EV-4CE32515DB8B,UKMTO-INCIDENT-047-2024,excluded,2024-03-08,2024-03-08,,,,Yemen / Aden,onset,False,True,True,UKMTO-INCIDENT-047-2024,R1,R2,accepted,"Coding note: Exclude from Hormuz-specific incident-warning features because the reported location is outside the target region (Yemen / Aden). Explicit issue timestamp: 2024-03-08 19:00 UTC. Retain this update issuance date, not the original incident date.  Source: PDF p. 1.",Document_Review_human_adjudicated,RV-AAAD83E9821B,EV-4CE32515DB8B,agree,agree,not_applicable,not_applicable,Review complete,not_applicable,2024-02-28,9.0,,False,E031
E031_UKMTO_WARNING_onset,E031,31,validation,E031,E031/UKMTO_WARNING/onset/20240311 UKMTO WARNING INCIDENT 048.pdf,eb46c8dc8a07ca9c63f0fdc186798a3dd4120ef2f53105ceef2c5061ca1bbfb4,255974,True,local_original,UKMTO_WARNING,EV-9D3436D29292,UKMTO-INCIDENT-048-2024,excluded,2024-03-11,2024-03-11,,,,Yemen,onset,False,True,False,,R1,R2,accepted,Coding note: Exclude from Hormuz-specific incident-warning features because the reported location is outside the target region (Yemen). Explicit issue timestamp: 2024-03-11 10:30 UTC.  Source: PDF p. 1.,Document_Review_human_adjudicated,RV-CD149B75E37D,EV-9D3436D29292,agree,agree,not_applicable,not_applicable,Review complete,not_applicable,2024-02-28,12.0,,False,E031
E031_UKMTO_WARNING_onset,E031,31,validation,E031,E031/UKMTO_WARNING/onset/20240311 UKMTO WARNING INCIDENT 048 UPDATE 001.pdf,315d94b9ccb181c9fa22bd142276adb128937755f47c0bb7e1b8058623fdbba8,272066,True,local_original,UKMTO_WARNING,EV-75086452A0DE,UKMTO-INCIDENT-048-2024,excluded,2024-03-11,2024-03-11,,,,Yemen,onset,False,True,True,UKMTO-INCIDENT-048-2024,R1,R2,accepted,"Coding note: Exclude from Hormuz-specific incident-warning features because the reported location is outside the target region (Yemen). Explicit issue timestamp: 2024-03-11 11:30 UTC. Retain this update issuance date, not the original incident date.  Source: PDF p. 1.",Document_Review_human_adjudicated,RV-FF1C6B0F8F5E,EV-75086452A0DE,agree,agree,not_applicable,not_applicable,Review complete,not_applicable,2024-02-28,12.0,,False,E031
E031_UKMTO_WARNING_onset,E031,31,validation,E031,E031/UKMTO_WARNING/onset/20240312-WARNING INCIDENT 049.pdf,6da7639a01d4018d7fc958c2edd390e3ca7163cac82c1fd80bd4e15331ca0b49,212984,True,local_original,UKMTO_WARNING,EV-D4FF3DCACC2E,UKMTO-INCIDENT-049-2024,excluded,2024-03-12,2024-03-12,,,,Somalia / Mogadishu,onset,False,True,False,,R1,R2,accepted,Coding note: Exclude from Hormuz-specific incident-warning features because the reported location is outside the target region (Somalia / Mogadishu). Explicit issue timestamp: 2024-03-12 09:58 UTC.  Source: PDF p. 1.,Document_Review_human_adjudicated,RV-38518EED79B0,EV-D4FF3DCACC2E,agree,agree,not_applicable,not_applicable,Review complete,not_applicable,2024-02-28,13.0,,False,E031
E031_UKMTO_WARNING_onset,E031,31,validation,E031,E031/UKMTO_WARNING/onset/20240312-WARNING INCIDENT 049 - UPDATE 001.pdf,1665e79d67f86f8799f27676e27ffc5492e5c5adb4d57511f74998205c92eaee,214198,True,local_original,UKMTO_WARNING,EV-187F9EFFFF4A,UKMTO-INCIDENT-049-2024,excluded,2024-03-12,2024-03-12,,,,Somalia / Mogadishu,onset,False,True,True,UKMTO-INCIDENT-049-2024,R1,R2,accepted,"Coding note: Exclude from Hormuz-specific incident-warning features because the reported location is outside the target region (Somalia / Mogadishu). Explicit issue timestamp: 2024-03-12 11:10 UTC. Retain this update issuance date, not the original incident date.  Source: PDF p. 1.",Document_Review_human_adjudicated,RV-13B6B8160C87,EV-187F9EFFFF4A,agree,agree,not_applicable,not_applicable,Review complete,not_applicable,2024-02-28,13.0,,False,E031
E031_UKMTO_WARNING_onset,E031,31,validation,E031,E031/UKMTO_WARNING/onset/20240312-WARNING INCIDENT 049 - UPDATE 002.pdf,a934abe2f66d1bd4fa7bcfc080254d022dfa98fea0545540e5de782a63ce1c1b,197411,True,local_original,UKMTO_WARNING,EV-69BCEADCA9C1,UKMTO-INCIDENT-049-2024,excluded,2024-03-12,2024-03-12,,,,Somalia / Mogadishu,onset,False,True,True,UKMTO-INCIDENT-049-2024,R1,R2,accepted,"Coding note: Exclude from Hormuz-specific incident-warning features because the reported location is outside the target region (Somalia / Mogadishu). Explicit issue timestamp: 2024-03-12 16:05 UTC. Retain this update issuance date, not the original incident date.  Source: PDF p. 1.",Document_Review_human_adjudicated,RV-4E4FBB62D65B,EV-69BCEADCA9C1,agree,agree,not_applicable,not_applicable,Review complete,not_applicable,2024-02-28,13.0,,False,E031
E032_IUA_JWC_LMA_onset,E032,32,validation,E032,E006/IUA_JWC_LMA/onset/automated_pending/E006_IUA_JWC_LMA_onset__page-1/20260914T011051137968Z_c6vu9px4/documents/E006_IUA_JWC_LMA_onset__page-1__document-864b57ce0f.pdf,,0,False,metadata_reference_only,IUA_JWC_LMA,EV-B5D8F0174EBF,JWLA-034,excluded,2026-07-29,2026-07-29,,,,"Regional listed areas, including Persian/Arabian Gulf",onset,False,False,False,,R1,R2,accepted,"Coding note: Exclude from this historical window. Circular JWLA-034 is internally dated 2026-07-29, after the requested dates. The /2025/06/ URL path is not its issue date. Repeated copies are one circular, not independent signals. Historical coverage remains unknown, not zero. Source: PDF p. 1. Original reviewed evidence path is not present in the v1.0.3 local evidence snapshot; retained as a metadata reference only and excluded from direct-evidence eligibility.",Document_Review_human_adjudicated,RV-02856CEFE302,EV-B5D8F0174EBF,agree,agree,not_applicable,not_applicable,Review complete,not_applicable,2024-09-07,690.0,51.0,False,E032
E032_IUA_JWC_LMA_pre_onset,E032,32,validation,E032,E006/IUA_JWC_LMA/onset/automated_pending/E006_IUA_JWC_LMA_onset__page-1/20260914T011051137968Z_c6vu9px4/documents/E006_IUA_JWC_LMA_onset__page-1__document-864b57ce0f.pdf,,0,False,metadata_reference_only,IUA_JWC_LMA,EV-B5D8F0174EBF,JWLA-034,excluded,2026-07-29,2026-07-29,,,,"Regional listed areas, including Persian/Arabian Gulf",pre_onset,False,False,False,,R1,R2,accepted,"Coding note: Exclude from this historical window. Circular JWLA-034 is internally dated 2026-07-29, after the requested dates. The /2025/06/ URL path is not its issue date. Repeated copies are one circular, not independent signals. Historical coverage remains unknown, not zero. Source: PDF p. 1. Original reviewed evidence path is not present in the v1.0.3 local evidence snapshot; retained as a metadata reference only and excluded from direct-evidence eligibility.",Document_Review_human_adjudicated,RV-8FF51CBBB9A6,EV-B5D8F0174EBF,agree,agree,not_applicable,not_applicable,Review complete,not_applicable,2024-09-07,690.0,51.0,False,E032
E047_GARD_pre_onset,E047,47,test,E047,E047/GARD/pre_onset/automated_pending/E047_GARD_pre_onset__search-war-risk/20260914T004416250871Z_nb0h3b07/E047_GARD_pre_onset__search-war-risk__document-a18e6aad2d.pdf,,0,False,metadata_reference_only,GARD,EV-9E17058A7575,GARD-COMPANY-NEWS-2025,excluded,2025-10-22,,2025-10-22,,,Company/education news,pre_onset,False,False,False,,R1,R2,accepted,"Coding note: Exclude. Company/education news dated 2025-10-22 mentions a war-risk essay, not an operational incident, maritime advisory, or insurance coverage/price signal. Source: PDF pp. 1-8. Original reviewed evidence path is not present in the v1.0.3 local evidence snapshot; retained as a metadata reference only and excluded from direct-evidence eligibility.",Document_Review_human_adjudicated,RV-C9ED55786169,EV-9E17058A7575,agree,agree,not_applicable,not_applicable,Review complete,not_applicable,2025-11-16,-25.0,,False,E047
E047_IUA_JWC_LMA_onset,E047,47,test,E047,E006/IUA_JWC_LMA/onset/automated_pending/E006_IUA_JWC_LMA_onset__page-1/20260914T011051137968Z_c6vu9px4/documents/E006_IUA_JWC_LMA_onset__page-1__document-864b57ce0f.pdf,,0,False,metadata_reference_only,IUA_JWC_LMA,EV-B5D8F0174EBF,JWLA-034,excluded,2026-07-29,2026-07-29,,,,"Regional listed areas, including Persian/Arabian Gulf",onset,False,False,False,,R1,R2,accepted,"Coding note: Exclude from this historical window. Circular JWLA-034 is internally dated 2026-07-29, after the requested dates. The /2025/06/ URL path is not its issue date. Repeated copies are one circular, not independent signals. Historical coverage remains unknown, not zero. Source: PDF p. 1. Original reviewed evidence path is not present in the v1.0.3 local evidence snapshot; retained as a metadata reference only and excluded from direct-evidence eligibility.",Document_Review_human_adjudicated,RV-14EA66400638,EV-B5D8F0174EBF,agree,agree,not_applicable,not_applicable,Review complete,not_applicable,2025-11-16,255.0,51.0,False,E047
E047_IUA_JWC_LMA_pre_onset,E047,47,test,E047,E006/IUA_JWC_LMA/onset/automated_pending/E006_IUA_JWC_LMA_onset__page-1/20260914T011051137968Z_c6vu9px4/documents/E006_IUA_JWC_LMA_onset__page-1__document-864b57ce0f.pdf,,0,False,metadata_reference_only,IUA_JWC_LMA,EV-B5D8F0174EBF,JWLA-034,excluded,2026-07-29,2026-07-29,,,,"Regional listed areas, including Persian/Arabian Gulf",pre_onset,False,False,False,,R1,R2,accepted,"Coding note: Exclude from this historical window. Circular JWLA-034 is internally dated 2026-07-29, after the requested dates. The /2025/06/ URL path is not its issue date. Repeated copies are one circular, not independent signals. Historical coverage remains unknown, not zero. Source: PDF p. 1. Original reviewed evidence path is not present in the v1.0.3 local evidence snapshot; retained as a metadata reference only and excluded from direct-evidence eligibility.",Document_Review_human_adjudicated,RV-9A2FDDB5C9DB,EV-B5D8F0174EBF,agree,agree,not_applicable,not_applicable,Review complete,not_applicable,2025-11-16,255.0,51.0,False,E047
