evidence_id,file_sha256,relative_path,episode_bindings,window_bindings,source_class,artifact_kind,source_url,extract_status,text_object,original_metadata_rows,normalized_text_sha256,bytes
EV-895A1D3736C2,2d9c08a2b1b7e81e7d9c08ade0f09d143bd7801c830c49e7e035a1782f0dde15,E006/GARD/onset/automated_pending/E006_GARD_onset__search-Gulf-of-Oman/20260913T224926885288Z_qrm2o0ds/E006_GARD_onset__search-Gulf-of-Oman.html,E006,onset,GARD,listing_capture,https://gard.no/search/?searchTerm=Gulf%20of%20Oman,extracted,texts/2d9c08a2b1b7e81e7d9c08ade0f09d143bd7801c830c49e7e035a1782f0dde15.json,,6fa1e1afec4bde06041ef70a1c98328676224726359cb7407f9832498bae0a39,239105
EV-A5FD9EDFBD93,aea5e4ea097012e7c0b9eacb8dca1da7e537f2a6923f4f653d22605264d1b3ff,E006/GARD/onset/automated_pending/E006_GARD_onset__search-Gulf-of-Oman/20260913T224926885288Z_qrm2o0ds/E006_GARD_onset__search-Gulf-of-Oman.pdf,E006,onset,GARD,listing_capture,https://gard.no/search/?searchTerm=Gulf%20of%20Oman,extracted,texts/aea5e4ea097012e7c0b9eacb8dca1da7e537f2a6923f4f653d22605264d1b3ff.json,,0412154754f2bd83c8d775563223b4003f5d9d979a1ab9c611852504188a1760,2171684
EV-FE4517242497,58ac68ba60a4dac2659a48d34c1020e2a749fe01df543ae508c67a4e1a01645b,E006/GARD/onset/automated_pending/E006_GARD_onset__search-Gulf-of-Oman/20260913T224926885288Z_qrm2o0ds/E006_GARD_onset__search-Gulf-of-Oman__document-940c2cb2ca.html,E006,onset,GARD,article_capture,https://gard.no/en/insights/incident-gulf-oman/,extracted,texts/58ac68ba60a4dac2659a48d34c1020e2a749fe01df543ae508c67a4e1a01645b.json,,e3b1f3860fce8e60c7f173fdfab95504d2f6b96dcd7cb677853acaab3c4b3d2b,446190
EV-FE4517242497,559c6d1e7f9495ab3b336f169ed1eafcb79ec0ecc3b6ba1ef15a0d0e74db94dd,E006/GARD/onset/automated_pending/E006_GARD_onset__search-Gulf-of-Oman/20260913T224926885288Z_qrm2o0ds/E006_GARD_onset__search-Gulf-of-Oman__document-940c2cb2ca.pdf,E006,onset,GARD,article_capture,https://gard.no/en/insights/incident-gulf-oman/,extracted,texts/559c6d1e7f9495ab3b336f169ed1eafcb79ec0ecc3b6ba1ef15a0d0e74db94dd.json,,cdc350c26683edc248310dcf9a69615c4e1ba7dc095e694e35c57cae898a91cf,1207375
EV-D0D9DB7EE681,802d9438227e53a8f86700bf1be0180e01b505869465190c2427af24c1b08b54,E006/GARD/onset/automated_pending/E006_GARD_onset__search-Hormuz/20260913T225002552805Z_hlqn7j18/E006_GARD_onset__search-Hormuz.html,E006,onset,GARD,listing_capture,https://gard.no/search/?searchTerm=Hormuz,extracted,texts/802d9438227e53a8f86700bf1be0180e01b505869465190c2427af24c1b08b54.json,,b79c4b1fa3760ce02d0639b5741c7df34f783cb6bff232659a6a707fefc93083,239151
EV-11176339EC8D,890d4902461370beb61a50c71c21168de826ac6ef38a1624ce9af05841afd0ab,E006/GARD/onset/automated_pending/E006_GARD_onset__search-Hormuz/20260913T225002552805Z_hlqn7j18/E006_GARD_onset__search-Hormuz.pdf,E006,onset,GARD,listing_capture,https://gard.no/search/?searchTerm=Hormuz,extracted,texts/890d4902461370beb61a50c71c21168de826ac6ef38a1624ce9af05841afd0ab.json,,b5d15d3b471487fe0ec0aea549d2764af13d8a6808942a11d2595dea8d4c8aee,3714562
EV-FE4517242497,f0661976ab5da10237caa2dd0b36ef9d92a695eee75fc9f4284168805184ad5d,E006/GARD/onset/automated_pending/E006_GARD_onset__search-Hormuz/20260913T225002552805Z_hlqn7j18/E006_GARD_onset__search-Hormuz__document-940c2cb2ca.html,E006,onset,GARD,article_capture,https://gard.no/en/insights/incident-gulf-oman/,extracted,texts/f0661976ab5da10237caa2dd0b36ef9d92a695eee75fc9f4284168805184ad5d.json,,e3b1f3860fce8e60c7f173fdfab95504d2f6b96dcd7cb677853acaab3c4b3d2b,446190
EV-FE4517242497,f0661976ab5da10237caa2dd0b36ef9d92a695eee75fc9f4284168805184ad5d,E006/GARD/onset/automated_pending/E006_GARD_onset__search-war-risk/20260913T225400396088Z_92o18b7u/E006_GARD_onset__search-war-risk__document-940c2cb2ca.html,E006,onset,GARD,article_capture,https://gard.no/en/insights/incident-gulf-oman/,extracted,texts/f0661976ab5da10237caa2dd0b36ef9d92a695eee75fc9f4284168805184ad5d.json,,e3b1f3860fce8e60c7f173fdfab95504d2f6b96dcd7cb677853acaab3c4b3d2b,446190
EV-FE4517242497,2e28b660dda13c983537ebb789100a653ef7be202a5b7b2d0dacef0f43393ee1,E006/GARD/onset/automated_pending/E006_GARD_onset__search-Hormuz/20260913T225002552805Z_hlqn7j18/E006_GARD_onset__search-Hormuz__document-940c2cb2ca.pdf,E006,onset,GARD,article_capture,https://gard.no/en/insights/incident-gulf-oman/,extracted,texts/2e28b660dda13c983537ebb789100a653ef7be202a5b7b2d0dacef0f43393ee1.json,,e78047bb45a845a233324aee05b34cc05e2abbc1a0c89472fb18ae490f243c80,1206937
EV-572E5168A67F,9017acc9e23a307843b08ac3bee712a4bee53cb1bef4417b44ae981e8cfcecd8,E006/GARD/onset/automated_pending/E006_GARD_onset__search-Iran/20260913T225038982311Z_e4wuacq5/E006_GARD_onset__search-Iran.html,E006,onset,GARD,listing_capture,https://gard.no/search/?searchTerm=Iran,extracted,texts/9017acc9e23a307843b08ac3bee712a4bee53cb1bef4417b44ae981e8cfcecd8.json,,b7d5bf99e0bcfe2992f141002b0860785d0356a9a7bc40bf4d39216fcd8221f6,252598
EV-A755DF785463,356e61db61b823a51be6af69cc51550fb3aab42691fc0d4d618f502cc660e413,E006/GARD/onset/automated_pending/E006_GARD_onset__search-Iran/20260913T225038982311Z_e4wuacq5/E006_GARD_onset__search-Iran.pdf,E006,onset,GARD,listing_capture,https://gard.no/search/?searchTerm=Iran,extracted,texts/356e61db61b823a51be6af69cc51550fb3aab42691fc0d4d618f502cc660e413.json,,7b2f432d30442a51db20ed7fe790b43a52971d0ed68e5ba438f2ec08d6801d29,5184494
EV-BA24A8BB45CB,3cd83512f8346d2551da354c840fb47d0d0f1f5ade7c1a11a4d0bbb4a7bf616c,E006/GARD/onset/automated_pending/E006_GARD_onset__search-Iran/20260913T225038982311Z_e4wuacq5/E006_GARD_onset__search-Iran__page-2.html,E006,onset,GARD,listing_capture,https://gard.no/search/?searchTerm=Iran,extracted,texts/3cd83512f8346d2551da354c840fb47d0d0f1f5ade7c1a11a4d0bbb4a7bf616c.json,,8f5d5e27b5347123420ec210c214ec177039982db9c51fe7e484fc09af726a38,241988
EV-D864EE1E1692,5e6df4607bb9238bc71dae79120c315350704834101c8a555e015cdb8e79162a,E006/GARD/onset/automated_pending/E006_GARD_onset__search-Iran/20260913T225038982311Z_e4wuacq5/E006_GARD_onset__search-Iran__page-2.pdf,E006,onset,GARD,listing_capture,https://gard.no/search/?searchTerm=Iran,extracted,texts/5e6df4607bb9238bc71dae79120c315350704834101c8a555e015cdb8e79162a.json,,69583c3cebb9de6a1b6903d7963797acaffdb6409032f2a6f0bca643ffeba09c,5161745
EV-D6C18BAB98B4,efa999b2d7e4fe55fd74a78c8fb07264ef85d8b1bfb69c11931ba6269c3e2244,E006/GARD/onset/automated_pending/E006_GARD_onset__search-Persian-Gulf/20260913T225157742168Z_o_w315lz/E006_GARD_onset__search-Persian-Gulf.html,E006,onset,GARD,listing_capture,https://gard.no/search/?searchTerm=Persian%20Gulf,extracted,texts/efa999b2d7e4fe55fd74a78c8fb07264ef85d8b1bfb69c11931ba6269c3e2244.json,,8f6190ad786aedb4425055399e00eca62523c04326756472f0a68739bc2d8470,246041
EV-F66E75E5D835,3fe0f86b0ab07a635417fe874e1a552a067d5d195536fa8099edec44b43ca351,E006/GARD/onset/automated_pending/E006_GARD_onset__search-Persian-Gulf/20260913T225157742168Z_o_w315lz/E006_GARD_onset__search-Persian-Gulf.pdf,E006,onset,GARD,listing_capture,https://gard.no/search/?searchTerm=Persian%20Gulf,extracted,texts/3fe0f86b0ab07a635417fe874e1a552a067d5d195536fa8099edec44b43ca351.json,,7c9b655046b5d6abb23c74e00b7fa5ec0eded649e49aa82b04e8d58e464d9499,5252554
EV-FE4517242497,62e4660f790ff8f426bdf6f34bae72ab40760fde122757bde4a1a6aecd31d73b,E006/GARD/onset/automated_pending/E006_GARD_onset__search-Persian-Gulf/20260913T225157742168Z_o_w315lz/E006_GARD_onset__search-Persian-Gulf__document-940c2cb2ca.html,E006,onset,GARD,article_capture,https://gard.no/en/insights/incident-gulf-oman/,extracted,texts/62e4660f790ff8f426bdf6f34bae72ab40760fde122757bde4a1a6aecd31d73b.json,,f3e1cd42a955ba250de252e25cd27f05b60fc5ff8c25bb046a15bf0becb4af47,447203
EV-FE4517242497,62e4660f790ff8f426bdf6f34bae72ab40760fde122757bde4a1a6aecd31d73b,E007/GARD/pre_onset/automated_pending/E007_GARD_pre_onset__search-Persian-Gulf/20260913T230214226716Z_us052xnn/E007_GARD_pre_onset__search-Persian-Gulf__document-940c2cb2ca.html,E007,pre_onset,GARD,article_capture,https://gard.no/en/insights/incident-gulf-oman/,extracted,texts/62e4660f790ff8f426bdf6f34bae72ab40760fde122757bde4a1a6aecd31d73b.json,,f3e1cd42a955ba250de252e25cd27f05b60fc5ff8c25bb046a15bf0becb4af47,447203
EV-FE4517242497,f9c907d6ff82939c498c00c9b2b71ec20e0176c0d8ac935b68351556b7b712d2,E006/GARD/onset/automated_pending/E006_GARD_onset__search-Persian-Gulf/20260913T225157742168Z_o_w315lz/E006_GARD_onset__search-Persian-Gulf__document-940c2cb2ca.pdf,E006,onset,GARD,article_capture,https://gard.no/en/insights/incident-gulf-oman/,extracted,texts/f9c907d6ff82939c498c00c9b2b71ec20e0176c0d8ac935b68351556b7b712d2.json,,31ba2a8eae900fe9ffafe32e7ef317850570b8b9cfc8c44b2dd7f743f9aba845,1207377
EV-484C77BDEA66,d9d18982751b11af76f9f69a889cb59277b657d47746926bec5eac91e2247d47,E006/GARD/onset/automated_pending/E006_GARD_onset__search-navigational-warning/20260913T225253359212Z_id_xiozs/E006_GARD_onset__search-navigational-warning.html,E006,onset,GARD,listing_capture,https://gard.no/search/?searchTerm=navigational%20warning,extracted,texts/d9d18982751b11af76f9f69a889cb59277b657d47746926bec5eac91e2247d47.json,,b26c09423d23d4e7c261c7dad9051a80e3dda4ce5d64cf4d0e830aba782f3d62,249598
EV-484C77BDEA66,d9d18982751b11af76f9f69a889cb59277b657d47746926bec5eac91e2247d47,E006/GARD/pre_onset/automated_pending/E006_GARD_pre_onset__search-navigational-warning/20260913T224231068792Z_ih90y9ma/E006_GARD_pre_onset__search-navigational-warning.html,E006,pre_onset,GARD,listing_capture,https://gard.no/search/?searchTerm=navigational%20warning,extracted,texts/d9d18982751b11af76f9f69a889cb59277b657d47746926bec5eac91e2247d47.json,,b26c09423d23d4e7c261c7dad9051a80e3dda4ce5d64cf4d0e830aba782f3d62,249598
EV-BC5DC665ADA8,2fbe370cd150e35db5c3edd29e34b827b52d5bbb57591c504d22575e9d84aea6,E006/GARD/onset/automated_pending/E006_GARD_onset__search-navigational-warning/20260913T225253359212Z_id_xiozs/E006_GARD_onset__search-navigational-warning.pdf,E006,onset,GARD,listing_capture,https://gard.no/search/?searchTerm=navigational%20warning,extracted,texts/2fbe370cd150e35db5c3edd29e34b827b52d5bbb57591c504d22575e9d84aea6.json,,2eae40753558308eadb99408260b981ea93e800f518cc6ecc4ddd880c48ffdb3,11251269
EV-CC74B884D5C9,c8bb911724759483a33cd3e121249c7527918366b60479a4f8ddadf2f172f3b0,E006/GARD/onset/automated_pending/E006_GARD_onset__search-war-risk/20260913T225400396088Z_92o18b7u/E006_GARD_onset__search-war-risk.html,E006,onset,GARD,listing_capture,https://gard.no/search/?searchTerm=war%20risk,extracted,texts/c8bb911724759483a33cd3e121249c7527918366b60479a4f8ddadf2f172f3b0.json,,78187af94bbaf6f828813ac684f405c29f92d85ca30c2e8369dc44ec30498da0,247307
EV-B63EB318F649,5f5c0faaafcf7c50a9743968569a1047441d7165a8ceb40597a005c2cf0f2e81,E006/GARD/onset/automated_pending/E006_GARD_onset__search-war-risk/20260913T225400396088Z_92o18b7u/E006_GARD_onset__search-war-risk.pdf,E006,onset,GARD,listing_capture,https://gard.no/search/?searchTerm=war%20risk,extracted,texts/5f5c0faaafcf7c50a9743968569a1047441d7165a8ceb40597a005c2cf0f2e81.json,,e2a7106224f33ab633464fb51a38ab96a3902ce0060b750036d47d7811f61f98,7848557
EV-FE4517242497,e5cec0a239ab13a942cb1e212a3b7cf8c9c0caeafb9010df1696ce3b4dadb21a,E006/GARD/onset/automated_pending/E006_GARD_onset__search-war-risk/20260913T225400396088Z_92o18b7u/E006_GARD_onset__search-war-risk__document-940c2cb2ca.pdf,E006,onset,GARD,article_capture,https://gard.no/en/insights/incident-gulf-oman/,extracted,texts/e5cec0a239ab13a942cb1e212a3b7cf8c9c0caeafb9010df1696ce3b4dadb21a.json,,d9f7ec1bce3518b10b6b6ae19f077a4574b7b3db2e742ba11a8beb8a2d624833,1207404
EV-E71537281D60,51c6a8848819cda5e029c8a6addb437b94a62f664490e17fa0f90ae9e6079d42,E006/GARD/onset/automated_pending/E006_GARD_onset__search-war-risk/20260913T225400396088Z_92o18b7u/E006_GARD_onset__search-war-risk__page-2.html,E006,onset,GARD,listing_capture,https://gard.no/search/?searchTerm=war%20risk,extracted,texts/51c6a8848819cda5e029c8a6addb437b94a62f664490e17fa0f90ae9e6079d42.json,,2314a8420db895335fea206507de4b4932f71f958d85eff3e053ba331fbe6101,247120
EV-80851CEB77BD,018443f415f38d02cae9aa4ec019385f2c66bf4caf6d61e03a6198457338f1e4,E006/GARD/onset/automated_pending/E006_GARD_onset__search-war-risk/20260913T225400396088Z_92o18b7u/E006_GARD_onset__search-war-risk__page-2.pdf,E006,onset,GARD,listing_capture,https://gard.no/search/?searchTerm=war%20risk,extracted,texts/018443f415f38d02cae9aa4ec019385f2c66bf4caf6d61e03a6198457338f1e4.json,,861d766d19e8217373cf14856d757032a433e68c7c6bb209dce2b2a8d9960929,3503273
EV-1E83F7D1A72A,93e203d3157e8eb3cf33d2256e6ee619272cc58f8defeaac1cadd28fb635daac,E006/GARD/onset/automated_pending/E006_GARD_onset__search-war-risk/20260913T225400396088Z_92o18b7u/E006_GARD_onset__search-war-risk__page-3.html,E006,onset,GARD,listing_capture,https://gard.no/search/?searchTerm=war%20risk,extracted,texts/93e203d3157e8eb3cf33d2256e6ee619272cc58f8defeaac1cadd28fb635daac.json,,49c11c2290744bb5c2b3afb938c95c20594e72271b4322b32cd519d155900897,241875
EV-86AE5EA0D380,334d112862e21d0e45acca6f45c0f2b12fc6b041939aa444ef7566e3f4e8c8f9,E006/GARD/onset/automated_pending/E006_GARD_onset__search-war-risk/20260913T225400396088Z_92o18b7u/E006_GARD_onset__search-war-risk__page-3.pdf,E006,onset,GARD,listing_capture,https://gard.no/search/?searchTerm=war%20risk,extracted,texts/334d112862e21d0e45acca6f45c0f2b12fc6b041939aa444ef7566e3f4e8c8f9.json,,bfff6b038fae32c8637340790111cc71ddae29864aa29fceb4decbb92e73a540,4149822
EV-975CF81513BB,218eeb4f0dc1eb07b6e69d75d98b4d5fb14fb8bde6166523533112676307d63b,E006/GARD/onset/automated_pending/E006_GARD_onset__search-war-risk/20260913T225400396088Z_92o18b7u/E006_GARD_onset__search-war-risk__page-4.html,E006,onset,GARD,listing_capture,https://gard.no/search/?searchTerm=war%20risk,extracted,texts/218eeb4f0dc1eb07b6e69d75d98b4d5fb14fb8bde6166523533112676307d63b.json,,769aed36ea2bb6ef4c7e545823f7293720628f4987137f5c6503b79d65f7f4e8,242056
EV-F0CD84484971,547b38f583b730691a37b607e9983b37ba0645ecf69063248620626d4fb7c613,E006/GARD/onset/automated_pending/E006_GARD_onset__search-war-risk/20260913T225400396088Z_92o18b7u/E006_GARD_onset__search-war-risk__page-4.pdf,E006,onset,GARD,listing_capture,https://gard.no/search/?searchTerm=war%20risk,extracted,texts/547b38f583b730691a37b607e9983b37ba0645ecf69063248620626d4fb7c613.json,,b7be8e6c2c934e249ec44ca1713e87b20480d9b4e29c7001e251625ba0b29ec1,480653
EV-FF208FE7D252,63c300585dd6a8045d2ccef28175167ccab56d98fa9d6617bbc100cee709c354,E006/GARD/onset/automated_pending/E006_GARD_onset__search-war-risk/20260913T225400396088Z_92o18b7u/E006_GARD_onset__search-war-risk__page-5.html,E006,onset,GARD,listing_capture,https://gard.no/search/?searchTerm=war%20risk,extracted,texts/63c300585dd6a8045d2ccef28175167ccab56d98fa9d6617bbc100cee709c354.json,,bc5d1f6e244dfccea87ce7326167c4d6dd6f3e391b279cbc52bc159c89ad1424,243625
EV-2EFC5AB7E20C,4aeab8b2bef37b46da8ca7291b0174b312ce2f44fc8cf8273dd3ea7042f774ed,E006/GARD/onset/automated_pending/E006_GARD_onset__search-war-risk/20260913T225400396088Z_92o18b7u/E006_GARD_onset__search-war-risk__page-5.pdf,E006,onset,GARD,listing_capture,https://gard.no/search/?searchTerm=war%20risk,extracted,texts/4aeab8b2bef37b46da8ca7291b0174b312ce2f44fc8cf8273dd3ea7042f774ed.json,,d53c8d800234fb4d34d8768458bae26419f44930f6c30979b442e2e8e6ff2fdd,484788
EV-7B9844E36CE4,f056ccff28a85aef453d413d6f05a01784dbc08a77a3b267da1efb03a8457307,E006/GARD/onset/automated_pending/E006_GARD_onset__search-war-risk/20260913T225400396088Z_92o18b7u/E006_GARD_onset__search-war-risk__page-6.html,E006,onset,GARD,listing_capture,https://gard.no/search/?searchTerm=war%20risk,extracted,texts/f056ccff28a85aef453d413d6f05a01784dbc08a77a3b267da1efb03a8457307.json,,dc87dd8e471c07f9c4590d1c5b51f73d814500f393a0f908f36c256afbc4efdd,243019
EV-0F3E6BCA39A6,2e0fad513f32795492a9812b2d6012011a058abcdde7b42d9b35c4f1cbc30c9e,E006/GARD/onset/automated_pending/E006_GARD_onset__search-war-risk/20260913T225400396088Z_92o18b7u/E006_GARD_onset__search-war-risk__page-6.pdf,E006,onset,GARD,listing_capture,https://gard.no/search/?searchTerm=war%20risk,extracted,texts/2e0fad513f32795492a9812b2d6012011a058abcdde7b42d9b35c4f1cbc30c9e.json,,d836609e1d4f6622dfa641954559a12d37537941e7a6c77691641ef9b0a243eb,4621255
EV-2DD6729DFC39,bf5d4af0e5ede61593ba597a903d7ea1f7229b1045130031167a524bae4a293d,E006/GARD/onset/automated_pending/E006_GARD_onset__search-war-risk/20260913T225400396088Z_92o18b7u/E006_GARD_onset__search-war-risk__page-7.html,E006,onset,GARD,listing_capture,https://gard.no/search/?searchTerm=war%20risk,extracted,texts/bf5d4af0e5ede61593ba597a903d7ea1f7229b1045130031167a524bae4a293d.json,,8f3e9da35705a2127e479572c0faef41fa86742bb3dfba079581bf7b181557cf,236860
EV-010036E5ED59,58dde7abab3b451a08aba43fb35576a851dac87baf68f11655da0ad0f4c9589e,E006/GARD/onset/automated_pending/E006_GARD_onset__search-war-risk/20260913T225400396088Z_92o18b7u/E006_GARD_onset__search-war-risk__page-7.pdf,E006,onset,GARD,listing_capture,https://gard.no/search/?searchTerm=war%20risk,extracted,texts/58dde7abab3b451a08aba43fb35576a851dac87baf68f11655da0ad0f4c9589e.json,,10c9494bfacf2871baceb519eab53345e8c4010bd9b040488b92d4cc0b19de0c,1453199
EV-9CB17238B218,f9d006a1c3802c3f342ad8131bb38a8a0889ea3add32d32c641217bedc87e942,E006/GARD/onset/automated_pending/E006_GARD_onset__sitemap/20260913T225931415080Z_xnenh96p/E006_GARD_onset__sitemap__part-1.xml,E006,onset,GARD,sitemap_discovery,https://gard.no/sitemap.xml,discovery_inventory_only,texts/f9d006a1c3802c3f342ad8131bb38a8a0889ea3add32d32c641217bedc87e942.json,,,665
EV-9CB17238B218,f9d006a1c3802c3f342ad8131bb38a8a0889ea3add32d32c641217bedc87e942,E006/GARD/pre_onset/automated_pending/E006_GARD_pre_onset__sitemap/20260913T224910180334Z_d3cruh6i/E006_GARD_pre_onset__sitemap__part-1.xml,E006,pre_onset,GARD,sitemap_discovery,https://gard.no/sitemap.xml,discovery_inventory_only,texts/f9d006a1c3802c3f342ad8131bb38a8a0889ea3add32d32c641217bedc87e942.json,,,665
EV-9CB17238B218,f9d006a1c3802c3f342ad8131bb38a8a0889ea3add32d32c641217bedc87e942,E007/GARD/onset/automated_pending/E007_GARD_onset__sitemap/20260913T231938165576Z_6o75bcae/E007_GARD_onset__sitemap__part-1.xml,E007,onset,GARD,sitemap_discovery,https://gard.no/sitemap.xml,discovery_inventory_only,texts/f9d006a1c3802c3f342ad8131bb38a8a0889ea3add32d32c641217bedc87e942.json,,,665
EV-9CB17238B218,f9d006a1c3802c3f342ad8131bb38a8a0889ea3add32d32c641217bedc87e942,E007/GARD/pre_onset/automated_pending/E007_GARD_pre_onset__sitemap/20260913T230938906985Z_r7w5g3_d/E007_GARD_pre_onset__sitemap__part-1.xml,E007,pre_onset,GARD,sitemap_discovery,https://gard.no/sitemap.xml,discovery_inventory_only,texts/f9d006a1c3802c3f342ad8131bb38a8a0889ea3add32d32c641217bedc87e942.json,,,665
EV-9CB17238B218,f9d006a1c3802c3f342ad8131bb38a8a0889ea3add32d32c641217bedc87e942,E027/GARD/onset/automated_pending/E027_GARD_onset__sitemap/20260913T233926806763Z_te63trk8/E027_GARD_onset__sitemap__part-1.xml,E027,onset,GARD,sitemap_discovery,https://gard.no/sitemap.xml,discovery_inventory_only,texts/f9d006a1c3802c3f342ad8131bb38a8a0889ea3add32d32c641217bedc87e942.json,,,665
EV-9CB17238B218,f9d006a1c3802c3f342ad8131bb38a8a0889ea3add32d32c641217bedc87e942,E027/GARD/pre_onset/automated_pending/E027_GARD_pre_onset__sitemap/20260913T232934375327Z_mishrzto/E027_GARD_pre_onset__sitemap__part-1.xml,E027,pre_onset,GARD,sitemap_discovery,https://gard.no/sitemap.xml,discovery_inventory_only,texts/f9d006a1c3802c3f342ad8131bb38a8a0889ea3add32d32c641217bedc87e942.json,,,665
EV-9CB17238B218,f9d006a1c3802c3f342ad8131bb38a8a0889ea3add32d32c641217bedc87e942,E029/GARD/onset/automated_pending/E029_GARD_onset__sitemap/20260913T235926270709Z_ztms99_h/E029_GARD_onset__sitemap__part-1.xml,E029,onset,GARD,sitemap_discovery,https://gard.no/sitemap.xml,discovery_inventory_only,texts/f9d006a1c3802c3f342ad8131bb38a8a0889ea3add32d32c641217bedc87e942.json,,,665
EV-9CB17238B218,f9d006a1c3802c3f342ad8131bb38a8a0889ea3add32d32c641217bedc87e942,E029/GARD/pre_onset/automated_pending/E029_GARD_pre_onset__sitemap/20260913T234926684276Z_ordhbnbh/E029_GARD_pre_onset__sitemap__part-1.xml,E029,pre_onset,GARD,sitemap_discovery,https://gard.no/sitemap.xml,discovery_inventory_only,texts/f9d006a1c3802c3f342ad8131bb38a8a0889ea3add32d32c641217bedc87e942.json,,,665
EV-9CB17238B218,f9d006a1c3802c3f342ad8131bb38a8a0889ea3add32d32c641217bedc87e942,E031/GARD/onset/automated_pending/E031_GARD_onset__sitemap/20260914T001935750712Z_lipt4rf8/E031_GARD_onset__sitemap__part-1.xml,E031,onset,GARD,sitemap_discovery,https://gard.no/sitemap.xml,discovery_inventory_only,texts/f9d006a1c3802c3f342ad8131bb38a8a0889ea3add32d32c641217bedc87e942.json,,,665
EV-9CB17238B218,f9d006a1c3802c3f342ad8131bb38a8a0889ea3add32d32c641217bedc87e942,E031/GARD/pre_onset/automated_pending/E031_GARD_pre_onset__sitemap/20260914T000933229683Z_ysbhmlqo/E031_GARD_pre_onset__sitemap__part-1.xml,E031,pre_onset,GARD,sitemap_discovery,https://gard.no/sitemap.xml,discovery_inventory_only,texts/f9d006a1c3802c3f342ad8131bb38a8a0889ea3add32d32c641217bedc87e942.json,,,665
EV-9CB17238B218,f9d006a1c3802c3f342ad8131bb38a8a0889ea3add32d32c641217bedc87e942,E032/GARD/onset/automated_pending/E032_GARD_onset__sitemap/20260914T003940386244Z_ajc8idut/E032_GARD_onset__sitemap__part-1.xml,E032,onset,GARD,sitemap_discovery,https://gard.no/sitemap.xml,discovery_inventory_only,texts/f9d006a1c3802c3f342ad8131bb38a8a0889ea3add32d32c641217bedc87e942.json,,,665
EV-9CB17238B218,f9d006a1c3802c3f342ad8131bb38a8a0889ea3add32d32c641217bedc87e942,E032/GARD/pre_onset/automated_pending/E032_GARD_pre_onset__sitemap/20260914T002936254085Z_kohar45j/E032_GARD_pre_onset__sitemap__part-1.xml,E032,pre_onset,GARD,sitemap_discovery,https://gard.no/sitemap.xml,discovery_inventory_only,texts/f9d006a1c3802c3f342ad8131bb38a8a0889ea3add32d32c641217bedc87e942.json,,,665
EV-9CB17238B218,f9d006a1c3802c3f342ad8131bb38a8a0889ea3add32d32c641217bedc87e942,E047/GARD/onset/automated_pending/E047_GARD_onset__sitemap/20260914T005931415029Z_fglih1g4/E047_GARD_onset__sitemap__part-1.xml,E047,onset,GARD,sitemap_discovery,https://gard.no/sitemap.xml,discovery_inventory_only,texts/f9d006a1c3802c3f342ad8131bb38a8a0889ea3add32d32c641217bedc87e942.json,,,665
EV-9CB17238B218,f9d006a1c3802c3f342ad8131bb38a8a0889ea3add32d32c641217bedc87e942,E047/GARD/pre_onset/automated_pending/E047_GARD_pre_onset__sitemap/20260914T004940422181Z_ugict17u/E047_GARD_pre_onset__sitemap__part-1.xml,E047,pre_onset,GARD,sitemap_discovery,https://gard.no/sitemap.xml,discovery_inventory_only,texts/f9d006a1c3802c3f342ad8131bb38a8a0889ea3add32d32c641217bedc87e942.json,,,665
EV-E834B114FAB1,650a757d9533db02afca1eb5bd4fb5929a904fe151f8e1266537c27825a0a3a1,E006/GARD/onset/automated_pending/E006_GARD_onset__sitemap/20260913T225931415080Z_xnenh96p/E006_GARD_onset__sitemap__part-2.xml,E006,onset,GARD,sitemap_discovery,https://gard.no/sitemaps/pages.xml,discovery_inventory_only,texts/650a757d9533db02afca1eb5bd4fb5929a904fe151f8e1266537c27825a0a3a1.json,,,22057
EV-E834B114FAB1,650a757d9533db02afca1eb5bd4fb5929a904fe151f8e1266537c27825a0a3a1,E006/GARD/pre_onset/automated_pending/E006_GARD_pre_onset__sitemap/20260913T224910180334Z_d3cruh6i/E006_GARD_pre_onset__sitemap__part-2.xml,E006,pre_onset,GARD,sitemap_discovery,https://gard.no/sitemaps/pages.xml,discovery_inventory_only,texts/650a757d9533db02afca1eb5bd4fb5929a904fe151f8e1266537c27825a0a3a1.json,,,22057
EV-E834B114FAB1,650a757d9533db02afca1eb5bd4fb5929a904fe151f8e1266537c27825a0a3a1,E007/GARD/onset/automated_pending/E007_GARD_onset__sitemap/20260913T231938165576Z_6o75bcae/E007_GARD_onset__sitemap__part-2.xml,E007,onset,GARD,sitemap_discovery,https://gard.no/sitemaps/pages.xml,discovery_inventory_only,texts/650a757d9533db02afca1eb5bd4fb5929a904fe151f8e1266537c27825a0a3a1.json,,,22057
EV-E834B114FAB1,650a757d9533db02afca1eb5bd4fb5929a904fe151f8e1266537c27825a0a3a1,E007/GARD/pre_onset/automated_pending/E007_GARD_pre_onset__sitemap/20260913T230938906985Z_r7w5g3_d/E007_GARD_pre_onset__sitemap__part-2.xml,E007,pre_onset,GARD,sitemap_discovery,https://gard.no/sitemaps/pages.xml,discovery_inventory_only,texts/650a757d9533db02afca1eb5bd4fb5929a904fe151f8e1266537c27825a0a3a1.json,,,22057
EV-E834B114FAB1,650a757d9533db02afca1eb5bd4fb5929a904fe151f8e1266537c27825a0a3a1,E027/GARD/onset/automated_pending/E027_GARD_onset__sitemap/20260913T233926806763Z_te63trk8/E027_GARD_onset__sitemap__part-2.xml,E027,onset,GARD,sitemap_discovery,https://gard.no/sitemaps/pages.xml,discovery_inventory_only,texts/650a757d9533db02afca1eb5bd4fb5929a904fe151f8e1266537c27825a0a3a1.json,,,22057
EV-E834B114FAB1,650a757d9533db02afca1eb5bd4fb5929a904fe151f8e1266537c27825a0a3a1,E027/GARD/pre_onset/automated_pending/E027_GARD_pre_onset__sitemap/20260913T232934375327Z_mishrzto/E027_GARD_pre_onset__sitemap__part-2.xml,E027,pre_onset,GARD,sitemap_discovery,https://gard.no/sitemaps/pages.xml,discovery_inventory_only,texts/650a757d9533db02afca1eb5bd4fb5929a904fe151f8e1266537c27825a0a3a1.json,,,22057
EV-E834B114FAB1,650a757d9533db02afca1eb5bd4fb5929a904fe151f8e1266537c27825a0a3a1,E029/GARD/onset/automated_pending/E029_GARD_onset__sitemap/20260913T235926270709Z_ztms99_h/E029_GARD_onset__sitemap__part-2.xml,E029,onset,GARD,sitemap_discovery,https://gard.no/sitemaps/pages.xml,discovery_inventory_only,texts/650a757d9533db02afca1eb5bd4fb5929a904fe151f8e1266537c27825a0a3a1.json,,,22057
EV-E834B114FAB1,650a757d9533db02afca1eb5bd4fb5929a904fe151f8e1266537c27825a0a3a1,E029/GARD/pre_onset/automated_pending/E029_GARD_pre_onset__sitemap/20260913T234926684276Z_ordhbnbh/E029_GARD_pre_onset__sitemap__part-2.xml,E029,pre_onset,GARD,sitemap_discovery,https://gard.no/sitemaps/pages.xml,discovery_inventory_only,texts/650a757d9533db02afca1eb5bd4fb5929a904fe151f8e1266537c27825a0a3a1.json,,,22057
EV-E834B114FAB1,650a757d9533db02afca1eb5bd4fb5929a904fe151f8e1266537c27825a0a3a1,E031/GARD/onset/automated_pending/E031_GARD_onset__sitemap/20260914T001935750712Z_lipt4rf8/E031_GARD_onset__sitemap__part-2.xml,E031,onset,GARD,sitemap_discovery,https://gard.no/sitemaps/pages.xml,discovery_inventory_only,texts/650a757d9533db02afca1eb5bd4fb5929a904fe151f8e1266537c27825a0a3a1.json,,,22057
EV-E834B114FAB1,650a757d9533db02afca1eb5bd4fb5929a904fe151f8e1266537c27825a0a3a1,E031/GARD/pre_onset/automated_pending/E031_GARD_pre_onset__sitemap/20260914T000933229683Z_ysbhmlqo/E031_GARD_pre_onset__sitemap__part-2.xml,E031,pre_onset,GARD,sitemap_discovery,https://gard.no/sitemaps/pages.xml,discovery_inventory_only,texts/650a757d9533db02afca1eb5bd4fb5929a904fe151f8e1266537c27825a0a3a1.json,,,22057
EV-E834B114FAB1,650a757d9533db02afca1eb5bd4fb5929a904fe151f8e1266537c27825a0a3a1,E032/GARD/onset/automated_pending/E032_GARD_onset__sitemap/20260914T003940386244Z_ajc8idut/E032_GARD_onset__sitemap__part-2.xml,E032,onset,GARD,sitemap_discovery,https://gard.no/sitemaps/pages.xml,discovery_inventory_only,texts/650a757d9533db02afca1eb5bd4fb5929a904fe151f8e1266537c27825a0a3a1.json,,,22057
EV-E834B114FAB1,650a757d9533db02afca1eb5bd4fb5929a904fe151f8e1266537c27825a0a3a1,E032/GARD/pre_onset/automated_pending/E032_GARD_pre_onset__sitemap/20260914T002936254085Z_kohar45j/E032_GARD_pre_onset__sitemap__part-2.xml,E032,pre_onset,GARD,sitemap_discovery,https://gard.no/sitemaps/pages.xml,discovery_inventory_only,texts/650a757d9533db02afca1eb5bd4fb5929a904fe151f8e1266537c27825a0a3a1.json,,,22057
EV-E834B114FAB1,650a757d9533db02afca1eb5bd4fb5929a904fe151f8e1266537c27825a0a3a1,E047/GARD/onset/automated_pending/E047_GARD_onset__sitemap/20260914T005931415029Z_fglih1g4/E047_GARD_onset__sitemap__part-2.xml,E047,onset,GARD,sitemap_discovery,https://gard.no/sitemaps/pages.xml,discovery_inventory_only,texts/650a757d9533db02afca1eb5bd4fb5929a904fe151f8e1266537c27825a0a3a1.json,,,22057
EV-E834B114FAB1,650a757d9533db02afca1eb5bd4fb5929a904fe151f8e1266537c27825a0a3a1,E047/GARD/pre_onset/automated_pending/E047_GARD_pre_onset__sitemap/20260914T004940422181Z_ugict17u/E047_GARD_pre_onset__sitemap__part-2.xml,E047,pre_onset,GARD,sitemap_discovery,https://gard.no/sitemaps/pages.xml,discovery_inventory_only,texts/650a757d9533db02afca1eb5bd4fb5929a904fe151f8e1266537c27825a0a3a1.json,,,22057
EV-0F5D4DB6835A,73d95b6c01912356c15602dbe2d583fef10f306cc48fa420901e543a13307f63,E006/GARD/onset/automated_pending/E006_GARD_onset__sitemap/20260913T225931415080Z_xnenh96p/E006_GARD_onset__sitemap__part-3.xml,E006,onset,GARD,sitemap_discovery,https://gard.no/sitemaps/insights.xml,discovery_inventory_only,texts/73d95b6c01912356c15602dbe2d583fef10f306cc48fa420901e543a13307f63.json,,,162828
EV-0F5D4DB6835A,73d95b6c01912356c15602dbe2d583fef10f306cc48fa420901e543a13307f63,E006/GARD/pre_onset/automated_pending/E006_GARD_pre_onset__sitemap/20260913T224910180334Z_d3cruh6i/E006_GARD_pre_onset__sitemap__part-3.xml,E006,pre_onset,GARD,sitemap_discovery,https://gard.no/sitemaps/insights.xml,discovery_inventory_only,texts/73d95b6c01912356c15602dbe2d583fef10f306cc48fa420901e543a13307f63.json,,,162828
EV-0F5D4DB6835A,73d95b6c01912356c15602dbe2d583fef10f306cc48fa420901e543a13307f63,E007/GARD/onset/automated_pending/E007_GARD_onset__sitemap/20260913T231938165576Z_6o75bcae/E007_GARD_onset__sitemap__part-3.xml,E007,onset,GARD,sitemap_discovery,https://gard.no/sitemaps/insights.xml,discovery_inventory_only,texts/73d95b6c01912356c15602dbe2d583fef10f306cc48fa420901e543a13307f63.json,,,162828
EV-0F5D4DB6835A,73d95b6c01912356c15602dbe2d583fef10f306cc48fa420901e543a13307f63,E007/GARD/pre_onset/automated_pending/E007_GARD_pre_onset__sitemap/20260913T230938906985Z_r7w5g3_d/E007_GARD_pre_onset__sitemap__part-3.xml,E007,pre_onset,GARD,sitemap_discovery,https://gard.no/sitemaps/insights.xml,discovery_inventory_only,texts/73d95b6c01912356c15602dbe2d583fef10f306cc48fa420901e543a13307f63.json,,,162828
EV-0F5D4DB6835A,73d95b6c01912356c15602dbe2d583fef10f306cc48fa420901e543a13307f63,E027/GARD/onset/automated_pending/E027_GARD_onset__sitemap/20260913T233926806763Z_te63trk8/E027_GARD_onset__sitemap__part-3.xml,E027,onset,GARD,sitemap_discovery,https://gard.no/sitemaps/insights.xml,discovery_inventory_only,texts/73d95b6c01912356c15602dbe2d583fef10f306cc48fa420901e543a13307f63.json,,,162828
EV-0F5D4DB6835A,73d95b6c01912356c15602dbe2d583fef10f306cc48fa420901e543a13307f63,E027/GARD/pre_onset/automated_pending/E027_GARD_pre_onset__sitemap/20260913T232934375327Z_mishrzto/E027_GARD_pre_onset__sitemap__part-3.xml,E027,pre_onset,GARD,sitemap_discovery,https://gard.no/sitemaps/insights.xml,discovery_inventory_only,texts/73d95b6c01912356c15602dbe2d583fef10f306cc48fa420901e543a13307f63.json,,,162828
EV-0F5D4DB6835A,73d95b6c01912356c15602dbe2d583fef10f306cc48fa420901e543a13307f63,E029/GARD/onset/automated_pending/E029_GARD_onset__sitemap/20260913T235926270709Z_ztms99_h/E029_GARD_onset__sitemap__part-3.xml,E029,onset,GARD,sitemap_discovery,https://gard.no/sitemaps/insights.xml,discovery_inventory_only,texts/73d95b6c01912356c15602dbe2d583fef10f306cc48fa420901e543a13307f63.json,,,162828
EV-0F5D4DB6835A,73d95b6c01912356c15602dbe2d583fef10f306cc48fa420901e543a13307f63,E029/GARD/pre_onset/automated_pending/E029_GARD_pre_onset__sitemap/20260913T234926684276Z_ordhbnbh/E029_GARD_pre_onset__sitemap__part-3.xml,E029,pre_onset,GARD,sitemap_discovery,https://gard.no/sitemaps/insights.xml,discovery_inventory_only,texts/73d95b6c01912356c15602dbe2d583fef10f306cc48fa420901e543a13307f63.json,,,162828
EV-0F5D4DB6835A,73d95b6c01912356c15602dbe2d583fef10f306cc48fa420901e543a13307f63,E031/GARD/onset/automated_pending/E031_GARD_onset__sitemap/20260914T001935750712Z_lipt4rf8/E031_GARD_onset__sitemap__part-3.xml,E031,onset,GARD,sitemap_discovery,https://gard.no/sitemaps/insights.xml,discovery_inventory_only,texts/73d95b6c01912356c15602dbe2d583fef10f306cc48fa420901e543a13307f63.json,,,162828
EV-0F5D4DB6835A,73d95b6c01912356c15602dbe2d583fef10f306cc48fa420901e543a13307f63,E031/GARD/pre_onset/automated_pending/E031_GARD_pre_onset__sitemap/20260914T000933229683Z_ysbhmlqo/E031_GARD_pre_onset__sitemap__part-3.xml,E031,pre_onset,GARD,sitemap_discovery,https://gard.no/sitemaps/insights.xml,discovery_inventory_only,texts/73d95b6c01912356c15602dbe2d583fef10f306cc48fa420901e543a13307f63.json,,,162828
EV-0F5D4DB6835A,73d95b6c01912356c15602dbe2d583fef10f306cc48fa420901e543a13307f63,E032/GARD/onset/automated_pending/E032_GARD_onset__sitemap/20260914T003940386244Z_ajc8idut/E032_GARD_onset__sitemap__part-3.xml,E032,onset,GARD,sitemap_discovery,https://gard.no/sitemaps/insights.xml,discovery_inventory_only,texts/73d95b6c01912356c15602dbe2d583fef10f306cc48fa420901e543a13307f63.json,,,162828
EV-0F5D4DB6835A,73d95b6c01912356c15602dbe2d583fef10f306cc48fa420901e543a13307f63,E032/GARD/pre_onset/automated_pending/E032_GARD_pre_onset__sitemap/20260914T002936254085Z_kohar45j/E032_GARD_pre_onset__sitemap__part-3.xml,E032,pre_onset,GARD,sitemap_discovery,https://gard.no/sitemaps/insights.xml,discovery_inventory_only,texts/73d95b6c01912356c15602dbe2d583fef10f306cc48fa420901e543a13307f63.json,,,162828
EV-0F5D4DB6835A,73d95b6c01912356c15602dbe2d583fef10f306cc48fa420901e543a13307f63,E047/GARD/onset/automated_pending/E047_GARD_onset__sitemap/20260914T005931415029Z_fglih1g4/E047_GARD_onset__sitemap__part-3.xml,E047,onset,GARD,sitemap_discovery,https://gard.no/sitemaps/insights.xml,discovery_inventory_only,texts/73d95b6c01912356c15602dbe2d583fef10f306cc48fa420901e543a13307f63.json,,,162828
EV-0F5D4DB6835A,73d95b6c01912356c15602dbe2d583fef10f306cc48fa420901e543a13307f63,E047/GARD/pre_onset/automated_pending/E047_GARD_pre_onset__sitemap/20260914T004940422181Z_ugict17u/E047_GARD_pre_onset__sitemap__part-3.xml,E047,pre_onset,GARD,sitemap_discovery,https://gard.no/sitemaps/insights.xml,discovery_inventory_only,texts/73d95b6c01912356c15602dbe2d583fef10f306cc48fa420901e543a13307f63.json,,,162828
EV-09CF9EBAC5C6,5072b495ae50aa0975eaf6ff73e9c97a28042751fa4c7e496f298077ea6709eb,E006/GARD/onset/automated_pending/E006_GARD_onset__sitemap/20260913T225931415080Z_xnenh96p/E006_GARD_onset__sitemap__part-4.xml,E006,onset,GARD,sitemap_discovery,https://gard.no/sitemaps/company-news.xml,discovery_inventory_only,texts/5072b495ae50aa0975eaf6ff73e9c97a28042751fa4c7e496f298077ea6709eb.json,,,49117
EV-09CF9EBAC5C6,5072b495ae50aa0975eaf6ff73e9c97a28042751fa4c7e496f298077ea6709eb,E006/GARD/pre_onset/automated_pending/E006_GARD_pre_onset__sitemap/20260913T224910180334Z_d3cruh6i/E006_GARD_pre_onset__sitemap__part-4.xml,E006,pre_onset,GARD,sitemap_discovery,https://gard.no/sitemaps/company-news.xml,discovery_inventory_only,texts/5072b495ae50aa0975eaf6ff73e9c97a28042751fa4c7e496f298077ea6709eb.json,,,49117
EV-09CF9EBAC5C6,5072b495ae50aa0975eaf6ff73e9c97a28042751fa4c7e496f298077ea6709eb,E007/GARD/onset/automated_pending/E007_GARD_onset__sitemap/20260913T231938165576Z_6o75bcae/E007_GARD_onset__sitemap__part-4.xml,E007,onset,GARD,sitemap_discovery,https://gard.no/sitemaps/company-news.xml,discovery_inventory_only,texts/5072b495ae50aa0975eaf6ff73e9c97a28042751fa4c7e496f298077ea6709eb.json,,,49117
EV-09CF9EBAC5C6,5072b495ae50aa0975eaf6ff73e9c97a28042751fa4c7e496f298077ea6709eb,E007/GARD/pre_onset/automated_pending/E007_GARD_pre_onset__sitemap/20260913T230938906985Z_r7w5g3_d/E007_GARD_pre_onset__sitemap__part-4.xml,E007,pre_onset,GARD,sitemap_discovery,https://gard.no/sitemaps/company-news.xml,discovery_inventory_only,texts/5072b495ae50aa0975eaf6ff73e9c97a28042751fa4c7e496f298077ea6709eb.json,,,49117
EV-09CF9EBAC5C6,5072b495ae50aa0975eaf6ff73e9c97a28042751fa4c7e496f298077ea6709eb,E027/GARD/onset/automated_pending/E027_GARD_onset__sitemap/20260913T233926806763Z_te63trk8/E027_GARD_onset__sitemap__part-4.xml,E027,onset,GARD,sitemap_discovery,https://gard.no/sitemaps/company-news.xml,discovery_inventory_only,texts/5072b495ae50aa0975eaf6ff73e9c97a28042751fa4c7e496f298077ea6709eb.json,,,49117
EV-09CF9EBAC5C6,5072b495ae50aa0975eaf6ff73e9c97a28042751fa4c7e496f298077ea6709eb,E027/GARD/pre_onset/automated_pending/E027_GARD_pre_onset__sitemap/20260913T232934375327Z_mishrzto/E027_GARD_pre_onset__sitemap__part-4.xml,E027,pre_onset,GARD,sitemap_discovery,https://gard.no/sitemaps/company-news.xml,discovery_inventory_only,texts/5072b495ae50aa0975eaf6ff73e9c97a28042751fa4c7e496f298077ea6709eb.json,,,49117
EV-09CF9EBAC5C6,5072b495ae50aa0975eaf6ff73e9c97a28042751fa4c7e496f298077ea6709eb,E029/GARD/onset/automated_pending/E029_GARD_onset__sitemap/20260913T235926270709Z_ztms99_h/E029_GARD_onset__sitemap__part-4.xml,E029,onset,GARD,sitemap_discovery,https://gard.no/sitemaps/company-news.xml,discovery_inventory_only,texts/5072b495ae50aa0975eaf6ff73e9c97a28042751fa4c7e496f298077ea6709eb.json,,,49117
EV-09CF9EBAC5C6,5072b495ae50aa0975eaf6ff73e9c97a28042751fa4c7e496f298077ea6709eb,E029/GARD/pre_onset/automated_pending/E029_GARD_pre_onset__sitemap/20260913T234926684276Z_ordhbnbh/E029_GARD_pre_onset__sitemap__part-4.xml,E029,pre_onset,GARD,sitemap_discovery,https://gard.no/sitemaps/company-news.xml,discovery_inventory_only,texts/5072b495ae50aa0975eaf6ff73e9c97a28042751fa4c7e496f298077ea6709eb.json,,,49117
EV-09CF9EBAC5C6,5072b495ae50aa0975eaf6ff73e9c97a28042751fa4c7e496f298077ea6709eb,E031/GARD/onset/automated_pending/E031_GARD_onset__sitemap/20260914T001935750712Z_lipt4rf8/E031_GARD_onset__sitemap__part-4.xml,E031,onset,GARD,sitemap_discovery,https://gard.no/sitemaps/company-news.xml,discovery_inventory_only,texts/5072b495ae50aa0975eaf6ff73e9c97a28042751fa4c7e496f298077ea6709eb.json,,,49117
EV-09CF9EBAC5C6,5072b495ae50aa0975eaf6ff73e9c97a28042751fa4c7e496f298077ea6709eb,E031/GARD/pre_onset/automated_pending/E031_GARD_pre_onset__sitemap/20260914T000933229683Z_ysbhmlqo/E031_GARD_pre_onset__sitemap__part-4.xml,E031,pre_onset,GARD,sitemap_discovery,https://gard.no/sitemaps/company-news.xml,discovery_inventory_only,texts/5072b495ae50aa0975eaf6ff73e9c97a28042751fa4c7e496f298077ea6709eb.json,,,49117
EV-09CF9EBAC5C6,5072b495ae50aa0975eaf6ff73e9c97a28042751fa4c7e496f298077ea6709eb,E032/GARD/onset/automated_pending/E032_GARD_onset__sitemap/20260914T003940386244Z_ajc8idut/E032_GARD_onset__sitemap__part-4.xml,E032,onset,GARD,sitemap_discovery,https://gard.no/sitemaps/company-news.xml,discovery_inventory_only,texts/5072b495ae50aa0975eaf6ff73e9c97a28042751fa4c7e496f298077ea6709eb.json,,,49117
EV-09CF9EBAC5C6,5072b495ae50aa0975eaf6ff73e9c97a28042751fa4c7e496f298077ea6709eb,E032/GARD/pre_onset/automated_pending/E032_GARD_pre_onset__sitemap/20260914T002936254085Z_kohar45j/E032_GARD_pre_onset__sitemap__part-4.xml,E032,pre_onset,GARD,sitemap_discovery,https://gard.no/sitemaps/company-news.xml,discovery_inventory_only,texts/5072b495ae50aa0975eaf6ff73e9c97a28042751fa4c7e496f298077ea6709eb.json,,,49117
EV-09CF9EBAC5C6,5072b495ae50aa0975eaf6ff73e9c97a28042751fa4c7e496f298077ea6709eb,E047/GARD/onset/automated_pending/E047_GARD_onset__sitemap/20260914T005931415029Z_fglih1g4/E047_GARD_onset__sitemap__part-4.xml,E047,onset,GARD,sitemap_discovery,https://gard.no/sitemaps/company-news.xml,discovery_inventory_only,texts/5072b495ae50aa0975eaf6ff73e9c97a28042751fa4c7e496f298077ea6709eb.json,,,49117
EV-09CF9EBAC5C6,5072b495ae50aa0975eaf6ff73e9c97a28042751fa4c7e496f298077ea6709eb,E047/GARD/pre_onset/automated_pending/E047_GARD_pre_onset__sitemap/20260914T004940422181Z_ugict17u/E047_GARD_pre_onset__sitemap__part-4.xml,E047,pre_onset,GARD,sitemap_discovery,https://gard.no/sitemaps/company-news.xml,discovery_inventory_only,texts/5072b495ae50aa0975eaf6ff73e9c97a28042751fa4c7e496f298077ea6709eb.json,,,49117
EV-5A6FA92CDFBB,0fec71c6d808d9a6ac4eee48ae43bc868ae97dcc26d8e3006593f764f19c883e,E006/GARD/onset/automated_pending/E006_GARD_onset__sitemap/20260913T225931415080Z_xnenh96p/E006_GARD_onset__sitemap__part-5.xml,E006,onset,GARD,sitemap_discovery,https://gard.no/sitemaps/circulars.xml,discovery_inventory_only,texts/0fec71c6d808d9a6ac4eee48ae43bc868ae97dcc26d8e3006593f764f19c883e.json,,,47974
EV-5A6FA92CDFBB,0fec71c6d808d9a6ac4eee48ae43bc868ae97dcc26d8e3006593f764f19c883e,E006/GARD/pre_onset/automated_pending/E006_GARD_pre_onset__sitemap/20260913T224910180334Z_d3cruh6i/E006_GARD_pre_onset__sitemap__part-5.xml,E006,pre_onset,GARD,sitemap_discovery,https://gard.no/sitemaps/circulars.xml,discovery_inventory_only,texts/0fec71c6d808d9a6ac4eee48ae43bc868ae97dcc26d8e3006593f764f19c883e.json,,,47974
EV-5A6FA92CDFBB,0fec71c6d808d9a6ac4eee48ae43bc868ae97dcc26d8e3006593f764f19c883e,E007/GARD/onset/automated_pending/E007_GARD_onset__sitemap/20260913T231938165576Z_6o75bcae/E007_GARD_onset__sitemap__part-5.xml,E007,onset,GARD,sitemap_discovery,https://gard.no/sitemaps/circulars.xml,discovery_inventory_only,texts/0fec71c6d808d9a6ac4eee48ae43bc868ae97dcc26d8e3006593f764f19c883e.json,,,47974
EV-5A6FA92CDFBB,0fec71c6d808d9a6ac4eee48ae43bc868ae97dcc26d8e3006593f764f19c883e,E007/GARD/pre_onset/automated_pending/E007_GARD_pre_onset__sitemap/20260913T230938906985Z_r7w5g3_d/E007_GARD_pre_onset__sitemap__part-5.xml,E007,pre_onset,GARD,sitemap_discovery,https://gard.no/sitemaps/circulars.xml,discovery_inventory_only,texts/0fec71c6d808d9a6ac4eee48ae43bc868ae97dcc26d8e3006593f764f19c883e.json,,,47974
EV-5A6FA92CDFBB,0fec71c6d808d9a6ac4eee48ae43bc868ae97dcc26d8e3006593f764f19c883e,E027/GARD/onset/automated_pending/E027_GARD_onset__sitemap/20260913T233926806763Z_te63trk8/E027_GARD_onset__sitemap__part-5.xml,E027,onset,GARD,sitemap_discovery,https://gard.no/sitemaps/circulars.xml,discovery_inventory_only,texts/0fec71c6d808d9a6ac4eee48ae43bc868ae97dcc26d8e3006593f764f19c883e.json,,,47974
EV-5A6FA92CDFBB,0fec71c6d808d9a6ac4eee48ae43bc868ae97dcc26d8e3006593f764f19c883e,E027/GARD/pre_onset/automated_pending/E027_GARD_pre_onset__sitemap/20260913T232934375327Z_mishrzto/E027_GARD_pre_onset__sitemap__part-5.xml,E027,pre_onset,GARD,sitemap_discovery,https://gard.no/sitemaps/circulars.xml,discovery_inventory_only,texts/0fec71c6d808d9a6ac4eee48ae43bc868ae97dcc26d8e3006593f764f19c883e.json,,,47974
EV-5A6FA92CDFBB,0fec71c6d808d9a6ac4eee48ae43bc868ae97dcc26d8e3006593f764f19c883e,E029/GARD/onset/automated_pending/E029_GARD_onset__sitemap/20260913T235926270709Z_ztms99_h/E029_GARD_onset__sitemap__part-5.xml,E029,onset,GARD,sitemap_discovery,https://gard.no/sitemaps/circulars.xml,discovery_inventory_only,texts/0fec71c6d808d9a6ac4eee48ae43bc868ae97dcc26d8e3006593f764f19c883e.json,,,47974
EV-5A6FA92CDFBB,0fec71c6d808d9a6ac4eee48ae43bc868ae97dcc26d8e3006593f764f19c883e,E029/GARD/pre_onset/automated_pending/E029_GARD_pre_onset__sitemap/20260913T234926684276Z_ordhbnbh/E029_GARD_pre_onset__sitemap__part-5.xml,E029,pre_onset,GARD,sitemap_discovery,https://gard.no/sitemaps/circulars.xml,discovery_inventory_only,texts/0fec71c6d808d9a6ac4eee48ae43bc868ae97dcc26d8e3006593f764f19c883e.json,,,47974
EV-5A6FA92CDFBB,0fec71c6d808d9a6ac4eee48ae43bc868ae97dcc26d8e3006593f764f19c883e,E031/GARD/onset/automated_pending/E031_GARD_onset__sitemap/20260914T001935750712Z_lipt4rf8/E031_GARD_onset__sitemap__part-5.xml,E031,onset,GARD,sitemap_discovery,https://gard.no/sitemaps/circulars.xml,discovery_inventory_only,texts/0fec71c6d808d9a6ac4eee48ae43bc868ae97dcc26d8e3006593f764f19c883e.json,,,47974
EV-5A6FA92CDFBB,0fec71c6d808d9a6ac4eee48ae43bc868ae97dcc26d8e3006593f764f19c883e,E031/GARD/pre_onset/automated_pending/E031_GARD_pre_onset__sitemap/20260914T000933229683Z_ysbhmlqo/E031_GARD_pre_onset__sitemap__part-5.xml,E031,pre_onset,GARD,sitemap_discovery,https://gard.no/sitemaps/circulars.xml,discovery_inventory_only,texts/0fec71c6d808d9a6ac4eee48ae43bc868ae97dcc26d8e3006593f764f19c883e.json,,,47974
EV-5A6FA92CDFBB,0fec71c6d808d9a6ac4eee48ae43bc868ae97dcc26d8e3006593f764f19c883e,E032/GARD/onset/automated_pending/E032_GARD_onset__sitemap/20260914T003940386244Z_ajc8idut/E032_GARD_onset__sitemap__part-5.xml,E032,onset,GARD,sitemap_discovery,https://gard.no/sitemaps/circulars.xml,discovery_inventory_only,texts/0fec71c6d808d9a6ac4eee48ae43bc868ae97dcc26d8e3006593f764f19c883e.json,,,47974
EV-5A6FA92CDFBB,0fec71c6d808d9a6ac4eee48ae43bc868ae97dcc26d8e3006593f764f19c883e,E032/GARD/pre_onset/automated_pending/E032_GARD_pre_onset__sitemap/20260914T002936254085Z_kohar45j/E032_GARD_pre_onset__sitemap__part-5.xml,E032,pre_onset,GARD,sitemap_discovery,https://gard.no/sitemaps/circulars.xml,discovery_inventory_only,texts/0fec71c6d808d9a6ac4eee48ae43bc868ae97dcc26d8e3006593f764f19c883e.json,,,47974
EV-5A6FA92CDFBB,0fec71c6d808d9a6ac4eee48ae43bc868ae97dcc26d8e3006593f764f19c883e,E047/GARD/onset/automated_pending/E047_GARD_onset__sitemap/20260914T005931415029Z_fglih1g4/E047_GARD_onset__sitemap__part-5.xml,E047,onset,GARD,sitemap_discovery,https://gard.no/sitemaps/circulars.xml,discovery_inventory_only,texts/0fec71c6d808d9a6ac4eee48ae43bc868ae97dcc26d8e3006593f764f19c883e.json,,,47974
EV-5A6FA92CDFBB,0fec71c6d808d9a6ac4eee48ae43bc868ae97dcc26d8e3006593f764f19c883e,E047/GARD/pre_onset/automated_pending/E047_GARD_pre_onset__sitemap/20260914T004940422181Z_ugict17u/E047_GARD_pre_onset__sitemap__part-5.xml,E047,pre_onset,GARD,sitemap_discovery,https://gard.no/sitemaps/circulars.xml,discovery_inventory_only,texts/0fec71c6d808d9a6ac4eee48ae43bc868ae97dcc26d8e3006593f764f19c883e.json,,,47974
EV-1CA195F09B77,48c89d8d92c23685838466c51dc955a4aa8cb3b9fc13be91e0a53bf45b47cb50,E006/GARD/onset/automated_pending/E006_GARD_onset__sitemap/20260913T225931415080Z_xnenh96p/E006_GARD_onset__sitemap__part-6.xml,E006,onset,GARD,sitemap_discovery,https://gard.no/sitemaps/rules.xml,discovery_inventory_only,texts/48c89d8d92c23685838466c51dc955a4aa8cb3b9fc13be91e0a53bf45b47cb50.json,,,22217
EV-1CA195F09B77,48c89d8d92c23685838466c51dc955a4aa8cb3b9fc13be91e0a53bf45b47cb50,E006/GARD/pre_onset/automated_pending/E006_GARD_pre_onset__sitemap/20260913T224910180334Z_d3cruh6i/E006_GARD_pre_onset__sitemap__part-6.xml,E006,pre_onset,GARD,sitemap_discovery,https://gard.no/sitemaps/rules.xml,discovery_inventory_only,texts/48c89d8d92c23685838466c51dc955a4aa8cb3b9fc13be91e0a53bf45b47cb50.json,,,22217
EV-1CA195F09B77,48c89d8d92c23685838466c51dc955a4aa8cb3b9fc13be91e0a53bf45b47cb50,E007/GARD/onset/automated_pending/E007_GARD_onset__sitemap/20260913T231938165576Z_6o75bcae/E007_GARD_onset__sitemap__part-6.xml,E007,onset,GARD,sitemap_discovery,https://gard.no/sitemaps/rules.xml,discovery_inventory_only,texts/48c89d8d92c23685838466c51dc955a4aa8cb3b9fc13be91e0a53bf45b47cb50.json,,,22217
EV-1CA195F09B77,48c89d8d92c23685838466c51dc955a4aa8cb3b9fc13be91e0a53bf45b47cb50,E007/GARD/pre_onset/automated_pending/E007_GARD_pre_onset__sitemap/20260913T230938906985Z_r7w5g3_d/E007_GARD_pre_onset__sitemap__part-6.xml,E007,pre_onset,GARD,sitemap_discovery,https://gard.no/sitemaps/rules.xml,discovery_inventory_only,texts/48c89d8d92c23685838466c51dc955a4aa8cb3b9fc13be91e0a53bf45b47cb50.json,,,22217
EV-1CA195F09B77,48c89d8d92c23685838466c51dc955a4aa8cb3b9fc13be91e0a53bf45b47cb50,E027/GARD/onset/automated_pending/E027_GARD_onset__sitemap/20260913T233926806763Z_te63trk8/E027_GARD_onset__sitemap__part-6.xml,E027,onset,GARD,sitemap_discovery,https://gard.no/sitemaps/rules.xml,discovery_inventory_only,texts/48c89d8d92c23685838466c51dc955a4aa8cb3b9fc13be91e0a53bf45b47cb50.json,,,22217
EV-1CA195F09B77,48c89d8d92c23685838466c51dc955a4aa8cb3b9fc13be91e0a53bf45b47cb50,E027/GARD/pre_onset/automated_pending/E027_GARD_pre_onset__sitemap/20260913T232934375327Z_mishrzto/E027_GARD_pre_onset__sitemap__part-6.xml,E027,pre_onset,GARD,sitemap_discovery,https://gard.no/sitemaps/rules.xml,discovery_inventory_only,texts/48c89d8d92c23685838466c51dc955a4aa8cb3b9fc13be91e0a53bf45b47cb50.json,,,22217
EV-1CA195F09B77,48c89d8d92c23685838466c51dc955a4aa8cb3b9fc13be91e0a53bf45b47cb50,E029/GARD/onset/automated_pending/E029_GARD_onset__sitemap/20260913T235926270709Z_ztms99_h/E029_GARD_onset__sitemap__part-6.xml,E029,onset,GARD,sitemap_discovery,https://gard.no/sitemaps/rules.xml,discovery_inventory_only,texts/48c89d8d92c23685838466c51dc955a4aa8cb3b9fc13be91e0a53bf45b47cb50.json,,,22217
EV-1CA195F09B77,48c89d8d92c23685838466c51dc955a4aa8cb3b9fc13be91e0a53bf45b47cb50,E029/GARD/pre_onset/automated_pending/E029_GARD_pre_onset__sitemap/20260913T234926684276Z_ordhbnbh/E029_GARD_pre_onset__sitemap__part-6.xml,E029,pre_onset,GARD,sitemap_discovery,https://gard.no/sitemaps/rules.xml,discovery_inventory_only,texts/48c89d8d92c23685838466c51dc955a4aa8cb3b9fc13be91e0a53bf45b47cb50.json,,,22217
EV-1CA195F09B77,48c89d8d92c23685838466c51dc955a4aa8cb3b9fc13be91e0a53bf45b47cb50,E031/GARD/onset/automated_pending/E031_GARD_onset__sitemap/20260914T001935750712Z_lipt4rf8/E031_GARD_onset__sitemap__part-6.xml,E031,onset,GARD,sitemap_discovery,https://gard.no/sitemaps/rules.xml,discovery_inventory_only,texts/48c89d8d92c23685838466c51dc955a4aa8cb3b9fc13be91e0a53bf45b47cb50.json,,,22217
EV-1CA195F09B77,48c89d8d92c23685838466c51dc955a4aa8cb3b9fc13be91e0a53bf45b47cb50,E031/GARD/pre_onset/automated_pending/E031_GARD_pre_onset__sitemap/20260914T000933229683Z_ysbhmlqo/E031_GARD_pre_onset__sitemap__part-6.xml,E031,pre_onset,GARD,sitemap_discovery,https://gard.no/sitemaps/rules.xml,discovery_inventory_only,texts/48c89d8d92c23685838466c51dc955a4aa8cb3b9fc13be91e0a53bf45b47cb50.json,,,22217
EV-1CA195F09B77,48c89d8d92c23685838466c51dc955a4aa8cb3b9fc13be91e0a53bf45b47cb50,E032/GARD/onset/automated_pending/E032_GARD_onset__sitemap/20260914T003940386244Z_ajc8idut/E032_GARD_onset__sitemap__part-6.xml,E032,onset,GARD,sitemap_discovery,https://gard.no/sitemaps/rules.xml,discovery_inventory_only,texts/48c89d8d92c23685838466c51dc955a4aa8cb3b9fc13be91e0a53bf45b47cb50.json,,,22217
EV-1CA195F09B77,48c89d8d92c23685838466c51dc955a4aa8cb3b9fc13be91e0a53bf45b47cb50,E032/GARD/pre_onset/automated_pending/E032_GARD_pre_onset__sitemap/20260914T002936254085Z_kohar45j/E032_GARD_pre_onset__sitemap__part-6.xml,E032,pre_onset,GARD,sitemap_discovery,https://gard.no/sitemaps/rules.xml,discovery_inventory_only,texts/48c89d8d92c23685838466c51dc955a4aa8cb3b9fc13be91e0a53bf45b47cb50.json,,,22217
EV-1CA195F09B77,48c89d8d92c23685838466c51dc955a4aa8cb3b9fc13be91e0a53bf45b47cb50,E047/GARD/onset/automated_pending/E047_GARD_onset__sitemap/20260914T005931415029Z_fglih1g4/E047_GARD_onset__sitemap__part-6.xml,E047,onset,GARD,sitemap_discovery,https://gard.no/sitemaps/rules.xml,discovery_inventory_only,texts/48c89d8d92c23685838466c51dc955a4aa8cb3b9fc13be91e0a53bf45b47cb50.json,,,22217
EV-1CA195F09B77,48c89d8d92c23685838466c51dc955a4aa8cb3b9fc13be91e0a53bf45b47cb50,E047/GARD/pre_onset/automated_pending/E047_GARD_pre_onset__sitemap/20260914T004940422181Z_ugict17u/E047_GARD_pre_onset__sitemap__part-6.xml,E047,pre_onset,GARD,sitemap_discovery,https://gard.no/sitemaps/rules.xml,discovery_inventory_only,texts/48c89d8d92c23685838466c51dc955a4aa8cb3b9fc13be91e0a53bf45b47cb50.json,,,22217
EV-8DB5F3A3CB1B,de7b928799b0542540622940c4eed0c277431284cd0c47770536008598e65262,E006/GARD/onset/automated_pending/E006_GARD_onset__sitemap/20260913T225931415080Z_xnenh96p/E006_GARD_onset__sitemap__part-7.xml,E006,onset,GARD,sitemap_discovery,https://gard.no/sitemaps/correspondents.xml,discovery_inventory_only,texts/de7b928799b0542540622940c4eed0c277431284cd0c47770536008598e65262.json,,,57035
EV-8DB5F3A3CB1B,de7b928799b0542540622940c4eed0c277431284cd0c47770536008598e65262,E006/GARD/pre_onset/automated_pending/E006_GARD_pre_onset__sitemap/20260913T224910180334Z_d3cruh6i/E006_GARD_pre_onset__sitemap__part-7.xml,E006,pre_onset,GARD,sitemap_discovery,https://gard.no/sitemaps/correspondents.xml,discovery_inventory_only,texts/de7b928799b0542540622940c4eed0c277431284cd0c47770536008598e65262.json,,,57035
EV-8DB5F3A3CB1B,de7b928799b0542540622940c4eed0c277431284cd0c47770536008598e65262,E007/GARD/onset/automated_pending/E007_GARD_onset__sitemap/20260913T231938165576Z_6o75bcae/E007_GARD_onset__sitemap__part-7.xml,E007,onset,GARD,sitemap_discovery,https://gard.no/sitemaps/correspondents.xml,discovery_inventory_only,texts/de7b928799b0542540622940c4eed0c277431284cd0c47770536008598e65262.json,,,57035
EV-8DB5F3A3CB1B,de7b928799b0542540622940c4eed0c277431284cd0c47770536008598e65262,E007/GARD/pre_onset/automated_pending/E007_GARD_pre_onset__sitemap/20260913T230938906985Z_r7w5g3_d/E007_GARD_pre_onset__sitemap__part-7.xml,E007,pre_onset,GARD,sitemap_discovery,https://gard.no/sitemaps/correspondents.xml,discovery_inventory_only,texts/de7b928799b0542540622940c4eed0c277431284cd0c47770536008598e65262.json,,,57035
EV-8DB5F3A3CB1B,de7b928799b0542540622940c4eed0c277431284cd0c47770536008598e65262,E027/GARD/onset/automated_pending/E027_GARD_onset__sitemap/20260913T233926806763Z_te63trk8/E027_GARD_onset__sitemap__part-7.xml,E027,onset,GARD,sitemap_discovery,https://gard.no/sitemaps/correspondents.xml,discovery_inventory_only,texts/de7b928799b0542540622940c4eed0c277431284cd0c47770536008598e65262.json,,,57035
EV-8DB5F3A3CB1B,de7b928799b0542540622940c4eed0c277431284cd0c47770536008598e65262,E027/GARD/pre_onset/automated_pending/E027_GARD_pre_onset__sitemap/20260913T232934375327Z_mishrzto/E027_GARD_pre_onset__sitemap__part-7.xml,E027,pre_onset,GARD,sitemap_discovery,https://gard.no/sitemaps/correspondents.xml,discovery_inventory_only,texts/de7b928799b0542540622940c4eed0c277431284cd0c47770536008598e65262.json,,,57035
EV-8DB5F3A3CB1B,de7b928799b0542540622940c4eed0c277431284cd0c47770536008598e65262,E029/GARD/onset/automated_pending/E029_GARD_onset__sitemap/20260913T235926270709Z_ztms99_h/E029_GARD_onset__sitemap__part-7.xml,E029,onset,GARD,sitemap_discovery,https://gard.no/sitemaps/correspondents.xml,discovery_inventory_only,texts/de7b928799b0542540622940c4eed0c277431284cd0c47770536008598e65262.json,,,57035
EV-8DB5F3A3CB1B,de7b928799b0542540622940c4eed0c277431284cd0c47770536008598e65262,E029/GARD/pre_onset/automated_pending/E029_GARD_pre_onset__sitemap/20260913T234926684276Z_ordhbnbh/E029_GARD_pre_onset__sitemap__part-7.xml,E029,pre_onset,GARD,sitemap_discovery,https://gard.no/sitemaps/correspondents.xml,discovery_inventory_only,texts/de7b928799b0542540622940c4eed0c277431284cd0c47770536008598e65262.json,,,57035
EV-8DB5F3A3CB1B,de7b928799b0542540622940c4eed0c277431284cd0c47770536008598e65262,E031/GARD/onset/automated_pending/E031_GARD_onset__sitemap/20260914T001935750712Z_lipt4rf8/E031_GARD_onset__sitemap__part-7.xml,E031,onset,GARD,sitemap_discovery,https://gard.no/sitemaps/correspondents.xml,discovery_inventory_only,texts/de7b928799b0542540622940c4eed0c277431284cd0c47770536008598e65262.json,,,57035
EV-8DB5F3A3CB1B,de7b928799b0542540622940c4eed0c277431284cd0c47770536008598e65262,E031/GARD/pre_onset/automated_pending/E031_GARD_pre_onset__sitemap/20260914T000933229683Z_ysbhmlqo/E031_GARD_pre_onset__sitemap__part-7.xml,E031,pre_onset,GARD,sitemap_discovery,https://gard.no/sitemaps/correspondents.xml,discovery_inventory_only,texts/de7b928799b0542540622940c4eed0c277431284cd0c47770536008598e65262.json,,,57035
EV-8DB5F3A3CB1B,de7b928799b0542540622940c4eed0c277431284cd0c47770536008598e65262,E032/GARD/onset/automated_pending/E032_GARD_onset__sitemap/20260914T003940386244Z_ajc8idut/E032_GARD_onset__sitemap__part-7.xml,E032,onset,GARD,sitemap_discovery,https://gard.no/sitemaps/correspondents.xml,discovery_inventory_only,texts/de7b928799b0542540622940c4eed0c277431284cd0c47770536008598e65262.json,,,57035
EV-8DB5F3A3CB1B,de7b928799b0542540622940c4eed0c277431284cd0c47770536008598e65262,E032/GARD/pre_onset/automated_pending/E032_GARD_pre_onset__sitemap/20260914T002936254085Z_kohar45j/E032_GARD_pre_onset__sitemap__part-7.xml,E032,pre_onset,GARD,sitemap_discovery,https://gard.no/sitemaps/correspondents.xml,discovery_inventory_only,texts/de7b928799b0542540622940c4eed0c277431284cd0c47770536008598e65262.json,,,57035
EV-8DB5F3A3CB1B,de7b928799b0542540622940c4eed0c277431284cd0c47770536008598e65262,E047/GARD/onset/automated_pending/E047_GARD_onset__sitemap/20260914T005931415029Z_fglih1g4/E047_GARD_onset__sitemap__part-7.xml,E047,onset,GARD,sitemap_discovery,https://gard.no/sitemaps/correspondents.xml,discovery_inventory_only,texts/de7b928799b0542540622940c4eed0c277431284cd0c47770536008598e65262.json,,,57035
EV-8DB5F3A3CB1B,de7b928799b0542540622940c4eed0c277431284cd0c47770536008598e65262,E047/GARD/pre_onset/automated_pending/E047_GARD_pre_onset__sitemap/20260914T004940422181Z_ugict17u/E047_GARD_pre_onset__sitemap__part-7.xml,E047,pre_onset,GARD,sitemap_discovery,https://gard.no/sitemaps/correspondents.xml,discovery_inventory_only,texts/de7b928799b0542540622940c4eed0c277431284cd0c47770536008598e65262.json,,,57035
EV-9BD4C6835AD0,a2ff6033f0c8486a45cb0131c8432f49fac707837d4d487d6ceaacbb203718da,E006/GARD/onset/automated_pending/E006_GARD_onset__sitemap/20260913T225931415080Z_xnenh96p/E006_GARD_onset__sitemap__part-8.xml,E006,onset,GARD,sitemap_discovery,https://gard.no/sitemaps/vessels/1.xml,discovery_inventory_only,texts/a2ff6033f0c8486a45cb0131c8432f49fac707837d4d487d6ceaacbb203718da.json,,,107106
EV-9BD4C6835AD0,a2ff6033f0c8486a45cb0131c8432f49fac707837d4d487d6ceaacbb203718da,E006/GARD/pre_onset/automated_pending/E006_GARD_pre_onset__sitemap/20260913T224910180334Z_d3cruh6i/E006_GARD_pre_onset__sitemap__part-8.xml,E006,pre_onset,GARD,sitemap_discovery,https://gard.no/sitemaps/vessels/1.xml,discovery_inventory_only,texts/a2ff6033f0c8486a45cb0131c8432f49fac707837d4d487d6ceaacbb203718da.json,,,107106
EV-9BD4C6835AD0,a2ff6033f0c8486a45cb0131c8432f49fac707837d4d487d6ceaacbb203718da,E007/GARD/onset/automated_pending/E007_GARD_onset__sitemap/20260913T231938165576Z_6o75bcae/E007_GARD_onset__sitemap__part-8.xml,E007,onset,GARD,sitemap_discovery,https://gard.no/sitemaps/vessels/1.xml,discovery_inventory_only,texts/a2ff6033f0c8486a45cb0131c8432f49fac707837d4d487d6ceaacbb203718da.json,,,107106
EV-9BD4C6835AD0,a2ff6033f0c8486a45cb0131c8432f49fac707837d4d487d6ceaacbb203718da,E007/GARD/pre_onset/automated_pending/E007_GARD_pre_onset__sitemap/20260913T230938906985Z_r7w5g3_d/E007_GARD_pre_onset__sitemap__part-8.xml,E007,pre_onset,GARD,sitemap_discovery,https://gard.no/sitemaps/vessels/1.xml,discovery_inventory_only,texts/a2ff6033f0c8486a45cb0131c8432f49fac707837d4d487d6ceaacbb203718da.json,,,107106
EV-9BD4C6835AD0,a2ff6033f0c8486a45cb0131c8432f49fac707837d4d487d6ceaacbb203718da,E027/GARD/onset/automated_pending/E027_GARD_onset__sitemap/20260913T233926806763Z_te63trk8/E027_GARD_onset__sitemap__part-8.xml,E027,onset,GARD,sitemap_discovery,https://gard.no/sitemaps/vessels/1.xml,discovery_inventory_only,texts/a2ff6033f0c8486a45cb0131c8432f49fac707837d4d487d6ceaacbb203718da.json,,,107106
EV-9BD4C6835AD0,a2ff6033f0c8486a45cb0131c8432f49fac707837d4d487d6ceaacbb203718da,E027/GARD/pre_onset/automated_pending/E027_GARD_pre_onset__sitemap/20260913T232934375327Z_mishrzto/E027_GARD_pre_onset__sitemap__part-8.xml,E027,pre_onset,GARD,sitemap_discovery,https://gard.no/sitemaps/vessels/1.xml,discovery_inventory_only,texts/a2ff6033f0c8486a45cb0131c8432f49fac707837d4d487d6ceaacbb203718da.json,,,107106
EV-9BD4C6835AD0,a2ff6033f0c8486a45cb0131c8432f49fac707837d4d487d6ceaacbb203718da,E029/GARD/onset/automated_pending/E029_GARD_onset__sitemap/20260913T235926270709Z_ztms99_h/E029_GARD_onset__sitemap__part-8.xml,E029,onset,GARD,sitemap_discovery,https://gard.no/sitemaps/vessels/1.xml,discovery_inventory_only,texts/a2ff6033f0c8486a45cb0131c8432f49fac707837d4d487d6ceaacbb203718da.json,,,107106
EV-9BD4C6835AD0,a2ff6033f0c8486a45cb0131c8432f49fac707837d4d487d6ceaacbb203718da,E029/GARD/pre_onset/automated_pending/E029_GARD_pre_onset__sitemap/20260913T234926684276Z_ordhbnbh/E029_GARD_pre_onset__sitemap__part-8.xml,E029,pre_onset,GARD,sitemap_discovery,https://gard.no/sitemaps/vessels/1.xml,discovery_inventory_only,texts/a2ff6033f0c8486a45cb0131c8432f49fac707837d4d487d6ceaacbb203718da.json,,,107106
EV-9BD4C6835AD0,a2ff6033f0c8486a45cb0131c8432f49fac707837d4d487d6ceaacbb203718da,E031/GARD/onset/automated_pending/E031_GARD_onset__sitemap/20260914T001935750712Z_lipt4rf8/E031_GARD_onset__sitemap__part-8.xml,E031,onset,GARD,sitemap_discovery,https://gard.no/sitemaps/vessels/1.xml,discovery_inventory_only,texts/a2ff6033f0c8486a45cb0131c8432f49fac707837d4d487d6ceaacbb203718da.json,,,107106
EV-9BD4C6835AD0,a2ff6033f0c8486a45cb0131c8432f49fac707837d4d487d6ceaacbb203718da,E031/GARD/pre_onset/automated_pending/E031_GARD_pre_onset__sitemap/20260914T000933229683Z_ysbhmlqo/E031_GARD_pre_onset__sitemap__part-8.xml,E031,pre_onset,GARD,sitemap_discovery,https://gard.no/sitemaps/vessels/1.xml,discovery_inventory_only,texts/a2ff6033f0c8486a45cb0131c8432f49fac707837d4d487d6ceaacbb203718da.json,,,107106
EV-9BD4C6835AD0,a2ff6033f0c8486a45cb0131c8432f49fac707837d4d487d6ceaacbb203718da,E032/GARD/onset/automated_pending/E032_GARD_onset__sitemap/20260914T003940386244Z_ajc8idut/E032_GARD_onset__sitemap__part-8.xml,E032,onset,GARD,sitemap_discovery,https://gard.no/sitemaps/vessels/1.xml,discovery_inventory_only,texts/a2ff6033f0c8486a45cb0131c8432f49fac707837d4d487d6ceaacbb203718da.json,,,107106
EV-9BD4C6835AD0,a2ff6033f0c8486a45cb0131c8432f49fac707837d4d487d6ceaacbb203718da,E032/GARD/pre_onset/automated_pending/E032_GARD_pre_onset__sitemap/20260914T002936254085Z_kohar45j/E032_GARD_pre_onset__sitemap__part-8.xml,E032,pre_onset,GARD,sitemap_discovery,https://gard.no/sitemaps/vessels/1.xml,discovery_inventory_only,texts/a2ff6033f0c8486a45cb0131c8432f49fac707837d4d487d6ceaacbb203718da.json,,,107106
EV-9BD4C6835AD0,a2ff6033f0c8486a45cb0131c8432f49fac707837d4d487d6ceaacbb203718da,E047/GARD/onset/automated_pending/E047_GARD_onset__sitemap/20260914T005931415029Z_fglih1g4/E047_GARD_onset__sitemap__part-8.xml,E047,onset,GARD,sitemap_discovery,https://gard.no/sitemaps/vessels/1.xml,discovery_inventory_only,texts/a2ff6033f0c8486a45cb0131c8432f49fac707837d4d487d6ceaacbb203718da.json,,,107106
EV-9BD4C6835AD0,a2ff6033f0c8486a45cb0131c8432f49fac707837d4d487d6ceaacbb203718da,E047/GARD/pre_onset/automated_pending/E047_GARD_pre_onset__sitemap/20260914T004940422181Z_ugict17u/E047_GARD_pre_onset__sitemap__part-8.xml,E047,pre_onset,GARD,sitemap_discovery,https://gard.no/sitemaps/vessels/1.xml,discovery_inventory_only,texts/a2ff6033f0c8486a45cb0131c8432f49fac707837d4d487d6ceaacbb203718da.json,,,107106
EV-7735F63C65EB,512e21439ab1b242ced3b31769ac2c3eae807468a3ddf7b275c6609d423a6448,E006/GARD/onset/automated_pending/E006_GARD_onset__sitemap/20260913T225931415080Z_xnenh96p/E006_GARD_onset__sitemap__part-9.xml,E006,onset,GARD,sitemap_discovery,https://gard.no/sitemaps/vessels/2.xml,discovery_inventory_only,texts/512e21439ab1b242ced3b31769ac2c3eae807468a3ddf7b275c6609d423a6448.json,,,110
EV-7735F63C65EB,512e21439ab1b242ced3b31769ac2c3eae807468a3ddf7b275c6609d423a6448,E006/GARD/pre_onset/automated_pending/E006_GARD_pre_onset__sitemap/20260913T224910180334Z_d3cruh6i/E006_GARD_pre_onset__sitemap__part-9.xml,E006,pre_onset,GARD,sitemap_discovery,https://gard.no/sitemaps/vessels/2.xml,discovery_inventory_only,texts/512e21439ab1b242ced3b31769ac2c3eae807468a3ddf7b275c6609d423a6448.json,,,110
EV-7735F63C65EB,512e21439ab1b242ced3b31769ac2c3eae807468a3ddf7b275c6609d423a6448,E007/GARD/onset/automated_pending/E007_GARD_onset__sitemap/20260913T231938165576Z_6o75bcae/E007_GARD_onset__sitemap__part-9.xml,E007,onset,GARD,sitemap_discovery,https://gard.no/sitemaps/vessels/2.xml,discovery_inventory_only,texts/512e21439ab1b242ced3b31769ac2c3eae807468a3ddf7b275c6609d423a6448.json,,,110
EV-7735F63C65EB,512e21439ab1b242ced3b31769ac2c3eae807468a3ddf7b275c6609d423a6448,E007/GARD/pre_onset/automated_pending/E007_GARD_pre_onset__sitemap/20260913T230938906985Z_r7w5g3_d/E007_GARD_pre_onset__sitemap__part-9.xml,E007,pre_onset,GARD,sitemap_discovery,https://gard.no/sitemaps/vessels/2.xml,discovery_inventory_only,texts/512e21439ab1b242ced3b31769ac2c3eae807468a3ddf7b275c6609d423a6448.json,,,110
EV-7735F63C65EB,512e21439ab1b242ced3b31769ac2c3eae807468a3ddf7b275c6609d423a6448,E027/GARD/onset/automated_pending/E027_GARD_onset__sitemap/20260913T233926806763Z_te63trk8/E027_GARD_onset__sitemap__part-9.xml,E027,onset,GARD,sitemap_discovery,https://gard.no/sitemaps/vessels/2.xml,discovery_inventory_only,texts/512e21439ab1b242ced3b31769ac2c3eae807468a3ddf7b275c6609d423a6448.json,,,110
EV-7735F63C65EB,512e21439ab1b242ced3b31769ac2c3eae807468a3ddf7b275c6609d423a6448,E027/GARD/pre_onset/automated_pending/E027_GARD_pre_onset__sitemap/20260913T232934375327Z_mishrzto/E027_GARD_pre_onset__sitemap__part-9.xml,E027,pre_onset,GARD,sitemap_discovery,https://gard.no/sitemaps/vessels/2.xml,discovery_inventory_only,texts/512e21439ab1b242ced3b31769ac2c3eae807468a3ddf7b275c6609d423a6448.json,,,110
EV-7735F63C65EB,512e21439ab1b242ced3b31769ac2c3eae807468a3ddf7b275c6609d423a6448,E029/GARD/onset/automated_pending/E029_GARD_onset__sitemap/20260913T235926270709Z_ztms99_h/E029_GARD_onset__sitemap__part-9.xml,E029,onset,GARD,sitemap_discovery,https://gard.no/sitemaps/vessels/2.xml,discovery_inventory_only,texts/512e21439ab1b242ced3b31769ac2c3eae807468a3ddf7b275c6609d423a6448.json,,,110
EV-7735F63C65EB,512e21439ab1b242ced3b31769ac2c3eae807468a3ddf7b275c6609d423a6448,E029/GARD/pre_onset/automated_pending/E029_GARD_pre_onset__sitemap/20260913T234926684276Z_ordhbnbh/E029_GARD_pre_onset__sitemap__part-9.xml,E029,pre_onset,GARD,sitemap_discovery,https://gard.no/sitemaps/vessels/2.xml,discovery_inventory_only,texts/512e21439ab1b242ced3b31769ac2c3eae807468a3ddf7b275c6609d423a6448.json,,,110
EV-7735F63C65EB,512e21439ab1b242ced3b31769ac2c3eae807468a3ddf7b275c6609d423a6448,E031/GARD/onset/automated_pending/E031_GARD_onset__sitemap/20260914T001935750712Z_lipt4rf8/E031_GARD_onset__sitemap__part-9.xml,E031,onset,GARD,sitemap_discovery,https://gard.no/sitemaps/vessels/2.xml,discovery_inventory_only,texts/512e21439ab1b242ced3b31769ac2c3eae807468a3ddf7b275c6609d423a6448.json,,,110
EV-7735F63C65EB,512e21439ab1b242ced3b31769ac2c3eae807468a3ddf7b275c6609d423a6448,E031/GARD/pre_onset/automated_pending/E031_GARD_pre_onset__sitemap/20260914T000933229683Z_ysbhmlqo/E031_GARD_pre_onset__sitemap__part-9.xml,E031,pre_onset,GARD,sitemap_discovery,https://gard.no/sitemaps/vessels/2.xml,discovery_inventory_only,texts/512e21439ab1b242ced3b31769ac2c3eae807468a3ddf7b275c6609d423a6448.json,,,110
EV-7735F63C65EB,512e21439ab1b242ced3b31769ac2c3eae807468a3ddf7b275c6609d423a6448,E032/GARD/onset/automated_pending/E032_GARD_onset__sitemap/20260914T003940386244Z_ajc8idut/E032_GARD_onset__sitemap__part-9.xml,E032,onset,GARD,sitemap_discovery,https://gard.no/sitemaps/vessels/2.xml,discovery_inventory_only,texts/512e21439ab1b242ced3b31769ac2c3eae807468a3ddf7b275c6609d423a6448.json,,,110
EV-7735F63C65EB,512e21439ab1b242ced3b31769ac2c3eae807468a3ddf7b275c6609d423a6448,E032/GARD/pre_onset/automated_pending/E032_GARD_pre_onset__sitemap/20260914T002936254085Z_kohar45j/E032_GARD_pre_onset__sitemap__part-9.xml,E032,pre_onset,GARD,sitemap_discovery,https://gard.no/sitemaps/vessels/2.xml,discovery_inventory_only,texts/512e21439ab1b242ced3b31769ac2c3eae807468a3ddf7b275c6609d423a6448.json,,,110
EV-7735F63C65EB,512e21439ab1b242ced3b31769ac2c3eae807468a3ddf7b275c6609d423a6448,E047/GARD/onset/automated_pending/E047_GARD_onset__sitemap/20260914T005931415029Z_fglih1g4/E047_GARD_onset__sitemap__part-9.xml,E047,onset,GARD,sitemap_discovery,https://gard.no/sitemaps/vessels/2.xml,discovery_inventory_only,texts/512e21439ab1b242ced3b31769ac2c3eae807468a3ddf7b275c6609d423a6448.json,,,110
EV-7735F63C65EB,512e21439ab1b242ced3b31769ac2c3eae807468a3ddf7b275c6609d423a6448,E047/GARD/pre_onset/automated_pending/E047_GARD_pre_onset__sitemap/20260914T004940422181Z_ugict17u/E047_GARD_pre_onset__sitemap__part-9.xml,E047,pre_onset,GARD,sitemap_discovery,https://gard.no/sitemaps/vessels/2.xml,discovery_inventory_only,texts/512e21439ab1b242ced3b31769ac2c3eae807468a3ddf7b275c6609d423a6448.json,,,110
EV-BFF9A23C3E00,84c8eaa95c5335990d0d54770b6a12ceb6d883b9787b4cd86ba3ab2edd70b5b3,E006/GARD/pre_onset/automated_pending/E006_GARD_pre_onset__search-Gulf-of-Oman/20260913T224028559590Z_h9prmo7j/E006_GARD_pre_onset__search-Gulf-of-Oman.html,E006,pre_onset,GARD,listing_capture,https://gard.no/search/?searchTerm=Gulf%20of%20Oman,extracted,texts/84c8eaa95c5335990d0d54770b6a12ceb6d883b9787b4cd86ba3ab2edd70b5b3.json,,6fa1e1afec4bde06041ef70a1c98328676224726359cb7407f9832498bae0a39,239649
EV-7070C17D9653,3d2b225c2f064ce5390fe13b340c1588524f6711e0aa7a6a587710c6bd913382,E006/GARD/pre_onset/automated_pending/E006_GARD_pre_onset__search-Gulf-of-Oman/20260913T224028559590Z_h9prmo7j/E006_GARD_pre_onset__search-Gulf-of-Oman.pdf,E006,pre_onset,GARD,listing_capture,https://gard.no/search/?searchTerm=Gulf%20of%20Oman,extracted,texts/3d2b225c2f064ce5390fe13b340c1588524f6711e0aa7a6a587710c6bd913382.json,,cd04d281ee44f436922acac52364cda150c608ad0d42ac449c4010e1f12e1ff8,2171052
EV-178355349577,1a58651834fdc82b026fbd2c6df293a0e08e45123e940f2f59e4c6ead6cf40ff,E006/GARD/pre_onset/automated_pending/E006_GARD_pre_onset__search-Hormuz/20260913T224104292753Z_gh7l8712/E006_GARD_pre_onset__search-Hormuz.html,E006,pre_onset,GARD,listing_capture,https://gard.no/search/?searchTerm=Hormuz,extracted,texts/1a58651834fdc82b026fbd2c6df293a0e08e45123e940f2f59e4c6ead6cf40ff.json,,9efd0126a1d9098e2c7efb34e30d69180ae065f613d533c096a1d4f8d700204b,236219
EV-6550D07EC9AA,e6925050c864470d09f6cddd0da1f8f9fb34de4f437772dd20d93d9bf05fcd28,E006/GARD/pre_onset/automated_pending/E006_GARD_pre_onset__search-Hormuz/20260913T224104292753Z_gh7l8712/E006_GARD_pre_onset__search-Hormuz.pdf,E006,pre_onset,GARD,listing_capture,https://gard.no/search/?searchTerm=Hormuz,extracted,texts/e6925050c864470d09f6cddd0da1f8f9fb34de4f437772dd20d93d9bf05fcd28.json,,043db66ced1211adc5c0935d164533107664107cae83041116438ebe839b3944,3691228
EV-1371CA19DFEF,50024caab1ad9c9f390fcdc800f582a58d69b0cc3832a8672927f9e7fe2b87ec,E006/GARD/pre_onset/automated_pending/E006_GARD_pre_onset__search-Iran/20260913T223831843592Z_bahqu7bt/E006_GARD_pre_onset__search-Iran.html,E006,pre_onset,GARD,listing_capture,https://gard.no/search/?searchTerm=Iran,extracted,texts/50024caab1ad9c9f390fcdc800f582a58d69b0cc3832a8672927f9e7fe2b87ec.json,,739095f0b5c788c5f40d8dd91a43c61244109adf7baecc47fa9b71821b07c4bf,249448
EV-17D709BAEC42,232486ecd6655670eb09be92d316a3029bb1a1c46197c43bedc804f47dec99b1,E006/GARD/pre_onset/automated_pending/E006_GARD_pre_onset__search-Iran/20260913T223831843592Z_bahqu7bt/E006_GARD_pre_onset__search-Iran.pdf,E006,pre_onset,GARD,listing_capture,https://gard.no/search/?searchTerm=Iran,extracted,texts/232486ecd6655670eb09be92d316a3029bb1a1c46197c43bedc804f47dec99b1.json,,da2a04e693c9a99bbcf206a6ab228b6508ea54cf8a310002e7eab2346fe0d60c,5161101
EV-B7DCC5D605DF,3aa54571bcf748758d607395c0233379d20ec97fd286eb8b018b8429a3647df2,E006/GARD/pre_onset/automated_pending/E006_GARD_pre_onset__search-Iran/20260913T223831843592Z_bahqu7bt/E006_GARD_pre_onset__search-Iran__document-70d012db10.html,E006,pre_onset,GARD,article_capture,https://gard.no/en/insights/going-dark-is-red-flag-ais-tracking-sanctions-compliance/,extracted,texts/3aa54571bcf748758d607395c0233379d20ec97fd286eb8b018b8429a3647df2.json,,5a707e419acd6e8f485032d6d7c7431e51d2d1ec1afa644158519e66e871cc23,419404
EV-B7DCC5D605DF,490551e6580d2edbdf743cf2947004a05f792fd71625dc3acab8a3ee1ec500a7,E006/GARD/pre_onset/automated_pending/E006_GARD_pre_onset__search-Iran/20260913T223831843592Z_bahqu7bt/E006_GARD_pre_onset__search-Iran__document-70d012db10.pdf,E006,pre_onset,GARD,article_capture,https://gard.no/en/insights/going-dark-is-red-flag-ais-tracking-sanctions-compliance/,extracted,texts/490551e6580d2edbdf743cf2947004a05f792fd71625dc3acab8a3ee1ec500a7.json,,dc367b641065b09b8c8d01b5a76b6b06a0eb949d31cedcd03b3b654cd5547111,586912
EV-CBD372B8BF94,3c8263ec93c670a64b86fd6d55a77e279b17d97031d768aa3e0dc4bd53e5d83d,E006/GARD/pre_onset/automated_pending/E006_GARD_pre_onset__search-Iran/20260913T223831843592Z_bahqu7bt/E006_GARD_pre_onset__search-Iran__page-2.html,E006,pre_onset,GARD,listing_capture,https://gard.no/search/?searchTerm=Iran,extracted,texts/3c8263ec93c670a64b86fd6d55a77e279b17d97031d768aa3e0dc4bd53e5d83d.json,,8f5d5e27b5347123420ec210c214ec177039982db9c51fe7e484fc09af726a38,241802
EV-C3E131953181,b18d4c165ceb788ff7c45c88698d924e444141fb3291a96e80a82a44fa3346d7,E006/GARD/pre_onset/automated_pending/E006_GARD_pre_onset__search-Iran/20260913T223831843592Z_bahqu7bt/E006_GARD_pre_onset__search-Iran__page-2.pdf,E006,pre_onset,GARD,listing_capture,https://gard.no/search/?searchTerm=Iran,extracted,texts/b18d4c165ceb788ff7c45c88698d924e444141fb3291a96e80a82a44fa3346d7.json,,1a3b41fa1cbdf10067a9c68bbfcead2b420aafd2c836336d839e728568be57ea,5161042
EV-7C211B1F29FA,5444dcf187c9868c158641fceb2fc14fc698e9e1f4fea12396bcc9fa63b8deb7,E006/GARD/pre_onset/automated_pending/E006_GARD_pre_onset__search-Persian-Gulf/20260913T224135910302Z_flxvfv6j/E006_GARD_pre_onset__search-Persian-Gulf.html,E006,pre_onset,GARD,listing_capture,https://gard.no/search/?searchTerm=Persian%20Gulf,extracted,texts/5444dcf187c9868c158641fceb2fc14fc698e9e1f4fea12396bcc9fa63b8deb7.json,,8f6190ad786aedb4425055399e00eca62523c04326756472f0a68739bc2d8470,246044
EV-80D7F930077E,6e78c9fec5cc10514a53a9b220af9cf66a60a25438138811bfbf1ab0125b1ae5,E006/GARD/pre_onset/automated_pending/E006_GARD_pre_onset__search-Persian-Gulf/20260913T224135910302Z_flxvfv6j/E006_GARD_pre_onset__search-Persian-Gulf.pdf,E006,pre_onset,GARD,listing_capture,https://gard.no/search/?searchTerm=Persian%20Gulf,extracted,texts/6e78c9fec5cc10514a53a9b220af9cf66a60a25438138811bfbf1ab0125b1ae5.json,,70253f1307ca5b2becbd9e887af11fcf52d1953524f5db53aee2323517ea1a6c,5252564
EV-5DEB4636A1D1,affe35c1a2ee82c78e55b3ce3cc6ae9cb3d06339f8f35d49042397104cc8de0e,E006/GARD/pre_onset/automated_pending/E006_GARD_pre_onset__search-navigational-warning/20260913T224231068792Z_ih90y9ma/E006_GARD_pre_onset__search-navigational-warning.pdf,E006,pre_onset,GARD,listing_capture,https://gard.no/search/?searchTerm=navigational%20warning,extracted,texts/affe35c1a2ee82c78e55b3ce3cc6ae9cb3d06339f8f35d49042397104cc8de0e.json,,ddf1a9b793b51690f23973b501694dfd3e2d88a26533601b3c5d1f5d3f8f106e,11251245
EV-AFBF61D5FD87,ed07a979573b6e05ffffa599dabbaff616fd1e2635efbbda0ce68bf4ede6b91c,E006/GARD/pre_onset/automated_pending/E006_GARD_pre_onset__search-war-risk/20260913T224338819133Z_lcaokj2b/E006_GARD_pre_onset__search-war-risk.html,E006,pre_onset,GARD,listing_capture,https://gard.no/search/?searchTerm=war%20risk,extracted,texts/ed07a979573b6e05ffffa599dabbaff616fd1e2635efbbda0ce68bf4ede6b91c.json,,78187af94bbaf6f828813ac684f405c29f92d85ca30c2e8369dc44ec30498da0,247313
EV-B48AD81D90FE,7b3e20c17d5705096f5687fd53444dd06adf3866d9933775713302c6d6dc57ec,E006/GARD/pre_onset/automated_pending/E006_GARD_pre_onset__search-war-risk/20260913T224338819133Z_lcaokj2b/E006_GARD_pre_onset__search-war-risk.pdf,E006,pre_onset,GARD,listing_capture,https://gard.no/search/?searchTerm=war%20risk,extracted,texts/7b3e20c17d5705096f5687fd53444dd06adf3866d9933775713302c6d6dc57ec.json,,15d6ae99672d8ce714c6c3458043de99baba9d060cabc5d90bc884e17bacf53d,7848093
EV-D553F72BC479,9a2e022cc94f4e8f0371299c48b6c91743acceb53a1252f1b42ad1fc3cb98474,E006/GARD/pre_onset/automated_pending/E006_GARD_pre_onset__search-war-risk/20260913T224338819133Z_lcaokj2b/E006_GARD_pre_onset__search-war-risk__page-2.html,E006,pre_onset,GARD,listing_capture,https://gard.no/search/?searchTerm=war%20risk,extracted,texts/9a2e022cc94f4e8f0371299c48b6c91743acceb53a1252f1b42ad1fc3cb98474.json,,2314a8420db895335fea206507de4b4932f71f958d85eff3e053ba331fbe6101,247126
EV-2B7B888B1FCE,93b311a138dc881ba69c5d4162338efc9fdda73e7be80d4d4d5b7e337e25db52,E006/GARD/pre_onset/automated_pending/E006_GARD_pre_onset__search-war-risk/20260913T224338819133Z_lcaokj2b/E006_GARD_pre_onset__search-war-risk__page-2.pdf,E006,pre_onset,GARD,listing_capture,https://gard.no/search/?searchTerm=war%20risk,extracted,texts/93b311a138dc881ba69c5d4162338efc9fdda73e7be80d4d4d5b7e337e25db52.json,,0089c6becdddd888e43570842bc0f77322b5221b83bd413e5a6e5c36025a1d13,2637504
EV-4BAB7D4E9A74,f2f3e43bd0c59b4ac648b3560132dcebef2f42fd315be1ba0537616a9414a2a9,E006/GARD/pre_onset/automated_pending/E006_GARD_pre_onset__search-war-risk/20260913T224338819133Z_lcaokj2b/E006_GARD_pre_onset__search-war-risk__page-3.html,E006,pre_onset,GARD,listing_capture,https://gard.no/search/?searchTerm=war%20risk,extracted,texts/f2f3e43bd0c59b4ac648b3560132dcebef2f42fd315be1ba0537616a9414a2a9.json,,49c11c2290744bb5c2b3afb938c95c20594e72271b4322b32cd519d155900897,241881
EV-B1FDAF3B005C,7ae3b4ef9aa0af51952ff0da519c8fccd51b870f494165f527133203cc8942a9,E006/GARD/pre_onset/automated_pending/E006_GARD_pre_onset__search-war-risk/20260913T224338819133Z_lcaokj2b/E006_GARD_pre_onset__search-war-risk__page-3.pdf,E006,pre_onset,GARD,listing_capture,https://gard.no/search/?searchTerm=war%20risk,extracted,texts/7ae3b4ef9aa0af51952ff0da519c8fccd51b870f494165f527133203cc8942a9.json,,4245c062e6b96d5f8c40bc3e1857e21aaffd4058e46c0f4ac78d275dddc0ebb0,4149796
EV-8B4A1E9116F3,74267102ef71145fb79d9724a8de1dcfc45281a1871fe7bbe9be4f3ea67e2ac9,E006/GARD/pre_onset/automated_pending/E006_GARD_pre_onset__search-war-risk/20260913T224338819133Z_lcaokj2b/E006_GARD_pre_onset__search-war-risk__page-4.html,E006,pre_onset,GARD,listing_capture,https://gard.no/search/?searchTerm=war%20risk,extracted,texts/74267102ef71145fb79d9724a8de1dcfc45281a1871fe7bbe9be4f3ea67e2ac9.json,,769aed36ea2bb6ef4c7e545823f7293720628f4987137f5c6503b79d65f7f4e8,242062
EV-7E22BD13B1B6,2fe57b8260d34dcd6aaaf516d88b37029f6225569db9ec90f8315ccd92373b8d,E006/GARD/pre_onset/automated_pending/E006_GARD_pre_onset__search-war-risk/20260913T224338819133Z_lcaokj2b/E006_GARD_pre_onset__search-war-risk__page-4.pdf,E006,pre_onset,GARD,listing_capture,https://gard.no/search/?searchTerm=war%20risk,extracted,texts/2fe57b8260d34dcd6aaaf516d88b37029f6225569db9ec90f8315ccd92373b8d.json,,fb3f92783fe05627472e8535d0501a1d0692cb5d82050f4bc950b41324cf05db,480545
EV-2348D3118938,9ba881e243ae132e4194d2437763ba5d8ed675117c6212b93af297ebb1ff16ca,E006/GARD/pre_onset/automated_pending/E006_GARD_pre_onset__search-war-risk/20260913T224338819133Z_lcaokj2b/E006_GARD_pre_onset__search-war-risk__page-5.html,E006,pre_onset,GARD,listing_capture,https://gard.no/search/?searchTerm=war%20risk,extracted,texts/9ba881e243ae132e4194d2437763ba5d8ed675117c6212b93af297ebb1ff16ca.json,,bc5d1f6e244dfccea87ce7326167c4d6dd6f3e391b279cbc52bc159c89ad1424,243631
EV-4AE4775155A7,71cf7368194ec1c042682a7e854016e2f8e57c19af2f4c3e6b1ee9ad33daf6cd,E006/GARD/pre_onset/automated_pending/E006_GARD_pre_onset__search-war-risk/20260913T224338819133Z_lcaokj2b/E006_GARD_pre_onset__search-war-risk__page-5.pdf,E006,pre_onset,GARD,listing_capture,https://gard.no/search/?searchTerm=war%20risk,extracted,texts/71cf7368194ec1c042682a7e854016e2f8e57c19af2f4c3e6b1ee9ad33daf6cd.json,,38760d278ed098afd27f5bf33c1873b044e75619e22a85570817f2243aee49de,484791
EV-25BE736F3E89,b77551755d585d929b8c473d1249d56da1f6c2b4fef03f108f14ccb0800f6624,E006/GARD/pre_onset/automated_pending/E006_GARD_pre_onset__search-war-risk/20260913T224338819133Z_lcaokj2b/E006_GARD_pre_onset__search-war-risk__page-6.html,E006,pre_onset,GARD,listing_capture,https://gard.no/search/?searchTerm=war%20risk,extracted,texts/b77551755d585d929b8c473d1249d56da1f6c2b4fef03f108f14ccb0800f6624.json,,dc87dd8e471c07f9c4590d1c5b51f73d814500f393a0f908f36c256afbc4efdd,243025
EV-BC3A5553DB90,c41b664ad16993d26be77138b5b88789816eb719e8e8f9277702161305871ff6,E006/GARD/pre_onset/automated_pending/E006_GARD_pre_onset__search-war-risk/20260913T224338819133Z_lcaokj2b/E006_GARD_pre_onset__search-war-risk__page-6.pdf,E006,pre_onset,GARD,listing_capture,https://gard.no/search/?searchTerm=war%20risk,extracted,texts/c41b664ad16993d26be77138b5b88789816eb719e8e8f9277702161305871ff6.json,,2fe28bff6dea2a4eb8fdaa88c23390008442694166eea2ee11002a5a3958c9e3,4621246
EV-E531A29A104B,42eaa85728c8e9325d45d7e9fa79f22fc2622d85533f31f09818a7e2a7e2b199,E006/GARD/pre_onset/automated_pending/E006_GARD_pre_onset__search-war-risk/20260913T224338819133Z_lcaokj2b/E006_GARD_pre_onset__search-war-risk__page-7.html,E006,pre_onset,GARD,listing_capture,https://gard.no/search/?searchTerm=war%20risk,extracted,texts/42eaa85728c8e9325d45d7e9fa79f22fc2622d85533f31f09818a7e2a7e2b199.json,,8f3e9da35705a2127e479572c0faef41fa86742bb3dfba079581bf7b181557cf,236866
EV-59E96CBCE45E,01f68bc0d4654d2f758443b1638dc8d04f723cac803bd8d3c274881dac7d34cd,E006/GARD/pre_onset/automated_pending/E006_GARD_pre_onset__search-war-risk/20260913T224338819133Z_lcaokj2b/E006_GARD_pre_onset__search-war-risk__page-7.pdf,E006,pre_onset,GARD,listing_capture,https://gard.no/search/?searchTerm=war%20risk,extracted,texts/01f68bc0d4654d2f758443b1638dc8d04f723cac803bd8d3c274881dac7d34cd.json,,82e881d5ba8672a78e84fc58cdc50f94ba5fd644b59d9f233dba357aec3f9996,1463419
EV-9A3FC7B531C9,f622dd4ebed8e4c8795caeb296e54779719e830263a5e33222e9080749fe2503,E006/IUA_JWC_LMA/onset/automated_pending/E006_IUA_JWC_LMA_onset__page-1/20260914T011051137968Z_c6vu9px4/E006_IUA_JWC_LMA_onset__page-1.html,E006,onset,IUA_JWC_LMA,listing_capture,https://lmalloyds.com/specialist-areas/underwriting/listed-areas/,extracted,texts/f622dd4ebed8e4c8795caeb296e54779719e830263a5e33222e9080749fe2503.json,,33d4304a5a5e69cafd237fe1178a162b3757de2c85ef29c7683653dea9bff701,177046
EV-3E6AF1E06938,7ddf23c8008534f96866fc808132461df88e942dffcda0433ccb821a3dceefd0,E006/IUA_JWC_LMA/onset/automated_pending/E006_IUA_JWC_LMA_onset__page-1/20260914T011051137968Z_c6vu9px4/E006_IUA_JWC_LMA_onset__page-1.pdf,E006,onset,IUA_JWC_LMA,listing_capture,https://lmalloyds.com/specialist-areas/underwriting/listed-areas/,extracted,texts/7ddf23c8008534f96866fc808132461df88e942dffcda0433ccb821a3dceefd0.json,,9409aef2465b5dd912dbfb0644b4d55f91f46672822efe14aafd760709387bd7,1873972
EV-B5D8F0174EBF,125e507bbd187051315bdf80ae30583bc92ec9ad2d280d02fac2d10a019d03b9,E006/IUA_JWC_LMA/onset/automated_pending/E006_IUA_JWC_LMA_onset__page-1/20260914T011051137968Z_c6vu9px4/documents/E006_IUA_JWC_LMA_onset__page-1__document-864b57ce0f.pdf,E006,onset,IUA_JWC_LMA,original_document,https://lmalloyds.com/wp-content/uploads/2025/06/JWLA-034-Saudi-Arabia.pdf,extracted,texts/125e507bbd187051315bdf80ae30583bc92ec9ad2d280d02fac2d10a019d03b9.json,,400a9c76cb7e4bdaa84ca85cd786ab7e89268a5c9cbad3edc11ce5aac4a725c2,189219
EV-B5D8F0174EBF,125e507bbd187051315bdf80ae30583bc92ec9ad2d280d02fac2d10a019d03b9,E006/IUA_JWC_LMA/pre_onset/automated_pending/E006_IUA_JWC_LMA_pre_onset__page-1/20260914T011043154744Z_h2433ves/documents/E006_IUA_JWC_LMA_pre_onset__page-1__document-864b57ce0f.pdf,E006,pre_onset,IUA_JWC_LMA,original_document,https://lmalloyds.com/wp-content/uploads/2025/06/JWLA-034-Saudi-Arabia.pdf,extracted,texts/125e507bbd187051315bdf80ae30583bc92ec9ad2d280d02fac2d10a019d03b9.json,,400a9c76cb7e4bdaa84ca85cd786ab7e89268a5c9cbad3edc11ce5aac4a725c2,189219
EV-B5D8F0174EBF,125e507bbd187051315bdf80ae30583bc92ec9ad2d280d02fac2d10a019d03b9,E007/IUA_JWC_LMA/onset/automated_pending/E007_IUA_JWC_LMA_onset__page-1/20260913T211716002256Z_hd82okf_/documents/E007_IUA_JWC_LMA_onset__page-1__document-864b57ce0f.pdf,E007,onset,IUA_JWC_LMA,original_document,https://lmalloyds.com/wp-content/uploads/2025/06/JWLA-034-Saudi-Arabia.pdf,extracted,texts/125e507bbd187051315bdf80ae30583bc92ec9ad2d280d02fac2d10a019d03b9.json,,400a9c76cb7e4bdaa84ca85cd786ab7e89268a5c9cbad3edc11ce5aac4a725c2,189219
EV-B5D8F0174EBF,125e507bbd187051315bdf80ae30583bc92ec9ad2d280d02fac2d10a019d03b9,E007/IUA_JWC_LMA/pre_onset/automated_pending/E007_IUA_JWC_LMA_pre_onset__page-1/20260913T211707947033Z_ztya1mgf/documents/E007_IUA_JWC_LMA_pre_onset__page-1__document-864b57ce0f.pdf,E007,pre_onset,IUA_JWC_LMA,original_document,https://lmalloyds.com/wp-content/uploads/2025/06/JWLA-034-Saudi-Arabia.pdf,extracted,texts/125e507bbd187051315bdf80ae30583bc92ec9ad2d280d02fac2d10a019d03b9.json,,400a9c76cb7e4bdaa84ca85cd786ab7e89268a5c9cbad3edc11ce5aac4a725c2,189219
EV-B5D8F0174EBF,125e507bbd187051315bdf80ae30583bc92ec9ad2d280d02fac2d10a019d03b9,E027/IUA_JWC_LMA/onset/automated_pending/E027_IUA_JWC_LMA_onset__page-1/20260913T211729156985Z_x36vdogo/documents/E027_IUA_JWC_LMA_onset__page-1__document-864b57ce0f.pdf,E027,onset,IUA_JWC_LMA,original_document,https://lmalloyds.com/wp-content/uploads/2025/06/JWLA-034-Saudi-Arabia.pdf,extracted,texts/125e507bbd187051315bdf80ae30583bc92ec9ad2d280d02fac2d10a019d03b9.json,,400a9c76cb7e4bdaa84ca85cd786ab7e89268a5c9cbad3edc11ce5aac4a725c2,189219
EV-B5D8F0174EBF,125e507bbd187051315bdf80ae30583bc92ec9ad2d280d02fac2d10a019d03b9,E027/IUA_JWC_LMA/pre_onset/automated_pending/E027_IUA_JWC_LMA_pre_onset__page-1/20260913T211722582462Z_jevetkg8/documents/E027_IUA_JWC_LMA_pre_onset__page-1__document-864b57ce0f.pdf,E027,pre_onset,IUA_JWC_LMA,original_document,https://lmalloyds.com/wp-content/uploads/2025/06/JWLA-034-Saudi-Arabia.pdf,extracted,texts/125e507bbd187051315bdf80ae30583bc92ec9ad2d280d02fac2d10a019d03b9.json,,400a9c76cb7e4bdaa84ca85cd786ab7e89268a5c9cbad3edc11ce5aac4a725c2,189219
EV-B5D8F0174EBF,125e507bbd187051315bdf80ae30583bc92ec9ad2d280d02fac2d10a019d03b9,E029/IUA_JWC_LMA/onset/automated_pending/E029_IUA_JWC_LMA_onset__page-1/20260913T211742198268Z__b6ap7qu/documents/E029_IUA_JWC_LMA_onset__page-1__document-864b57ce0f.pdf,E029,onset,IUA_JWC_LMA,original_document,https://lmalloyds.com/wp-content/uploads/2025/06/JWLA-034-Saudi-Arabia.pdf,extracted,texts/125e507bbd187051315bdf80ae30583bc92ec9ad2d280d02fac2d10a019d03b9.json,,400a9c76cb7e4bdaa84ca85cd786ab7e89268a5c9cbad3edc11ce5aac4a725c2,189219
EV-B5D8F0174EBF,125e507bbd187051315bdf80ae30583bc92ec9ad2d280d02fac2d10a019d03b9,E029/IUA_JWC_LMA/pre_onset/automated_pending/E029_IUA_JWC_LMA_pre_onset__page-1/20260913T211735641036Z_ztw00cs7/documents/E029_IUA_JWC_LMA_pre_onset__page-1__document-864b57ce0f.pdf,E029,pre_onset,IUA_JWC_LMA,original_document,https://lmalloyds.com/wp-content/uploads/2025/06/JWLA-034-Saudi-Arabia.pdf,extracted,texts/125e507bbd187051315bdf80ae30583bc92ec9ad2d280d02fac2d10a019d03b9.json,,400a9c76cb7e4bdaa84ca85cd786ab7e89268a5c9cbad3edc11ce5aac4a725c2,189219
EV-B5D8F0174EBF,125e507bbd187051315bdf80ae30583bc92ec9ad2d280d02fac2d10a019d03b9,E031/IUA_JWC_LMA/onset/automated_pending/E031_IUA_JWC_LMA_onset__page-1/20260913T211755097365Z_sj2sl9_h/documents/E031_IUA_JWC_LMA_onset__page-1__document-864b57ce0f.pdf,E031,onset,IUA_JWC_LMA,original_document,https://lmalloyds.com/wp-content/uploads/2025/06/JWLA-034-Saudi-Arabia.pdf,extracted,texts/125e507bbd187051315bdf80ae30583bc92ec9ad2d280d02fac2d10a019d03b9.json,,400a9c76cb7e4bdaa84ca85cd786ab7e89268a5c9cbad3edc11ce5aac4a725c2,189219
EV-B5D8F0174EBF,125e507bbd187051315bdf80ae30583bc92ec9ad2d280d02fac2d10a019d03b9,E031/IUA_JWC_LMA/pre_onset/automated_pending/E031_IUA_JWC_LMA_pre_onset__page-1/20260913T211748448740Z_5f0qs8rw/documents/E031_IUA_JWC_LMA_pre_onset__page-1__document-864b57ce0f.pdf,E031,pre_onset,IUA_JWC_LMA,original_document,https://lmalloyds.com/wp-content/uploads/2025/06/JWLA-034-Saudi-Arabia.pdf,extracted,texts/125e507bbd187051315bdf80ae30583bc92ec9ad2d280d02fac2d10a019d03b9.json,,400a9c76cb7e4bdaa84ca85cd786ab7e89268a5c9cbad3edc11ce5aac4a725c2,189219
EV-B5D8F0174EBF,125e507bbd187051315bdf80ae30583bc92ec9ad2d280d02fac2d10a019d03b9,E032/IUA_JWC_LMA/onset/automated_pending/E032_IUA_JWC_LMA_onset__page-1/20260913T211807967453Z_w_txfcq2/documents/E032_IUA_JWC_LMA_onset__page-1__document-864b57ce0f.pdf,E032,onset,IUA_JWC_LMA,original_document,https://lmalloyds.com/wp-content/uploads/2025/06/JWLA-034-Saudi-Arabia.pdf,extracted,texts/125e507bbd187051315bdf80ae30583bc92ec9ad2d280d02fac2d10a019d03b9.json,,400a9c76cb7e4bdaa84ca85cd786ab7e89268a5c9cbad3edc11ce5aac4a725c2,189219
EV-B5D8F0174EBF,125e507bbd187051315bdf80ae30583bc92ec9ad2d280d02fac2d10a019d03b9,E032/IUA_JWC_LMA/pre_onset/automated_pending/E032_IUA_JWC_LMA_pre_onset__page-1/20260913T211801541923Z_rhbp66j5/documents/E032_IUA_JWC_LMA_pre_onset__page-1__document-864b57ce0f.pdf,E032,pre_onset,IUA_JWC_LMA,original_document,https://lmalloyds.com/wp-content/uploads/2025/06/JWLA-034-Saudi-Arabia.pdf,extracted,texts/125e507bbd187051315bdf80ae30583bc92ec9ad2d280d02fac2d10a019d03b9.json,,400a9c76cb7e4bdaa84ca85cd786ab7e89268a5c9cbad3edc11ce5aac4a725c2,189219
EV-B5D8F0174EBF,125e507bbd187051315bdf80ae30583bc92ec9ad2d280d02fac2d10a019d03b9,E047/IUA_JWC_LMA/onset/automated_pending/E047_IUA_JWC_LMA_onset__page-1/20260913T211820994223Z_nyruj3g1/documents/E047_IUA_JWC_LMA_onset__page-1__document-864b57ce0f.pdf,E047,onset,IUA_JWC_LMA,original_document,https://lmalloyds.com/wp-content/uploads/2025/06/JWLA-034-Saudi-Arabia.pdf,extracted,texts/125e507bbd187051315bdf80ae30583bc92ec9ad2d280d02fac2d10a019d03b9.json,,400a9c76cb7e4bdaa84ca85cd786ab7e89268a5c9cbad3edc11ce5aac4a725c2,189219
EV-B5D8F0174EBF,125e507bbd187051315bdf80ae30583bc92ec9ad2d280d02fac2d10a019d03b9,E047/IUA_JWC_LMA/pre_onset/automated_pending/E047_IUA_JWC_LMA_pre_onset__page-1/20260913T211814436490Z_y4aa2564/documents/E047_IUA_JWC_LMA_pre_onset__page-1__document-864b57ce0f.pdf,E047,pre_onset,IUA_JWC_LMA,original_document,https://lmalloyds.com/wp-content/uploads/2025/06/JWLA-034-Saudi-Arabia.pdf,extracted,texts/125e507bbd187051315bdf80ae30583bc92ec9ad2d280d02fac2d10a019d03b9.json,,400a9c76cb7e4bdaa84ca85cd786ab7e89268a5c9cbad3edc11ce5aac4a725c2,189219
EV-B5D8F0174EBF,125e507bbd187051315bdf80ae30583bc92ec9ad2d280d02fac2d10a019d03b9,E051/IUA_JWC_LMA/post_onset/JWLA-034-Saudi-Arabia.pdf,,,,metadata/manual PDF,,extracted,texts/125e507bbd187051315bdf80ae30583bc92ec9ad2d280d02fac2d10a019d03b9.json,,400a9c76cb7e4bdaa84ca85cd786ab7e89268a5c9cbad3edc11ce5aac4a725c2,189219
EV-FA56B6B0551C,be3b30b3d7d2c3b7e66f30655a3843c737cca3f8b97e6321435a8804249e585d,E006/IUA_JWC_LMA/pre_onset/automated_pending/E006_IUA_JWC_LMA_pre_onset__page-1/20260914T011043154744Z_h2433ves/E006_IUA_JWC_LMA_pre_onset__page-1.html,E006,pre_onset,IUA_JWC_LMA,listing_capture,https://lmalloyds.com/specialist-areas/underwriting/listed-areas/,extracted,texts/be3b30b3d7d2c3b7e66f30655a3843c737cca3f8b97e6321435a8804249e585d.json,,33d4304a5a5e69cafd237fe1178a162b3757de2c85ef29c7683653dea9bff701,177001
EV-9462C78712D5,6260d0633ba61981acf22b0aecafa693ffc5ac3b328512a190ed2ca25e087760,E006/IUA_JWC_LMA/pre_onset/automated_pending/E006_IUA_JWC_LMA_pre_onset__page-1/20260914T011043154744Z_h2433ves/E006_IUA_JWC_LMA_pre_onset__page-1.pdf,E006,pre_onset,IUA_JWC_LMA,listing_capture,https://lmalloyds.com/specialist-areas/underwriting/listed-areas/,extracted,texts/6260d0633ba61981acf22b0aecafa693ffc5ac3b328512a190ed2ca25e087760.json,,1dbfda36e9ebf5e3c0f42185902938a1fa66a9bab2a071202286952113c274bf,149758
EV-03009D8C98D9,ce1d04c45e82e82e7c55f564d2e486c35a6b7f4b0a43115e8b3940eb6bd3e267,E006/MARAD/onset/automated_pending/E006_MARAD_onset__Arabian-Gulf/20260914T010959429002Z_l6gjuzxd/E006_MARAD_onset__Arabian-Gulf.html,E006,onset,MARAD,listing_capture,https://www.maritime.dot.gov/msci-alerts?field_msci_geographic_location_target_id=&field_msci_effective_date_value%5Bmin%5D=2019-05-31&field_msci_effective_date_value%5Bmax%5D=2019-06-14&keys=Arabian+Gulf,extracted,texts/ce1d04c45e82e82e7c55f564d2e486c35a6b7f4b0a43115e8b3940eb6bd3e267.json,,cf100dc92ba2cd5b42db8b1ee29d5cbddba1f12c983d61409de0c3fd71276fb1,79559
EV-E9C8C5005E14,5432048a94cd55f5cfc8e58ec10fca0ecb331c2aae5fc193094d6175a094a7cf,E006/MARAD/onset/automated_pending/E006_MARAD_onset__Arabian-Gulf/20260914T010959429002Z_l6gjuzxd/E006_MARAD_onset__Arabian-Gulf.pdf,E006,onset,MARAD,listing_capture,https://www.maritime.dot.gov/msci-alerts?field_msci_geographic_location_target_id=&field_msci_effective_date_value%5Bmin%5D=2019-05-31&field_msci_effective_date_value%5Bmax%5D=2019-06-14&keys=Arabian+Gulf,extracted,texts/5432048a94cd55f5cfc8e58ec10fca0ecb331c2aae5fc193094d6175a094a7cf.json,,082a7bf5961a256b6bf34c240f0b792b96bdf64933bf39674cdea7d195c093b9,229957
EV-BA3C5900F785,edd5724782403c49706877a08e8395d29e8936bd2ed0e3de7c33c5747dc8478a,E006/MARAD/onset/automated_pending/E006_MARAD_onset__Arabian-Gulf/20260914T010959429002Z_l6gjuzxd/E006_MARAD_onset__Arabian-Gulf__document-ec66a102d9.html,E006,onset,MARAD,article_capture,https://www.maritime.dot.gov/msci/2019-003a-gulf-oman-vessel-attacks,extracted,texts/edd5724782403c49706877a08e8395d29e8936bd2ed0e3de7c33c5747dc8478a.json,,712463d72dfb28ebdadf0ea5e9a9c50e87ee1fdf6124cd6e397ac4eba1b1163e,72999
EV-BA3C5900F785,edd5724782403c49706877a08e8395d29e8936bd2ed0e3de7c33c5747dc8478a,E006/MARAD/onset/automated_pending/E006_MARAD_onset__Gulf-of-Oman/20260914T011008773809Z_wn8lt73u/E006_MARAD_onset__Gulf-of-Oman__document-ec66a102d9.html,E006,onset,MARAD,article_capture,https://www.maritime.dot.gov/msci/2019-003a-gulf-oman-vessel-attacks,extracted,texts/edd5724782403c49706877a08e8395d29e8936bd2ed0e3de7c33c5747dc8478a.json,,712463d72dfb28ebdadf0ea5e9a9c50e87ee1fdf6124cd6e397ac4eba1b1163e,72999
EV-BA3C5900F785,edd5724782403c49706877a08e8395d29e8936bd2ed0e3de7c33c5747dc8478a,E006/MARAD/onset/automated_pending/E006_MARAD_onset__Hormuz/20260914T011017710575Z_wl_mf5fo/E006_MARAD_onset__Hormuz__document-ec66a102d9.html,E006,onset,MARAD,article_capture,https://www.maritime.dot.gov/msci/2019-003a-gulf-oman-vessel-attacks,extracted,texts/edd5724782403c49706877a08e8395d29e8936bd2ed0e3de7c33c5747dc8478a.json,,712463d72dfb28ebdadf0ea5e9a9c50e87ee1fdf6124cd6e397ac4eba1b1163e,72999
EV-BA3C5900F785,edd5724782403c49706877a08e8395d29e8936bd2ed0e3de7c33c5747dc8478a,E006/MARAD/onset/automated_pending/E006_MARAD_onset__Iran/20260914T011026553401Z_kwywbfy9/E006_MARAD_onset__Iran__document-ec66a102d9.html,E006,onset,MARAD,article_capture,https://www.maritime.dot.gov/msci/2019-003a-gulf-oman-vessel-attacks,extracted,texts/edd5724782403c49706877a08e8395d29e8936bd2ed0e3de7c33c5747dc8478a.json,,712463d72dfb28ebdadf0ea5e9a9c50e87ee1fdf6124cd6e397ac4eba1b1163e,72999
EV-BA3C5900F785,edd5724782403c49706877a08e8395d29e8936bd2ed0e3de7c33c5747dc8478a,E006/MARAD/onset/automated_pending/E006_MARAD_onset__Persian-Gulf/20260914T011035064946Z__pbyp4ak/E006_MARAD_onset__Persian-Gulf__document-ec66a102d9.html,E006,onset,MARAD,article_capture,https://www.maritime.dot.gov/msci/2019-003a-gulf-oman-vessel-attacks,extracted,texts/edd5724782403c49706877a08e8395d29e8936bd2ed0e3de7c33c5747dc8478a.json,,712463d72dfb28ebdadf0ea5e9a9c50e87ee1fdf6124cd6e397ac4eba1b1163e,72999
EV-BA3C5900F785,96d9cbd5a5bbc1456760b34ae2ee7f7c48e2139818ed5313a7371b09126c0751,E006/MARAD/onset/automated_pending/E006_MARAD_onset__Arabian-Gulf/20260914T010959429002Z_l6gjuzxd/E006_MARAD_onset__Arabian-Gulf__document-ec66a102d9.pdf,E006,onset,MARAD,article_capture,https://www.maritime.dot.gov/msci/2019-003a-gulf-oman-vessel-attacks,extracted,texts/96d9cbd5a5bbc1456760b34ae2ee7f7c48e2139818ed5313a7371b09126c0751.json,,a658674903ce51876fdab631b308cd9fda0838a757d221c029a5d08194cf8cd8,233858
EV-B3688BCAFB4B,06165f844d362a7667e73a787b96092ccd9d24dd4957340a7e9734e137a48f8a,E006/MARAD/onset/automated_pending/E006_MARAD_onset__Gulf-of-Oman/20260914T011008773809Z_wn8lt73u/E006_MARAD_onset__Gulf-of-Oman.html,E006,onset,MARAD,listing_capture,https://www.maritime.dot.gov/msci-alerts?field_msci_geographic_location_target_id=&field_msci_effective_date_value%5Bmin%5D=2019-05-31&field_msci_effective_date_value%5Bmax%5D=2019-06-14&keys=Gulf+of+Oman,extracted,texts/06165f844d362a7667e73a787b96092ccd9d24dd4957340a7e9734e137a48f8a.json,,cf100dc92ba2cd5b42db8b1ee29d5cbddba1f12c983d61409de0c3fd71276fb1,79559
EV-EED9D6C38F30,b9b8a55f3fe694e9108e1c24f049d876883ce2de54a315e0869c839fffccbae2,E006/MARAD/onset/automated_pending/E006_MARAD_onset__Gulf-of-Oman/20260914T011008773809Z_wn8lt73u/E006_MARAD_onset__Gulf-of-Oman.pdf,E006,onset,MARAD,listing_capture,https://www.maritime.dot.gov/msci-alerts?field_msci_geographic_location_target_id=&field_msci_effective_date_value%5Bmin%5D=2019-05-31&field_msci_effective_date_value%5Bmax%5D=2019-06-14&keys=Gulf+of+Oman,extracted,texts/b9b8a55f3fe694e9108e1c24f049d876883ce2de54a315e0869c839fffccbae2.json,,2b687d7d5bb90c31fabd8b43f737bbc9c7e5cff647687f91255da72cc9be083b,229369
EV-BA3C5900F785,c3543ca08099a32e09b6ac96b877a0b2fbbe17773ded3683de8f0e374867ab0a,E006/MARAD/onset/automated_pending/E006_MARAD_onset__Gulf-of-Oman/20260914T011008773809Z_wn8lt73u/E006_MARAD_onset__Gulf-of-Oman__document-ec66a102d9.pdf,E006,onset,MARAD,article_capture,https://www.maritime.dot.gov/msci/2019-003a-gulf-oman-vessel-attacks,extracted,texts/c3543ca08099a32e09b6ac96b877a0b2fbbe17773ded3683de8f0e374867ab0a.json,,f121f893ff2e5ae514949f474121a0aa73d399f1bb94abe8a19e762641e37ec4,233267
EV-C88F77D7172B,e7d0218fce1b759abdf63e0eaa43d900bf355be3a5f2eac51c7fb84a0e9473fd,E006/MARAD/onset/automated_pending/E006_MARAD_onset__Hormuz/20260914T011017710575Z_wl_mf5fo/E006_MARAD_onset__Hormuz.html,E006,onset,MARAD,listing_capture,https://www.maritime.dot.gov/msci-alerts?field_msci_geographic_location_target_id=&field_msci_effective_date_value%5Bmin%5D=2019-05-31&field_msci_effective_date_value%5Bmax%5D=2019-06-14&keys=Hormuz,extracted,texts/e7d0218fce1b759abdf63e0eaa43d900bf355be3a5f2eac51c7fb84a0e9473fd.json,,cf100dc92ba2cd5b42db8b1ee29d5cbddba1f12c983d61409de0c3fd71276fb1,79547
EV-6D593A9C58EE,fd154a01eb21c94eb914efe95d9d410035b617a081ef1de59ea3d09b9fac5fae,E006/MARAD/onset/automated_pending/E006_MARAD_onset__Hormuz/20260914T011017710575Z_wl_mf5fo/E006_MARAD_onset__Hormuz.pdf,E006,onset,MARAD,listing_capture,https://www.maritime.dot.gov/msci-alerts?field_msci_geographic_location_target_id=&field_msci_effective_date_value%5Bmin%5D=2019-05-31&field_msci_effective_date_value%5Bmax%5D=2019-06-14&keys=Hormuz,extracted,texts/fd154a01eb21c94eb914efe95d9d410035b617a081ef1de59ea3d09b9fac5fae.json,,c97d3bd5ad98beda4aa7d8c8fd1286f13041899b9d427160b1bff439334d7895,229062
EV-BA3C5900F785,fc59dfc1fe54c02ce4d0af8b208772b558a4fca9a01b5ec3cd8fd702fd9cdba3,E006/MARAD/onset/automated_pending/E006_MARAD_onset__Hormuz/20260914T011017710575Z_wl_mf5fo/E006_MARAD_onset__Hormuz__document-ec66a102d9.pdf,E006,onset,MARAD,article_capture,https://www.maritime.dot.gov/msci/2019-003a-gulf-oman-vessel-attacks,extracted,texts/fc59dfc1fe54c02ce4d0af8b208772b558a4fca9a01b5ec3cd8fd702fd9cdba3.json,,23e77ea932b241c96f1ad6cf20c57324c3b15657068cd1a57f142a2134dcee87,233269
EV-86BBC951D54C,1b8ea93db8d21ec4426405aed8c2c469da5513ae65084c6fe40920f9f9e28321,E006/MARAD/onset/automated_pending/E006_MARAD_onset__Iran/20260914T011026553401Z_kwywbfy9/E006_MARAD_onset__Iran.html,E006,onset,MARAD,listing_capture,https://www.maritime.dot.gov/msci-alerts?field_msci_geographic_location_target_id=&field_msci_effective_date_value%5Bmin%5D=2019-05-31&field_msci_effective_date_value%5Bmax%5D=2019-06-14&keys=Iran,extracted,texts/1b8ea93db8d21ec4426405aed8c2c469da5513ae65084c6fe40920f9f9e28321.json,,cf100dc92ba2cd5b42db8b1ee29d5cbddba1f12c983d61409de0c3fd71276fb1,79543
EV-E1542CA2B822,36aca1318a0fb6261e2d10a416369e9c2c8e3f0c100af2281365c1a3a936e0b0,E006/MARAD/onset/automated_pending/E006_MARAD_onset__Iran/20260914T011026553401Z_kwywbfy9/E006_MARAD_onset__Iran.pdf,E006,onset,MARAD,listing_capture,https://www.maritime.dot.gov/msci-alerts?field_msci_geographic_location_target_id=&field_msci_effective_date_value%5Bmin%5D=2019-05-31&field_msci_effective_date_value%5Bmax%5D=2019-06-14&keys=Iran,extracted,texts/36aca1318a0fb6261e2d10a416369e9c2c8e3f0c100af2281365c1a3a936e0b0.json,,5c08282fb2bac85e09fa9226bcfca541513a4e5895053732ec32c7615a56b80b,228253
EV-BA3C5900F785,8f8239dd7104f3d2092d4638b43c3f503474482e682bdc4f094a38cf7b94ae1f,E006/MARAD/onset/automated_pending/E006_MARAD_onset__Iran/20260914T011026553401Z_kwywbfy9/E006_MARAD_onset__Iran__document-ec66a102d9.pdf,E006,onset,MARAD,article_capture,https://www.maritime.dot.gov/msci/2019-003a-gulf-oman-vessel-attacks,extracted,texts/8f8239dd7104f3d2092d4638b43c3f503474482e682bdc4f094a38cf7b94ae1f.json,,700034c1e756491444d7909605bc140311d555c2ad65488c747da82556f60ad0,233427
EV-05267FE55F2D,9c8a9c90aaec65033f096090cf1e97d4f678a30af0d9d143c0cdb521bb5214c1,E006/MARAD/onset/automated_pending/E006_MARAD_onset__Persian-Gulf/20260914T011035064946Z__pbyp4ak/E006_MARAD_onset__Persian-Gulf.html,E006,onset,MARAD,listing_capture,https://www.maritime.dot.gov/msci-alerts?field_msci_geographic_location_target_id=&field_msci_effective_date_value%5Bmin%5D=2019-05-31&field_msci_effective_date_value%5Bmax%5D=2019-06-14&keys=Persian+Gulf,extracted,texts/9c8a9c90aaec65033f096090cf1e97d4f678a30af0d9d143c0cdb521bb5214c1.json,,cf100dc92ba2cd5b42db8b1ee29d5cbddba1f12c983d61409de0c3fd71276fb1,79559
EV-3AB4B4545411,726423765c0914e4d69f495a7f787376127064d09fbbd44bbd9acccaea82e3b7,E006/MARAD/onset/automated_pending/E006_MARAD_onset__Persian-Gulf/20260914T011035064946Z__pbyp4ak/E006_MARAD_onset__Persian-Gulf.pdf,E006,onset,MARAD,listing_capture,https://www.maritime.dot.gov/msci-alerts?field_msci_geographic_location_target_id=&field_msci_effective_date_value%5Bmin%5D=2019-05-31&field_msci_effective_date_value%5Bmax%5D=2019-06-14&keys=Persian+Gulf,extracted,texts/726423765c0914e4d69f495a7f787376127064d09fbbd44bbd9acccaea82e3b7.json,,456772906787fb775756c245ed26ba94e3e55b8fa628f0a1aa9f67719fddc178,229283
EV-BA3C5900F785,3885e5be9e10a4ff63bbf50cd6ddb42009cf5a2d512ae4f8e88e477654aa9c51,E006/MARAD/onset/automated_pending/E006_MARAD_onset__Persian-Gulf/20260914T011035064946Z__pbyp4ak/E006_MARAD_onset__Persian-Gulf__document-ec66a102d9.pdf,E006,onset,MARAD,article_capture,https://www.maritime.dot.gov/msci/2019-003a-gulf-oman-vessel-attacks,extracted,texts/3885e5be9e10a4ff63bbf50cd6ddb42009cf5a2d512ae4f8e88e477654aa9c51.json,,ec42ddd80baaec3be09ca3fcaa1920236c19e522720c11c708fee8c270e9bf84,233270
EV-607D17B572DA,952dc6f9fe53723ef93eaf387edd3a4747530fd43024c88d5597737928e18564,E006/MARAD/pre_onset/automated_pending/E006_MARAD_pre_onset__Arabian-Gulf/20260914T010933598102Z_czt7kwze/E006_MARAD_pre_onset__Arabian-Gulf.html,E006,pre_onset,MARAD,listing_capture,https://www.maritime.dot.gov/msci-alerts?field_msci_geographic_location_target_id=&field_msci_effective_date_value%5Bmin%5D=2019-05-01&field_msci_effective_date_value%5Bmax%5D=2019-05-30&keys=Arabian+Gulf,extracted,texts/952dc6f9fe53723ef93eaf387edd3a4747530fd43024c88d5597737928e18564.json,,7f999194ebfd21437c649ac0e0348ecade703bdf27b1522d5a6b5de195b494a2,78991
EV-4407CF4F5CFD,bbb71c6a93c8a528557e8266e206e68540e6cf0e4153f1de5a75bc91522c82fc,E006/MARAD/pre_onset/automated_pending/E006_MARAD_pre_onset__Arabian-Gulf/20260914T010933598102Z_czt7kwze/E006_MARAD_pre_onset__Arabian-Gulf.pdf,E006,pre_onset,MARAD,listing_capture,https://www.maritime.dot.gov/msci-alerts?field_msci_geographic_location_target_id=&field_msci_effective_date_value%5Bmin%5D=2019-05-01&field_msci_effective_date_value%5Bmax%5D=2019-05-30&keys=Arabian+Gulf,extracted,texts/bbb71c6a93c8a528557e8266e206e68540e6cf0e4153f1de5a75bc91522c82fc.json,,90e48ee16d61e2c8713f9aff3d1235c876d1bfa50fff4ad6739e0fdd8d4e3fb5,223365
EV-D4160E49C13D,f87ee0ab310f57cf9ed63b1e5ec83319e5562eac65fb8708f460fceca0db2569,E006/MARAD/pre_onset/automated_pending/E006_MARAD_pre_onset__Gulf-of-Oman/20260914T010939285020Z_dyu816xg/E006_MARAD_pre_onset__Gulf-of-Oman.html,E006,pre_onset,MARAD,listing_capture,https://www.maritime.dot.gov/msci-alerts?field_msci_geographic_location_target_id=&field_msci_effective_date_value%5Bmin%5D=2019-05-01&field_msci_effective_date_value%5Bmax%5D=2019-05-30&keys=Gulf+of+Oman,extracted,texts/f87ee0ab310f57cf9ed63b1e5ec83319e5562eac65fb8708f460fceca0db2569.json,,7f999194ebfd21437c649ac0e0348ecade703bdf27b1522d5a6b5de195b494a2,78608
EV-74D4207A190D,78d5d584feb29a9cd71cddd0aa6cc9d4a3a569d2f2f50a3a560b3d69db875175,E006/MARAD/pre_onset/automated_pending/E006_MARAD_pre_onset__Gulf-of-Oman/20260914T010939285020Z_dyu816xg/E006_MARAD_pre_onset__Gulf-of-Oman.pdf,E006,pre_onset,MARAD,listing_capture,https://www.maritime.dot.gov/msci-alerts?field_msci_geographic_location_target_id=&field_msci_effective_date_value%5Bmin%5D=2019-05-01&field_msci_effective_date_value%5Bmax%5D=2019-05-30&keys=Gulf+of+Oman,extracted,texts/78d5d584feb29a9cd71cddd0aa6cc9d4a3a569d2f2f50a3a560b3d69db875175.json,,fec9bb4931971a5e77c22bdc3d9c3281ad6414383acde8d770d2374b3ef3235d,222774
EV-DC61252E65A4,a734102a87aa6cc3e534f669dc7b96097a73ff3b72d18608cfe9bf4e9a8bb509,E006/MARAD/pre_onset/automated_pending/E006_MARAD_pre_onset__Hormuz/20260914T010944165482Z_tpkzc7h1/E006_MARAD_pre_onset__Hormuz.html,E006,pre_onset,MARAD,listing_capture,https://www.maritime.dot.gov/msci-alerts?field_msci_geographic_location_target_id=&field_msci_effective_date_value%5Bmin%5D=2019-05-01&field_msci_effective_date_value%5Bmax%5D=2019-05-30&keys=Hormuz,extracted,texts/a734102a87aa6cc3e534f669dc7b96097a73ff3b72d18608cfe9bf4e9a8bb509.json,,7f999194ebfd21437c649ac0e0348ecade703bdf27b1522d5a6b5de195b494a2,78596
EV-EE2852158DB1,0a2d65fabdf35fe51d81c9641c7ce33ccca39f5a1a673a2bac2f7609ff9a6320,E006/MARAD/pre_onset/automated_pending/E006_MARAD_pre_onset__Hormuz/20260914T010944165482Z_tpkzc7h1/E006_MARAD_pre_onset__Hormuz.pdf,E006,pre_onset,MARAD,listing_capture,https://www.maritime.dot.gov/msci-alerts?field_msci_geographic_location_target_id=&field_msci_effective_date_value%5Bmin%5D=2019-05-01&field_msci_effective_date_value%5Bmax%5D=2019-05-30&keys=Hormuz,extracted,texts/0a2d65fabdf35fe51d81c9641c7ce33ccca39f5a1a673a2bac2f7609ff9a6320.json,,23b81a8d6547482a3e3996981b221b3d52c64550bd17f6c014d8e8f12bae664f,222553
EV-EE796B4A2614,35cb9ea670fbcf8e1d4c40410fa44272bc6a9c8f71a07c2439bd60e408de92fc,E006/MARAD/pre_onset/automated_pending/E006_MARAD_pre_onset__Iran/20260914T010949240104Z_a5uwfufo/E006_MARAD_pre_onset__Iran.html,E006,pre_onset,MARAD,listing_capture,https://www.maritime.dot.gov/msci-alerts?field_msci_geographic_location_target_id=&field_msci_effective_date_value%5Bmin%5D=2019-05-01&field_msci_effective_date_value%5Bmax%5D=2019-05-30&keys=Iran,extracted,texts/35cb9ea670fbcf8e1d4c40410fa44272bc6a9c8f71a07c2439bd60e408de92fc.json,,7f999194ebfd21437c649ac0e0348ecade703bdf27b1522d5a6b5de195b494a2,78592
EV-643A0D12E1DE,bd315e68b398e72e596f16c6938b4577183e650fd73fd7b3cc934656b4f12d70,E006/MARAD/pre_onset/automated_pending/E006_MARAD_pre_onset__Iran/20260914T010949240104Z_a5uwfufo/E006_MARAD_pre_onset__Iran.pdf,E006,pre_onset,MARAD,listing_capture,https://www.maritime.dot.gov/msci-alerts?field_msci_geographic_location_target_id=&field_msci_effective_date_value%5Bmin%5D=2019-05-01&field_msci_effective_date_value%5Bmax%5D=2019-05-30&keys=Iran,extracted,texts/bd315e68b398e72e596f16c6938b4577183e650fd73fd7b3cc934656b4f12d70.json,,ebc8389632132ad472b411c6cfa427918b43aa97b9d64d5264f3cd434f9eb79d,221893
EV-DB0207617C36,06018699a0ba2477b6f63b34b273ea854af5ec162587796f32ac6aec2e78d82c,E006/MARAD/pre_onset/automated_pending/E006_MARAD_pre_onset__Persian-Gulf/20260914T010954292743Z_osr7e7k1/E006_MARAD_pre_onset__Persian-Gulf.html,E006,pre_onset,MARAD,listing_capture,https://www.maritime.dot.gov/msci-alerts?field_msci_geographic_location_target_id=&field_msci_effective_date_value%5Bmin%5D=2019-05-01&field_msci_effective_date_value%5Bmax%5D=2019-05-30&keys=Persian+Gulf,extracted,texts/06018699a0ba2477b6f63b34b273ea854af5ec162587796f32ac6aec2e78d82c.json,,7f999194ebfd21437c649ac0e0348ecade703bdf27b1522d5a6b5de195b494a2,78507
EV-80B95C4B15E3,1167f454e16367259c9d4aa401c7c790659def76cd81f2781dc31869fa53ce17,E006/MARAD/pre_onset/automated_pending/E006_MARAD_pre_onset__Persian-Gulf/20260914T010954292743Z_osr7e7k1/E006_MARAD_pre_onset__Persian-Gulf.pdf,E006,pre_onset,MARAD,listing_capture,https://www.maritime.dot.gov/msci-alerts?field_msci_geographic_location_target_id=&field_msci_effective_date_value%5Bmin%5D=2019-05-01&field_msci_effective_date_value%5Bmax%5D=2019-05-30&keys=Persian+Gulf,extracted,texts/1167f454e16367259c9d4aa401c7c790659def76cd81f2781dc31869fa53ce17.json,,6db858e7acf7520e390abf944f8e208433d276a2576ca7ee1d59f92ad4c23336,222681
EV-D7B1308904C3,4e2bdaae2193e524f0414878afb4d1c4a03a335adc6545676842fe321cab645f,E007/GARD/onset/automated_pending/E007_GARD_onset__search-Gulf-of-Oman/20260913T230955185413Z_qw4bpvin/E007_GARD_onset__search-Gulf-of-Oman.html,E007,onset,GARD,listing_capture,https://gard.no/search/?searchTerm=Gulf%20of%20Oman,extracted,texts/4e2bdaae2193e524f0414878afb4d1c4a03a335adc6545676842fe321cab645f.json,,6fa1e1afec4bde06041ef70a1c98328676224726359cb7407f9832498bae0a39,239090
EV-D7B1308904C3,4e2bdaae2193e524f0414878afb4d1c4a03a335adc6545676842fe321cab645f,E027/GARD/pre_onset/automated_pending/E027_GARD_pre_onset__search-Gulf-of-Oman/20260913T231954572757Z_r8e0wgu6/E027_GARD_pre_onset__search-Gulf-of-Oman.html,E027,pre_onset,GARD,listing_capture,https://gard.no/search/?searchTerm=Gulf%20of%20Oman,extracted,texts/4e2bdaae2193e524f0414878afb4d1c4a03a335adc6545676842fe321cab645f.json,,6fa1e1afec4bde06041ef70a1c98328676224726359cb7407f9832498bae0a39,239090
EV-8452C1317290,afc7ae4eeef412b7df8a34a5a0749d7af9654af99ec08a0eff87be8e8d237283,E007/GARD/onset/automated_pending/E007_GARD_onset__search-Gulf-of-Oman/20260913T230955185413Z_qw4bpvin/E007_GARD_onset__search-Gulf-of-Oman.pdf,E007,onset,GARD,listing_capture,https://gard.no/search/?searchTerm=Gulf%20of%20Oman,extracted,texts/afc7ae4eeef412b7df8a34a5a0749d7af9654af99ec08a0eff87be8e8d237283.json,,28d55c7f49ddb09a85660a997ff69a7d6b2d5a19c35884af342fdf492081bfb5,2171046
EV-03D2F8ADEE70,8bf80352e74b7dd4d3f88fab592d5f49afd1ff743f51bdb48f2dc4ab5419fead,E007/GARD/onset/automated_pending/E007_GARD_onset__search-Hormuz/20260913T231027576670Z_54w8k5xb/E007_GARD_onset__search-Hormuz.html,E007,onset,GARD,listing_capture,https://gard.no/search/?searchTerm=Hormuz,extracted,texts/8bf80352e74b7dd4d3f88fab592d5f49afd1ff743f51bdb48f2dc4ab5419fead.json,,b79c4b1fa3760ce02d0639b5741c7df34f783cb6bff232659a6a707fefc93083,239136
EV-03D2F8ADEE70,8bf80352e74b7dd4d3f88fab592d5f49afd1ff743f51bdb48f2dc4ab5419fead,E027/GARD/pre_onset/automated_pending/E027_GARD_pre_onset__search-Hormuz/20260913T232027819104Z_7dv0tids/E027_GARD_pre_onset__search-Hormuz.html,E027,pre_onset,GARD,listing_capture,https://gard.no/search/?searchTerm=Hormuz,extracted,texts/8bf80352e74b7dd4d3f88fab592d5f49afd1ff743f51bdb48f2dc4ab5419fead.json,,b79c4b1fa3760ce02d0639b5741c7df34f783cb6bff232659a6a707fefc93083,239136
EV-D8DE3CB99265,b4479e672a62b3bf0b801eed87314b9c9eef29016ccdcf44f891c7bb8258466e,E007/GARD/onset/automated_pending/E007_GARD_onset__search-Hormuz/20260913T231027576670Z_54w8k5xb/E007_GARD_onset__search-Hormuz.pdf,E007,onset,GARD,listing_capture,https://gard.no/search/?searchTerm=Hormuz,extracted,texts/b4479e672a62b3bf0b801eed87314b9c9eef29016ccdcf44f891c7bb8258466e.json,,5fe20266717869d2b5066818d813b1dd8c53c68e48271601d102c139b7dd94f2,3714570
EV-CF66C2B0EDC9,ba8f94852e00bfbb57cc38aed4fed2ae63d3dddc50da1b1f8ad500553067f08c,E007/GARD/onset/automated_pending/E007_GARD_onset__search-Iran/20260913T231100882759Z_7vdcsyse/E007_GARD_onset__search-Iran.html,E007,onset,GARD,listing_capture,https://gard.no/search/?searchTerm=Iran,extracted,texts/ba8f94852e00bfbb57cc38aed4fed2ae63d3dddc50da1b1f8ad500553067f08c.json,,b7d5bf99e0bcfe2992f141002b0860785d0356a9a7bc40bf4d39216fcd8221f6,252586
EV-D6739FF81DD9,aa6672842d9c5db20fe0f5c16d4dd5feb55f7b6c560f3259b0a518a50e3ac112,E007/GARD/onset/automated_pending/E007_GARD_onset__search-Iran/20260913T231100882759Z_7vdcsyse/E007_GARD_onset__search-Iran.pdf,E007,onset,GARD,listing_capture,https://gard.no/search/?searchTerm=Iran,extracted,texts/aa6672842d9c5db20fe0f5c16d4dd5feb55f7b6c560f3259b0a518a50e3ac112.json,,3eef7072b3fc05e55741c9b03dfa28f7d43bf3de08a33c72682403d6ebd179ce,5184560
EV-CE38D4168493,bf7f66368bae9866c473882365e3a659f87567babc1e6fba08906a41f1a850ec,E007/GARD/onset/automated_pending/E007_GARD_onset__search-Iran/20260913T231100882759Z_7vdcsyse/E007_GARD_onset__search-Iran__page-2.html,E007,onset,GARD,listing_capture,https://gard.no/search/?searchTerm=Iran,extracted,texts/bf7f66368bae9866c473882365e3a659f87567babc1e6fba08906a41f1a850ec.json,,8f5d5e27b5347123420ec210c214ec177039982db9c51fe7e484fc09af726a38,241976
EV-1794BDA29B46,49ea789cb9499e957d6509da984cb6fd9a0579b629db7a2c54b1766d6f8c8745,E007/GARD/onset/automated_pending/E007_GARD_onset__search-Iran/20260913T231100882759Z_7vdcsyse/E007_GARD_onset__search-Iran__page-2.pdf,E007,onset,GARD,listing_capture,https://gard.no/search/?searchTerm=Iran,extracted,texts/49ea789cb9499e957d6509da984cb6fd9a0579b629db7a2c54b1766d6f8c8745.json,,5b2cef49e2ccaa3de3e239d74ed419c2f18ee3f819b11ec8680059557c181afa,5161077
EV-FFC723E17C00,68b1ac0a221f20df2037aa0cad8ea7621c06757078d211bd4bb128a035c10bc1,E007/GARD/onset/automated_pending/E007_GARD_onset__search-Persian-Gulf/20260913T231216456087Z_kvmwamw2/E007_GARD_onset__search-Persian-Gulf.html,E007,onset,GARD,listing_capture,https://gard.no/search/?searchTerm=Persian%20Gulf,extracted,texts/68b1ac0a221f20df2037aa0cad8ea7621c06757078d211bd4bb128a035c10bc1.json,,8f6190ad786aedb4425055399e00eca62523c04326756472f0a68739bc2d8470,246026
EV-63357043DF61,67da915f67c6dc61fdf3e9bbf5e2b04378cafff9b9b7618f7c6e23b45dae6fdc,E007/GARD/onset/automated_pending/E007_GARD_onset__search-Persian-Gulf/20260913T231216456087Z_kvmwamw2/E007_GARD_onset__search-Persian-Gulf.pdf,E007,onset,GARD,listing_capture,https://gard.no/search/?searchTerm=Persian%20Gulf,extracted,texts/67da915f67c6dc61fdf3e9bbf5e2b04378cafff9b9b7618f7c6e23b45dae6fdc.json,,922ff2b0d827c649ab8736306274d846e869ac11d7832659f1dcf46738bd1da3,5253064
EV-96CE08484B7B,f72cf1dae01d023d996bc197b306718f241bb50657eb8167aa716a93f53062bd,E007/GARD/onset/automated_pending/E007_GARD_onset__search-navigational-warning/20260913T231309473146Z_sp65tob8/E007_GARD_onset__search-navigational-warning.html,E007,onset,GARD,listing_capture,https://gard.no/search/?searchTerm=navigational%20warning,extracted,texts/f72cf1dae01d023d996bc197b306718f241bb50657eb8167aa716a93f53062bd.json,,b26c09423d23d4e7c261c7dad9051a80e3dda4ce5d64cf4d0e830aba782f3d62,249583
EV-04FDD23CA5B9,08e3ccc54df28004ce45b59509d95e5a35d91cea7a3b5b809d7b7838929e79d7,E007/GARD/onset/automated_pending/E007_GARD_onset__search-navigational-warning/20260913T231309473146Z_sp65tob8/E007_GARD_onset__search-navigational-warning.pdf,E007,onset,GARD,listing_capture,https://gard.no/search/?searchTerm=navigational%20warning,extracted,texts/08e3ccc54df28004ce45b59509d95e5a35d91cea7a3b5b809d7b7838929e79d7.json,,6d733ff697e014436046437016bdc5350bb1215bc69a3d637eb04d9c6a55454f,11251232
EV-F6878A805380,d2c07453d48dff4af878613d7b11a077e0a0b9a14ffd91f79a3f1c4fa153cae4,E007/GARD/onset/automated_pending/E007_GARD_onset__search-war-risk/20260913T231414986796Z_be3fqx4g/E007_GARD_onset__search-war-risk.html,E007,onset,GARD,listing_capture,https://gard.no/search/?searchTerm=war%20risk,extracted,texts/d2c07453d48dff4af878613d7b11a077e0a0b9a14ffd91f79a3f1c4fa153cae4.json,,78187af94bbaf6f828813ac684f405c29f92d85ca30c2e8369dc44ec30498da0,247295
EV-864B1120945D,731fc48d896a9b436eb325df08bbc307f829283262649ca8bc71ab616ab3a304,E007/GARD/onset/automated_pending/E007_GARD_onset__search-war-risk/20260913T231414986796Z_be3fqx4g/E007_GARD_onset__search-war-risk.pdf,E007,onset,GARD,listing_capture,https://gard.no/search/?searchTerm=war%20risk,extracted,texts/731fc48d896a9b436eb325df08bbc307f829283262649ca8bc71ab616ab3a304.json,,519681ac83dc1975dbd4ed8d3524ff849952e638e5e6761eb45ade95a775c2ec,7848543
EV-CC935B113ACF,8d7610913a9b498377402ce43888640fe84d160b898e9366c4e46711dd14e767,E007/GARD/onset/automated_pending/E007_GARD_onset__search-war-risk/20260913T231414986796Z_be3fqx4g/E007_GARD_onset__search-war-risk__page-2.html,E007,onset,GARD,listing_capture,https://gard.no/search/?searchTerm=war%20risk,extracted,texts/8d7610913a9b498377402ce43888640fe84d160b898e9366c4e46711dd14e767.json,,2314a8420db895335fea206507de4b4932f71f958d85eff3e053ba331fbe6101,247108
EV-26419437BF22,f9d8704899a3c508b9e7cfcc891bf71ef457d43a245f87f120d71e051d95ca8d,E007/GARD/onset/automated_pending/E007_GARD_onset__search-war-risk/20260913T231414986796Z_be3fqx4g/E007_GARD_onset__search-war-risk__page-2.pdf,E007,onset,GARD,listing_capture,https://gard.no/search/?searchTerm=war%20risk,extracted,texts/f9d8704899a3c508b9e7cfcc891bf71ef457d43a245f87f120d71e051d95ca8d.json,,c12f403850ebfb711246f738cd97c12703ea229c9904ae42d89c14cd51a72ecf,1465753
EV-A9F872D8AFAF,3c947ed973cb3805fffe607a5325768b51f2c080da8511bc12eac75bf4ba24de,E007/GARD/onset/automated_pending/E007_GARD_onset__search-war-risk/20260913T231414986796Z_be3fqx4g/E007_GARD_onset__search-war-risk__page-3.html,E007,onset,GARD,listing_capture,https://gard.no/search/?searchTerm=war%20risk,extracted,texts/3c947ed973cb3805fffe607a5325768b51f2c080da8511bc12eac75bf4ba24de.json,,49c11c2290744bb5c2b3afb938c95c20594e72271b4322b32cd519d155900897,241863
EV-B4F81A220781,8ce2df68c857a8138905ba6437a0ce0e56c2e7249892bbc921cad5a1737708fe,E007/GARD/onset/automated_pending/E007_GARD_onset__search-war-risk/20260913T231414986796Z_be3fqx4g/E007_GARD_onset__search-war-risk__page-3.pdf,E007,onset,GARD,listing_capture,https://gard.no/search/?searchTerm=war%20risk,extracted,texts/8ce2df68c857a8138905ba6437a0ce0e56c2e7249892bbc921cad5a1737708fe.json,,70b706393daf391a51bdfa743fdd79bd5a1ab40b2b22af44b0b57ec6ae90ea2f,4149775
EV-DD0743879F93,648ff58c37a3767c3d9cb43e2c78f60ad6681e014a8fc96fe87b5a918e6481ca,E007/GARD/onset/automated_pending/E007_GARD_onset__search-war-risk/20260913T231414986796Z_be3fqx4g/E007_GARD_onset__search-war-risk__page-4.html,E007,onset,GARD,listing_capture,https://gard.no/search/?searchTerm=war%20risk,extracted,texts/648ff58c37a3767c3d9cb43e2c78f60ad6681e014a8fc96fe87b5a918e6481ca.json,,769aed36ea2bb6ef4c7e545823f7293720628f4987137f5c6503b79d65f7f4e8,242044
EV-6D357E37A239,75c5fb2fed1e61d3227304f155a837e0069e74f5ab9939fddd75ac15e0e78334,E007/GARD/onset/automated_pending/E007_GARD_onset__search-war-risk/20260913T231414986796Z_be3fqx4g/E007_GARD_onset__search-war-risk__page-4.pdf,E007,onset,GARD,listing_capture,https://gard.no/search/?searchTerm=war%20risk,extracted,texts/75c5fb2fed1e61d3227304f155a837e0069e74f5ab9939fddd75ac15e0e78334.json,,0ccb705aeab066a8b0bab2bec9fbf1d7a1d6835ed012e1f35ccd2575c273804b,479804
EV-822310D89C0C,be277b634012e1534a71e92f2e2d9910274f1d590aafe56de920c56e7740fdfe,E007/GARD/onset/automated_pending/E007_GARD_onset__search-war-risk/20260913T231414986796Z_be3fqx4g/E007_GARD_onset__search-war-risk__page-5.html,E007,onset,GARD,listing_capture,https://gard.no/search/?searchTerm=war%20risk,extracted,texts/be277b634012e1534a71e92f2e2d9910274f1d590aafe56de920c56e7740fdfe.json,,bc5d1f6e244dfccea87ce7326167c4d6dd6f3e391b279cbc52bc159c89ad1424,243613
EV-0867A392299D,1fe43a26487c537fd7e91f5a84934decd9fa8f3480e38607e689e8ca585cd682,E007/GARD/onset/automated_pending/E007_GARD_onset__search-war-risk/20260913T231414986796Z_be3fqx4g/E007_GARD_onset__search-war-risk__page-5.pdf,E007,onset,GARD,listing_capture,https://gard.no/search/?searchTerm=war%20risk,extracted,texts/1fe43a26487c537fd7e91f5a84934decd9fa8f3480e38607e689e8ca585cd682.json,,18f23493e7223c21fe1131ab5b5e0b531ec370c3e4355528b5f9b2a08a9f399a,484778
EV-46858BEC91B9,c9935daa07a9b4b24dbefa47b5ac306dc9968a0985aa6d7666eab7e2fd0593be,E007/GARD/onset/automated_pending/E007_GARD_onset__search-war-risk/20260913T231414986796Z_be3fqx4g/E007_GARD_onset__search-war-risk__page-6.html,E007,onset,GARD,listing_capture,https://gard.no/search/?searchTerm=war%20risk,extracted,texts/c9935daa07a9b4b24dbefa47b5ac306dc9968a0985aa6d7666eab7e2fd0593be.json,,dc87dd8e471c07f9c4590d1c5b51f73d814500f393a0f908f36c256afbc4efdd,243007
EV-B8ACAC9DB24B,0d09490550e723327f8b15d9e651e9cada9effbf5dc0fe2eb9c7e58b218a548e,E007/GARD/onset/automated_pending/E007_GARD_onset__search-war-risk/20260913T231414986796Z_be3fqx4g/E007_GARD_onset__search-war-risk__page-6.pdf,E007,onset,GARD,listing_capture,https://gard.no/search/?searchTerm=war%20risk,extracted,texts/0d09490550e723327f8b15d9e651e9cada9effbf5dc0fe2eb9c7e58b218a548e.json,,4fe39069533c1e1a127c903c7328dfe48038794ae2a6a9555e5945d7a95c3301,4621238
EV-F131C8760B3D,eb6dd303649e126981c841e1c48ac3e526572c5e4265d50787f2ae8f7c336a03,E007/GARD/onset/automated_pending/E007_GARD_onset__search-war-risk/20260913T231414986796Z_be3fqx4g/E007_GARD_onset__search-war-risk__page-7.html,E007,onset,GARD,listing_capture,https://gard.no/search/?searchTerm=war%20risk,extracted,texts/eb6dd303649e126981c841e1c48ac3e526572c5e4265d50787f2ae8f7c336a03.json,,8f3e9da35705a2127e479572c0faef41fa86742bb3dfba079581bf7b181557cf,236848
EV-8EA7E32BD88D,4b97abfa5d8c760f1fc783eb3af9d567c33466145922afef7ba2adec707ef9d0,E007/GARD/onset/automated_pending/E007_GARD_onset__search-war-risk/20260913T231414986796Z_be3fqx4g/E007_GARD_onset__search-war-risk__page-7.pdf,E007,onset,GARD,listing_capture,https://gard.no/search/?searchTerm=war%20risk,extracted,texts/4b97abfa5d8c760f1fc783eb3af9d567c33466145922afef7ba2adec707ef9d0.json,,f1292903fc0a437d1b8e7b3e272672d5d8dad7ca14515db58f5f09b3363a62a5,1453190
EV-79312D0A9164,8ef124202cd77ab070269da7d5cf8557e63d4d772f469b37336999fbb3cc343b,E007/GARD/pre_onset/automated_pending/E007_GARD_pre_onset__search-Gulf-of-Oman/20260913T225947978371Z_bs1hvp6n/E007_GARD_pre_onset__search-Gulf-of-Oman.html,E007,pre_onset,GARD,listing_capture,https://gard.no/search/?searchTerm=Gulf%20of%20Oman,extracted,texts/8ef124202cd77ab070269da7d5cf8557e63d4d772f469b37336999fbb3cc343b.json,,6fa1e1afec4bde06041ef70a1c98328676224726359cb7407f9832498bae0a39,239090
EV-FA71D541684F,bf48c3400834d53ecb100a5c2e199105a542311a55246f5cca742fff33dd26e0,E007/GARD/pre_onset/automated_pending/E007_GARD_pre_onset__search-Gulf-of-Oman/20260913T225947978371Z_bs1hvp6n/E007_GARD_pre_onset__search-Gulf-of-Oman.pdf,E007,pre_onset,GARD,listing_capture,https://gard.no/search/?searchTerm=Gulf%20of%20Oman,extracted,texts/bf48c3400834d53ecb100a5c2e199105a542311a55246f5cca742fff33dd26e0.json,,0997e1baf1b10eecd40bf0039ca0ff859e4c1c40e12ae36dc5159784df4be27d,2171198
EV-FE4517242497,b82431b37c00c67bfdd2561ec6fd3d29684185f11ebc1d3d78e0245df900925f,E007/GARD/pre_onset/automated_pending/E007_GARD_pre_onset__search-Gulf-of-Oman/20260913T225947978371Z_bs1hvp6n/E007_GARD_pre_onset__search-Gulf-of-Oman__document-940c2cb2ca.html,E007,pre_onset,GARD,article_capture,https://gard.no/en/insights/incident-gulf-oman/,extracted,texts/b82431b37c00c67bfdd2561ec6fd3d29684185f11ebc1d3d78e0245df900925f.json,,e3b1f3860fce8e60c7f173fdfab95504d2f6b96dcd7cb677853acaab3c4b3d2b,446190
EV-FE4517242497,c52033f26060b0f108afe02cd2835b751d3ea758214d9f548141f485dac1de7f,E007/GARD/pre_onset/automated_pending/E007_GARD_pre_onset__search-Gulf-of-Oman/20260913T225947978371Z_bs1hvp6n/E007_GARD_pre_onset__search-Gulf-of-Oman__document-940c2cb2ca.pdf,E007,pre_onset,GARD,article_capture,https://gard.no/en/insights/incident-gulf-oman/,extracted,texts/c52033f26060b0f108afe02cd2835b751d3ea758214d9f548141f485dac1de7f.json,,945db30fa06f2b5c1323e72f476eb7d8a5552d153feb23b038e196f98db64b0b,1206895
EV-C4970B463E6D,d8405c4fe2b84fce19e21072e6505b3f0ed834916d01dcbd2afbbcb1aa3c075b,E007/GARD/pre_onset/automated_pending/E007_GARD_pre_onset__search-Hormuz/20260913T230021484396Z_0qvsmp4h/E007_GARD_pre_onset__search-Hormuz.html,E007,pre_onset,GARD,listing_capture,https://gard.no/search/?searchTerm=Hormuz,extracted,texts/d8405c4fe2b84fce19e21072e6505b3f0ed834916d01dcbd2afbbcb1aa3c075b.json,,b79c4b1fa3760ce02d0639b5741c7df34f783cb6bff232659a6a707fefc93083,239148
EV-112312FA7212,be1f42a2cabef8ac3a1dfaa9f872feffecb63088419cbc5d18d83e65b40656d2,E007/GARD/pre_onset/automated_pending/E007_GARD_pre_onset__search-Hormuz/20260913T230021484396Z_0qvsmp4h/E007_GARD_pre_onset__search-Hormuz.pdf,E007,pre_onset,GARD,listing_capture,https://gard.no/search/?searchTerm=Hormuz,extracted,texts/be1f42a2cabef8ac3a1dfaa9f872feffecb63088419cbc5d18d83e65b40656d2.json,,284ff294b53685bee029f8d161f2e552e187f737975f067a13deead8765a512f,3714065
EV-FE4517242497,24d3132e674e5332d5ceae5ef5679928dece63506d125a519c055625c2798f06,E007/GARD/pre_onset/automated_pending/E007_GARD_pre_onset__search-Hormuz/20260913T230021484396Z_0qvsmp4h/E007_GARD_pre_onset__search-Hormuz__document-940c2cb2ca.html,E007,pre_onset,GARD,article_capture,https://gard.no/en/insights/incident-gulf-oman/,extracted,texts/24d3132e674e5332d5ceae5ef5679928dece63506d125a519c055625c2798f06.json,,e3b1f3860fce8e60c7f173fdfab95504d2f6b96dcd7cb677853acaab3c4b3d2b,446181
EV-FE4517242497,7f53b06026b4846196403316e7e0be1e611b339ca1e36e8ef7398824a97ddebf,E007/GARD/pre_onset/automated_pending/E007_GARD_pre_onset__search-Hormuz/20260913T230021484396Z_0qvsmp4h/E007_GARD_pre_onset__search-Hormuz__document-940c2cb2ca.pdf,E007,pre_onset,GARD,article_capture,https://gard.no/en/insights/incident-gulf-oman/,extracted,texts/7f53b06026b4846196403316e7e0be1e611b339ca1e36e8ef7398824a97ddebf.json,,ab1d16018c0e6596b166e948dbde80d255d057be5355c6fea2cffe38a0a22ef8,1207370
EV-1E454656D5C4,9441e4c07469161be4987d6339cabe45a0bcc4fc22c3ab1cfc0702b172db7970,E007/GARD/pre_onset/automated_pending/E007_GARD_pre_onset__search-Iran/20260913T230055965257Z_blrx4_uj/E007_GARD_pre_onset__search-Iran.html,E007,pre_onset,GARD,listing_capture,https://gard.no/search/?searchTerm=Iran,extracted,texts/9441e4c07469161be4987d6339cabe45a0bcc4fc22c3ab1cfc0702b172db7970.json,,b7d5bf99e0bcfe2992f141002b0860785d0356a9a7bc40bf4d39216fcd8221f6,252586
EV-520B117C9E23,fb3e4ac644ae742f81dac81d88bb240a91f061f0d769f14bb03170e9ba5e4fb4,E007/GARD/pre_onset/automated_pending/E007_GARD_pre_onset__search-Iran/20260913T230055965257Z_blrx4_uj/E007_GARD_pre_onset__search-Iran.pdf,E007,pre_onset,GARD,listing_capture,https://gard.no/search/?searchTerm=Iran,extracted,texts/fb3e4ac644ae742f81dac81d88bb240a91f061f0d769f14bb03170e9ba5e4fb4.json,,3bf9ddc334fd365487197987bcabf80a52b5bccd06e9ae4462964505ed19fb88,5184480
EV-B7DCC5D605DF,5d8394032a68a47facc7359fbcd8325149a4043c70f51ed8b340c3f69daf86ec,E007/GARD/pre_onset/automated_pending/E007_GARD_pre_onset__search-Iran/20260913T230055965257Z_blrx4_uj/E007_GARD_pre_onset__search-Iran__document-70d012db10.html,E007,pre_onset,GARD,article_capture,https://gard.no/en/insights/going-dark-is-red-flag-ais-tracking-sanctions-compliance/,extracted,texts/5d8394032a68a47facc7359fbcd8325149a4043c70f51ed8b340c3f69daf86ec.json,,ac9295be3f4be1d89ecfaf8ccfb788c4bee70052ee89609b02cf5611759d854e,420417
EV-B7DCC5D605DF,96db914968652ad5bca85e2fbd43b687a9cc28abf0a1556987cabc531a9a62e6,E007/GARD/pre_onset/automated_pending/E007_GARD_pre_onset__search-Iran/20260913T230055965257Z_blrx4_uj/E007_GARD_pre_onset__search-Iran__document-70d012db10.pdf,E007,pre_onset,GARD,article_capture,https://gard.no/en/insights/going-dark-is-red-flag-ais-tracking-sanctions-compliance/,extracted,texts/96db914968652ad5bca85e2fbd43b687a9cc28abf0a1556987cabc531a9a62e6.json,,4529279fb983f9e3bde9a78df7dea597645714362a8ee2f0be4753b6607a79d9,550526
EV-52B1206B439E,1afd02b7d473cfb6a41896d14a29c06a376874f84c05312b65c7804bf7156145,E007/GARD/pre_onset/automated_pending/E007_GARD_pre_onset__search-Iran/20260913T230055965257Z_blrx4_uj/E007_GARD_pre_onset__search-Iran__page-2.html,E007,pre_onset,GARD,listing_capture,https://gard.no/search/?searchTerm=Iran,extracted,texts/1afd02b7d473cfb6a41896d14a29c06a376874f84c05312b65c7804bf7156145.json,,8f5d5e27b5347123420ec210c214ec177039982db9c51fe7e484fc09af726a38,241976
EV-63A12FC75441,cbb9b2e211fdc2356f32b60c5a4e4bd277f93c76ce1d14f56b037f333ee76d52,E007/GARD/pre_onset/automated_pending/E007_GARD_pre_onset__search-Iran/20260913T230055965257Z_blrx4_uj/E007_GARD_pre_onset__search-Iran__page-2.pdf,E007,pre_onset,GARD,listing_capture,https://gard.no/search/?searchTerm=Iran,extracted,texts/cbb9b2e211fdc2356f32b60c5a4e4bd277f93c76ce1d14f56b037f333ee76d52.json,,720dc46dbff40ef5a29e7aa3c1d463ff1cf25d1c9e01ffbf6a8756aefaaa9225,5161010
EV-1EEE3A24287B,148d7ab47b6021c47b40a039e5034a4dd5f205a69cf0fe790232179dc82692a5,E007/GARD/pre_onset/automated_pending/E007_GARD_pre_onset__search-Persian-Gulf/20260913T230214226716Z_us052xnn/E007_GARD_pre_onset__search-Persian-Gulf.html,E007,pre_onset,GARD,listing_capture,https://gard.no/search/?searchTerm=Persian%20Gulf,extracted,texts/148d7ab47b6021c47b40a039e5034a4dd5f205a69cf0fe790232179dc82692a5.json,,8f6190ad786aedb4425055399e00eca62523c04326756472f0a68739bc2d8470,246026
EV-0A81A39915A3,5e9dd64aebdaf6a0321c1fdbb5ec33a8eed8ec243298673d048041dd720ad828,E007/GARD/pre_onset/automated_pending/E007_GARD_pre_onset__search-Persian-Gulf/20260913T230214226716Z_us052xnn/E007_GARD_pre_onset__search-Persian-Gulf.pdf,E007,pre_onset,GARD,listing_capture,https://gard.no/search/?searchTerm=Persian%20Gulf,extracted,texts/5e9dd64aebdaf6a0321c1fdbb5ec33a8eed8ec243298673d048041dd720ad828.json,,9d0accefcf77acb6081373353e40d4509b458a4823063d6fbd54a8202dcb327e,5253048
EV-FE4517242497,7b503fdec228e7ddf8048704feb8c8ead91b903fc7389f03eb657e1d94af72a9,E007/GARD/pre_onset/automated_pending/E007_GARD_pre_onset__search-Persian-Gulf/20260913T230214226716Z_us052xnn/E007_GARD_pre_onset__search-Persian-Gulf__document-940c2cb2ca.pdf,E007,pre_onset,GARD,article_capture,https://gard.no/en/insights/incident-gulf-oman/,extracted,texts/7b503fdec228e7ddf8048704feb8c8ead91b903fc7389f03eb657e1d94af72a9.json,,0ab4559e115001a7920fab400916c9bfc58cb5f963f0828100863aaf0be9594e,1206932
EV-E9D5E8E74456,25e9967c2c61c1eba9b72ef06c314f7f5bda62ad63a1d4bb1c22d4697458ab3d,E007/GARD/pre_onset/automated_pending/E007_GARD_pre_onset__search-navigational-warning/20260913T230309138446Z_6rwwo3fv/E007_GARD_pre_onset__search-navigational-warning.html,E007,pre_onset,GARD,listing_capture,https://gard.no/search/?searchTerm=navigational%20warning,extracted,texts/25e9967c2c61c1eba9b72ef06c314f7f5bda62ad63a1d4bb1c22d4697458ab3d.json,,b26c09423d23d4e7c261c7dad9051a80e3dda4ce5d64cf4d0e830aba782f3d62,249583
EV-048395498D9F,8e1446aafabb07455fbafc63231721d365de3bdb2ba98014cba6447e58d9fd4f,E007/GARD/pre_onset/automated_pending/E007_GARD_pre_onset__search-navigational-warning/20260913T230309138446Z_6rwwo3fv/E007_GARD_pre_onset__search-navigational-warning.pdf,E007,pre_onset,GARD,listing_capture,https://gard.no/search/?searchTerm=navigational%20warning,extracted,texts/8e1446aafabb07455fbafc63231721d365de3bdb2ba98014cba6447e58d9fd4f.json,,7be17437ebee1e678d34db630e71d2eb72271848a3a56cab1eeeef96e316f294,11251253
EV-C25895DAB8EB,83c5992d8daffeffc497c36364bf42193031ec49447f5657b228d64dcf626cf0,E007/GARD/pre_onset/automated_pending/E007_GARD_pre_onset__search-war-risk/20260913T230413997859Z_3a_bh5fq/E007_GARD_pre_onset__search-war-risk.html,E007,pre_onset,GARD,listing_capture,https://gard.no/search/?searchTerm=war%20risk,extracted,texts/83c5992d8daffeffc497c36364bf42193031ec49447f5657b228d64dcf626cf0.json,,78187af94bbaf6f828813ac684f405c29f92d85ca30c2e8369dc44ec30498da0,247295
EV-16C3D77F277F,e4914b65db6cc9ec2db8e8aaf54283415f79c0bf2999b1b01cc13b983a066119,E007/GARD/pre_onset/automated_pending/E007_GARD_pre_onset__search-war-risk/20260913T230413997859Z_3a_bh5fq/E007_GARD_pre_onset__search-war-risk.pdf,E007,pre_onset,GARD,listing_capture,https://gard.no/search/?searchTerm=war%20risk,extracted,texts/e4914b65db6cc9ec2db8e8aaf54283415f79c0bf2999b1b01cc13b983a066119.json,,e2d2c1fa5eee22c5920a8543d6c85e451b77e835ff1108d882796105ace262a5,7848080
EV-FE4517242497,6854ef04f19433ef1986610f45bd0fc61a3ca253e6480eaccbc4b410304570ee,E007/GARD/pre_onset/automated_pending/E007_GARD_pre_onset__search-war-risk/20260913T230413997859Z_3a_bh5fq/E007_GARD_pre_onset__search-war-risk__document-940c2cb2ca.html,E007,pre_onset,GARD,article_capture,https://gard.no/en/insights/incident-gulf-oman/,extracted,texts/6854ef04f19433ef1986610f45bd0fc61a3ca253e6480eaccbc4b410304570ee.json,,f3e1cd42a955ba250de252e25cd27f05b60fc5ff8c25bb046a15bf0becb4af47,447194
EV-FE4517242497,a311d979129b17b0668d87fd9830c3a9c3e943132872fb4b7dacb0b9d97b3dbc,E007/GARD/pre_onset/automated_pending/E007_GARD_pre_onset__search-war-risk/20260913T230413997859Z_3a_bh5fq/E007_GARD_pre_onset__search-war-risk__document-940c2cb2ca.pdf,E007,pre_onset,GARD,article_capture,https://gard.no/en/insights/incident-gulf-oman/,extracted,texts/a311d979129b17b0668d87fd9830c3a9c3e943132872fb4b7dacb0b9d97b3dbc.json,,bec18050990d680833da388d287864920263a1e808c59aca78486aa78bac80b6,1207039
EV-C8D8991B2129,c0635fd71a6a9fa2618aa776206bcf94f88a5a43d1be6c98782e4dd6f3f76b3b,E007/GARD/pre_onset/automated_pending/E007_GARD_pre_onset__search-war-risk/20260913T230413997859Z_3a_bh5fq/E007_GARD_pre_onset__search-war-risk__page-2.html,E007,pre_onset,GARD,listing_capture,https://gard.no/search/?searchTerm=war%20risk,extracted,texts/c0635fd71a6a9fa2618aa776206bcf94f88a5a43d1be6c98782e4dd6f3f76b3b.json,,2314a8420db895335fea206507de4b4932f71f958d85eff3e053ba331fbe6101,247108
EV-B08DEA119A18,6df14d3834c32fdf8310eb82b0b0459fd8f6e8d7ee65fe6cac2e6af6a59c2351,E007/GARD/pre_onset/automated_pending/E007_GARD_pre_onset__search-war-risk/20260913T230413997859Z_3a_bh5fq/E007_GARD_pre_onset__search-war-risk__page-2.pdf,E007,pre_onset,GARD,listing_capture,https://gard.no/search/?searchTerm=war%20risk,extracted,texts/6df14d3834c32fdf8310eb82b0b0459fd8f6e8d7ee65fe6cac2e6af6a59c2351.json,,659df1a0b1f83c52d285940c8b9781b36ec731d283281665524d45946bb0f939,4149014
EV-CFAC4CB580C0,d3cf3f2006e173e7bddbe8967fa25f9f731024d8ed1ed640c1d56edaeba478ae,E007/GARD/pre_onset/automated_pending/E007_GARD_pre_onset__search-war-risk/20260913T230413997859Z_3a_bh5fq/E007_GARD_pre_onset__search-war-risk__page-3.html,E007,pre_onset,GARD,listing_capture,https://gard.no/search/?searchTerm=war%20risk,extracted,texts/d3cf3f2006e173e7bddbe8967fa25f9f731024d8ed1ed640c1d56edaeba478ae.json,,49c11c2290744bb5c2b3afb938c95c20594e72271b4322b32cd519d155900897,241863
EV-1AB6CA77DC3A,46526f3a585046ef10cee8f12e10eed58d8dc19ceafeddd7a0d1132ce4a43876,E007/GARD/pre_onset/automated_pending/E007_GARD_pre_onset__search-war-risk/20260913T230413997859Z_3a_bh5fq/E007_GARD_pre_onset__search-war-risk__page-3.pdf,E007,pre_onset,GARD,listing_capture,https://gard.no/search/?searchTerm=war%20risk,extracted,texts/46526f3a585046ef10cee8f12e10eed58d8dc19ceafeddd7a0d1132ce4a43876.json,,43c7fcd65a19d40538d7c290266de32f7c61dbe3fb73e249f172c1de1ffeff99,482515
EV-C7421895AF33,17c4a74922f06ebfc5cdb76de8c0eea30957a8110bcd18810afaa7a92de054da,E007/GARD/pre_onset/automated_pending/E007_GARD_pre_onset__search-war-risk/20260913T230413997859Z_3a_bh5fq/E007_GARD_pre_onset__search-war-risk__page-4.html,E007,pre_onset,GARD,listing_capture,https://gard.no/search/?searchTerm=war%20risk,extracted,texts/17c4a74922f06ebfc5cdb76de8c0eea30957a8110bcd18810afaa7a92de054da.json,,769aed36ea2bb6ef4c7e545823f7293720628f4987137f5c6503b79d65f7f4e8,242044
EV-D824C9BFCE0E,84550205bcba87afe3532b413364b586a6e7b61906e837f6b409058118c87e7f,E007/GARD/pre_onset/automated_pending/E007_GARD_pre_onset__search-war-risk/20260913T230413997859Z_3a_bh5fq/E007_GARD_pre_onset__search-war-risk__page-4.pdf,E007,pre_onset,GARD,listing_capture,https://gard.no/search/?searchTerm=war%20risk,extracted,texts/84550205bcba87afe3532b413364b586a6e7b61906e837f6b409058118c87e7f.json,,c237b27301f9a4282016bbaaa2839c0da0a76c6bf5ce4a1cb23ea3cc36fbaba7,480540
EV-397ECA442C7B,60f29cd63aba0d0e633abbef65f4d75108a498319f33d45e6662da49d9f2a762,E007/GARD/pre_onset/automated_pending/E007_GARD_pre_onset__search-war-risk/20260913T230413997859Z_3a_bh5fq/E007_GARD_pre_onset__search-war-risk__page-5.html,E007,pre_onset,GARD,listing_capture,https://gard.no/search/?searchTerm=war%20risk,extracted,texts/60f29cd63aba0d0e633abbef65f4d75108a498319f33d45e6662da49d9f2a762.json,,bc5d1f6e244dfccea87ce7326167c4d6dd6f3e391b279cbc52bc159c89ad1424,243613
EV-A054525CCDF2,af1f3bbaceee2557a182f00bdf5986974e0719c221a611b9efd5fd5c4b804d6e,E007/GARD/pre_onset/automated_pending/E007_GARD_pre_onset__search-war-risk/20260913T230413997859Z_3a_bh5fq/E007_GARD_pre_onset__search-war-risk__page-5.pdf,E007,pre_onset,GARD,listing_capture,https://gard.no/search/?searchTerm=war%20risk,extracted,texts/af1f3bbaceee2557a182f00bdf5986974e0719c221a611b9efd5fd5c4b804d6e.json,,52a70363550518b80f5a232ae5384f85b76dd67bec61ccee9a65c0c0c7084c88,484787
EV-C7313C3D3673,9dd58c7cf64dee7a99dd2b99c7c16fba6475be07ed9be1b7f4f5fcf1dd8970b6,E007/GARD/pre_onset/automated_pending/E007_GARD_pre_onset__search-war-risk/20260913T230413997859Z_3a_bh5fq/E007_GARD_pre_onset__search-war-risk__page-6.html,E007,pre_onset,GARD,listing_capture,https://gard.no/search/?searchTerm=war%20risk,extracted,texts/9dd58c7cf64dee7a99dd2b99c7c16fba6475be07ed9be1b7f4f5fcf1dd8970b6.json,,dc87dd8e471c07f9c4590d1c5b51f73d814500f393a0f908f36c256afbc4efdd,243007
EV-8DC8FBF57C62,058e9d22f2fc3977fc89b51e4f7254c23ea3e184f9fcb2e029e20e4175d3fd67,E007/GARD/pre_onset/automated_pending/E007_GARD_pre_onset__search-war-risk/20260913T230413997859Z_3a_bh5fq/E007_GARD_pre_onset__search-war-risk__page-6.pdf,E007,pre_onset,GARD,listing_capture,https://gard.no/search/?searchTerm=war%20risk,extracted,texts/058e9d22f2fc3977fc89b51e4f7254c23ea3e184f9fcb2e029e20e4175d3fd67.json,,992904ee361e6696fdcf65df21139be422f3f5597f32e71f485dc54f3cf87df2,4621244
EV-DC270CF53423,6ec79648f31ac536ef36f82cbbc86aabebcf26ef4b02e57172e0a702508ec074,E007/GARD/pre_onset/automated_pending/E007_GARD_pre_onset__search-war-risk/20260913T230413997859Z_3a_bh5fq/E007_GARD_pre_onset__search-war-risk__page-7.html,E007,pre_onset,GARD,listing_capture,https://gard.no/search/?searchTerm=war%20risk,extracted,texts/6ec79648f31ac536ef36f82cbbc86aabebcf26ef4b02e57172e0a702508ec074.json,,8f3e9da35705a2127e479572c0faef41fa86742bb3dfba079581bf7b181557cf,236848
EV-71192BD608D9,9cf3ca6abed17e4cab7eacc350a40a18d8f17673f1be3354b8074260b7ceb926,E007/GARD/pre_onset/automated_pending/E007_GARD_pre_onset__search-war-risk/20260913T230413997859Z_3a_bh5fq/E007_GARD_pre_onset__search-war-risk__page-7.pdf,E007,pre_onset,GARD,listing_capture,https://gard.no/search/?searchTerm=war%20risk,extracted,texts/9cf3ca6abed17e4cab7eacc350a40a18d8f17673f1be3354b8074260b7ceb926.json,,e28826e433141e62a0361b6df8f7fb8519e2b9c639e5c70d8c3748d4708009f5,1453192
EV-2099E0089A8D,8d741edc47fa99cd21f545cf6b8af84a4d7bd1b313ad2b6ed028139529d3a3cd,E007/IUA_JWC_LMA/onset/automated_pending/E007_IUA_JWC_LMA_onset__page-1/20260913T211716002256Z_hd82okf_/E007_IUA_JWC_LMA_onset__page-1.html,E007,onset,IUA_JWC_LMA,listing_capture,https://lmalloyds.com/specialist-areas/underwriting/listed-areas/,extracted,texts/8d741edc47fa99cd21f545cf6b8af84a4d7bd1b313ad2b6ed028139529d3a3cd.json,,33d4304a5a5e69cafd237fe1178a162b3757de2c85ef29c7683653dea9bff701,177057
EV-FC85FBBF82C8,b2ac060d6e6ca34e6299b69125f0f9168e0610bd0689a46d4b31747c86a55d66,E007/IUA_JWC_LMA/onset/automated_pending/E007_IUA_JWC_LMA_onset__page-1/20260913T211716002256Z_hd82okf_/E007_IUA_JWC_LMA_onset__page-1.pdf,E007,onset,IUA_JWC_LMA,listing_capture,https://lmalloyds.com/specialist-areas/underwriting/listed-areas/,extracted,texts/b2ac060d6e6ca34e6299b69125f0f9168e0610bd0689a46d4b31747c86a55d66.json,,fb5710279719362b6dc0f92f616c70bbbc22bf2ff2f8487d45e4b0a1442a735a,1874047
EV-6DAD04B43171,6d27099cb3638280329f8a877484f596ae49c0d43a91a36467b0befef22acd3a,E007/IUA_JWC_LMA/pre_onset/automated_pending/E007_IUA_JWC_LMA_pre_onset__page-1/20260913T211707947033Z_ztya1mgf/E007_IUA_JWC_LMA_pre_onset__page-1.html,E007,pre_onset,IUA_JWC_LMA,listing_capture,https://lmalloyds.com/specialist-areas/underwriting/listed-areas/,extracted,texts/6d27099cb3638280329f8a877484f596ae49c0d43a91a36467b0befef22acd3a.json,,33d4304a5a5e69cafd237fe1178a162b3757de2c85ef29c7683653dea9bff701,177030
EV-75E27ACFF89C,770d494bc274ddd87f5e37737c9f4318d729f8fe2b36e02093cd7b42aba5dcdd,E007/IUA_JWC_LMA/pre_onset/automated_pending/E007_IUA_JWC_LMA_pre_onset__page-1/20260913T211707947033Z_ztya1mgf/E007_IUA_JWC_LMA_pre_onset__page-1.pdf,E007,pre_onset,IUA_JWC_LMA,listing_capture,https://lmalloyds.com/specialist-areas/underwriting/listed-areas/,extracted,texts/770d494bc274ddd87f5e37737c9f4318d729f8fe2b36e02093cd7b42aba5dcdd.json,,fc976f66858a049b91c23bd3146fd9636833bcba7c7ed633b6b39141069ab427,149818
EV-445EF108C635,55eb380da6c9bf50edd86a2e50d077da6237b05656c62b0566d8f4ad30151163,E007/MARAD/onset/automated_pending/E007_MARAD_onset__Arabian-Gulf/20260913T211257674431Z_s308hg3s/E007_MARAD_onset__Arabian-Gulf.html,E007,onset,MARAD,listing_capture,https://www.maritime.dot.gov/msci-alerts?field_msci_geographic_location_target_id=&field_msci_effective_date_value%5Bmin%5D=2019-06-19&field_msci_effective_date_value%5Bmax%5D=2019-07-03&keys=Arabian+Gulf,extracted,texts/55eb380da6c9bf50edd86a2e50d077da6237b05656c62b0566d8f4ad30151163.json,,7f999194ebfd21437c649ac0e0348ecade703bdf27b1522d5a6b5de195b494a2,78608
EV-84AB6EA8973E,d09bdb453f5be676f3c76ea18b206a2a37355221709cecee7dad36e0c664c650,E007/MARAD/onset/automated_pending/E007_MARAD_onset__Arabian-Gulf/20260913T211257674431Z_s308hg3s/E007_MARAD_onset__Arabian-Gulf.pdf,E007,onset,MARAD,listing_capture,https://www.maritime.dot.gov/msci-alerts?field_msci_geographic_location_target_id=&field_msci_effective_date_value%5Bmin%5D=2019-06-19&field_msci_effective_date_value%5Bmax%5D=2019-07-03&keys=Arabian+Gulf,extracted,texts/d09bdb453f5be676f3c76ea18b206a2a37355221709cecee7dad36e0c664c650.json,,f96d46384aa694c15513e9f1c6eab9a500c7c4c715a6078ad9cc22ed0691a629,224088
EV-68057E61FE08,45aeb17f68acb61464350b92ab77ea15fea19b0db9a720cc8a1ab512c4947f89,E007/MARAD/onset/automated_pending/E007_MARAD_onset__Gulf-of-Oman/20260913T211302378303Z_7c9vu69v/E007_MARAD_onset__Gulf-of-Oman.html,E007,onset,MARAD,listing_capture,https://www.maritime.dot.gov/msci-alerts?field_msci_geographic_location_target_id=&field_msci_effective_date_value%5Bmin%5D=2019-06-19&field_msci_effective_date_value%5Bmax%5D=2019-07-03&keys=Gulf+of+Oman,extracted,texts/45aeb17f68acb61464350b92ab77ea15fea19b0db9a720cc8a1ab512c4947f89.json,,7f999194ebfd21437c649ac0e0348ecade703bdf27b1522d5a6b5de195b494a2,78608
EV-1A3899A2A510,a6369ddd7813385b7d7ec1a521fb78f671191db9be05742cdc174a57b8713124,E007/MARAD/onset/automated_pending/E007_MARAD_onset__Gulf-of-Oman/20260913T211302378303Z_7c9vu69v/E007_MARAD_onset__Gulf-of-Oman.pdf,E007,onset,MARAD,listing_capture,https://www.maritime.dot.gov/msci-alerts?field_msci_geographic_location_target_id=&field_msci_effective_date_value%5Bmin%5D=2019-06-19&field_msci_effective_date_value%5Bmax%5D=2019-07-03&keys=Gulf+of+Oman,extracted,texts/a6369ddd7813385b7d7ec1a521fb78f671191db9be05742cdc174a57b8713124.json,,12fd0952a24257b0c0ac7bd35a144d6533ac443b84886e86e4ce2b9817df1a87,223615
EV-F284FC54549F,c66f248c1461a409e46dfd8df13e057a99ca568539e8ce2ed22f405f36ca6989,E007/MARAD/onset/automated_pending/E007_MARAD_onset__Hormuz/20260913T211306982307Z_ortlnjho/E007_MARAD_onset__Hormuz.html,E007,onset,MARAD,listing_capture,https://www.maritime.dot.gov/msci-alerts?field_msci_geographic_location_target_id=&field_msci_effective_date_value%5Bmin%5D=2019-06-19&field_msci_effective_date_value%5Bmax%5D=2019-07-03&keys=Hormuz,extracted,texts/c66f248c1461a409e46dfd8df13e057a99ca568539e8ce2ed22f405f36ca6989.json,,7f999194ebfd21437c649ac0e0348ecade703bdf27b1522d5a6b5de195b494a2,78596
EV-620FD6C412C0,9c36ed93eca8e03effcc0e5e027f91bce657cf0c776f16b8d08737045111946d,E007/MARAD/onset/automated_pending/E007_MARAD_onset__Hormuz/20260913T211306982307Z_ortlnjho/E007_MARAD_onset__Hormuz.pdf,E007,onset,MARAD,listing_capture,https://www.maritime.dot.gov/msci-alerts?field_msci_geographic_location_target_id=&field_msci_effective_date_value%5Bmin%5D=2019-06-19&field_msci_effective_date_value%5Bmax%5D=2019-07-03&keys=Hormuz,extracted,texts/9c36ed93eca8e03effcc0e5e027f91bce657cf0c776f16b8d08737045111946d.json,,a29dde5236691023cd4fcac73a805f1973b7686e4988d27dede4b8e44da7857b,222796
EV-A7C9DA21AF92,237a32f86d287897e6738216bd9278a037ae592004631e6737a5d51217170091,E007/MARAD/onset/automated_pending/E007_MARAD_onset__Iran/20260913T211311387722Z_9b0w12sd/E007_MARAD_onset__Iran.html,E007,onset,MARAD,listing_capture,https://www.maritime.dot.gov/msci-alerts?field_msci_geographic_location_target_id=&field_msci_effective_date_value%5Bmin%5D=2019-06-19&field_msci_effective_date_value%5Bmax%5D=2019-07-03&keys=Iran,extracted,texts/237a32f86d287897e6738216bd9278a037ae592004631e6737a5d51217170091.json,,7f999194ebfd21437c649ac0e0348ecade703bdf27b1522d5a6b5de195b494a2,78592
EV-FC8235F4BEDB,b55d06ddc9110f3597bfcd404aec5d2e40bcc884b89c663e7288d9c798137e6c,E007/MARAD/onset/automated_pending/E007_MARAD_onset__Iran/20260913T211311387722Z_9b0w12sd/E007_MARAD_onset__Iran.pdf,E007,onset,MARAD,listing_capture,https://www.maritime.dot.gov/msci-alerts?field_msci_geographic_location_target_id=&field_msci_effective_date_value%5Bmin%5D=2019-06-19&field_msci_effective_date_value%5Bmax%5D=2019-07-03&keys=Iran,extracted,texts/b55d06ddc9110f3597bfcd404aec5d2e40bcc884b89c663e7288d9c798137e6c.json,,c945d0c91785cd41600d2fd8210b1b8efe83932e8543aab9b79413c3de834c00,222912
EV-DF38AAD2E812,701822257f1e02b425e1ee75e9135d9df01c71016d2c7d44f6d88d0f24dfe201,E007/MARAD/onset/automated_pending/E007_MARAD_onset__Persian-Gulf/20260913T211316256548Z_urfyb3a5/E007_MARAD_onset__Persian-Gulf.html,E007,onset,MARAD,listing_capture,https://www.maritime.dot.gov/msci-alerts?field_msci_geographic_location_target_id=&field_msci_effective_date_value%5Bmin%5D=2019-06-19&field_msci_effective_date_value%5Bmax%5D=2019-07-03&keys=Persian+Gulf,extracted,texts/701822257f1e02b425e1ee75e9135d9df01c71016d2c7d44f6d88d0f24dfe201.json,,7f999194ebfd21437c649ac0e0348ecade703bdf27b1522d5a6b5de195b494a2,78608
EV-431C7824E4FD,b716eca9de0ecb14cb5238a822d1065db795b2e1a422e5670dd871e9acdc8f7e,E007/MARAD/onset/automated_pending/E007_MARAD_onset__Persian-Gulf/20260913T211316256548Z_urfyb3a5/E007_MARAD_onset__Persian-Gulf.pdf,E007,onset,MARAD,listing_capture,https://www.maritime.dot.gov/msci-alerts?field_msci_geographic_location_target_id=&field_msci_effective_date_value%5Bmin%5D=2019-06-19&field_msci_effective_date_value%5Bmax%5D=2019-07-03&keys=Persian+Gulf,extracted,texts/b716eca9de0ecb14cb5238a822d1065db795b2e1a422e5670dd871e9acdc8f7e.json,,dc242fb1a296ee17a6ff9bfccbff35f9a3c8ecf15a2e0d4752c82ccca6679925,223047
EV-C6221E0EAA80,c14c5a457b4b230a2dd07c89914bd726466d0bc3f05a097fc0b82e12efb5d6a2,E007/MARAD/pre_onset/automated_pending/E007_MARAD_pre_onset__Arabian-Gulf/20260913T211215085095Z_nfrz6i73/E007_MARAD_pre_onset__Arabian-Gulf.html,E007,pre_onset,MARAD,listing_capture,https://www.maritime.dot.gov/msci-alerts?field_msci_geographic_location_target_id=&field_msci_effective_date_value%5Bmin%5D=2019-05-20&field_msci_effective_date_value%5Bmax%5D=2019-06-18&keys=Arabian+Gulf,extracted,texts/c14c5a457b4b230a2dd07c89914bd726466d0bc3f05a097fc0b82e12efb5d6a2.json,,cf100dc92ba2cd5b42db8b1ee29d5cbddba1f12c983d61409de0c3fd71276fb1,79942
EV-B714BB01666A,5905e8e64767c70f504b77499a4fd4d723977d1a7b96de9239850be95e449592,E007/MARAD/pre_onset/automated_pending/E007_MARAD_pre_onset__Arabian-Gulf/20260913T211215085095Z_nfrz6i73/E007_MARAD_pre_onset__Arabian-Gulf.pdf,E007,pre_onset,MARAD,listing_capture,https://www.maritime.dot.gov/msci-alerts?field_msci_geographic_location_target_id=&field_msci_effective_date_value%5Bmin%5D=2019-05-20&field_msci_effective_date_value%5Bmax%5D=2019-06-18&keys=Arabian+Gulf,extracted,texts/5905e8e64767c70f504b77499a4fd4d723977d1a7b96de9239850be95e449592.json,,016ca1f3dad93c970c670d509c89f97527d9fbb962152202f3a485c639b1f558,229620
EV-BA3C5900F785,5cc69020255b795f07070f1b476713b6152d7efb01896b28a965a64f560f0e87,E007/MARAD/pre_onset/automated_pending/E007_MARAD_pre_onset__Arabian-Gulf/20260913T211215085095Z_nfrz6i73/E007_MARAD_pre_onset__Arabian-Gulf__document-ec66a102d9.html,E007,pre_onset,MARAD,article_capture,https://www.maritime.dot.gov/msci/2019-003a-gulf-oman-vessel-attacks,extracted,texts/5cc69020255b795f07070f1b476713b6152d7efb01896b28a965a64f560f0e87.json,,712463d72dfb28ebdadf0ea5e9a9c50e87ee1fdf6124cd6e397ac4eba1b1163e,73382
EV-BA3C5900F785,5cc69020255b795f07070f1b476713b6152d7efb01896b28a965a64f560f0e87,E007/MARAD/pre_onset/automated_pending/E007_MARAD_pre_onset__Gulf-of-Oman/20260913T211222872334Z_7vblcq7p/E007_MARAD_pre_onset__Gulf-of-Oman__document-ec66a102d9.html,E007,pre_onset,MARAD,article_capture,https://www.maritime.dot.gov/msci/2019-003a-gulf-oman-vessel-attacks,extracted,texts/5cc69020255b795f07070f1b476713b6152d7efb01896b28a965a64f560f0e87.json,,712463d72dfb28ebdadf0ea5e9a9c50e87ee1fdf6124cd6e397ac4eba1b1163e,73382
EV-BA3C5900F785,5cc69020255b795f07070f1b476713b6152d7efb01896b28a965a64f560f0e87,E007/MARAD/pre_onset/automated_pending/E007_MARAD_pre_onset__Hormuz/20260913T211230870815Z_2vdf40ih/E007_MARAD_pre_onset__Hormuz__document-ec66a102d9.html,E007,pre_onset,MARAD,article_capture,https://www.maritime.dot.gov/msci/2019-003a-gulf-oman-vessel-attacks,extracted,texts/5cc69020255b795f07070f1b476713b6152d7efb01896b28a965a64f560f0e87.json,,712463d72dfb28ebdadf0ea5e9a9c50e87ee1fdf6124cd6e397ac4eba1b1163e,73382
EV-BA3C5900F785,5cc69020255b795f07070f1b476713b6152d7efb01896b28a965a64f560f0e87,E007/MARAD/pre_onset/automated_pending/E007_MARAD_pre_onset__Iran/20260913T211240012059Z_xxvu027o/E007_MARAD_pre_onset__Iran__document-ec66a102d9.html,E007,pre_onset,MARAD,article_capture,https://www.maritime.dot.gov/msci/2019-003a-gulf-oman-vessel-attacks,extracted,texts/5cc69020255b795f07070f1b476713b6152d7efb01896b28a965a64f560f0e87.json,,712463d72dfb28ebdadf0ea5e9a9c50e87ee1fdf6124cd6e397ac4eba1b1163e,73382
EV-BA3C5900F785,5cc69020255b795f07070f1b476713b6152d7efb01896b28a965a64f560f0e87,E007/MARAD/pre_onset/automated_pending/E007_MARAD_pre_onset__Persian-Gulf/20260913T211248700684Z_3zdn_lgt/E007_MARAD_pre_onset__Persian-Gulf__document-ec66a102d9.html,E007,pre_onset,MARAD,article_capture,https://www.maritime.dot.gov/msci/2019-003a-gulf-oman-vessel-attacks,extracted,texts/5cc69020255b795f07070f1b476713b6152d7efb01896b28a965a64f560f0e87.json,,712463d72dfb28ebdadf0ea5e9a9c50e87ee1fdf6124cd6e397ac4eba1b1163e,73382
EV-BA3C5900F785,f9ec57500167cb5861a9b65528b7ad5a05c55e11a558f97e61a3fcd0aa285638,E007/MARAD/pre_onset/automated_pending/E007_MARAD_pre_onset__Arabian-Gulf/20260913T211215085095Z_nfrz6i73/E007_MARAD_pre_onset__Arabian-Gulf__document-ec66a102d9.pdf,E007,pre_onset,MARAD,article_capture,https://www.maritime.dot.gov/msci/2019-003a-gulf-oman-vessel-attacks,extracted,texts/f9ec57500167cb5861a9b65528b7ad5a05c55e11a558f97e61a3fcd0aa285638.json,,324c1c998891ba525084d47f5df67232576684d1bd756076b999e4070f859eb4,233220
EV-BA3F1493536E,008463faf7ef2490c19854445e32f85decf1fcf2a4a43bdccda33716c7e3b819,E007/MARAD/pre_onset/automated_pending/E007_MARAD_pre_onset__Gulf-of-Oman/20260913T211222872334Z_7vblcq7p/E007_MARAD_pre_onset__Gulf-of-Oman.html,E007,pre_onset,MARAD,listing_capture,https://www.maritime.dot.gov/msci-alerts?field_msci_geographic_location_target_id=&field_msci_effective_date_value%5Bmin%5D=2019-05-20&field_msci_effective_date_value%5Bmax%5D=2019-06-18&keys=Gulf+of+Oman,extracted,texts/008463faf7ef2490c19854445e32f85decf1fcf2a4a43bdccda33716c7e3b819.json,,cf100dc92ba2cd5b42db8b1ee29d5cbddba1f12c983d61409de0c3fd71276fb1,79559
EV-EA96AFC7091E,9ffd8683c8e3dca06cfe6ec921cd8d733a068a94cc8a4c814539262926ad9c27,E007/MARAD/pre_onset/automated_pending/E007_MARAD_pre_onset__Gulf-of-Oman/20260913T211222872334Z_7vblcq7p/E007_MARAD_pre_onset__Gulf-of-Oman.pdf,E007,pre_onset,MARAD,listing_capture,https://www.maritime.dot.gov/msci-alerts?field_msci_geographic_location_target_id=&field_msci_effective_date_value%5Bmin%5D=2019-05-20&field_msci_effective_date_value%5Bmax%5D=2019-06-18&keys=Gulf+of+Oman,extracted,texts/9ffd8683c8e3dca06cfe6ec921cd8d733a068a94cc8a4c814539262926ad9c27.json,,56d955c340e1957033bb10db4def3bd0a6a42a803c17422ea475dbd703439edd,230022
EV-BA3C5900F785,5c0cff15bc058ce5bf49c08b2d8b07a48bb7eb26d34f2cb840659ac9e21842cb,E007/MARAD/pre_onset/automated_pending/E007_MARAD_pre_onset__Gulf-of-Oman/20260913T211222872334Z_7vblcq7p/E007_MARAD_pre_onset__Gulf-of-Oman__document-ec66a102d9.pdf,E007,pre_onset,MARAD,article_capture,https://www.maritime.dot.gov/msci/2019-003a-gulf-oman-vessel-attacks,extracted,texts/5c0cff15bc058ce5bf49c08b2d8b07a48bb7eb26d34f2cb840659ac9e21842cb.json,,e8a4f6e6902e5e450e7ebdc2ff4d0d7f24a7618dc74ab33373aa2e8e078b123b,232808
EV-940273BCC446,cdacc72fec76da75a7a3c85bf8c8341f66682032d12bbed265a5bd6afc178600,E007/MARAD/pre_onset/automated_pending/E007_MARAD_pre_onset__Hormuz/20260913T211230870815Z_2vdf40ih/E007_MARAD_pre_onset__Hormuz.html,E007,pre_onset,MARAD,listing_capture,https://www.maritime.dot.gov/msci-alerts?field_msci_geographic_location_target_id=&field_msci_effective_date_value%5Bmin%5D=2019-05-20&field_msci_effective_date_value%5Bmax%5D=2019-06-18&keys=Hormuz,extracted,texts/cdacc72fec76da75a7a3c85bf8c8341f66682032d12bbed265a5bd6afc178600.json,,cf100dc92ba2cd5b42db8b1ee29d5cbddba1f12c983d61409de0c3fd71276fb1,79547
EV-E681B17AF3AD,d675bb24ee468f764b85e00f243940cd92cc8c2cf5be4a5f53c3196dc0023389,E007/MARAD/pre_onset/automated_pending/E007_MARAD_pre_onset__Hormuz/20260913T211230870815Z_2vdf40ih/E007_MARAD_pre_onset__Hormuz.pdf,E007,pre_onset,MARAD,listing_capture,https://www.maritime.dot.gov/msci-alerts?field_msci_geographic_location_target_id=&field_msci_effective_date_value%5Bmin%5D=2019-05-20&field_msci_effective_date_value%5Bmax%5D=2019-06-18&keys=Hormuz,extracted,texts/d675bb24ee468f764b85e00f243940cd92cc8c2cf5be4a5f53c3196dc0023389.json,,b3e9c270fb85b07415cedbcaa16d2cf45d099d6f0961dd23313ca5a2b0cc91a5,230194
EV-BA3C5900F785,c6051a5a87201667c2107fb3abec31ba91ec24136ceda613ccd4b4bf3f0d34be,E007/MARAD/pre_onset/automated_pending/E007_MARAD_pre_onset__Hormuz/20260913T211230870815Z_2vdf40ih/E007_MARAD_pre_onset__Hormuz__document-ec66a102d9.pdf,E007,pre_onset,MARAD,article_capture,https://www.maritime.dot.gov/msci/2019-003a-gulf-oman-vessel-attacks,extracted,texts/c6051a5a87201667c2107fb3abec31ba91ec24136ceda613ccd4b4bf3f0d34be.json,,69856b68f16b7317e97bb79017b8952995e33ddd7542eae49c53b0507373c8c1,233747
EV-1464ADAFA9A5,81fba154385150a295cf1d09a144f398695a2c35942ee6f60493211a3eac69e3,E007/MARAD/pre_onset/automated_pending/E007_MARAD_pre_onset__Iran/20260913T211240012059Z_xxvu027o/E007_MARAD_pre_onset__Iran.html,E007,pre_onset,MARAD,listing_capture,https://www.maritime.dot.gov/msci-alerts?field_msci_geographic_location_target_id=&field_msci_effective_date_value%5Bmin%5D=2019-05-20&field_msci_effective_date_value%5Bmax%5D=2019-06-18&keys=Iran,extracted,texts/81fba154385150a295cf1d09a144f398695a2c35942ee6f60493211a3eac69e3.json,,cf100dc92ba2cd5b42db8b1ee29d5cbddba1f12c983d61409de0c3fd71276fb1,79543
EV-839F8F14C4E0,5730b38eb07d7ea0bd8664c4bee7056852466e3c96c09fd2db49f05acd495dc2,E007/MARAD/pre_onset/automated_pending/E007_MARAD_pre_onset__Iran/20260913T211240012059Z_xxvu027o/E007_MARAD_pre_onset__Iran.pdf,E007,pre_onset,MARAD,listing_capture,https://www.maritime.dot.gov/msci-alerts?field_msci_geographic_location_target_id=&field_msci_effective_date_value%5Bmin%5D=2019-05-20&field_msci_effective_date_value%5Bmax%5D=2019-06-18&keys=Iran,extracted,texts/5730b38eb07d7ea0bd8664c4bee7056852466e3c96c09fd2db49f05acd495dc2.json,,0cce229fcb30a5168343ad089c18fcaec84847e03fface89270d1f4624498293,229421
EV-BA3C5900F785,b3088a7a1ef5d493962bbb3a3520790c121115ca3ec17a1fa22758fff4cba9e1,E007/MARAD/pre_onset/automated_pending/E007_MARAD_pre_onset__Iran/20260913T211240012059Z_xxvu027o/E007_MARAD_pre_onset__Iran__document-ec66a102d9.pdf,E007,pre_onset,MARAD,article_capture,https://www.maritime.dot.gov/msci/2019-003a-gulf-oman-vessel-attacks,extracted,texts/b3088a7a1ef5d493962bbb3a3520790c121115ca3ec17a1fa22758fff4cba9e1.json,,04c1c64b6c534be0cf30bc13c00893856dcd42ad4b2b9d7ad15af4e806622e62,233528
EV-CF6760DADBCF,849402ae13f191c0ef7b039f45038ddbbd177cbe8a70d2d263b4c4928d7df19d,E007/MARAD/pre_onset/automated_pending/E007_MARAD_pre_onset__Persian-Gulf/20260913T211248700684Z_3zdn_lgt/E007_MARAD_pre_onset__Persian-Gulf.html,E007,pre_onset,MARAD,listing_capture,https://www.maritime.dot.gov/msci-alerts?field_msci_geographic_location_target_id=&field_msci_effective_date_value%5Bmin%5D=2019-05-20&field_msci_effective_date_value%5Bmax%5D=2019-06-18&keys=Persian+Gulf,extracted,texts/849402ae13f191c0ef7b039f45038ddbbd177cbe8a70d2d263b4c4928d7df19d.json,,cf100dc92ba2cd5b42db8b1ee29d5cbddba1f12c983d61409de0c3fd71276fb1,79559
EV-CB28986D6DFC,508587484279e37fbf7b2a3a82401fd9ecfe8aa9dc8bdec4a1812319833396d6,E007/MARAD/pre_onset/automated_pending/E007_MARAD_pre_onset__Persian-Gulf/20260913T211248700684Z_3zdn_lgt/E007_MARAD_pre_onset__Persian-Gulf.pdf,E007,pre_onset,MARAD,listing_capture,https://www.maritime.dot.gov/msci-alerts?field_msci_geographic_location_target_id=&field_msci_effective_date_value%5Bmin%5D=2019-05-20&field_msci_effective_date_value%5Bmax%5D=2019-06-18&keys=Persian+Gulf,extracted,texts/508587484279e37fbf7b2a3a82401fd9ecfe8aa9dc8bdec4a1812319833396d6.json,,5efbb47af14b4d1d3d0330d31bbe382c05eff500e60236d7098b47fa51b00b21,229613
EV-BA3C5900F785,f8aa722b74c7065a366ea53c8be34c7b90cabc1218297bb256beae0710451c1c,E007/MARAD/pre_onset/automated_pending/E007_MARAD_pre_onset__Persian-Gulf/20260913T211248700684Z_3zdn_lgt/E007_MARAD_pre_onset__Persian-Gulf__document-ec66a102d9.pdf,E007,pre_onset,MARAD,article_capture,https://www.maritime.dot.gov/msci/2019-003a-gulf-oman-vessel-attacks,extracted,texts/f8aa722b74c7065a366ea53c8be34c7b90cabc1218297bb256beae0710451c1c.json,,c45fa9c0e36e2cb2f2c9d6baacc27be5ca54aa96f8a85b4e9c2431e617f1b1b0,233424
EV-9D65429E7FE0,a72169c1f45e7224849eb47a230c6f943feefb492ad7d1c95eb920fdf0eb3af2,E027/GARD/onset/automated_pending/E027_GARD_onset__search-Gulf-of-Oman/20260913T232950818007Z_2gsu8px4/E027_GARD_onset__search-Gulf-of-Oman.html,E027,onset,GARD,listing_capture,https://gard.no/search/?searchTerm=Gulf%20of%20Oman,extracted,texts/a72169c1f45e7224849eb47a230c6f943feefb492ad7d1c95eb920fdf0eb3af2.json,,6fa1e1afec4bde06041ef70a1c98328676224726359cb7407f9832498bae0a39,239090
EV-283FD0CB4EA3,cc5a935810f61dafca4ee3bab3c6917ce79f16fced9584e99ec25a8b0ea500a0,E027/GARD/onset/automated_pending/E027_GARD_onset__search-Gulf-of-Oman/20260913T232950818007Z_2gsu8px4/E027_GARD_onset__search-Gulf-of-Oman.pdf,E027,onset,GARD,listing_capture,https://gard.no/search/?searchTerm=Gulf%20of%20Oman,extracted,texts/cc5a935810f61dafca4ee3bab3c6917ce79f16fced9584e99ec25a8b0ea500a0.json,,8368c3acc82cd08a5261f3ad156fad7ea4a7ad50d03040670541a4eb1ecb674b,2171198
EV-EA47353FDF2D,5ca07ae00c81e984322bd1f1be2b7a5e0e445c38653752e750bc289af597a79d,E027/GARD/onset/automated_pending/E027_GARD_onset__search-Hormuz/20260913T233022856300Z_jdda3juv/E027_GARD_onset__search-Hormuz.html,E027,onset,GARD,listing_capture,https://gard.no/search/?searchTerm=Hormuz,extracted,texts/5ca07ae00c81e984322bd1f1be2b7a5e0e445c38653752e750bc289af597a79d.json,,b79c4b1fa3760ce02d0639b5741c7df34f783cb6bff232659a6a707fefc93083,239136
EV-EA47353FDF2D,5ca07ae00c81e984322bd1f1be2b7a5e0e445c38653752e750bc289af597a79d,E029/GARD/pre_onset/automated_pending/E029_GARD_pre_onset__search-Hormuz/20260913T234015633856Z_hrfqs4_b/E029_GARD_pre_onset__search-Hormuz.html,E029,pre_onset,GARD,listing_capture,https://gard.no/search/?searchTerm=Hormuz,extracted,texts/5ca07ae00c81e984322bd1f1be2b7a5e0e445c38653752e750bc289af597a79d.json,,b79c4b1fa3760ce02d0639b5741c7df34f783cb6bff232659a6a707fefc93083,239136
EV-7EF83CB06D13,57c09649dc2fc7cb9120bd21832f109245b828b58e05607132b3b2de163be86e,E027/GARD/onset/automated_pending/E027_GARD_onset__search-Hormuz/20260913T233022856300Z_jdda3juv/E027_GARD_onset__search-Hormuz.pdf,E027,onset,GARD,listing_capture,https://gard.no/search/?searchTerm=Hormuz,extracted,texts/57c09649dc2fc7cb9120bd21832f109245b828b58e05607132b3b2de163be86e.json,,b57e9b3e3b00bdbddce57328d0331aa1bfbf8f71d8b28bd59bb0b3f87fe7c37b,3714579
EV-08C96D885291,881b9dac5e8bd35cb6965e40d13879f120b7e42f96acb4fb8bb9d2f51ccf2f2f,E027/GARD/onset/automated_pending/E027_GARD_onset__search-Iran/20260913T233055522904Z_xjk39vq6/E027_GARD_onset__search-Iran.html,E027,onset,GARD,listing_capture,https://gard.no/search/?searchTerm=Iran,extracted,texts/881b9dac5e8bd35cb6965e40d13879f120b7e42f96acb4fb8bb9d2f51ccf2f2f.json,,b7d5bf99e0bcfe2992f141002b0860785d0356a9a7bc40bf4d39216fcd8221f6,252586
EV-5DD21830AA24,38e992e2e8774f0d9757b4bc2068c6b12449f715535566d7b3fe1991f2bd7150,E027/GARD/onset/automated_pending/E027_GARD_onset__search-Iran/20260913T233055522904Z_xjk39vq6/E027_GARD_onset__search-Iran.pdf,E027,onset,GARD,listing_capture,https://gard.no/search/?searchTerm=Iran,extracted,texts/38e992e2e8774f0d9757b4bc2068c6b12449f715535566d7b3fe1991f2bd7150.json,,289389eef7db4143c6c7e33f2ea3a64d737d1debfd745923da881e11e07d061c,5184515
EV-7943D134D2D2,da1e8b1ac160c18b6b2a5a6b940bdce0effacc2f6a6cbb50a5ebd6ac95835e82,E027/GARD/onset/automated_pending/E027_GARD_onset__search-Iran/20260913T233055522904Z_xjk39vq6/E027_GARD_onset__search-Iran__page-2.html,E027,onset,GARD,listing_capture,https://gard.no/search/?searchTerm=Iran,extracted,texts/da1e8b1ac160c18b6b2a5a6b940bdce0effacc2f6a6cbb50a5ebd6ac95835e82.json,,8f5d5e27b5347123420ec210c214ec177039982db9c51fe7e484fc09af726a38,241976
EV-F4BBCFE551BA,21c38b827b2a070561140549691c3a8b9f9963ecadf0fceb1fb08743bf642a1c,E027/GARD/onset/automated_pending/E027_GARD_onset__search-Iran/20260913T233055522904Z_xjk39vq6/E027_GARD_onset__search-Iran__page-2.pdf,E027,onset,GARD,listing_capture,https://gard.no/search/?searchTerm=Iran,extracted,texts/21c38b827b2a070561140549691c3a8b9f9963ecadf0fceb1fb08743bf642a1c.json,,cb66eeaca3ad3c1ecdd18dbeb7853204efddc44f1e02afff6c2711ee3e7bf419,5160986
EV-9A8EDC2B126D,132b6f2cbbb2b657590b5796a7076da3acfc660186e94ccc24f6e0df74b42cec,E027/GARD/onset/automated_pending/E027_GARD_onset__search-Persian-Gulf/20260913T233211579202Z_hzt05_wk/E027_GARD_onset__search-Persian-Gulf.html,E027,onset,GARD,listing_capture,https://gard.no/search/?searchTerm=Persian%20Gulf,extracted,texts/132b6f2cbbb2b657590b5796a7076da3acfc660186e94ccc24f6e0df74b42cec.json,,8f6190ad786aedb4425055399e00eca62523c04326756472f0a68739bc2d8470,246026
EV-3E824C06346E,33911d00f7e56b3360adaf0e653e96e7c3b375377b0643fbf18665e726825f3c,E027/GARD/onset/automated_pending/E027_GARD_onset__search-Persian-Gulf/20260913T233211579202Z_hzt05_wk/E027_GARD_onset__search-Persian-Gulf.pdf,E027,onset,GARD,listing_capture,https://gard.no/search/?searchTerm=Persian%20Gulf,extracted,texts/33911d00f7e56b3360adaf0e653e96e7c3b375377b0643fbf18665e726825f3c.json,,c7b90ba8149402cdb365c91f8670f273436f107043643922bdce4a8f8c29f7c0,5253106
EV-0E3847E53E07,b9a48933f0ff5860e4b20422db8476d464c28b2d84a777f1b0c43050938f556e,E027/GARD/onset/automated_pending/E027_GARD_onset__search-navigational-warning/20260913T233304588728Z_e7gqfgnd/E027_GARD_onset__search-navigational-warning.html,E027,onset,GARD,listing_capture,https://gard.no/search/?searchTerm=navigational%20warning,extracted,texts/b9a48933f0ff5860e4b20422db8476d464c28b2d84a777f1b0c43050938f556e.json,,b26c09423d23d4e7c261c7dad9051a80e3dda4ce5d64cf4d0e830aba782f3d62,249583
EV-552B9F04AF89,3ac7882cbc8ae08002e69430291450dda3005207de972bcf1012f356280d9399,E027/GARD/onset/automated_pending/E027_GARD_onset__search-navigational-warning/20260913T233304588728Z_e7gqfgnd/E027_GARD_onset__search-navigational-warning.pdf,E027,onset,GARD,listing_capture,https://gard.no/search/?searchTerm=navigational%20warning,extracted,texts/3ac7882cbc8ae08002e69430291450dda3005207de972bcf1012f356280d9399.json,,05abf331335d0da011b30ac17629fdaf4aa33fb6184a75bdfbb84dbbedbd8b63,11251237
EV-8A918B627DDD,98180834b2acdb2b8ac533e6b6b452f997d9b3a4746701c0c4ee94647165d0dc,E027/GARD/onset/automated_pending/E027_GARD_onset__search-war-risk/20260913T233409543392Z_ndlenz3z/E027_GARD_onset__search-war-risk.html,E027,onset,GARD,listing_capture,https://gard.no/search/?searchTerm=war%20risk,extracted,texts/98180834b2acdb2b8ac533e6b6b452f997d9b3a4746701c0c4ee94647165d0dc.json,,78187af94bbaf6f828813ac684f405c29f92d85ca30c2e8369dc44ec30498da0,247179
EV-326F303D8B7E,a44bbcf4de4a2ea96ca584dd7bd05a39b057015e7526e88b6b25c724f07665bf,E027/GARD/onset/automated_pending/E027_GARD_onset__search-war-risk/20260913T233409543392Z_ndlenz3z/E027_GARD_onset__search-war-risk.pdf,E027,onset,GARD,listing_capture,https://gard.no/search/?searchTerm=war%20risk,extracted,texts/a44bbcf4de4a2ea96ca584dd7bd05a39b057015e7526e88b6b25c724f07665bf.json,,53d16deca92492eb6e6e5eed8ea06c35cabda0cd94507f88b356da4a41546dc0,7848560
EV-99BE6442CDED,6a1d9ccf8ccf57f4f8a6110162e8d4736a1b65aff108391b837893988df3fa38,E027/GARD/onset/automated_pending/E027_GARD_onset__search-war-risk/20260913T233409543392Z_ndlenz3z/E027_GARD_onset__search-war-risk__page-2.html,E027,onset,GARD,listing_capture,https://gard.no/search/?searchTerm=war%20risk,extracted,texts/6a1d9ccf8ccf57f4f8a6110162e8d4736a1b65aff108391b837893988df3fa38.json,,2314a8420db895335fea206507de4b4932f71f958d85eff3e053ba331fbe6101,246992
EV-879BE93E760D,4e112732b2e650adfb72577a52e3ae04f991532b911d120cd1cc86cfb7bc2f36,E027/GARD/onset/automated_pending/E027_GARD_onset__search-war-risk/20260913T233409543392Z_ndlenz3z/E027_GARD_onset__search-war-risk__page-2.pdf,E027,onset,GARD,listing_capture,https://gard.no/search/?searchTerm=war%20risk,extracted,texts/4e112732b2e650adfb72577a52e3ae04f991532b911d120cd1cc86cfb7bc2f36.json,,3c51ebc093996ce06f216fa31c13950cec18e1f445abfa80ecfa0d6b4a7f0ca6,7826826
EV-6996B0A84D34,023d8ace9426414b524211b20fe8dd8e5f73786b8dc552084cc87dac3c5ace27,E027/GARD/onset/automated_pending/E027_GARD_onset__search-war-risk/20260913T233409543392Z_ndlenz3z/E027_GARD_onset__search-war-risk__page-3.html,E027,onset,GARD,listing_capture,https://gard.no/search/?searchTerm=war%20risk,extracted,texts/023d8ace9426414b524211b20fe8dd8e5f73786b8dc552084cc87dac3c5ace27.json,,49c11c2290744bb5c2b3afb938c95c20594e72271b4322b32cd519d155900897,241747
EV-776681A63F65,dedb260a2d505ac07270184c1f0cd81f22730eb0d4874a6e6fa35ae7ca18ac74,E027/GARD/onset/automated_pending/E027_GARD_onset__search-war-risk/20260913T233409543392Z_ndlenz3z/E027_GARD_onset__search-war-risk__page-3.pdf,E027,onset,GARD,listing_capture,https://gard.no/search/?searchTerm=war%20risk,extracted,texts/dedb260a2d505ac07270184c1f0cd81f22730eb0d4874a6e6fa35ae7ca18ac74.json,,df4e4d81d89a1c419c95ce39239c69e46e9fdae12c6993c8661d1bf0d4c9c736,4149795
EV-DEDE702564FF,f8efe3055775265edf2df3fcd52780ebc10471ed772358305d3cc9b56a840b3a,E027/GARD/onset/automated_pending/E027_GARD_onset__search-war-risk/20260913T233409543392Z_ndlenz3z/E027_GARD_onset__search-war-risk__page-4.html,E027,onset,GARD,listing_capture,https://gard.no/search/?searchTerm=war%20risk,extracted,texts/f8efe3055775265edf2df3fcd52780ebc10471ed772358305d3cc9b56a840b3a.json,,769aed36ea2bb6ef4c7e545823f7293720628f4987137f5c6503b79d65f7f4e8,241928
EV-01F19D898CC4,c6a8fab238a02ae7f11fe51afa6920a32858dec7d7084bc6980027f2992fd85b,E027/GARD/onset/automated_pending/E027_GARD_onset__search-war-risk/20260913T233409543392Z_ndlenz3z/E027_GARD_onset__search-war-risk__page-4.pdf,E027,onset,GARD,listing_capture,https://gard.no/search/?searchTerm=war%20risk,extracted,texts/c6a8fab238a02ae7f11fe51afa6920a32858dec7d7084bc6980027f2992fd85b.json,,5110d7d5ae82bc0f61519254d3bb2f874a9d82c9a0408f371f0cc25bf4fdd89f,480608
EV-8B3A9985F07E,495e25dfd76bdbb58172a8940b9aa3ab59b12a7114ef4cde903d6c2357d54739,E027/GARD/onset/automated_pending/E027_GARD_onset__search-war-risk/20260913T233409543392Z_ndlenz3z/E027_GARD_onset__search-war-risk__page-5.html,E027,onset,GARD,listing_capture,https://gard.no/search/?searchTerm=war%20risk,extracted,texts/495e25dfd76bdbb58172a8940b9aa3ab59b12a7114ef4cde903d6c2357d54739.json,,bc5d1f6e244dfccea87ce7326167c4d6dd6f3e391b279cbc52bc159c89ad1424,243497
EV-15123B675851,21b24c2cdb18a4c01af8b013fd7b58af3cd19f6633c403664ffaf53dda65796d,E027/GARD/onset/automated_pending/E027_GARD_onset__search-war-risk/20260913T233409543392Z_ndlenz3z/E027_GARD_onset__search-war-risk__page-5.pdf,E027,onset,GARD,listing_capture,https://gard.no/search/?searchTerm=war%20risk,extracted,texts/21b24c2cdb18a4c01af8b013fd7b58af3cd19f6633c403664ffaf53dda65796d.json,,e4671e1f09484e1b4687889b253a25c03aacdddbaa6e9d342f17036f4a1df77a,484092
EV-14AD4718E459,ec75a8cc08e449dfe4f1fdc7fd239ac8abfb7ffa2608adc0d0fa0d648a32ac56,E027/GARD/onset/automated_pending/E027_GARD_onset__search-war-risk/20260913T233409543392Z_ndlenz3z/E027_GARD_onset__search-war-risk__page-6.html,E027,onset,GARD,listing_capture,https://gard.no/search/?searchTerm=war%20risk,extracted,texts/ec75a8cc08e449dfe4f1fdc7fd239ac8abfb7ffa2608adc0d0fa0d648a32ac56.json,,dc87dd8e471c07f9c4590d1c5b51f73d814500f393a0f908f36c256afbc4efdd,242891
EV-C8CD3BD5A491,6031953b250f6b8d4a61b3c914717ab30bdd66f71c2422d94d0a69ea19cc34f5,E027/GARD/onset/automated_pending/E027_GARD_onset__search-war-risk/20260913T233409543392Z_ndlenz3z/E027_GARD_onset__search-war-risk__page-6.pdf,E027,onset,GARD,listing_capture,https://gard.no/search/?searchTerm=war%20risk,extracted,texts/6031953b250f6b8d4a61b3c914717ab30bdd66f71c2422d94d0a69ea19cc34f5.json,,e7183ab53bfe33ea961baaed61eeec837343131d39b07dfb2447480d955fa0d2,4621246
EV-D6874754064F,4fc9cbf831a3ce93f26c343a1a9f45396ff5369b8c38e07aa9fba52c6afcbe9b,E027/GARD/onset/automated_pending/E027_GARD_onset__search-war-risk/20260913T233409543392Z_ndlenz3z/E027_GARD_onset__search-war-risk__page-7.html,E027,onset,GARD,listing_capture,https://gard.no/search/?searchTerm=war%20risk,extracted,texts/4fc9cbf831a3ce93f26c343a1a9f45396ff5369b8c38e07aa9fba52c6afcbe9b.json,,8f3e9da35705a2127e479572c0faef41fa86742bb3dfba079581bf7b181557cf,236732
EV-7FE20A115BEA,8ece5a050a3d09e7ef26c74d048211b97dc5ccf4d67675cc4d9d2a9945cbac60,E027/GARD/onset/automated_pending/E027_GARD_onset__search-war-risk/20260913T233409543392Z_ndlenz3z/E027_GARD_onset__search-war-risk__page-7.pdf,E027,onset,GARD,listing_capture,https://gard.no/search/?searchTerm=war%20risk,extracted,texts/8ece5a050a3d09e7ef26c74d048211b97dc5ccf4d67675cc4d9d2a9945cbac60.json,,c940a1fb22f4eaf0148f5467f5793076ad9780a60afd02752e7872cd78fe70bb,1453179
EV-3C2E21448F43,22aabe0bd8ff4c3ef90b47d8ca2ffa7e8844acaec1253238acc2b1e8e7229aec,E027/GARD/pre_onset/automated_pending/E027_GARD_pre_onset__search-Gulf-of-Oman/20260913T231954572757Z_r8e0wgu6/E027_GARD_pre_onset__search-Gulf-of-Oman.pdf,E027,pre_onset,GARD,listing_capture,https://gard.no/search/?searchTerm=Gulf%20of%20Oman,extracted,texts/22aabe0bd8ff4c3ef90b47d8ca2ffa7e8844acaec1253238acc2b1e8e7229aec.json,,60552317ae3c8e5dbc34976f7a6f9b0b04dec1950e9093c6a2702ee67a9a9e21,2171197
EV-9A9E4E3FCEEA,6e6e86ab16b4d03a341b2fc656d71236f8fa4de08e5c72e8d97e47b851fdbd18,E027/GARD/pre_onset/automated_pending/E027_GARD_pre_onset__search-Gulf-of-Oman/20260913T231954572757Z_r8e0wgu6/E027_GARD_pre_onset__search-Gulf-of-Oman__document-a2167037c8.html,E027,pre_onset,GARD,article_capture,https://gard.no/en/insights/maritime-security-recommendations-for-operations-persian-gulf/,extracted,texts/6e6e86ab16b4d03a341b2fc656d71236f8fa4de08e5c72e8d97e47b851fdbd18.json,,975eb6e68674cdb0966dba8c1f332fb2ca6626292b96f21267e998a4a69d2dfa,444458
EV-9A9E4E3FCEEA,81d4d8eb661372e1c2a9c771d6f15189d704a808f53fb6e75c0b0accaf1274aa,E027/GARD/pre_onset/automated_pending/E027_GARD_pre_onset__search-Gulf-of-Oman/20260913T231954572757Z_r8e0wgu6/E027_GARD_pre_onset__search-Gulf-of-Oman__document-a2167037c8.pdf,E027,pre_onset,GARD,article_capture,https://gard.no/en/insights/maritime-security-recommendations-for-operations-persian-gulf/,extracted,texts/81d4d8eb661372e1c2a9c771d6f15189d704a808f53fb6e75c0b0accaf1274aa.json,,508d5a015b1e0ac532681648f60008d2250705290506a7116f39707550dfb71b,1658851
EV-4A2805200F16,f4a35c8c446a60c971e90bb288069cf796dfddecd0ee378d5ad372b252c632e3,E027/GARD/pre_onset/automated_pending/E027_GARD_pre_onset__search-Hormuz/20260913T232027819104Z_7dv0tids/E027_GARD_pre_onset__search-Hormuz.pdf,E027,pre_onset,GARD,listing_capture,https://gard.no/search/?searchTerm=Hormuz,extracted,texts/f4a35c8c446a60c971e90bb288069cf796dfddecd0ee378d5ad372b252c632e3.json,,98ec2fbbeae94b9a0227a23e735ce4a666cd897d9149790a22a04c86b8c2eed6,3714402
EV-46BCF571C00F,f3ca2f0faafb1b48bf7e1919c875cbb039829b955172b84a7e267bebf957e911,E027/GARD/pre_onset/automated_pending/E027_GARD_pre_onset__search-Iran/20260913T232100193162Z_1gjpe5sr/E027_GARD_pre_onset__search-Iran.html,E027,pre_onset,GARD,listing_capture,https://gard.no/search/?searchTerm=Iran,extracted,texts/f3ca2f0faafb1b48bf7e1919c875cbb039829b955172b84a7e267bebf957e911.json,,b7d5bf99e0bcfe2992f141002b0860785d0356a9a7bc40bf4d39216fcd8221f6,252586
EV-C992768A057F,bb20f1dd84d1eb6601df31031eb1a37879bb52f3bd972e86997ad5cbf8ad3c8e,E027/GARD/pre_onset/automated_pending/E027_GARD_pre_onset__search-Iran/20260913T232100193162Z_1gjpe5sr/E027_GARD_pre_onset__search-Iran.pdf,E027,pre_onset,GARD,listing_capture,https://gard.no/search/?searchTerm=Iran,extracted,texts/bb20f1dd84d1eb6601df31031eb1a37879bb52f3bd972e86997ad5cbf8ad3c8e.json,,59c98bfcf70ce24cf866b3d6429c411319631c2ada7dbcc54803bf52493432d5,5184518
EV-BDF0A8361B47,9f955b993c7d56104f8f7dc64b13161f57c8e1ced96cdd12cc142f4442def155,E027/GARD/pre_onset/automated_pending/E027_GARD_pre_onset__search-Iran/20260913T232100193162Z_1gjpe5sr/E027_GARD_pre_onset__search-Iran__page-2.html,E027,pre_onset,GARD,listing_capture,https://gard.no/search/?searchTerm=Iran,extracted,texts/9f955b993c7d56104f8f7dc64b13161f57c8e1ced96cdd12cc142f4442def155.json,,8f5d5e27b5347123420ec210c214ec177039982db9c51fe7e484fc09af726a38,241976
EV-1181C617B556,f009c8b167e210af9aa77351c2ebc57299768b2d9d6b686e94bae08f8673d658,E027/GARD/pre_onset/automated_pending/E027_GARD_pre_onset__search-Iran/20260913T232100193162Z_1gjpe5sr/E027_GARD_pre_onset__search-Iran__page-2.pdf,E027,pre_onset,GARD,listing_capture,https://gard.no/search/?searchTerm=Iran,extracted,texts/f009c8b167e210af9aa77351c2ebc57299768b2d9d6b686e94bae08f8673d658.json,,f96e7b23d0ba8b49a5ef55f6e4af6584af9fd13cea9b6550dd0e9ad65a634757,5161015
EV-FC45DB17080F,45929cef524d0343afc966267898494b8f79bc5f14f147461dd76794f35a2abd,E027/GARD/pre_onset/automated_pending/E027_GARD_pre_onset__search-Persian-Gulf/20260913T232216266285Z_vfra5ofk/E027_GARD_pre_onset__search-Persian-Gulf.html,E027,pre_onset,GARD,listing_capture,https://gard.no/search/?searchTerm=Persian%20Gulf,extracted,texts/45929cef524d0343afc966267898494b8f79bc5f14f147461dd76794f35a2abd.json,,8f6190ad786aedb4425055399e00eca62523c04326756472f0a68739bc2d8470,246026
EV-92B3D64CE393,7e1db8e5b101bceb6b359fe30a5d73cd24423f79c5fc444f8a06460fc1b70ad9,E027/GARD/pre_onset/automated_pending/E027_GARD_pre_onset__search-Persian-Gulf/20260913T232216266285Z_vfra5ofk/E027_GARD_pre_onset__search-Persian-Gulf.pdf,E027,pre_onset,GARD,listing_capture,https://gard.no/search/?searchTerm=Persian%20Gulf,extracted,texts/7e1db8e5b101bceb6b359fe30a5d73cd24423f79c5fc444f8a06460fc1b70ad9.json,,d1b7948f148f1c1a0365cad781d350bc044a973f91b1c8355c6b33ec78ae71f2,5253054
EV-9A9E4E3FCEEA,9a43989a163e25a34be83b00395aa2d16f53959e84a8e78ebf7c0610dd5ba270,E027/GARD/pre_onset/automated_pending/E027_GARD_pre_onset__search-Persian-Gulf/20260913T232216266285Z_vfra5ofk/E027_GARD_pre_onset__search-Persian-Gulf__document-a2167037c8.html,E027,pre_onset,GARD,article_capture,https://gard.no/en/insights/maritime-security-recommendations-for-operations-persian-gulf/,extracted,texts/9a43989a163e25a34be83b00395aa2d16f53959e84a8e78ebf7c0610dd5ba270.json,,975eb6e68674cdb0966dba8c1f332fb2ca6626292b96f21267e998a4a69d2dfa,444458
EV-9A9E4E3FCEEA,6bc098b56071df5c74ff75ec38ce4585515f69a50dbbf4ca7502d796231db925,E027/GARD/pre_onset/automated_pending/E027_GARD_pre_onset__search-Persian-Gulf/20260913T232216266285Z_vfra5ofk/E027_GARD_pre_onset__search-Persian-Gulf__document-a2167037c8.pdf,E027,pre_onset,GARD,article_capture,https://gard.no/en/insights/maritime-security-recommendations-for-operations-persian-gulf/,extracted,texts/6bc098b56071df5c74ff75ec38ce4585515f69a50dbbf4ca7502d796231db925.json,,c0ecb03877d16a35e5777182c06100c8f1e25740e9178df1ecd5f7e5c477dead,1658862
EV-C8AC8EF063A0,cd2e31cdb07aba9c4b6493f4fbe87c0bd44a8930be29ad151f196cfdd5f6ef30,E027/GARD/pre_onset/automated_pending/E027_GARD_pre_onset__search-navigational-warning/20260913T232310942908Z_2qohvy_d/E027_GARD_pre_onset__search-navigational-warning.html,E027,pre_onset,GARD,listing_capture,https://gard.no/search/?searchTerm=navigational%20warning,extracted,texts/cd2e31cdb07aba9c4b6493f4fbe87c0bd44a8930be29ad151f196cfdd5f6ef30.json,,b26c09423d23d4e7c261c7dad9051a80e3dda4ce5d64cf4d0e830aba782f3d62,249583
EV-59C68694DC3B,fe86298b9c552e87295f92bd2d82dfa32c3af6b9ec8648ccf2c68c013cf1eea5,E027/GARD/pre_onset/automated_pending/E027_GARD_pre_onset__search-navigational-warning/20260913T232310942908Z_2qohvy_d/E027_GARD_pre_onset__search-navigational-warning.pdf,E027,pre_onset,GARD,listing_capture,https://gard.no/search/?searchTerm=navigational%20warning,extracted,texts/fe86298b9c552e87295f92bd2d82dfa32c3af6b9ec8648ccf2c68c013cf1eea5.json,,a7d0b1651558ea90404ad3ec450dfa1ad317f6792a1151b68a6e4baba901a9d0,11251223
EV-304040FB9B97,52a5f569dd979c9003d1c5e2b4002a4c29805c2e6ead6cf08d090be7806064a2,E027/GARD/pre_onset/automated_pending/E027_GARD_pre_onset__search-war-risk/20260913T232414944249Z_aggt6_ty/E027_GARD_pre_onset__search-war-risk.html,E027,pre_onset,GARD,listing_capture,https://gard.no/search/?searchTerm=war%20risk,extracted,texts/52a5f569dd979c9003d1c5e2b4002a4c29805c2e6ead6cf08d090be7806064a2.json,,78187af94bbaf6f828813ac684f405c29f92d85ca30c2e8369dc44ec30498da0,247295
EV-56759EC1F74F,769dd12ecab446b1fce5f6a407e81a7943cce971727a61f1e2f55d7213b73027,E027/GARD/pre_onset/automated_pending/E027_GARD_pre_onset__search-war-risk/20260913T232414944249Z_aggt6_ty/E027_GARD_pre_onset__search-war-risk.pdf,E027,pre_onset,GARD,listing_capture,https://gard.no/search/?searchTerm=war%20risk,extracted,texts/769dd12ecab446b1fce5f6a407e81a7943cce971727a61f1e2f55d7213b73027.json,,9d6093d57f8f3a69a17831d539f9fe79e7641f0d4d8b9c7802e10a70bb8bbed0,7848534
EV-081FB47417A3,45e5b33c292daa8010adcc9d13ea1adf8589ff9d9f6cf005d8826d26c35d2f99,E027/GARD/pre_onset/automated_pending/E027_GARD_pre_onset__search-war-risk/20260913T232414944249Z_aggt6_ty/E027_GARD_pre_onset__search-war-risk__page-2.html,E027,pre_onset,GARD,listing_capture,https://gard.no/search/?searchTerm=war%20risk,extracted,texts/45e5b33c292daa8010adcc9d13ea1adf8589ff9d9f6cf005d8826d26c35d2f99.json,,2314a8420db895335fea206507de4b4932f71f958d85eff3e053ba331fbe6101,247108
EV-9DAD9A8569D7,1d65173271becb902205d92491239f5c291e45ac6a8e13de2c511d90f29f3e8a,E027/GARD/pre_onset/automated_pending/E027_GARD_pre_onset__search-war-risk/20260913T232414944249Z_aggt6_ty/E027_GARD_pre_onset__search-war-risk__page-2.pdf,E027,pre_onset,GARD,listing_capture,https://gard.no/search/?searchTerm=war%20risk,extracted,texts/1d65173271becb902205d92491239f5c291e45ac6a8e13de2c511d90f29f3e8a.json,,cb2090a1f42ed511095dbe25e5dfbe6d84ef22e764e6eb2786bab4082135ffad,4149013
EV-6C06893FB821,48aa9a65266f58e73de51e6ae8fd9ad38c467fb186bdab47a4b0bb1815813dd9,E027/GARD/pre_onset/automated_pending/E027_GARD_pre_onset__search-war-risk/20260913T232414944249Z_aggt6_ty/E027_GARD_pre_onset__search-war-risk__page-3.html,E027,pre_onset,GARD,listing_capture,https://gard.no/search/?searchTerm=war%20risk,extracted,texts/48aa9a65266f58e73de51e6ae8fd9ad38c467fb186bdab47a4b0bb1815813dd9.json,,49c11c2290744bb5c2b3afb938c95c20594e72271b4322b32cd519d155900897,241863
EV-805564911BA1,f5d41e4c39c2633802e353d7dad81a62ac89b8aaf6bddb00f679ece96b7d2306,E027/GARD/pre_onset/automated_pending/E027_GARD_pre_onset__search-war-risk/20260913T232414944249Z_aggt6_ty/E027_GARD_pre_onset__search-war-risk__page-3.pdf,E027,pre_onset,GARD,listing_capture,https://gard.no/search/?searchTerm=war%20risk,extracted,texts/f5d41e4c39c2633802e353d7dad81a62ac89b8aaf6bddb00f679ece96b7d2306.json,,546320205bcaf8947fda0ba38af0405e2922b0bbc2e74f67dc203f02dbaad720,4149809
EV-CF3CC8E65110,1fa1c9e165eab802265b822b42c693d1c97a20872f5aaa9f7204fecbc2fd1b95,E027/GARD/pre_onset/automated_pending/E027_GARD_pre_onset__search-war-risk/20260913T232414944249Z_aggt6_ty/E027_GARD_pre_onset__search-war-risk__page-4.html,E027,pre_onset,GARD,listing_capture,https://gard.no/search/?searchTerm=war%20risk,extracted,texts/1fa1c9e165eab802265b822b42c693d1c97a20872f5aaa9f7204fecbc2fd1b95.json,,769aed36ea2bb6ef4c7e545823f7293720628f4987137f5c6503b79d65f7f4e8,242044
EV-E9285A0158B7,54dba55b5eea4a402b4ca078a429371a465e532cfe697f58dd32cbe320911812,E027/GARD/pre_onset/automated_pending/E027_GARD_pre_onset__search-war-risk/20260913T232414944249Z_aggt6_ty/E027_GARD_pre_onset__search-war-risk__page-4.pdf,E027,pre_onset,GARD,listing_capture,https://gard.no/search/?searchTerm=war%20risk,extracted,texts/54dba55b5eea4a402b4ca078a429371a465e532cfe697f58dd32cbe320911812.json,,f3c92ea7d150a30cab4a8b58550e9292ad6eeebb7f8d3e331c487937040ec9ab,480549
EV-E401B5E85DE2,4735e4f1608142511afe66b37855df27efeb39bc1671e18e1411fa6b673cd968,E027/GARD/pre_onset/automated_pending/E027_GARD_pre_onset__search-war-risk/20260913T232414944249Z_aggt6_ty/E027_GARD_pre_onset__search-war-risk__page-5.html,E027,pre_onset,GARD,listing_capture,https://gard.no/search/?searchTerm=war%20risk,extracted,texts/4735e4f1608142511afe66b37855df27efeb39bc1671e18e1411fa6b673cd968.json,,bc5d1f6e244dfccea87ce7326167c4d6dd6f3e391b279cbc52bc159c89ad1424,243613
EV-6F29841DC9D2,dcb5ed288b75dbc403e8389584349a17c5cb6e61cb65ca38ff1146d4579108d8,E027/GARD/pre_onset/automated_pending/E027_GARD_pre_onset__search-war-risk/20260913T232414944249Z_aggt6_ty/E027_GARD_pre_onset__search-war-risk__page-5.pdf,E027,pre_onset,GARD,listing_capture,https://gard.no/search/?searchTerm=war%20risk,extracted,texts/dcb5ed288b75dbc403e8389584349a17c5cb6e61cb65ca38ff1146d4579108d8.json,,c010a70f30707201b8191b810abfa9eb82ccba80e3e4aaf58dcf4a02a4cdd0ff,484785
EV-190C23941585,1be6f919db1a067506d2b02cf9f8ba20bb0421912da466d512d275d9163a6715,E027/GARD/pre_onset/automated_pending/E027_GARD_pre_onset__search-war-risk/20260913T232414944249Z_aggt6_ty/E027_GARD_pre_onset__search-war-risk__page-6.html,E027,pre_onset,GARD,listing_capture,https://gard.no/search/?searchTerm=war%20risk,extracted,texts/1be6f919db1a067506d2b02cf9f8ba20bb0421912da466d512d275d9163a6715.json,,dc87dd8e471c07f9c4590d1c5b51f73d814500f393a0f908f36c256afbc4efdd,243007
EV-A80823EA61DA,435af3e3b6bdc99d1ec6133f99dcdf589c0cee4d20769cc837db910a588939ba,E027/GARD/pre_onset/automated_pending/E027_GARD_pre_onset__search-war-risk/20260913T232414944249Z_aggt6_ty/E027_GARD_pre_onset__search-war-risk__page-6.pdf,E027,pre_onset,GARD,listing_capture,https://gard.no/search/?searchTerm=war%20risk,extracted,texts/435af3e3b6bdc99d1ec6133f99dcdf589c0cee4d20769cc837db910a588939ba.json,,582951cfe4befb89cc3ae253d38fce7ad2ccb02490a12f9aade5f010be886b7e,4621231
EV-9781F3E15608,785b6817ea68f61d8a01d48cbfa6f44d35866ce4092a2f129c72a78f8927ef05,E027/GARD/pre_onset/automated_pending/E027_GARD_pre_onset__search-war-risk/20260913T232414944249Z_aggt6_ty/E027_GARD_pre_onset__search-war-risk__page-7.html,E027,pre_onset,GARD,listing_capture,https://gard.no/search/?searchTerm=war%20risk,extracted,texts/785b6817ea68f61d8a01d48cbfa6f44d35866ce4092a2f129c72a78f8927ef05.json,,8f3e9da35705a2127e479572c0faef41fa86742bb3dfba079581bf7b181557cf,236848
EV-424FA00DB28A,38a980200d3e31f9a51a0e0e79c23fe41040a7750773217ab73c1562442526d9,E027/GARD/pre_onset/automated_pending/E027_GARD_pre_onset__search-war-risk/20260913T232414944249Z_aggt6_ty/E027_GARD_pre_onset__search-war-risk__page-7.pdf,E027,pre_onset,GARD,listing_capture,https://gard.no/search/?searchTerm=war%20risk,extracted,texts/38a980200d3e31f9a51a0e0e79c23fe41040a7750773217ab73c1562442526d9.json,,16226f2aa328c6adbb23fc1d871e151256b26e6153ac71dc05d9dd47561370ed,1453206
EV-CCC70A13B249,787af39d7570fcb724754a3a63a4b1f08b0387d8f6bfc1808fb85c290fa1fec0,E027/IUA_JWC_LMA/onset/automated_pending/E027_IUA_JWC_LMA_onset__page-1/20260913T211729156985Z_x36vdogo/E027_IUA_JWC_LMA_onset__page-1.html,E027,onset,IUA_JWC_LMA,listing_capture,https://lmalloyds.com/specialist-areas/underwriting/listed-areas/,extracted,texts/787af39d7570fcb724754a3a63a4b1f08b0387d8f6bfc1808fb85c290fa1fec0.json,,33d4304a5a5e69cafd237fe1178a162b3757de2c85ef29c7683653dea9bff701,177050
EV-03CE34298975,4439dd01196f31afee460b646bc59db9e16467a7a7ab27d47887c839dcc161d9,E027/IUA_JWC_LMA/onset/automated_pending/E027_IUA_JWC_LMA_onset__page-1/20260913T211729156985Z_x36vdogo/E027_IUA_JWC_LMA_onset__page-1.pdf,E027,onset,IUA_JWC_LMA,listing_capture,https://lmalloyds.com/specialist-areas/underwriting/listed-areas/,extracted,texts/4439dd01196f31afee460b646bc59db9e16467a7a7ab27d47887c839dcc161d9.json,,20d14b38277558efaf7fcf15dcd314c6eae147caecbbf03fc417fb744b6c4ab9,1874393
EV-100873862879,33f8fa36a524e76d82981be1f0cbb40482d0180b76f7593c74eccff56042322b,E027/IUA_JWC_LMA/pre_onset/automated_pending/E027_IUA_JWC_LMA_pre_onset__page-1/20260913T211722582462Z_jevetkg8/E027_IUA_JWC_LMA_pre_onset__page-1.html,E027,pre_onset,IUA_JWC_LMA,listing_capture,https://lmalloyds.com/specialist-areas/underwriting/listed-areas/,extracted,texts/33f8fa36a524e76d82981be1f0cbb40482d0180b76f7593c74eccff56042322b.json,,33d4304a5a5e69cafd237fe1178a162b3757de2c85ef29c7683653dea9bff701,177051
EV-A82132B0BBE3,a706965e24d04ea1e5d8ef33f0817ffddde12c5ee8a342aa2e11135488400cde,E027/IUA_JWC_LMA/pre_onset/automated_pending/E027_IUA_JWC_LMA_pre_onset__page-1/20260913T211722582462Z_jevetkg8/E027_IUA_JWC_LMA_pre_onset__page-1.pdf,E027,pre_onset,IUA_JWC_LMA,listing_capture,https://lmalloyds.com/specialist-areas/underwriting/listed-areas/,extracted,texts/a706965e24d04ea1e5d8ef33f0817ffddde12c5ee8a342aa2e11135488400cde.json,,3324f46ba5c0f08ba9dcd7ca544e51f4bc3f0e5c90fdf72e2f2916367cc921c7,1874091
EV-85869327B53B,624a44668ccd5376761a4e9503773a2f6e2682eda6ebfb430872a62253b4c683,E027/MARAD/onset/automated_pending/E027_MARAD_onset__Arabian-Gulf/20260913T211354400714Z_ozy4eo93/E027_MARAD_onset__Arabian-Gulf.html,E027,onset,MARAD,listing_capture,https://www.maritime.dot.gov/msci-alerts?field_msci_geographic_location_target_id=&field_msci_effective_date_value%5Bmin%5D=2021-01-22&field_msci_effective_date_value%5Bmax%5D=2021-02-05&keys=Arabian+Gulf,extracted,texts/624a44668ccd5376761a4e9503773a2f6e2682eda6ebfb430872a62253b4c683.json,,7f999194ebfd21437c649ac0e0348ecade703bdf27b1522d5a6b5de195b494a2,78608
EV-CDA6EF0A8FCF,bc74d733f98260afc8dae3d6322cedaef0a3129c7f52723085587db01cd0a6f7,E027/MARAD/onset/automated_pending/E027_MARAD_onset__Arabian-Gulf/20260913T211354400714Z_ozy4eo93/E027_MARAD_onset__Arabian-Gulf.pdf,E027,onset,MARAD,listing_capture,https://www.maritime.dot.gov/msci-alerts?field_msci_geographic_location_target_id=&field_msci_effective_date_value%5Bmin%5D=2021-01-22&field_msci_effective_date_value%5Bmax%5D=2021-02-05&keys=Arabian+Gulf,extracted,texts/bc74d733f98260afc8dae3d6322cedaef0a3129c7f52723085587db01cd0a6f7.json,,22cee0bc1990dfb3ddb0119d0bf223c4e43960c00e76417d83b2a9abe971afa5,222330
EV-C36A01A65727,0eb39357d433c1dd6449b1f9bb80291e5ff1d2fad8c903bbb64bcf2698605c9c,E027/MARAD/onset/automated_pending/E027_MARAD_onset__Gulf-of-Oman/20260913T211357880586Z__q2n82hk/E027_MARAD_onset__Gulf-of-Oman.html,E027,onset,MARAD,listing_capture,https://www.maritime.dot.gov/msci-alerts?field_msci_geographic_location_target_id=&field_msci_effective_date_value%5Bmin%5D=2021-01-22&field_msci_effective_date_value%5Bmax%5D=2021-02-05&keys=Gulf+of+Oman,extracted,texts/0eb39357d433c1dd6449b1f9bb80291e5ff1d2fad8c903bbb64bcf2698605c9c.json,,7f999194ebfd21437c649ac0e0348ecade703bdf27b1522d5a6b5de195b494a2,78608
EV-98141C39CDF7,e3a90ac4babac678b08f2067058a9739db07c18201dd6f693dcf177f3dac7f93,E027/MARAD/onset/automated_pending/E027_MARAD_onset__Gulf-of-Oman/20260913T211357880586Z__q2n82hk/E027_MARAD_onset__Gulf-of-Oman.pdf,E027,onset,MARAD,listing_capture,https://www.maritime.dot.gov/msci-alerts?field_msci_geographic_location_target_id=&field_msci_effective_date_value%5Bmin%5D=2021-01-22&field_msci_effective_date_value%5Bmax%5D=2021-02-05&keys=Gulf+of+Oman,extracted,texts/e3a90ac4babac678b08f2067058a9739db07c18201dd6f693dcf177f3dac7f93.json,,7041290628b13a73815e8a8c88bc0f53c50683f6d449852fa30ec59b3703c0d1,222069
EV-3A0FC44A3DE1,df25c9d72514c006ff2784d80de2b5d6c8f7521fb7ca40fac5aa6bf118bc095d,E027/MARAD/onset/automated_pending/E027_MARAD_onset__Hormuz/20260913T211401242847Z_t20_ahsw/E027_MARAD_onset__Hormuz.html,E027,onset,MARAD,listing_capture,https://www.maritime.dot.gov/msci-alerts?field_msci_geographic_location_target_id=&field_msci_effective_date_value%5Bmin%5D=2021-01-22&field_msci_effective_date_value%5Bmax%5D=2021-02-05&keys=Hormuz,extracted,texts/df25c9d72514c006ff2784d80de2b5d6c8f7521fb7ca40fac5aa6bf118bc095d.json,,7f999194ebfd21437c649ac0e0348ecade703bdf27b1522d5a6b5de195b494a2,78596
EV-B30DB4FAF8CC,b4ae418e75ab1fec8565c891b5d7d59750d4ec5164f10edf33264d7e144de825,E027/MARAD/onset/automated_pending/E027_MARAD_onset__Hormuz/20260913T211401242847Z_t20_ahsw/E027_MARAD_onset__Hormuz.pdf,E027,onset,MARAD,listing_capture,https://www.maritime.dot.gov/msci-alerts?field_msci_geographic_location_target_id=&field_msci_effective_date_value%5Bmin%5D=2021-01-22&field_msci_effective_date_value%5Bmax%5D=2021-02-05&keys=Hormuz,extracted,texts/b4ae418e75ab1fec8565c891b5d7d59750d4ec5164f10edf33264d7e144de825.json,,09de9607fbb39181297c40f2d8016ec05ce246dae53bf11b0d7cf5077d83c766,221230
EV-D3AA165EE0B0,2ab036e816f8a52162f1deb142a699fee6f9442c18291898f8be546ede2bf76e,E027/MARAD/onset/automated_pending/E027_MARAD_onset__Iran/20260913T211404631170Z_ieuull7n/E027_MARAD_onset__Iran.html,E027,onset,MARAD,listing_capture,https://www.maritime.dot.gov/msci-alerts?field_msci_geographic_location_target_id=&field_msci_effective_date_value%5Bmin%5D=2021-01-22&field_msci_effective_date_value%5Bmax%5D=2021-02-05&keys=Iran,extracted,texts/2ab036e816f8a52162f1deb142a699fee6f9442c18291898f8be546ede2bf76e.json,,7f999194ebfd21437c649ac0e0348ecade703bdf27b1522d5a6b5de195b494a2,78592
EV-1F2DF34711B3,b172bbbd6298f883cfa7c8c6fc91917822ad26eeedbd3541010bcecca96f699f,E027/MARAD/onset/automated_pending/E027_MARAD_onset__Iran/20260913T211404631170Z_ieuull7n/E027_MARAD_onset__Iran.pdf,E027,onset,MARAD,listing_capture,https://www.maritime.dot.gov/msci-alerts?field_msci_geographic_location_target_id=&field_msci_effective_date_value%5Bmin%5D=2021-01-22&field_msci_effective_date_value%5Bmax%5D=2021-02-05&keys=Iran,extracted,texts/b172bbbd6298f883cfa7c8c6fc91917822ad26eeedbd3541010bcecca96f699f.json,,1bf4993bf0f399cb67acf149322198b7522f0bbed6cf9fd7628af84842241f78,220580
EV-5F58553A83D1,8b5f7663a0923d858fe6003b36676a60e7c3d84c034ad88cecb24f2b1ef7c322,E027/MARAD/onset/automated_pending/E027_MARAD_onset__Persian-Gulf/20260913T211407942259Z_6p12xc2r/E027_MARAD_onset__Persian-Gulf.html,E027,onset,MARAD,listing_capture,https://www.maritime.dot.gov/msci-alerts?field_msci_geographic_location_target_id=&field_msci_effective_date_value%5Bmin%5D=2021-01-22&field_msci_effective_date_value%5Bmax%5D=2021-02-05&keys=Persian+Gulf,extracted,texts/8b5f7663a0923d858fe6003b36676a60e7c3d84c034ad88cecb24f2b1ef7c322.json,,7f999194ebfd21437c649ac0e0348ecade703bdf27b1522d5a6b5de195b494a2,78608
EV-364EB736EF11,66c08661534aec426c2a4536ec90fbb25661c93e1456c7d0c799f8621fc3de90,E027/MARAD/onset/automated_pending/E027_MARAD_onset__Persian-Gulf/20260913T211407942259Z_6p12xc2r/E027_MARAD_onset__Persian-Gulf.pdf,E027,onset,MARAD,listing_capture,https://www.maritime.dot.gov/msci-alerts?field_msci_geographic_location_target_id=&field_msci_effective_date_value%5Bmin%5D=2021-01-22&field_msci_effective_date_value%5Bmax%5D=2021-02-05&keys=Persian+Gulf,extracted,texts/66c08661534aec426c2a4536ec90fbb25661c93e1456c7d0c799f8621fc3de90.json,,cd57cd65286aa5777c3a590becd13af06deccab28061a7710fb3ab0711636b9a,221615
EV-FF7110E9DBF4,75e436bbba5bd96cceeac192a17bfbdaf3768d314d6b827844fdd00ade35eb48,E027/MARAD/pre_onset/automated_pending/E027_MARAD_pre_onset__Arabian-Gulf/20260913T211320676817Z_zpi930r4/E027_MARAD_pre_onset__Arabian-Gulf.html,E027,pre_onset,MARAD,listing_capture,https://www.maritime.dot.gov/msci-alerts?field_msci_geographic_location_target_id=&field_msci_effective_date_value%5Bmin%5D=2020-12-23&field_msci_effective_date_value%5Bmax%5D=2021-01-21&keys=Arabian+Gulf,extracted,texts/75e436bbba5bd96cceeac192a17bfbdaf3768d314d6b827844fdd00ade35eb48.json,,4a87e04737f18a80204879f2ee954f6683ea5905496564ed42aded163056a080,79589
EV-D5800BA42D8B,693e7f2cb9dcde9ac986b85d51eb24986891129498e901b76c2a836fc001d8eb,E027/MARAD/pre_onset/automated_pending/E027_MARAD_pre_onset__Arabian-Gulf/20260913T211320676817Z_zpi930r4/E027_MARAD_pre_onset__Arabian-Gulf.pdf,E027,pre_onset,MARAD,listing_capture,https://www.maritime.dot.gov/msci-alerts?field_msci_geographic_location_target_id=&field_msci_effective_date_value%5Bmin%5D=2020-12-23&field_msci_effective_date_value%5Bmax%5D=2021-01-21&keys=Arabian+Gulf,extracted,texts/693e7f2cb9dcde9ac986b85d51eb24986891129498e901b76c2a836fc001d8eb.json,,727c9bbfe56f1969c26f527efcf248b24d03c2f4ddc2f617baa2834e4574dd42,227658
EV-23C2296536B6,534bc3df1f6ff988567cf5aa93e8d954554947691bf279b48084f4e44aa21da7,E027/MARAD/pre_onset/automated_pending/E027_MARAD_pre_onset__Arabian-Gulf/20260913T211320676817Z_zpi930r4/E027_MARAD_pre_onset__Arabian-Gulf__document-34f9336182.html,E027,pre_onset,MARAD,article_capture,https://www.maritime.dot.gov/msci/2021-001a-persian-gulf-threats-commercial-vessels,extracted,texts/534bc3df1f6ff988567cf5aa93e8d954554947691bf279b48084f4e44aa21da7.json,,6c3d5e7e3afb52d90013e070c40f66f8d7173d0df504758b5a625d7b28b266c9,73461
EV-23C2296536B6,534bc3df1f6ff988567cf5aa93e8d954554947691bf279b48084f4e44aa21da7,E027/MARAD/pre_onset/automated_pending/E027_MARAD_pre_onset__Gulf-of-Oman/20260913T211328367347Z_701_2sfi/E027_MARAD_pre_onset__Gulf-of-Oman__document-34f9336182.html,E027,pre_onset,MARAD,article_capture,https://www.maritime.dot.gov/msci/2021-001a-persian-gulf-threats-commercial-vessels,extracted,texts/534bc3df1f6ff988567cf5aa93e8d954554947691bf279b48084f4e44aa21da7.json,,6c3d5e7e3afb52d90013e070c40f66f8d7173d0df504758b5a625d7b28b266c9,73461
EV-23C2296536B6,534bc3df1f6ff988567cf5aa93e8d954554947691bf279b48084f4e44aa21da7,E027/MARAD/pre_onset/automated_pending/E027_MARAD_pre_onset__Hormuz/20260913T211335904608Z_0f479m4s/E027_MARAD_pre_onset__Hormuz__document-34f9336182.html,E027,pre_onset,MARAD,article_capture,https://www.maritime.dot.gov/msci/2021-001a-persian-gulf-threats-commercial-vessels,extracted,texts/534bc3df1f6ff988567cf5aa93e8d954554947691bf279b48084f4e44aa21da7.json,,6c3d5e7e3afb52d90013e070c40f66f8d7173d0df504758b5a625d7b28b266c9,73461
EV-23C2296536B6,534bc3df1f6ff988567cf5aa93e8d954554947691bf279b48084f4e44aa21da7,E027/MARAD/pre_onset/automated_pending/E027_MARAD_pre_onset__Iran/20260913T211342085451Z_dv2kq17h/E027_MARAD_pre_onset__Iran__document-34f9336182.html,E027,pre_onset,MARAD,article_capture,https://www.maritime.dot.gov/msci/2021-001a-persian-gulf-threats-commercial-vessels,extracted,texts/534bc3df1f6ff988567cf5aa93e8d954554947691bf279b48084f4e44aa21da7.json,,6c3d5e7e3afb52d90013e070c40f66f8d7173d0df504758b5a625d7b28b266c9,73461
EV-23C2296536B6,534bc3df1f6ff988567cf5aa93e8d954554947691bf279b48084f4e44aa21da7,E027/MARAD/pre_onset/automated_pending/E027_MARAD_pre_onset__Persian-Gulf/20260913T211348250492Z_k1pgir4u/E027_MARAD_pre_onset__Persian-Gulf__document-34f9336182.html,E027,pre_onset,MARAD,article_capture,https://www.maritime.dot.gov/msci/2021-001a-persian-gulf-threats-commercial-vessels,extracted,texts/534bc3df1f6ff988567cf5aa93e8d954554947691bf279b48084f4e44aa21da7.json,,6c3d5e7e3afb52d90013e070c40f66f8d7173d0df504758b5a625d7b28b266c9,73461
EV-23C2296536B6,5f3e74b782d3fa7989ec24620372f5483905c6a2877bc46fcc9aa6efb7976b35,E027/MARAD/pre_onset/automated_pending/E027_MARAD_pre_onset__Arabian-Gulf/20260913T211320676817Z_zpi930r4/E027_MARAD_pre_onset__Arabian-Gulf__document-34f9336182.pdf,E027,pre_onset,MARAD,article_capture,https://www.maritime.dot.gov/msci/2021-001a-persian-gulf-threats-commercial-vessels,extracted,texts/5f3e74b782d3fa7989ec24620372f5483905c6a2877bc46fcc9aa6efb7976b35.json,,8d8b3034c922929efe2f08d1fafe8595ffae93a8ab91b6914adc09c72228720e,232890
EV-A01A0AACB275,5f4955318fe320fe80134a8c9b887e79d444a751a23b0e08a22c28e578818be0,E027/MARAD/pre_onset/automated_pending/E027_MARAD_pre_onset__Gulf-of-Oman/20260913T211328367347Z_701_2sfi/E027_MARAD_pre_onset__Gulf-of-Oman.html,E027,pre_onset,MARAD,listing_capture,https://www.maritime.dot.gov/msci-alerts?field_msci_geographic_location_target_id=&field_msci_effective_date_value%5Bmin%5D=2020-12-23&field_msci_effective_date_value%5Bmax%5D=2021-01-21&keys=Gulf+of+Oman,extracted,texts/5f4955318fe320fe80134a8c9b887e79d444a751a23b0e08a22c28e578818be0.json,,4a87e04737f18a80204879f2ee954f6683ea5905496564ed42aded163056a080,79589
EV-40FE95F18EE2,c12305d7f92140e079fb9633494545fc570619ee1e42e9b98ccf4e7321a95522,E027/MARAD/pre_onset/automated_pending/E027_MARAD_pre_onset__Gulf-of-Oman/20260913T211328367347Z_701_2sfi/E027_MARAD_pre_onset__Gulf-of-Oman.pdf,E027,pre_onset,MARAD,listing_capture,https://www.maritime.dot.gov/msci-alerts?field_msci_geographic_location_target_id=&field_msci_effective_date_value%5Bmin%5D=2020-12-23&field_msci_effective_date_value%5Bmax%5D=2021-01-21&keys=Gulf+of+Oman,extracted,texts/c12305d7f92140e079fb9633494545fc570619ee1e42e9b98ccf4e7321a95522.json,,031e539e4f73362cab7e7f0e56e13c0f44e17f4ecf1c83b99bc5cf23ed8c443c,227624
EV-23C2296536B6,0f1fe6b27aea7c51510d7e2836556614f55b1dbe59419c0c17d2865a1307316b,E027/MARAD/pre_onset/automated_pending/E027_MARAD_pre_onset__Gulf-of-Oman/20260913T211328367347Z_701_2sfi/E027_MARAD_pre_onset__Gulf-of-Oman__document-34f9336182.pdf,E027,pre_onset,MARAD,article_capture,https://www.maritime.dot.gov/msci/2021-001a-persian-gulf-threats-commercial-vessels,extracted,texts/0f1fe6b27aea7c51510d7e2836556614f55b1dbe59419c0c17d2865a1307316b.json,,91efec17bcf864963a5fbd94f1864dec5882129910b9a710f4f143964d99b16b,233195
EV-516EED394687,93d0c85733b2b32e0fdb3254baccf365c71d89393258e0349966b8fb3dac74ad,E027/MARAD/pre_onset/automated_pending/E027_MARAD_pre_onset__Hormuz/20260913T211335904608Z_0f479m4s/E027_MARAD_pre_onset__Hormuz.html,E027,pre_onset,MARAD,listing_capture,https://www.maritime.dot.gov/msci-alerts?field_msci_geographic_location_target_id=&field_msci_effective_date_value%5Bmin%5D=2020-12-23&field_msci_effective_date_value%5Bmax%5D=2021-01-21&keys=Hormuz,extracted,texts/93d0c85733b2b32e0fdb3254baccf365c71d89393258e0349966b8fb3dac74ad.json,,4a87e04737f18a80204879f2ee954f6683ea5905496564ed42aded163056a080,79577
EV-F21212C20452,ff1d394320bd3059f31872899f4eb8798ff0c43bf076644f3dfe36a54803ab82,E027/MARAD/pre_onset/automated_pending/E027_MARAD_pre_onset__Hormuz/20260913T211335904608Z_0f479m4s/E027_MARAD_pre_onset__Hormuz.pdf,E027,pre_onset,MARAD,listing_capture,https://www.maritime.dot.gov/msci-alerts?field_msci_geographic_location_target_id=&field_msci_effective_date_value%5Bmin%5D=2020-12-23&field_msci_effective_date_value%5Bmax%5D=2021-01-21&keys=Hormuz,extracted,texts/ff1d394320bd3059f31872899f4eb8798ff0c43bf076644f3dfe36a54803ab82.json,,5363b00e8e3aa5002727fb41864977aeda9c8cd39e6f90b8b3a59283e4889527,227691
EV-23C2296536B6,e3fa52263d2dbe6a78cd3cc0f1c9c222394c892256e53dc7e8b2afca514de892,E027/MARAD/pre_onset/automated_pending/E027_MARAD_pre_onset__Hormuz/20260913T211335904608Z_0f479m4s/E027_MARAD_pre_onset__Hormuz__document-34f9336182.pdf,E027,pre_onset,MARAD,article_capture,https://www.maritime.dot.gov/msci/2021-001a-persian-gulf-threats-commercial-vessels,extracted,texts/e3fa52263d2dbe6a78cd3cc0f1c9c222394c892256e53dc7e8b2afca514de892.json,,26d5c0140b1ee314f1aadf2dab15700f82d16fd3b979bb5552f3538f509cd2bd,233633
EV-561CD238F890,84bf719c2e648d6d5e7633db37b6a5e6299d45ebff8509913166dbf85a00a002,E027/MARAD/pre_onset/automated_pending/E027_MARAD_pre_onset__Iran/20260913T211342085451Z_dv2kq17h/E027_MARAD_pre_onset__Iran.html,E027,pre_onset,MARAD,listing_capture,https://www.maritime.dot.gov/msci-alerts?field_msci_geographic_location_target_id=&field_msci_effective_date_value%5Bmin%5D=2020-12-23&field_msci_effective_date_value%5Bmax%5D=2021-01-21&keys=Iran,extracted,texts/84bf719c2e648d6d5e7633db37b6a5e6299d45ebff8509913166dbf85a00a002.json,,4a87e04737f18a80204879f2ee954f6683ea5905496564ed42aded163056a080,79573
EV-D9652CCF8A0D,db0b7842a0c984d9fdc12d93d4bfc65ff035ed000b3131839825e7ef445eb6a0,E027/MARAD/pre_onset/automated_pending/E027_MARAD_pre_onset__Iran/20260913T211342085451Z_dv2kq17h/E027_MARAD_pre_onset__Iran.pdf,E027,pre_onset,MARAD,listing_capture,https://www.maritime.dot.gov/msci-alerts?field_msci_geographic_location_target_id=&field_msci_effective_date_value%5Bmin%5D=2020-12-23&field_msci_effective_date_value%5Bmax%5D=2021-01-21&keys=Iran,extracted,texts/db0b7842a0c984d9fdc12d93d4bfc65ff035ed000b3131839825e7ef445eb6a0.json,,77852fbbbef77df534aba78c37f0864107b58f03989aa0d2c6735c6c74d022bf,227360
EV-23C2296536B6,e906653835daf5fc11efae78536a93370ee222ab6bc14ca3f647e3628ed7e41b,E027/MARAD/pre_onset/automated_pending/E027_MARAD_pre_onset__Iran/20260913T211342085451Z_dv2kq17h/E027_MARAD_pre_onset__Iran__document-34f9336182.pdf,E027,pre_onset,MARAD,article_capture,https://www.maritime.dot.gov/msci/2021-001a-persian-gulf-threats-commercial-vessels,extracted,texts/e906653835daf5fc11efae78536a93370ee222ab6bc14ca3f647e3628ed7e41b.json,,21e5188e14e832bfbc560f8a4a6ff2469e19e00de752917893eeb155fbfdb60d,232875
EV-3397B6791078,52ff2a89e56550cdfa9bcc00b1e81ea516e57f9105ce55813082e47e78c76095,E027/MARAD/pre_onset/automated_pending/E027_MARAD_pre_onset__Persian-Gulf/20260913T211348250492Z_k1pgir4u/E027_MARAD_pre_onset__Persian-Gulf.html,E027,pre_onset,MARAD,listing_capture,https://www.maritime.dot.gov/msci-alerts?field_msci_geographic_location_target_id=&field_msci_effective_date_value%5Bmin%5D=2020-12-23&field_msci_effective_date_value%5Bmax%5D=2021-01-21&keys=Persian+Gulf,extracted,texts/52ff2a89e56550cdfa9bcc00b1e81ea516e57f9105ce55813082e47e78c76095.json,,4a87e04737f18a80204879f2ee954f6683ea5905496564ed42aded163056a080,79589
EV-DEE093FE5431,0d81c360928612504c85c294c844a662577753474c03322a749199ee18a4dc20,E027/MARAD/pre_onset/automated_pending/E027_MARAD_pre_onset__Persian-Gulf/20260913T211348250492Z_k1pgir4u/E027_MARAD_pre_onset__Persian-Gulf.pdf,E027,pre_onset,MARAD,listing_capture,https://www.maritime.dot.gov/msci-alerts?field_msci_geographic_location_target_id=&field_msci_effective_date_value%5Bmin%5D=2020-12-23&field_msci_effective_date_value%5Bmax%5D=2021-01-21&keys=Persian+Gulf,extracted,texts/0d81c360928612504c85c294c844a662577753474c03322a749199ee18a4dc20.json,,22a0cc6b5f934612e7665e7567dbc30d69c0366a8eeedb47f97eeaac9f032532,228001
EV-23C2296536B6,f4e81cc9f1f9941c446048e6384f6b15cdce806bea26de7442c69736c4b3ca44,E027/MARAD/pre_onset/automated_pending/E027_MARAD_pre_onset__Persian-Gulf/20260913T211348250492Z_k1pgir4u/E027_MARAD_pre_onset__Persian-Gulf__document-34f9336182.pdf,E027,pre_onset,MARAD,article_capture,https://www.maritime.dot.gov/msci/2021-001a-persian-gulf-threats-commercial-vessels,extracted,texts/f4e81cc9f1f9941c446048e6384f6b15cdce806bea26de7442c69736c4b3ca44.json,,c82db0177d6e0718d8290139ed5a3f09cc6cb5816aa40f762f643aa8d842456e,233208
EV-A9AFC77DAE81,1f0ab290a6696f528de6979ee051d67319a01cb17e0c1031123694c7ffb256de,E029/GARD/onset/automated_pending/E029_GARD_onset__search-Gulf-of-Oman/20260913T234943097923Z_dmm4j1_4/E029_GARD_onset__search-Gulf-of-Oman.html,E029,onset,GARD,listing_capture,https://gard.no/search/?searchTerm=Gulf%20of%20Oman,extracted,texts/1f0ab290a6696f528de6979ee051d67319a01cb17e0c1031123694c7ffb256de.json,,6fa1e1afec4bde06041ef70a1c98328676224726359cb7407f9832498bae0a39,239090
EV-06A2F860BB24,c612fa5fe69d511eb7374127f0a5e1dc517ed38d5787c0efc8badec2749bf60b,E029/GARD/onset/automated_pending/E029_GARD_onset__search-Gulf-of-Oman/20260913T234943097923Z_dmm4j1_4/E029_GARD_onset__search-Gulf-of-Oman.pdf,E029,onset,GARD,listing_capture,https://gard.no/search/?searchTerm=Gulf%20of%20Oman,extracted,texts/c612fa5fe69d511eb7374127f0a5e1dc517ed38d5787c0efc8badec2749bf60b.json,,ff91286c64d66892627dbafa58ae1900a195cad263cb73a33c9c1d5f370dca64,2171543
EV-15F971EA12FA,2cb9918412ce608991656504e912fa1ea1ff30908e5682e4935e9d1745e3bfb6,E029/GARD/onset/automated_pending/E029_GARD_onset__search-Hormuz/20260913T235015312817Z_q8b1_l0e/E029_GARD_onset__search-Hormuz.html,E029,onset,GARD,listing_capture,https://gard.no/search/?searchTerm=Hormuz,extracted,texts/2cb9918412ce608991656504e912fa1ea1ff30908e5682e4935e9d1745e3bfb6.json,,b79c4b1fa3760ce02d0639b5741c7df34f783cb6bff232659a6a707fefc93083,239136
EV-6F72CD9A8157,a781686df10cf372826a11e4962c170904cf350def6d3f10ae4dd6c673d89346,E029/GARD/onset/automated_pending/E029_GARD_onset__search-Hormuz/20260913T235015312817Z_q8b1_l0e/E029_GARD_onset__search-Hormuz.pdf,E029,onset,GARD,listing_capture,https://gard.no/search/?searchTerm=Hormuz,extracted,texts/a781686df10cf372826a11e4962c170904cf350def6d3f10ae4dd6c673d89346.json,,952e0218f7f10f3f4e844b0aec5e514fec06f0fa733e7bf7dcb883a8fda6eaf5,3714570
EV-8CD9C28B97E0,cd12a53d62f89c974b9343697677faea0788936842db0b81783a9b9ff1b6be9b,E029/GARD/onset/automated_pending/E029_GARD_onset__search-Iran/20260913T235048370066Z_rvtze11p/E029_GARD_onset__search-Iran.html,E029,onset,GARD,listing_capture,https://gard.no/search/?searchTerm=Iran,extracted,texts/cd12a53d62f89c974b9343697677faea0788936842db0b81783a9b9ff1b6be9b.json,,b7d5bf99e0bcfe2992f141002b0860785d0356a9a7bc40bf4d39216fcd8221f6,252586
EV-8CD9C28B97E0,cd12a53d62f89c974b9343697677faea0788936842db0b81783a9b9ff1b6be9b,E029/GARD/pre_onset/automated_pending/E029_GARD_pre_onset__search-Iran/20260913T234048794387Z_wjk8bynu/E029_GARD_pre_onset__search-Iran.html,E029,pre_onset,GARD,listing_capture,https://gard.no/search/?searchTerm=Iran,extracted,texts/cd12a53d62f89c974b9343697677faea0788936842db0b81783a9b9ff1b6be9b.json,,b7d5bf99e0bcfe2992f141002b0860785d0356a9a7bc40bf4d39216fcd8221f6,252586
EV-EC335EFE1DC6,058d1565e68804ef67a5de3b5597b6b52fd41a235f65d2d9395898bd85d99f96,E029/GARD/onset/automated_pending/E029_GARD_onset__search-Iran/20260913T235048370066Z_rvtze11p/E029_GARD_onset__search-Iran.pdf,E029,onset,GARD,listing_capture,https://gard.no/search/?searchTerm=Iran,extracted,texts/058d1565e68804ef67a5de3b5597b6b52fd41a235f65d2d9395898bd85d99f96.json,,ae4df95983f2e0e388c298cb2a4b7f922dd5a491f794d231dd8204b1be31c19d,5184504
EV-38AB2D46D54E,ff8213538c827418f6bd4620b01960ad63d0b6b892773e2dce3f52d4997314e0,E029/GARD/onset/automated_pending/E029_GARD_onset__search-Iran/20260913T235048370066Z_rvtze11p/E029_GARD_onset__search-Iran__page-2.html,E029,onset,GARD,listing_capture,https://gard.no/search/?searchTerm=Iran,extracted,texts/ff8213538c827418f6bd4620b01960ad63d0b6b892773e2dce3f52d4997314e0.json,,8f5d5e27b5347123420ec210c214ec177039982db9c51fe7e484fc09af726a38,241976
EV-38AB2D46D54E,ff8213538c827418f6bd4620b01960ad63d0b6b892773e2dce3f52d4997314e0,E029/GARD/pre_onset/automated_pending/E029_GARD_pre_onset__search-Iran/20260913T234048794387Z_wjk8bynu/E029_GARD_pre_onset__search-Iran__page-2.html,E029,pre_onset,GARD,listing_capture,https://gard.no/search/?searchTerm=Iran,extracted,texts/ff8213538c827418f6bd4620b01960ad63d0b6b892773e2dce3f52d4997314e0.json,,8f5d5e27b5347123420ec210c214ec177039982db9c51fe7e484fc09af726a38,241976
EV-D469A3581701,44a8abedf37b2409541e90a92d3ac4ec588592422f3d610570f90f54329cb146,E029/GARD/onset/automated_pending/E029_GARD_onset__search-Iran/20260913T235048370066Z_rvtze11p/E029_GARD_onset__search-Iran__page-2.pdf,E029,onset,GARD,listing_capture,https://gard.no/search/?searchTerm=Iran,extracted,texts/44a8abedf37b2409541e90a92d3ac4ec588592422f3d610570f90f54329cb146.json,,25eb8a1fab382d6a9ef980125bcb46a42066f3610f088774a5fb724ab931d83c,5161753
EV-9BABC525C3D6,d0d02d2b1fc351ef0bcad5d97f4b1994f8ac89b7ac536cd8045bab65d65d404e,E029/GARD/onset/automated_pending/E029_GARD_onset__search-Persian-Gulf/20260913T235204386624Z_k4fi9fvr/E029_GARD_onset__search-Persian-Gulf.html,E029,onset,GARD,listing_capture,https://gard.no/search/?searchTerm=Persian%20Gulf,extracted,texts/d0d02d2b1fc351ef0bcad5d97f4b1994f8ac89b7ac536cd8045bab65d65d404e.json,,8f6190ad786aedb4425055399e00eca62523c04326756472f0a68739bc2d8470,246026
EV-9BABC525C3D6,d0d02d2b1fc351ef0bcad5d97f4b1994f8ac89b7ac536cd8045bab65d65d404e,E031/GARD/pre_onset/automated_pending/E031_GARD_pre_onset__search-Persian-Gulf/20260914T000206275553Z_sxkyaz0n/E031_GARD_pre_onset__search-Persian-Gulf.html,E031,pre_onset,GARD,listing_capture,https://gard.no/search/?searchTerm=Persian%20Gulf,extracted,texts/d0d02d2b1fc351ef0bcad5d97f4b1994f8ac89b7ac536cd8045bab65d65d404e.json,,8f6190ad786aedb4425055399e00eca62523c04326756472f0a68739bc2d8470,246026
EV-5ECFDB52FC86,74a1f2fef15d0548e6f2f413d62512a645bd1bd634956f1e9128ceba6e86be84,E029/GARD/onset/automated_pending/E029_GARD_onset__search-Persian-Gulf/20260913T235204386624Z_k4fi9fvr/E029_GARD_onset__search-Persian-Gulf.pdf,E029,onset,GARD,listing_capture,https://gard.no/search/?searchTerm=Persian%20Gulf,extracted,texts/74a1f2fef15d0548e6f2f413d62512a645bd1bd634956f1e9128ceba6e86be84.json,,3677086676e419b87a637d418a89219c0d956ebd4cb5cec8b9043870b0c3c19b,5252578
EV-403571D5F4F2,3976b91a9825bb9e7d63d3203d9db2e42176668c59b424d0c2170f564884b597,E029/GARD/onset/automated_pending/E029_GARD_onset__search-navigational-warning/20260913T235257295522Z_m3j3xs2k/E029_GARD_onset__search-navigational-warning.html,E029,onset,GARD,listing_capture,https://gard.no/search/?searchTerm=navigational%20warning,extracted,texts/3976b91a9825bb9e7d63d3203d9db2e42176668c59b424d0c2170f564884b597.json,,b26c09423d23d4e7c261c7dad9051a80e3dda4ce5d64cf4d0e830aba782f3d62,249583
EV-E8AB162D6EEE,2841f95dea37ac825a89d491e00b7e62c30ed514d41c7d34c4df50e7f54e7460,E029/GARD/onset/automated_pending/E029_GARD_onset__search-navigational-warning/20260913T235257295522Z_m3j3xs2k/E029_GARD_onset__search-navigational-warning.pdf,E029,onset,GARD,listing_capture,https://gard.no/search/?searchTerm=navigational%20warning,extracted,texts/2841f95dea37ac825a89d491e00b7e62c30ed514d41c7d34c4df50e7f54e7460.json,,cfb9cd7bc59637bddfdfe3655628e77402e3bee3a55193b8cb48f3d7bc2613a3,11251242
EV-9815148314FE,e4f03cbbab22e9e5ecfb3a59a33f26fa00e5a2fc34723a6bda76665decc36c85,E029/GARD/onset/automated_pending/E029_GARD_onset__search-war-risk/20260913T235402651598Z_is2x30fj/E029_GARD_onset__search-war-risk.html,E029,onset,GARD,listing_capture,https://gard.no/search/?searchTerm=war%20risk,extracted,texts/e4f03cbbab22e9e5ecfb3a59a33f26fa00e5a2fc34723a6bda76665decc36c85.json,,78187af94bbaf6f828813ac684f405c29f92d85ca30c2e8369dc44ec30498da0,247295
EV-33C8227D81D7,150ddaa928dd14e42b05ec1fa18866867a2c9501173e16a6c0f7d89677cd0645,E029/GARD/onset/automated_pending/E029_GARD_onset__search-war-risk/20260913T235402651598Z_is2x30fj/E029_GARD_onset__search-war-risk.pdf,E029,onset,GARD,listing_capture,https://gard.no/search/?searchTerm=war%20risk,extracted,texts/150ddaa928dd14e42b05ec1fa18866867a2c9501173e16a6c0f7d89677cd0645.json,,566346126fbe504f39db7d1e95695291def07669fa382aed753bd4227df7c56d,7848615
EV-AC2B5477235E,63d2553c1a01a48e03d18223b4ed8be8cb2d1a8ceea6347741202bbf9b5c2920,E029/GARD/onset/automated_pending/E029_GARD_onset__search-war-risk/20260913T235402651598Z_is2x30fj/E029_GARD_onset__search-war-risk__page-2.html,E029,onset,GARD,listing_capture,https://gard.no/search/?searchTerm=war%20risk,extracted,texts/63d2553c1a01a48e03d18223b4ed8be8cb2d1a8ceea6347741202bbf9b5c2920.json,,2314a8420db895335fea206507de4b4932f71f958d85eff3e053ba331fbe6101,247108
EV-EB939CCA67A0,84903269977fdac2f88f1c50bff104f4bd4054548ef8e985a9ab23dea31fcbe1,E029/GARD/onset/automated_pending/E029_GARD_onset__search-war-risk/20260913T235402651598Z_is2x30fj/E029_GARD_onset__search-war-risk__page-2.pdf,E029,onset,GARD,listing_capture,https://gard.no/search/?searchTerm=war%20risk,extracted,texts/84903269977fdac2f88f1c50bff104f4bd4054548ef8e985a9ab23dea31fcbe1.json,,1f2d899b439ee546ff26bf3227320c4f76690c51a2041e6af90dd50b65ed30da,4151081
EV-59B7B8FE9781,48b69b7b5a361d35025f34d87f25b737f9040501fb67be1fdd4183a6e4013db2,E029/GARD/onset/automated_pending/E029_GARD_onset__search-war-risk/20260913T235402651598Z_is2x30fj/E029_GARD_onset__search-war-risk__page-3.html,E029,onset,GARD,listing_capture,https://gard.no/search/?searchTerm=war%20risk,extracted,texts/48b69b7b5a361d35025f34d87f25b737f9040501fb67be1fdd4183a6e4013db2.json,,49c11c2290744bb5c2b3afb938c95c20594e72271b4322b32cd519d155900897,241863
EV-D71B8A820F9D,0fc4d10596756cc58ce6f9e407a47ee158c073ee799549996be4ea64ed416182,E029/GARD/onset/automated_pending/E029_GARD_onset__search-war-risk/20260913T235402651598Z_is2x30fj/E029_GARD_onset__search-war-risk__page-3.pdf,E029,onset,GARD,listing_capture,https://gard.no/search/?searchTerm=war%20risk,extracted,texts/0fc4d10596756cc58ce6f9e407a47ee158c073ee799549996be4ea64ed416182.json,,d3159d3b336277e5df5b7654c56a344096f2512976b3245eb807e977729c6f2a,479769
EV-A221E130ACB5,8ec05404e5136464b36ba23c585df82d14f89e2a1b7bf7d088f45baec08e0cac,E029/GARD/onset/automated_pending/E029_GARD_onset__search-war-risk/20260913T235402651598Z_is2x30fj/E029_GARD_onset__search-war-risk__page-4.html,E029,onset,GARD,listing_capture,https://gard.no/search/?searchTerm=war%20risk,extracted,texts/8ec05404e5136464b36ba23c585df82d14f89e2a1b7bf7d088f45baec08e0cac.json,,769aed36ea2bb6ef4c7e545823f7293720628f4987137f5c6503b79d65f7f4e8,242044
EV-D3A0A9BBC6CA,70e0e360dfa6ae4df6d673e649bcf4fae597f35460d85e9a932848d9930e9c49,E029/GARD/onset/automated_pending/E029_GARD_onset__search-war-risk/20260913T235402651598Z_is2x30fj/E029_GARD_onset__search-war-risk__page-4.pdf,E029,onset,GARD,listing_capture,https://gard.no/search/?searchTerm=war%20risk,extracted,texts/70e0e360dfa6ae4df6d673e649bcf4fae597f35460d85e9a932848d9930e9c49.json,,b98a84dd4cd6e9cc978ce89140061b30a000233e270728131192d15f0ff05b59,481078
EV-4AE98D7DB537,156dfff59639d5b853a644d5a1333d7096327e4368c3fb521f73a5ca2db1de06,E029/GARD/onset/automated_pending/E029_GARD_onset__search-war-risk/20260913T235402651598Z_is2x30fj/E029_GARD_onset__search-war-risk__page-5.html,E029,onset,GARD,listing_capture,https://gard.no/search/?searchTerm=war%20risk,extracted,texts/156dfff59639d5b853a644d5a1333d7096327e4368c3fb521f73a5ca2db1de06.json,,bc5d1f6e244dfccea87ce7326167c4d6dd6f3e391b279cbc52bc159c89ad1424,243613
EV-1A9E290E9D0E,aaa2c95fc3dc519119d34293c05bb53870d51eed3a0bc7e3eef6de254aa443c3,E029/GARD/onset/automated_pending/E029_GARD_onset__search-war-risk/20260913T235402651598Z_is2x30fj/E029_GARD_onset__search-war-risk__page-5.pdf,E029,onset,GARD,listing_capture,https://gard.no/search/?searchTerm=war%20risk,extracted,texts/aaa2c95fc3dc519119d34293c05bb53870d51eed3a0bc7e3eef6de254aa443c3.json,,de4eb1798d1a4c704c80bda26ca76ed306fd855b794f19dfe21d00ae38e8e9a8,484794
EV-7FC29C42EE23,c6756b77e0fa2ccec679748763c52fe4fa80f9e3884367fa01011647e1a13c51,E029/GARD/onset/automated_pending/E029_GARD_onset__search-war-risk/20260913T235402651598Z_is2x30fj/E029_GARD_onset__search-war-risk__page-6.html,E029,onset,GARD,listing_capture,https://gard.no/search/?searchTerm=war%20risk,extracted,texts/c6756b77e0fa2ccec679748763c52fe4fa80f9e3884367fa01011647e1a13c51.json,,dc87dd8e471c07f9c4590d1c5b51f73d814500f393a0f908f36c256afbc4efdd,243007
EV-7BB960F12706,561f387703fe5f7c3d8cfff016b3def220930865cd28b479cca4245b8fd6fea1,E029/GARD/onset/automated_pending/E029_GARD_onset__search-war-risk/20260913T235402651598Z_is2x30fj/E029_GARD_onset__search-war-risk__page-6.pdf,E029,onset,GARD,listing_capture,https://gard.no/search/?searchTerm=war%20risk,extracted,texts/561f387703fe5f7c3d8cfff016b3def220930865cd28b479cca4245b8fd6fea1.json,,4833dec972d342089353a40b472e1b511dd61096c906c8bbd5700ea361c400d8,4621235
EV-49FB565C0C2E,28bbf063ca3cbf8e0b1c95d10345ca58c2f304868a32a67410ff6e4f8d5ac2ee,E029/GARD/onset/automated_pending/E029_GARD_onset__search-war-risk/20260913T235402651598Z_is2x30fj/E029_GARD_onset__search-war-risk__page-7.html,E029,onset,GARD,listing_capture,https://gard.no/search/?searchTerm=war%20risk,extracted,texts/28bbf063ca3cbf8e0b1c95d10345ca58c2f304868a32a67410ff6e4f8d5ac2ee.json,,8f3e9da35705a2127e479572c0faef41fa86742bb3dfba079581bf7b181557cf,236848
EV-D174FB6890EE,2b9c9ff17362e8477916b95d8bff8be4b5694bb55555bc4b8238163b1d1a77c2,E029/GARD/onset/automated_pending/E029_GARD_onset__search-war-risk/20260913T235402651598Z_is2x30fj/E029_GARD_onset__search-war-risk__page-7.pdf,E029,onset,GARD,listing_capture,https://gard.no/search/?searchTerm=war%20risk,extracted,texts/2b9c9ff17362e8477916b95d8bff8be4b5694bb55555bc4b8238163b1d1a77c2.json,,d4d851a8f5aaa08fd308a58b2a99630aaa8202b799f1ede25cf6a0e7c12901b5,1453187
EV-7403A20438EE,492de9d4b24d4c4730f0be4dec93d9a22048202185fec0146eadd50e7472ce37,E029/GARD/pre_onset/automated_pending/E029_GARD_pre_onset__search-Gulf-of-Oman/20260913T233943326795Z_r10vpn27/E029_GARD_pre_onset__search-Gulf-of-Oman.html,E029,pre_onset,GARD,listing_capture,https://gard.no/search/?searchTerm=Gulf%20of%20Oman,extracted,texts/492de9d4b24d4c4730f0be4dec93d9a22048202185fec0146eadd50e7472ce37.json,,6fa1e1afec4bde06041ef70a1c98328676224726359cb7407f9832498bae0a39,239090
EV-6A7C98F6B6F7,4bcc30ea2a112d81149adf9634085a9ada79e483d2f9b074762d0c985c84bccb,E029/GARD/pre_onset/automated_pending/E029_GARD_pre_onset__search-Gulf-of-Oman/20260913T233943326795Z_r10vpn27/E029_GARD_pre_onset__search-Gulf-of-Oman.pdf,E029,pre_onset,GARD,listing_capture,https://gard.no/search/?searchTerm=Gulf%20of%20Oman,extracted,texts/4bcc30ea2a112d81149adf9634085a9ada79e483d2f9b074762d0c985c84bccb.json,,f84a047f8d6a90b30deaebf65f748f29553f8aa6a70877ff1541ef3f24c6867c,2171677
EV-49389719B9FF,1a302cb6ee19d89f93bec2de41b6ce9134e0e79790fe71c994eb9ec8409f5ca4,E029/GARD/pre_onset/automated_pending/E029_GARD_pre_onset__search-Hormuz/20260913T234015633856Z_hrfqs4_b/E029_GARD_pre_onset__search-Hormuz.pdf,E029,pre_onset,GARD,listing_capture,https://gard.no/search/?searchTerm=Hormuz,extracted,texts/1a302cb6ee19d89f93bec2de41b6ce9134e0e79790fe71c994eb9ec8409f5ca4.json,,a93ba38827f49cc9c7e36fcbf294a1b03b13830c2cf04e19e15cf3e04f0631c8,3714570
EV-3FDC198BB7F8,c8a09d10dcb13c8add6cd50e4526c17dcb6b310c6bc96ae9d0a28fe6bf35e9f1,E029/GARD/pre_onset/automated_pending/E029_GARD_pre_onset__search-Iran/20260913T234048794387Z_wjk8bynu/E029_GARD_pre_onset__search-Iran.pdf,E029,pre_onset,GARD,listing_capture,https://gard.no/search/?searchTerm=Iran,extracted,texts/c8a09d10dcb13c8add6cd50e4526c17dcb6b310c6bc96ae9d0a28fe6bf35e9f1.json,,9f5f64660d995cb06510ac49d5385c698aa27de9d3bd5598a6c906bbcd92c8b8,5184486
EV-E704D5412589,323d4c9d75cc3d213da70cc810e052255c6bbb252669c1ce8a0e8938356decca,E029/GARD/pre_onset/automated_pending/E029_GARD_pre_onset__search-Iran/20260913T234048794387Z_wjk8bynu/E029_GARD_pre_onset__search-Iran__page-2.pdf,E029,pre_onset,GARD,listing_capture,https://gard.no/search/?searchTerm=Iran,extracted,texts/323d4c9d75cc3d213da70cc810e052255c6bbb252669c1ce8a0e8938356decca.json,,04e464660ad2fa36db3e9011fd5c6eaa963999341a7923d49c374fe0d6c8eef8,5161008
EV-8CAAAF1E242C,73c7eade4f8c57d79386d89883001700ace79556499e50b15e59bf03d90a03fc,E029/GARD/pre_onset/automated_pending/E029_GARD_pre_onset__search-Persian-Gulf/20260913T234204810050Z_hm8ueoco/E029_GARD_pre_onset__search-Persian-Gulf.html,E029,pre_onset,GARD,listing_capture,https://gard.no/search/?searchTerm=Persian%20Gulf,extracted,texts/73c7eade4f8c57d79386d89883001700ace79556499e50b15e59bf03d90a03fc.json,,8f6190ad786aedb4425055399e00eca62523c04326756472f0a68739bc2d8470,246026
EV-531C2C01FE67,620ec4e813accd33985a6b08d9d996285acbc7f19deb74e835405c13ed2694ac,E029/GARD/pre_onset/automated_pending/E029_GARD_pre_onset__search-Persian-Gulf/20260913T234204810050Z_hm8ueoco/E029_GARD_pre_onset__search-Persian-Gulf.pdf,E029,pre_onset,GARD,listing_capture,https://gard.no/search/?searchTerm=Persian%20Gulf,extracted,texts/620ec4e813accd33985a6b08d9d996285acbc7f19deb74e835405c13ed2694ac.json,,3d4f28f89f214476d48f98a1764844390cbe2bbd949e93f2e098f41766943012,5252577
EV-87D265F8CAE6,a6bc87c127a9f40cdaff97ee9e0b100dbc4af7bdb24c8866dee1a9483e823584,E029/GARD/pre_onset/automated_pending/E029_GARD_pre_onset__search-navigational-warning/20260913T234258217746Z_ahip8nb0/E029_GARD_pre_onset__search-navigational-warning.html,E029,pre_onset,GARD,listing_capture,https://gard.no/search/?searchTerm=navigational%20warning,extracted,texts/a6bc87c127a9f40cdaff97ee9e0b100dbc4af7bdb24c8866dee1a9483e823584.json,,b26c09423d23d4e7c261c7dad9051a80e3dda4ce5d64cf4d0e830aba782f3d62,249583
EV-B9B4D7AD4F7E,18996eaa8508e890cabdac84c2887bd4490698e9842a90d993b328107dc6898f,E029/GARD/pre_onset/automated_pending/E029_GARD_pre_onset__search-navigational-warning/20260913T234258217746Z_ahip8nb0/E029_GARD_pre_onset__search-navigational-warning.pdf,E029,pre_onset,GARD,listing_capture,https://gard.no/search/?searchTerm=navigational%20warning,extracted,texts/18996eaa8508e890cabdac84c2887bd4490698e9842a90d993b328107dc6898f.json,,db0e485c13576305cb6842f4eb1cc68248c50d602dd13294e117a261c40f6a16,11251268
EV-003870F68E17,2acd7107f447b7218f9ef623df67cadc891960c0c4e5c8f992a0d0f8febe8d5d,E029/GARD/pre_onset/automated_pending/E029_GARD_pre_onset__search-war-risk/20260913T234403035910Z_9kr1tanv/E029_GARD_pre_onset__search-war-risk.html,E029,pre_onset,GARD,listing_capture,https://gard.no/search/?searchTerm=war%20risk,extracted,texts/2acd7107f447b7218f9ef623df67cadc891960c0c4e5c8f992a0d0f8febe8d5d.json,,78187af94bbaf6f828813ac684f405c29f92d85ca30c2e8369dc44ec30498da0,247295
EV-5656BB44ABC7,4eddb4063927689f756f52b0152549c903bc6c93b04f9383e474201ccc4f4797,E029/GARD/pre_onset/automated_pending/E029_GARD_pre_onset__search-war-risk/20260913T234403035910Z_9kr1tanv/E029_GARD_pre_onset__search-war-risk.pdf,E029,pre_onset,GARD,listing_capture,https://gard.no/search/?searchTerm=war%20risk,extracted,texts/4eddb4063927689f756f52b0152549c903bc6c93b04f9383e474201ccc4f4797.json,,ee5f0710189d1b71ae6861585d530dfe99e1c90eb98a7125f788a8716d53e566,7848606
EV-050A54FD78DD,c73b08790aefeef0700515bfa02c841167d4108add7ad3c9654aa5ce3317d2ac,E029/GARD/pre_onset/automated_pending/E029_GARD_pre_onset__search-war-risk/20260913T234403035910Z_9kr1tanv/E029_GARD_pre_onset__search-war-risk__page-2.html,E029,pre_onset,GARD,listing_capture,https://gard.no/search/?searchTerm=war%20risk,extracted,texts/c73b08790aefeef0700515bfa02c841167d4108add7ad3c9654aa5ce3317d2ac.json,,2314a8420db895335fea206507de4b4932f71f958d85eff3e053ba331fbe6101,247108
EV-D2DD75F1E309,097b2b3d4e76df0afea9dc1bd17c410941505055a8f64ea32dddaab027a43912,E029/GARD/pre_onset/automated_pending/E029_GARD_pre_onset__search-war-risk/20260913T234403035910Z_9kr1tanv/E029_GARD_pre_onset__search-war-risk__page-2.pdf,E029,pre_onset,GARD,listing_capture,https://gard.no/search/?searchTerm=war%20risk,extracted,texts/097b2b3d4e76df0afea9dc1bd17c410941505055a8f64ea32dddaab027a43912.json,,d27bc1a9dd0b8ff1373db14e7b4429b3ad8efc30aaf114f23af6c627cb805a09,4151348
EV-C245B7D866D4,a4fba1dcaca565fcf308081c63b41995043f40eeb127278a7eb3a3b22f989d0b,E029/GARD/pre_onset/automated_pending/E029_GARD_pre_onset__search-war-risk/20260913T234403035910Z_9kr1tanv/E029_GARD_pre_onset__search-war-risk__page-3.html,E029,pre_onset,GARD,listing_capture,https://gard.no/search/?searchTerm=war%20risk,extracted,texts/a4fba1dcaca565fcf308081c63b41995043f40eeb127278a7eb3a3b22f989d0b.json,,49c11c2290744bb5c2b3afb938c95c20594e72271b4322b32cd519d155900897,241863
EV-95A99381C500,53366ff1efc8e726ceaffe2191b4b9eab27e32de42822c1720f8dddd130115bb,E029/GARD/pre_onset/automated_pending/E029_GARD_pre_onset__search-war-risk/20260913T234403035910Z_9kr1tanv/E029_GARD_pre_onset__search-war-risk__page-3.pdf,E029,pre_onset,GARD,listing_capture,https://gard.no/search/?searchTerm=war%20risk,extracted,texts/53366ff1efc8e726ceaffe2191b4b9eab27e32de42822c1720f8dddd130115bb.json,,283318cb6083e300f9835ab915fe11236023597f8b17d721995193d30d57963c,4149885
EV-EC45DBC0421E,b06cb1addc6f79b4410d764e3f7dd5219e2a21cf48310b2536b14d91e4530d31,E029/GARD/pre_onset/automated_pending/E029_GARD_pre_onset__search-war-risk/20260913T234403035910Z_9kr1tanv/E029_GARD_pre_onset__search-war-risk__page-4.html,E029,pre_onset,GARD,listing_capture,https://gard.no/search/?searchTerm=war%20risk,extracted,texts/b06cb1addc6f79b4410d764e3f7dd5219e2a21cf48310b2536b14d91e4530d31.json,,769aed36ea2bb6ef4c7e545823f7293720628f4987137f5c6503b79d65f7f4e8,242044
EV-C447E31E5B69,cdd796a9f5cc64922c6bb4b9f35aadec5418af7f05bb5d5e9da2eebd02d3c08c,E029/GARD/pre_onset/automated_pending/E029_GARD_pre_onset__search-war-risk/20260913T234403035910Z_9kr1tanv/E029_GARD_pre_onset__search-war-risk__page-4.pdf,E029,pre_onset,GARD,listing_capture,https://gard.no/search/?searchTerm=war%20risk,extracted,texts/cdd796a9f5cc64922c6bb4b9f35aadec5418af7f05bb5d5e9da2eebd02d3c08c.json,,79e6c38c29b1ccf4eae0022e448f773288464a1b1b28da6a429e4d07a949ba1e,481020
EV-0E424699BA7A,22ce8141a596d1d65232bf2a4018457b0c96636c6aabcc00ebcdd126b67d81f7,E029/GARD/pre_onset/automated_pending/E029_GARD_pre_onset__search-war-risk/20260913T234403035910Z_9kr1tanv/E029_GARD_pre_onset__search-war-risk__page-5.html,E029,pre_onset,GARD,listing_capture,https://gard.no/search/?searchTerm=war%20risk,extracted,texts/22ce8141a596d1d65232bf2a4018457b0c96636c6aabcc00ebcdd126b67d81f7.json,,bc5d1f6e244dfccea87ce7326167c4d6dd6f3e391b279cbc52bc159c89ad1424,243613
EV-47BEA30770F3,593c432b5080cde2a4dc485b32a0919b915864ce19b3863f811cc7b08449c998,E029/GARD/pre_onset/automated_pending/E029_GARD_pre_onset__search-war-risk/20260913T234403035910Z_9kr1tanv/E029_GARD_pre_onset__search-war-risk__page-5.pdf,E029,pre_onset,GARD,listing_capture,https://gard.no/search/?searchTerm=war%20risk,extracted,texts/593c432b5080cde2a4dc485b32a0919b915864ce19b3863f811cc7b08449c998.json,,57f879c60f347ab4b91fa3da0c749da3faabf4598809c7e3ffdbd7836af9e616,484772
EV-315D110568B8,8e66d7d9185e0d7fddac5ade9ba30adeb186cdd8ec1c4302e30509c8c1d8a70f,E029/GARD/pre_onset/automated_pending/E029_GARD_pre_onset__search-war-risk/20260913T234403035910Z_9kr1tanv/E029_GARD_pre_onset__search-war-risk__page-6.html,E029,pre_onset,GARD,listing_capture,https://gard.no/search/?searchTerm=war%20risk,extracted,texts/8e66d7d9185e0d7fddac5ade9ba30adeb186cdd8ec1c4302e30509c8c1d8a70f.json,,dc87dd8e471c07f9c4590d1c5b51f73d814500f393a0f908f36c256afbc4efdd,243007
EV-3093F40697D0,ab2bd9505b1399a8cc36c97666a7943a4d8fc39593aab8ae141078b88cbf00d3,E029/GARD/pre_onset/automated_pending/E029_GARD_pre_onset__search-war-risk/20260913T234403035910Z_9kr1tanv/E029_GARD_pre_onset__search-war-risk__page-6.pdf,E029,pre_onset,GARD,listing_capture,https://gard.no/search/?searchTerm=war%20risk,extracted,texts/ab2bd9505b1399a8cc36c97666a7943a4d8fc39593aab8ae141078b88cbf00d3.json,,b9b041b82ed4352d1964e8b30b1efbb6606be7271288ffdb723c56a6913a7e6a,4621247
EV-06C76FB4DE09,ac418539c93d661e458e581a40989b3e41023c9a9eae4b651660afc576268a06,E029/GARD/pre_onset/automated_pending/E029_GARD_pre_onset__search-war-risk/20260913T234403035910Z_9kr1tanv/E029_GARD_pre_onset__search-war-risk__page-7.html,E029,pre_onset,GARD,listing_capture,https://gard.no/search/?searchTerm=war%20risk,extracted,texts/ac418539c93d661e458e581a40989b3e41023c9a9eae4b651660afc576268a06.json,,8f3e9da35705a2127e479572c0faef41fa86742bb3dfba079581bf7b181557cf,236848
EV-E7E1851D2A75,93bde4ed8020f1baa8930770fb01ef5d6c259b9834814f27799232d41a697870,E029/GARD/pre_onset/automated_pending/E029_GARD_pre_onset__search-war-risk/20260913T234403035910Z_9kr1tanv/E029_GARD_pre_onset__search-war-risk__page-7.pdf,E029,pre_onset,GARD,listing_capture,https://gard.no/search/?searchTerm=war%20risk,extracted,texts/93bde4ed8020f1baa8930770fb01ef5d6c259b9834814f27799232d41a697870.json,,a233f61876a0bbe0b247ea0fa70133a36d7828b4df6b3e1ca4424269b30bc98f,1453215
EV-88C40AB58CAF,fe8b6761a2f25ba6354e65208a14a73c9f8c592f00fc9c9d23a50e021f04024f,E029/IUA_JWC_LMA/onset/automated_pending/E029_IUA_JWC_LMA_onset__page-1/20260913T211742198268Z__b6ap7qu/E029_IUA_JWC_LMA_onset__page-1.html,E029,onset,IUA_JWC_LMA,listing_capture,https://lmalloyds.com/specialist-areas/underwriting/listed-areas/,extracted,texts/fe8b6761a2f25ba6354e65208a14a73c9f8c592f00fc9c9d23a50e021f04024f.json,,33d4304a5a5e69cafd237fe1178a162b3757de2c85ef29c7683653dea9bff701,177024
EV-1C8D29C5CD9A,3bc39c9767454cc84c62eff77c158986f3ca2f635785ff6e79dc081ef054f520,E029/IUA_JWC_LMA/onset/automated_pending/E029_IUA_JWC_LMA_onset__page-1/20260913T211742198268Z__b6ap7qu/E029_IUA_JWC_LMA_onset__page-1.pdf,E029,onset,IUA_JWC_LMA,listing_capture,https://lmalloyds.com/specialist-areas/underwriting/listed-areas/,extracted,texts/3bc39c9767454cc84c62eff77c158986f3ca2f635785ff6e79dc081ef054f520.json,,1d7f821ca2336123a3b5a6a6f40e8ce87cfb0561c880d2432e5afa8cbaec4b22,1874391
EV-F3F47B5C5B2F,819045337058503ca1e7f7e8313b9264d6571a5657167ffd338031252198731b,E029/IUA_JWC_LMA/pre_onset/automated_pending/E029_IUA_JWC_LMA_pre_onset__page-1/20260913T211735641036Z_ztw00cs7/E029_IUA_JWC_LMA_pre_onset__page-1.html,E029,pre_onset,IUA_JWC_LMA,listing_capture,https://lmalloyds.com/specialist-areas/underwriting/listed-areas/,extracted,texts/819045337058503ca1e7f7e8313b9264d6571a5657167ffd338031252198731b.json,,33d4304a5a5e69cafd237fe1178a162b3757de2c85ef29c7683653dea9bff701,177052
EV-9EC0B79167A9,15fe4c74827896276c1b4ecc02a6f854840ca1eaa1af878d3fb31bb8926ebd70,E029/IUA_JWC_LMA/pre_onset/automated_pending/E029_IUA_JWC_LMA_pre_onset__page-1/20260913T211735641036Z_ztw00cs7/E029_IUA_JWC_LMA_pre_onset__page-1.pdf,E029,pre_onset,IUA_JWC_LMA,listing_capture,https://lmalloyds.com/specialist-areas/underwriting/listed-areas/,extracted,texts/15fe4c74827896276c1b4ecc02a6f854840ca1eaa1af878d3fb31bb8926ebd70.json,,1619c6b1261b78d409ac54c378a5ff2895f870b2e11e911ee793ba72e87e54a3,1873762
EV-0F93DE34C247,7b51f66a196b22aa6919413c01824aa633799d583a59f34dfe726ca916ff4cc5,E029/MARAD/onset/automated_pending/E029_MARAD_onset__Arabian-Gulf/20260913T211446925151Z_wtk42jz0/E029_MARAD_onset__Arabian-Gulf.html,E029,onset,MARAD,listing_capture,https://www.maritime.dot.gov/msci-alerts?field_msci_geographic_location_target_id=&field_msci_effective_date_value%5Bmin%5D=2021-03-07&field_msci_effective_date_value%5Bmax%5D=2021-03-21&keys=Arabian+Gulf,extracted,texts/7b51f66a196b22aa6919413c01824aa633799d583a59f34dfe726ca916ff4cc5.json,,7f999194ebfd21437c649ac0e0348ecade703bdf27b1522d5a6b5de195b494a2,78608
EV-120584635DD3,4f7a3900bbf34b6221191810880f19fa29c39fd97683e2035060bb67048f5eaf,E029/MARAD/onset/automated_pending/E029_MARAD_onset__Arabian-Gulf/20260913T211446925151Z_wtk42jz0/E029_MARAD_onset__Arabian-Gulf.pdf,E029,onset,MARAD,listing_capture,https://www.maritime.dot.gov/msci-alerts?field_msci_geographic_location_target_id=&field_msci_effective_date_value%5Bmin%5D=2021-03-07&field_msci_effective_date_value%5Bmax%5D=2021-03-21&keys=Arabian+Gulf,extracted,texts/4f7a3900bbf34b6221191810880f19fa29c39fd97683e2035060bb67048f5eaf.json,,f8f4417583e6b0dd42c9a54987eefed24c405006a751f05213055ac26976a7ff,223545
EV-8C32308322E7,9a6e2e7da908d5778916a08cac27c5db924193aca7b93faa59cf9c8eb63f9c29,E029/MARAD/onset/automated_pending/E029_MARAD_onset__Gulf-of-Oman/20260913T211450856279Z_zlulrazc/E029_MARAD_onset__Gulf-of-Oman.html,E029,onset,MARAD,listing_capture,https://www.maritime.dot.gov/msci-alerts?field_msci_geographic_location_target_id=&field_msci_effective_date_value%5Bmin%5D=2021-03-07&field_msci_effective_date_value%5Bmax%5D=2021-03-21&keys=Gulf+of+Oman,extracted,texts/9a6e2e7da908d5778916a08cac27c5db924193aca7b93faa59cf9c8eb63f9c29.json,,7f999194ebfd21437c649ac0e0348ecade703bdf27b1522d5a6b5de195b494a2,78608
EV-13CE72CC6B47,123d67a2789e94c6d03d103f6cf08ee7a805ceb9d5bbe4581cd55e941047414b,E029/MARAD/onset/automated_pending/E029_MARAD_onset__Gulf-of-Oman/20260913T211450856279Z_zlulrazc/E029_MARAD_onset__Gulf-of-Oman.pdf,E029,onset,MARAD,listing_capture,https://www.maritime.dot.gov/msci-alerts?field_msci_geographic_location_target_id=&field_msci_effective_date_value%5Bmin%5D=2021-03-07&field_msci_effective_date_value%5Bmax%5D=2021-03-21&keys=Gulf+of+Oman,extracted,texts/123d67a2789e94c6d03d103f6cf08ee7a805ceb9d5bbe4581cd55e941047414b.json,,a7060039c260de0cafd5a6dc42650c8084bc4b20b350bb96de30fd3171b9d696,223080
EV-9D7FC659025C,fc909c3deefe7564c10151f016293efc9b809ed45afbeacccf8783a4d761d241,E029/MARAD/onset/automated_pending/E029_MARAD_onset__Hormuz/20260913T211454864678Z_ncl97hhj/E029_MARAD_onset__Hormuz.html,E029,onset,MARAD,listing_capture,https://www.maritime.dot.gov/msci-alerts?field_msci_geographic_location_target_id=&field_msci_effective_date_value%5Bmin%5D=2021-03-07&field_msci_effective_date_value%5Bmax%5D=2021-03-21&keys=Hormuz,extracted,texts/fc909c3deefe7564c10151f016293efc9b809ed45afbeacccf8783a4d761d241.json,,7f999194ebfd21437c649ac0e0348ecade703bdf27b1522d5a6b5de195b494a2,78596
EV-8CE900C8A612,2734d00a801d8bd4aa2a2a639f46b0a62885e736ef54806097d72f87811da774,E029/MARAD/onset/automated_pending/E029_MARAD_onset__Hormuz/20260913T211454864678Z_ncl97hhj/E029_MARAD_onset__Hormuz.pdf,E029,onset,MARAD,listing_capture,https://www.maritime.dot.gov/msci-alerts?field_msci_geographic_location_target_id=&field_msci_effective_date_value%5Bmin%5D=2021-03-07&field_msci_effective_date_value%5Bmax%5D=2021-03-21&keys=Hormuz,extracted,texts/2734d00a801d8bd4aa2a2a639f46b0a62885e736ef54806097d72f87811da774.json,,9bb420518cb0a052c94312907c8cb8909dd7fd0b4e45d7fe58c2299405d81e88,222276
EV-AEC0B031CC81,6d00cb52983d28f841b1279a9f02a223ff2c8e03c3e9c5b536e670c584a690c1,E029/MARAD/onset/automated_pending/E029_MARAD_onset__Iran/20260913T211458930228Z_glti9ijx/E029_MARAD_onset__Iran.html,E029,onset,MARAD,listing_capture,https://www.maritime.dot.gov/msci-alerts?field_msci_geographic_location_target_id=&field_msci_effective_date_value%5Bmin%5D=2021-03-07&field_msci_effective_date_value%5Bmax%5D=2021-03-21&keys=Iran,extracted,texts/6d00cb52983d28f841b1279a9f02a223ff2c8e03c3e9c5b536e670c584a690c1.json,,7f999194ebfd21437c649ac0e0348ecade703bdf27b1522d5a6b5de195b494a2,78592
EV-33DE28924AA5,e8f3ec8ed950516898da4b3f154a6d04caa759400f242ce3b116f060a8865b62,E029/MARAD/onset/automated_pending/E029_MARAD_onset__Iran/20260913T211458930228Z_glti9ijx/E029_MARAD_onset__Iran.pdf,E029,onset,MARAD,listing_capture,https://www.maritime.dot.gov/msci-alerts?field_msci_geographic_location_target_id=&field_msci_effective_date_value%5Bmin%5D=2021-03-07&field_msci_effective_date_value%5Bmax%5D=2021-03-21&keys=Iran,extracted,texts/e8f3ec8ed950516898da4b3f154a6d04caa759400f242ce3b116f060a8865b62.json,,23a559548bae475f2ac0267609de2ee94b1fdbdd95df79443bf96246136ade24,221294
EV-9779CB9C3012,4ff947e75d5a2d57680c7e61e79774e536fe17af8793f33646c50cf6318a8084,E029/MARAD/onset/automated_pending/E029_MARAD_onset__Persian-Gulf/20260913T211502967483Z_r3ueyf1d/E029_MARAD_onset__Persian-Gulf.html,E029,onset,MARAD,listing_capture,https://www.maritime.dot.gov/msci-alerts?field_msci_geographic_location_target_id=&field_msci_effective_date_value%5Bmin%5D=2021-03-07&field_msci_effective_date_value%5Bmax%5D=2021-03-21&keys=Persian+Gulf,extracted,texts/4ff947e75d5a2d57680c7e61e79774e536fe17af8793f33646c50cf6318a8084.json,,7f999194ebfd21437c649ac0e0348ecade703bdf27b1522d5a6b5de195b494a2,78608
EV-10712668A3AE,f07e667f937cd2ee1a1c714f3216a904e4dc5e6dbc88c4ab12d94d597eae883e,E029/MARAD/onset/automated_pending/E029_MARAD_onset__Persian-Gulf/20260913T211502967483Z_r3ueyf1d/E029_MARAD_onset__Persian-Gulf.pdf,E029,onset,MARAD,listing_capture,https://www.maritime.dot.gov/msci-alerts?field_msci_geographic_location_target_id=&field_msci_effective_date_value%5Bmin%5D=2021-03-07&field_msci_effective_date_value%5Bmax%5D=2021-03-21&keys=Persian+Gulf,extracted,texts/f07e667f937cd2ee1a1c714f3216a904e4dc5e6dbc88c4ab12d94d597eae883e.json,,b01b70d45d6fa58cb63c505312fd8d513c3df0cf686a10dc889b25cd07bdc5ee,222206
EV-5D8DDFACB159,772bc3e3786d0f1d05ca6104fc9f081b0d198686e19e5d964163178a9a3d78f0,E029/MARAD/pre_onset/automated_pending/E029_MARAD_pre_onset__Arabian-Gulf/20260913T211411209749Z_iwsxag6m/E029_MARAD_pre_onset__Arabian-Gulf.html,E029,pre_onset,MARAD,listing_capture,https://www.maritime.dot.gov/msci-alerts?field_msci_geographic_location_target_id=&field_msci_effective_date_value%5Bmin%5D=2021-02-05&field_msci_effective_date_value%5Bmax%5D=2021-03-06&keys=Arabian+Gulf,extracted,texts/772bc3e3786d0f1d05ca6104fc9f081b0d198686e19e5d964163178a9a3d78f0.json,,0e0206d6cb050ba9e5dde0f2c9c2cd370c976bc4d94f320dafdb998b04b1de1f,79584
EV-297B771F480C,99474379ff55b92eac404068d60a9e6db537e4cc8b923d56f0cf921b82083d13,E029/MARAD/pre_onset/automated_pending/E029_MARAD_pre_onset__Arabian-Gulf/20260913T211411209749Z_iwsxag6m/E029_MARAD_pre_onset__Arabian-Gulf.pdf,E029,pre_onset,MARAD,listing_capture,https://www.maritime.dot.gov/msci-alerts?field_msci_geographic_location_target_id=&field_msci_effective_date_value%5Bmin%5D=2021-02-05&field_msci_effective_date_value%5Bmax%5D=2021-03-06&keys=Arabian+Gulf,extracted,texts/99474379ff55b92eac404068d60a9e6db537e4cc8b923d56f0cf921b82083d13.json,,e290d2acdbd26128c1721173093fdb5e1b771e3b46b9beceb37d22f6f85b1d41,228762
EV-FA2D04B9BCF1,8f82f6f6fb8559fd99d9b1fef47dc9191481c0b7d56bd86871dd41e698aaa0c4,E029/MARAD/pre_onset/automated_pending/E029_MARAD_pre_onset__Arabian-Gulf/20260913T211411209749Z_iwsxag6m/E029_MARAD_pre_onset__Arabian-Gulf__document-a7ef08fdfd.html,E029,pre_onset,MARAD,article_capture,https://www.maritime.dot.gov/msci/2021-003a-gulf-oman-threat-commercial-vessels,extracted,texts/8f82f6f6fb8559fd99d9b1fef47dc9191481c0b7d56bd86871dd41e698aaa0c4.json,,9f60a77e2441399b5a162aeb5ac40fb40ca6db963f86acab864c264e759b9f24,72920
EV-FA2D04B9BCF1,8f82f6f6fb8559fd99d9b1fef47dc9191481c0b7d56bd86871dd41e698aaa0c4,E029/MARAD/pre_onset/automated_pending/E029_MARAD_pre_onset__Gulf-of-Oman/20260913T211417477002Z_85vwht1u/E029_MARAD_pre_onset__Gulf-of-Oman__document-a7ef08fdfd.html,E029,pre_onset,MARAD,article_capture,https://www.maritime.dot.gov/msci/2021-003a-gulf-oman-threat-commercial-vessels,extracted,texts/8f82f6f6fb8559fd99d9b1fef47dc9191481c0b7d56bd86871dd41e698aaa0c4.json,,9f60a77e2441399b5a162aeb5ac40fb40ca6db963f86acab864c264e759b9f24,72920
EV-FA2D04B9BCF1,8f82f6f6fb8559fd99d9b1fef47dc9191481c0b7d56bd86871dd41e698aaa0c4,E029/MARAD/pre_onset/automated_pending/E029_MARAD_pre_onset__Hormuz/20260913T211423741557Z_i39indbh/E029_MARAD_pre_onset__Hormuz__document-a7ef08fdfd.html,E029,pre_onset,MARAD,article_capture,https://www.maritime.dot.gov/msci/2021-003a-gulf-oman-threat-commercial-vessels,extracted,texts/8f82f6f6fb8559fd99d9b1fef47dc9191481c0b7d56bd86871dd41e698aaa0c4.json,,9f60a77e2441399b5a162aeb5ac40fb40ca6db963f86acab864c264e759b9f24,72920
EV-FA2D04B9BCF1,8f82f6f6fb8559fd99d9b1fef47dc9191481c0b7d56bd86871dd41e698aaa0c4,E029/MARAD/pre_onset/automated_pending/E029_MARAD_pre_onset__Iran/20260913T211431442713Z_daloz7vd/E029_MARAD_pre_onset__Iran__document-a7ef08fdfd.html,E029,pre_onset,MARAD,article_capture,https://www.maritime.dot.gov/msci/2021-003a-gulf-oman-threat-commercial-vessels,extracted,texts/8f82f6f6fb8559fd99d9b1fef47dc9191481c0b7d56bd86871dd41e698aaa0c4.json,,9f60a77e2441399b5a162aeb5ac40fb40ca6db963f86acab864c264e759b9f24,72920
EV-FA2D04B9BCF1,8f82f6f6fb8559fd99d9b1fef47dc9191481c0b7d56bd86871dd41e698aaa0c4,E029/MARAD/pre_onset/automated_pending/E029_MARAD_pre_onset__Persian-Gulf/20260913T211439102753Z_v_akfgby/E029_MARAD_pre_onset__Persian-Gulf__document-a7ef08fdfd.html,E029,pre_onset,MARAD,article_capture,https://www.maritime.dot.gov/msci/2021-003a-gulf-oman-threat-commercial-vessels,extracted,texts/8f82f6f6fb8559fd99d9b1fef47dc9191481c0b7d56bd86871dd41e698aaa0c4.json,,9f60a77e2441399b5a162aeb5ac40fb40ca6db963f86acab864c264e759b9f24,72920
EV-FA2D04B9BCF1,18c90a1edc8ebe0f75cf03307ded2238c391c2a847565ca74cb25eb307a1b83a,E029/MARAD/pre_onset/automated_pending/E029_MARAD_pre_onset__Arabian-Gulf/20260913T211411209749Z_iwsxag6m/E029_MARAD_pre_onset__Arabian-Gulf__document-a7ef08fdfd.pdf,E029,pre_onset,MARAD,article_capture,https://www.maritime.dot.gov/msci/2021-003a-gulf-oman-threat-commercial-vessels,extracted,texts/18c90a1edc8ebe0f75cf03307ded2238c391c2a847565ca74cb25eb307a1b83a.json,,9dc3ad066bc695ac2c45e7c888ede0759164f7e8df5d239d38cb9a7e52dc64ba,233118
EV-B0E64326BC3D,198ce846f62da05e8a9a78a260be34535e13cd962feef3f3474391d7f1230c8f,E029/MARAD/pre_onset/automated_pending/E029_MARAD_pre_onset__Gulf-of-Oman/20260913T211417477002Z_85vwht1u/E029_MARAD_pre_onset__Gulf-of-Oman.html,E029,pre_onset,MARAD,listing_capture,https://www.maritime.dot.gov/msci-alerts?field_msci_geographic_location_target_id=&field_msci_effective_date_value%5Bmin%5D=2021-02-05&field_msci_effective_date_value%5Bmax%5D=2021-03-06&keys=Gulf+of+Oman,extracted,texts/198ce846f62da05e8a9a78a260be34535e13cd962feef3f3474391d7f1230c8f.json,,0e0206d6cb050ba9e5dde0f2c9c2cd370c976bc4d94f320dafdb998b04b1de1f,79584
EV-D0F7EDDDF092,a71881e24514c0d897c6adbe3cec0cd18aec622a2840824e1b5628a79242eebf,E029/MARAD/pre_onset/automated_pending/E029_MARAD_pre_onset__Gulf-of-Oman/20260913T211417477002Z_85vwht1u/E029_MARAD_pre_onset__Gulf-of-Oman.pdf,E029,pre_onset,MARAD,listing_capture,https://www.maritime.dot.gov/msci-alerts?field_msci_geographic_location_target_id=&field_msci_effective_date_value%5Bmin%5D=2021-02-05&field_msci_effective_date_value%5Bmax%5D=2021-03-06&keys=Gulf+of+Oman,extracted,texts/a71881e24514c0d897c6adbe3cec0cd18aec622a2840824e1b5628a79242eebf.json,,a88757a44a1a9fb03955f26fab4f8692c50c595d6633a2d62bfc32457eb7b8a0,228907
EV-FA2D04B9BCF1,e9d18e4d6e53aa3d393adfd31b99cdb56671143f5483b595f14a8459bd7af536,E029/MARAD/pre_onset/automated_pending/E029_MARAD_pre_onset__Gulf-of-Oman/20260913T211417477002Z_85vwht1u/E029_MARAD_pre_onset__Gulf-of-Oman__document-a7ef08fdfd.pdf,E029,pre_onset,MARAD,article_capture,https://www.maritime.dot.gov/msci/2021-003a-gulf-oman-threat-commercial-vessels,extracted,texts/e9d18e4d6e53aa3d393adfd31b99cdb56671143f5483b595f14a8459bd7af536.json,,c86a5f41062de5c735757a7f943f418b0ce8ade4a3643f96c22ded0175d87c50,233381
EV-EE456E005DFE,c6b8c212fe3cb4b418afdee21da43971fbf8502abbfa4813e00ef5fbe9406fd9,E029/MARAD/pre_onset/automated_pending/E029_MARAD_pre_onset__Hormuz/20260913T211423741557Z_i39indbh/E029_MARAD_pre_onset__Hormuz.html,E029,pre_onset,MARAD,listing_capture,https://www.maritime.dot.gov/msci-alerts?field_msci_geographic_location_target_id=&field_msci_effective_date_value%5Bmin%5D=2021-02-05&field_msci_effective_date_value%5Bmax%5D=2021-03-06&keys=Hormuz,extracted,texts/c6b8c212fe3cb4b418afdee21da43971fbf8502abbfa4813e00ef5fbe9406fd9.json,,0e0206d6cb050ba9e5dde0f2c9c2cd370c976bc4d94f320dafdb998b04b1de1f,79572
EV-AC6FFE5BAB6B,d580793f0941d8c0ccd4a108848ca19d94004542a844805c56d0c0553a07ea16,E029/MARAD/pre_onset/automated_pending/E029_MARAD_pre_onset__Hormuz/20260913T211423741557Z_i39indbh/E029_MARAD_pre_onset__Hormuz.pdf,E029,pre_onset,MARAD,listing_capture,https://www.maritime.dot.gov/msci-alerts?field_msci_geographic_location_target_id=&field_msci_effective_date_value%5Bmin%5D=2021-02-05&field_msci_effective_date_value%5Bmax%5D=2021-03-06&keys=Hormuz,extracted,texts/d580793f0941d8c0ccd4a108848ca19d94004542a844805c56d0c0553a07ea16.json,,6673722e7c476fed6459df2db0c98df3374d29e3f23bb7ba1ad937b1d0447e2d,228938
EV-FA2D04B9BCF1,05bc27dce5e3219c7bedeeb2a9088c5d26a0fad88c43f9c9dc849e5d4cd9ad1c,E029/MARAD/pre_onset/automated_pending/E029_MARAD_pre_onset__Hormuz/20260913T211423741557Z_i39indbh/E029_MARAD_pre_onset__Hormuz__document-a7ef08fdfd.pdf,E029,pre_onset,MARAD,article_capture,https://www.maritime.dot.gov/msci/2021-003a-gulf-oman-threat-commercial-vessels,extracted,texts/05bc27dce5e3219c7bedeeb2a9088c5d26a0fad88c43f9c9dc849e5d4cd9ad1c.json,,bfd1c34d629ca1412259d9e8ab3a45f1a9eb00b84d9e10ef7bc5482daa93a9d9,233382
EV-1779693CF6FC,66159ba54ba320dbca236d19cb6f2aec25fddcc98ad736a803d8b044afd6ebcf,E029/MARAD/pre_onset/automated_pending/E029_MARAD_pre_onset__Iran/20260913T211431442713Z_daloz7vd/E029_MARAD_pre_onset__Iran.html,E029,pre_onset,MARAD,listing_capture,https://www.maritime.dot.gov/msci-alerts?field_msci_geographic_location_target_id=&field_msci_effective_date_value%5Bmin%5D=2021-02-05&field_msci_effective_date_value%5Bmax%5D=2021-03-06&keys=Iran,extracted,texts/66159ba54ba320dbca236d19cb6f2aec25fddcc98ad736a803d8b044afd6ebcf.json,,0e0206d6cb050ba9e5dde0f2c9c2cd370c976bc4d94f320dafdb998b04b1de1f,79568
EV-93F3C21F7CBD,e5707fe9bbc09cb05e8c8eb1c036b52fc36f77676f5669947693ca06463bf923,E029/MARAD/pre_onset/automated_pending/E029_MARAD_pre_onset__Iran/20260913T211431442713Z_daloz7vd/E029_MARAD_pre_onset__Iran.pdf,E029,pre_onset,MARAD,listing_capture,https://www.maritime.dot.gov/msci-alerts?field_msci_geographic_location_target_id=&field_msci_effective_date_value%5Bmin%5D=2021-02-05&field_msci_effective_date_value%5Bmax%5D=2021-03-06&keys=Iran,extracted,texts/e5707fe9bbc09cb05e8c8eb1c036b52fc36f77676f5669947693ca06463bf923.json,,cc342cbf2a2de5accb0c6a9905984ae9e7793ee836ea912184aaa521972755d8,227666
EV-FA2D04B9BCF1,d92119d7c2ffc635a2d9db5e1e01581f558ec7bdcb77798693da0a8571d75762,E029/MARAD/pre_onset/automated_pending/E029_MARAD_pre_onset__Iran/20260913T211431442713Z_daloz7vd/E029_MARAD_pre_onset__Iran__document-a7ef08fdfd.pdf,E029,pre_onset,MARAD,article_capture,https://www.maritime.dot.gov/msci/2021-003a-gulf-oman-threat-commercial-vessels,extracted,texts/d92119d7c2ffc635a2d9db5e1e01581f558ec7bdcb77798693da0a8571d75762.json,,117f3d0f15abf5f81db50817b5c8fbf041a3f1cd424c412d5638988674127485,233705
EV-A1196000A2AF,005320a9f6dca454e5d8d9c01fd9bc33db471f13ecdede39d2554b496f1490fc,E029/MARAD/pre_onset/automated_pending/E029_MARAD_pre_onset__Persian-Gulf/20260913T211439102753Z_v_akfgby/E029_MARAD_pre_onset__Persian-Gulf.html,E029,pre_onset,MARAD,listing_capture,https://www.maritime.dot.gov/msci-alerts?field_msci_geographic_location_target_id=&field_msci_effective_date_value%5Bmin%5D=2021-02-05&field_msci_effective_date_value%5Bmax%5D=2021-03-06&keys=Persian+Gulf,extracted,texts/005320a9f6dca454e5d8d9c01fd9bc33db471f13ecdede39d2554b496f1490fc.json,,0e0206d6cb050ba9e5dde0f2c9c2cd370c976bc4d94f320dafdb998b04b1de1f,79584
EV-6CB46D778FC3,aba741e6e7f97760e69a23aea08fb3bdd2912f1ba3fafed2c9c79b85293290c1,E029/MARAD/pre_onset/automated_pending/E029_MARAD_pre_onset__Persian-Gulf/20260913T211439102753Z_v_akfgby/E029_MARAD_pre_onset__Persian-Gulf.pdf,E029,pre_onset,MARAD,listing_capture,https://www.maritime.dot.gov/msci-alerts?field_msci_geographic_location_target_id=&field_msci_effective_date_value%5Bmin%5D=2021-02-05&field_msci_effective_date_value%5Bmax%5D=2021-03-06&keys=Persian+Gulf,extracted,texts/aba741e6e7f97760e69a23aea08fb3bdd2912f1ba3fafed2c9c79b85293290c1.json,,78fd04b78cdf5b37181b52656ca76197f09e2ce21228c5a158482065a0b896d9,228682
EV-FA2D04B9BCF1,f8019defea0b6698d2464f417b24227924fad85870e90e98a288dc6a32fa3f8b,E029/MARAD/pre_onset/automated_pending/E029_MARAD_pre_onset__Persian-Gulf/20260913T211439102753Z_v_akfgby/E029_MARAD_pre_onset__Persian-Gulf__document-a7ef08fdfd.pdf,E029,pre_onset,MARAD,article_capture,https://www.maritime.dot.gov/msci/2021-003a-gulf-oman-threat-commercial-vessels,extracted,texts/f8019defea0b6698d2464f417b24227924fad85870e90e98a288dc6a32fa3f8b.json,,021144da29466e9ea6dfa8713945b7c07f52c814f6be17e3cbb6dd20baf517a5,233589
EV-7BB0E8BCBE28,ea003bd7c8600ee2b000baadd1f6cb99eb0058b3c48903f7578c27bc98c2450b,E031/GARD/onset/automated_pending/E031_GARD_onset__search-Gulf-of-Oman/20260914T000949800422Z_yapfa1xw/E031_GARD_onset__search-Gulf-of-Oman.html,E031,onset,GARD,listing_capture,https://gard.no/search/?searchTerm=Gulf%20of%20Oman,extracted,texts/ea003bd7c8600ee2b000baadd1f6cb99eb0058b3c48903f7578c27bc98c2450b.json,,6fa1e1afec4bde06041ef70a1c98328676224726359cb7407f9832498bae0a39,239090
EV-5B13D76F189A,43fa206129868d5a85faff132589bc4a234b76c46081ac6558120f63b20d4156,E031/GARD/onset/automated_pending/E031_GARD_onset__search-Gulf-of-Oman/20260914T000949800422Z_yapfa1xw/E031_GARD_onset__search-Gulf-of-Oman.pdf,E031,onset,GARD,listing_capture,https://gard.no/search/?searchTerm=Gulf%20of%20Oman,extracted,texts/43fa206129868d5a85faff132589bc4a234b76c46081ac6558120f63b20d4156.json,,62b9c9979ca8cd46b8a4fa7bb501b3dac8c5379c9db1502124f8aa66ec3233b4,2171217
EV-D6CBBFEAB8C9,6353c438d9e764c699d262ca959944f73539ca8c77127d380ccfab4b8782b4b6,E031/GARD/onset/automated_pending/E031_GARD_onset__search-Hormuz/20260914T001022012978Z_r892spqf/E031_GARD_onset__search-Hormuz.html,E031,onset,GARD,listing_capture,https://gard.no/search/?searchTerm=Hormuz,extracted,texts/6353c438d9e764c699d262ca959944f73539ca8c77127d380ccfab4b8782b4b6.json,,b79c4b1fa3760ce02d0639b5741c7df34f783cb6bff232659a6a707fefc93083,238976
EV-A8F5EAB05CAC,2b22c0d3d83e4dc689c7225361e75c737650a81e58fd07465f7868587616ea1a,E031/GARD/onset/automated_pending/E031_GARD_onset__search-Hormuz/20260914T001022012978Z_r892spqf/E031_GARD_onset__search-Hormuz.pdf,E031,onset,GARD,listing_capture,https://gard.no/search/?searchTerm=Hormuz,extracted,texts/2b22c0d3d83e4dc689c7225361e75c737650a81e58fd07465f7868587616ea1a.json,,95fa9535f6ead4cf5770927249244a5b1d4c89554926c2197a4cf471e225ece9,3714542
EV-659FE86ADF78,d5b0e0ed8c870c28966c4c4decf734f35c50fdb7e3a5d6d095c697daa3483862,E031/GARD/onset/automated_pending/E031_GARD_onset__search-Iran/20260914T001055044042Z_bbqjt4be/E031_GARD_onset__search-Iran.html,E031,onset,GARD,listing_capture,https://gard.no/search/?searchTerm=Iran,extracted,texts/d5b0e0ed8c870c28966c4c4decf734f35c50fdb7e3a5d6d095c697daa3483862.json,,b7d5bf99e0bcfe2992f141002b0860785d0356a9a7bc40bf4d39216fcd8221f6,252586
EV-659FE86ADF78,d5b0e0ed8c870c28966c4c4decf734f35c50fdb7e3a5d6d095c697daa3483862,E031/GARD/pre_onset/automated_pending/E031_GARD_pre_onset__search-Iran/20260914T000047225784Z_sw9z27xj/E031_GARD_pre_onset__search-Iran.html,E031,pre_onset,GARD,listing_capture,https://gard.no/search/?searchTerm=Iran,extracted,texts/d5b0e0ed8c870c28966c4c4decf734f35c50fdb7e3a5d6d095c697daa3483862.json,,b7d5bf99e0bcfe2992f141002b0860785d0356a9a7bc40bf4d39216fcd8221f6,252586
EV-7D4B91813E3B,88eb4440e9ad79ac92168ea1bb4bca972be2da51b75fe02a9abcedaa43a478c1,E031/GARD/onset/automated_pending/E031_GARD_onset__search-Iran/20260914T001055044042Z_bbqjt4be/E031_GARD_onset__search-Iran.pdf,E031,onset,GARD,listing_capture,https://gard.no/search/?searchTerm=Iran,extracted,texts/88eb4440e9ad79ac92168ea1bb4bca972be2da51b75fe02a9abcedaa43a478c1.json,,bb634d48d28366259de234444336cc6e9dca949295958d99cb0ecff8b6d783aa,5184562
EV-8C233ACFC198,6619f2a70873b90bebd1b0fc8a182e781a379b61c098e490c74dddf8c9d45820,E031/GARD/onset/automated_pending/E031_GARD_onset__search-Iran/20260914T001055044042Z_bbqjt4be/E031_GARD_onset__search-Iran__page-2.html,E031,onset,GARD,listing_capture,https://gard.no/search/?searchTerm=Iran,extracted,texts/6619f2a70873b90bebd1b0fc8a182e781a379b61c098e490c74dddf8c9d45820.json,,8f5d5e27b5347123420ec210c214ec177039982db9c51fe7e484fc09af726a38,241976
EV-8C233ACFC198,6619f2a70873b90bebd1b0fc8a182e781a379b61c098e490c74dddf8c9d45820,E031/GARD/pre_onset/automated_pending/E031_GARD_pre_onset__search-Iran/20260914T000047225784Z_sw9z27xj/E031_GARD_pre_onset__search-Iran__page-2.html,E031,pre_onset,GARD,listing_capture,https://gard.no/search/?searchTerm=Iran,extracted,texts/6619f2a70873b90bebd1b0fc8a182e781a379b61c098e490c74dddf8c9d45820.json,,8f5d5e27b5347123420ec210c214ec177039982db9c51fe7e484fc09af726a38,241976
EV-F9646AB814D6,9fc8ced1061b5bedf6d190410419eac2bde216f3fcf1e9455cd0882a75d9d9a2,E031/GARD/onset/automated_pending/E031_GARD_onset__search-Iran/20260914T001055044042Z_bbqjt4be/E031_GARD_onset__search-Iran__page-2.pdf,E031,onset,GARD,listing_capture,https://gard.no/search/?searchTerm=Iran,extracted,texts/9fc8ced1061b5bedf6d190410419eac2bde216f3fcf1e9455cd0882a75d9d9a2.json,,3436b558a5886f88ba1949da18d9d4e24de837d05665dc6e92d683ce2975dfdf,5161070
EV-2B68A8E71590,06a1dbbbb2dfcf26401b57f7f5f6c1aaafbd4ee13bd095605c10ccdd9356e000,E031/GARD/onset/automated_pending/E031_GARD_onset__search-Persian-Gulf/20260914T001211035638Z_ae43upzr/E031_GARD_onset__search-Persian-Gulf.html,E031,onset,GARD,listing_capture,https://gard.no/search/?searchTerm=Persian%20Gulf,extracted,texts/06a1dbbbb2dfcf26401b57f7f5f6c1aaafbd4ee13bd095605c10ccdd9356e000.json,,8f6190ad786aedb4425055399e00eca62523c04326756472f0a68739bc2d8470,246026
EV-581C81B14928,1c28f69416e638d52fa4a88a12c79ce5c3ea1a2966e1e8b2202aa801ca1adf33,E031/GARD/onset/automated_pending/E031_GARD_onset__search-Persian-Gulf/20260914T001211035638Z_ae43upzr/E031_GARD_onset__search-Persian-Gulf.pdf,E031,onset,GARD,listing_capture,https://gard.no/search/?searchTerm=Persian%20Gulf,extracted,texts/1c28f69416e638d52fa4a88a12c79ce5c3ea1a2966e1e8b2202aa801ca1adf33.json,,300a2378eeccd78a0661ccb9e9efa131ab5ac06581d91851da0417e249a8f571,5252571
EV-F2E950BCEA2F,e11bcf747ba5ce5e0f9fbd4313e6b0df125cebedeb0401e35a0d7c41fd52d9bc,E031/GARD/onset/automated_pending/E031_GARD_onset__search-navigational-warning/20260914T001303909351Z_kd81kp89/E031_GARD_onset__search-navigational-warning.html,E031,onset,GARD,listing_capture,https://gard.no/search/?searchTerm=navigational%20warning,extracted,texts/e11bcf747ba5ce5e0f9fbd4313e6b0df125cebedeb0401e35a0d7c41fd52d9bc.json,,b26c09423d23d4e7c261c7dad9051a80e3dda4ce5d64cf4d0e830aba782f3d62,249423
EV-C784BAB7CDC6,bc66e55453dd534683a35dab94944917877af20afd0a1cf955db75751a6a20e8,E031/GARD/onset/automated_pending/E031_GARD_onset__search-navigational-warning/20260914T001303909351Z_kd81kp89/E031_GARD_onset__search-navigational-warning.pdf,E031,onset,GARD,listing_capture,https://gard.no/search/?searchTerm=navigational%20warning,extracted,texts/bc66e55453dd534683a35dab94944917877af20afd0a1cf955db75751a6a20e8.json,,fc73643cc96b626314769ff8dc695f7a741cdd5da56377ed62714dd3a06d1fb4,11251208
EV-34DB2D8D3DA2,115f3d3d56f3223870a4b18881fe01cab8c12def7b953378a4276f176f89b6b8,E031/GARD/onset/automated_pending/E031_GARD_onset__search-war-risk/20260914T001409183872Z_vtgl37ir/E031_GARD_onset__search-war-risk.html,E031,onset,GARD,listing_capture,https://gard.no/search/?searchTerm=war%20risk,extracted,texts/115f3d3d56f3223870a4b18881fe01cab8c12def7b953378a4276f176f89b6b8.json,,78187af94bbaf6f828813ac684f405c29f92d85ca30c2e8369dc44ec30498da0,247135
EV-58A7A1E19FB8,229bdd2fb6472c3d9b8cc959309c1526acd9566d12a876381d7115f47a117d4c,E031/GARD/onset/automated_pending/E031_GARD_onset__search-war-risk/20260914T001409183872Z_vtgl37ir/E031_GARD_onset__search-war-risk.pdf,E031,onset,GARD,listing_capture,https://gard.no/search/?searchTerm=war%20risk,extracted,texts/229bdd2fb6472c3d9b8cc959309c1526acd9566d12a876381d7115f47a117d4c.json,,202b1d3f68f85ebb9b8bffcf0f5492baed1cc0d1ea13b73543793d0f67f64fc2,7848519
EV-839383EC1442,7723746514f672d2dcf3d91d014b54b02aab9491a74f6168ecef458b7a7150e1,E031/GARD/onset/automated_pending/E031_GARD_onset__search-war-risk/20260914T001409183872Z_vtgl37ir/E031_GARD_onset__search-war-risk__document-eaa262e4fd.html,E031,onset,GARD,article_capture,https://gard.no/en/insights/red-sea-war-risks-and-insurance-implications/,extracted,texts/7723746514f672d2dcf3d91d014b54b02aab9491a74f6168ecef458b7a7150e1.json,,cb31984ec3a9efa3c85f4ca7e0bcc24fff898563a392850d9b5dac2cd93416ad,553808
EV-839383EC1442,dd82e3a2168d325596a1e9937e7aeabf7d9d35753f274249ee7dca84124fe5f2,E031/GARD/onset/automated_pending/E031_GARD_onset__search-war-risk/20260914T001409183872Z_vtgl37ir/E031_GARD_onset__search-war-risk__document-eaa262e4fd.pdf,E031,onset,GARD,article_capture,https://gard.no/en/insights/red-sea-war-risks-and-insurance-implications/,extracted,texts/dd82e3a2168d325596a1e9937e7aeabf7d9d35753f274249ee7dca84124fe5f2.json,,4cae0b4f8a1172d8c030689a21cfbda6f6e460dea18910f24952b92c55ef54fb,3598094
EV-98217E9CAE08,1d224d9d88d14b524fcd44febbc0b08d354c45a99d05135b2a03c74bac09f04c,E031/GARD/onset/automated_pending/E031_GARD_onset__search-war-risk/20260914T001409183872Z_vtgl37ir/E031_GARD_onset__search-war-risk__page-2.html,E031,onset,GARD,listing_capture,https://gard.no/search/?searchTerm=war%20risk,extracted,texts/1d224d9d88d14b524fcd44febbc0b08d354c45a99d05135b2a03c74bac09f04c.json,,2314a8420db895335fea206507de4b4932f71f958d85eff3e053ba331fbe6101,246948
EV-4F922357B2A7,c37f3b79098ff5d6af95a4d363be447a9906044fabcaccf0804890a5e9a884de,E031/GARD/onset/automated_pending/E031_GARD_onset__search-war-risk/20260914T001409183872Z_vtgl37ir/E031_GARD_onset__search-war-risk__page-2.pdf,E031,onset,GARD,listing_capture,https://gard.no/search/?searchTerm=war%20risk,extracted,texts/c37f3b79098ff5d6af95a4d363be447a9906044fabcaccf0804890a5e9a884de.json,,82b62c8bc5e8181d2bc4f89e547f975f5e30a29288101b8046a5b4891ae273d5,4151329
EV-4FB342DDD484,2f04dc2e326ee39beb99140975cc97b15fc319d8bb0ba096289357d1f274d77e,E031/GARD/onset/automated_pending/E031_GARD_onset__search-war-risk/20260914T001409183872Z_vtgl37ir/E031_GARD_onset__search-war-risk__page-3.html,E031,onset,GARD,listing_capture,https://gard.no/search/?searchTerm=war%20risk,extracted,texts/2f04dc2e326ee39beb99140975cc97b15fc319d8bb0ba096289357d1f274d77e.json,,49c11c2290744bb5c2b3afb938c95c20594e72271b4322b32cd519d155900897,241703
EV-6AA6A90B1600,1559dadb287d448ac38385e6adffa9fbd878c2ef89a3e18a52143edd274beaee,E031/GARD/onset/automated_pending/E031_GARD_onset__search-war-risk/20260914T001409183872Z_vtgl37ir/E031_GARD_onset__search-war-risk__page-3.pdf,E031,onset,GARD,listing_capture,https://gard.no/search/?searchTerm=war%20risk,extracted,texts/1559dadb287d448ac38385e6adffa9fbd878c2ef89a3e18a52143edd274beaee.json,,4f994a7b81907bc84b6a910e3869467355253e763d371808bc50cec8b9d187f1,4149798
EV-548CC58A77B8,58234b1d221cb723a55a72d3b0059bfe2ddd23324e5d996ef1a692719df86844,E031/GARD/onset/automated_pending/E031_GARD_onset__search-war-risk/20260914T001409183872Z_vtgl37ir/E031_GARD_onset__search-war-risk__page-4.html,E031,onset,GARD,listing_capture,https://gard.no/search/?searchTerm=war%20risk,extracted,texts/58234b1d221cb723a55a72d3b0059bfe2ddd23324e5d996ef1a692719df86844.json,,769aed36ea2bb6ef4c7e545823f7293720628f4987137f5c6503b79d65f7f4e8,241884
EV-E291BF9B5880,4af5aa16c40edf2c03e98b030b8b2831115ea777c65e4ffc114c528b232b89ff,E031/GARD/onset/automated_pending/E031_GARD_onset__search-war-risk/20260914T001409183872Z_vtgl37ir/E031_GARD_onset__search-war-risk__page-4.pdf,E031,onset,GARD,listing_capture,https://gard.no/search/?searchTerm=war%20risk,extracted,texts/4af5aa16c40edf2c03e98b030b8b2831115ea777c65e4ffc114c528b232b89ff.json,,1aa82e16aa96b57b6555be50e8a0a171c44432b5d2bf86855f6090a6fb9f9531,480529
EV-6E9B18A3721B,8352c97a472f322555cf261558bfe007382a6fe868bf490e9bd6dd8142b97783,E031/GARD/onset/automated_pending/E031_GARD_onset__search-war-risk/20260914T001409183872Z_vtgl37ir/E031_GARD_onset__search-war-risk__page-5.html,E031,onset,GARD,listing_capture,https://gard.no/search/?searchTerm=war%20risk,extracted,texts/8352c97a472f322555cf261558bfe007382a6fe868bf490e9bd6dd8142b97783.json,,bc5d1f6e244dfccea87ce7326167c4d6dd6f3e391b279cbc52bc159c89ad1424,243453
EV-EEFBE7FC9D71,abc95a8e13ccac56fe27e156fd6c9e9adff9f5cca7d73fe52da541d01df3dc74,E031/GARD/onset/automated_pending/E031_GARD_onset__search-war-risk/20260914T001409183872Z_vtgl37ir/E031_GARD_onset__search-war-risk__page-5.pdf,E031,onset,GARD,listing_capture,https://gard.no/search/?searchTerm=war%20risk,extracted,texts/abc95a8e13ccac56fe27e156fd6c9e9adff9f5cca7d73fe52da541d01df3dc74.json,,26611c0c9d354422e20d428684c9c01cd8086c5a1a2ec9d0ebf047c9db9ef989,484788
EV-8E067012A3DA,fabefba10abb6c159cdb7b33e28ea4bd03dfcea4500185a6bc526dcd5f32b239,E031/GARD/onset/automated_pending/E031_GARD_onset__search-war-risk/20260914T001409183872Z_vtgl37ir/E031_GARD_onset__search-war-risk__page-6.html,E031,onset,GARD,listing_capture,https://gard.no/search/?searchTerm=war%20risk,extracted,texts/fabefba10abb6c159cdb7b33e28ea4bd03dfcea4500185a6bc526dcd5f32b239.json,,dc87dd8e471c07f9c4590d1c5b51f73d814500f393a0f908f36c256afbc4efdd,242847
EV-F6A7AD8C7B68,74456b4993c0dc04af4e73fb9cb1abe468ed34c3451118e7dce64a4289261c6a,E031/GARD/onset/automated_pending/E031_GARD_onset__search-war-risk/20260914T001409183872Z_vtgl37ir/E031_GARD_onset__search-war-risk__page-6.pdf,E031,onset,GARD,listing_capture,https://gard.no/search/?searchTerm=war%20risk,extracted,texts/74456b4993c0dc04af4e73fb9cb1abe468ed34c3451118e7dce64a4289261c6a.json,,4e1a91b21336a3458ef61be39973725245bf51201b331cfcb9ce17930071b326,4621219
EV-056DB30681C3,7e0e84cc01372ab6c46d2acbe2b4b40ed83b919b0421bd25fa437a1fe168c3e7,E031/GARD/onset/automated_pending/E031_GARD_onset__search-war-risk/20260914T001409183872Z_vtgl37ir/E031_GARD_onset__search-war-risk__page-7.html,E031,onset,GARD,listing_capture,https://gard.no/search/?searchTerm=war%20risk,extracted,texts/7e0e84cc01372ab6c46d2acbe2b4b40ed83b919b0421bd25fa437a1fe168c3e7.json,,8f3e9da35705a2127e479572c0faef41fa86742bb3dfba079581bf7b181557cf,236688
EV-1E0FA70B7825,756c2e42af9259abb442338022f392bea7308ae6b4ee13712d49e2fe6088f3c1,E031/GARD/onset/automated_pending/E031_GARD_onset__search-war-risk/20260914T001409183872Z_vtgl37ir/E031_GARD_onset__search-war-risk__page-7.pdf,E031,onset,GARD,listing_capture,https://gard.no/search/?searchTerm=war%20risk,extracted,texts/756c2e42af9259abb442338022f392bea7308ae6b4ee13712d49e2fe6088f3c1.json,,9da586f09ebb8490b6d97a952e9cc5771997fbf5d24e2e974d7bdaa36653f89e,1453174
EV-E0F01D039118,c539d056879a652fc90ef87d78d42247c61abc5b7f4eeab0be4c29560093a04e,E031/GARD/pre_onset/automated_pending/E031_GARD_pre_onset__search-Gulf-of-Oman/20260913T235942909939Z_as7mevse/E031_GARD_pre_onset__search-Gulf-of-Oman.html,E031,pre_onset,GARD,listing_capture,https://gard.no/search/?searchTerm=Gulf%20of%20Oman,extracted,texts/c539d056879a652fc90ef87d78d42247c61abc5b7f4eeab0be4c29560093a04e.json,,6fa1e1afec4bde06041ef70a1c98328676224726359cb7407f9832498bae0a39,239090
EV-FCA2DAA3ECFB,f1c9436f737807ba325bed4ec31d3c6f41e1e6efc0fc513381b8f51f990aa49d,E031/GARD/pre_onset/automated_pending/E031_GARD_pre_onset__search-Gulf-of-Oman/20260913T235942909939Z_as7mevse/E031_GARD_pre_onset__search-Gulf-of-Oman.pdf,E031,pre_onset,GARD,listing_capture,https://gard.no/search/?searchTerm=Gulf%20of%20Oman,extracted,texts/f1c9436f737807ba325bed4ec31d3c6f41e1e6efc0fc513381b8f51f990aa49d.json,,deeaae6d4316ecf79b333d62fd4d64b30e68ff1815b5b8569f89900d205c782d,2171581
EV-429D2199B7AD,29b9055d2c1f0dc7d8c8002190ac90ae07bd9104ec546095e3d62d1a436f5c16,E031/GARD/pre_onset/automated_pending/E031_GARD_pre_onset__search-Hormuz/20260914T000014631346Z_w0jh8a54/E031_GARD_pre_onset__search-Hormuz.html,E031,pre_onset,GARD,listing_capture,https://gard.no/search/?searchTerm=Hormuz,extracted,texts/29b9055d2c1f0dc7d8c8002190ac90ae07bd9104ec546095e3d62d1a436f5c16.json,,b79c4b1fa3760ce02d0639b5741c7df34f783cb6bff232659a6a707fefc93083,239136
EV-54C91E8798B7,89599428d37760693a893626fddb7d6644d36bb3436baa1ad09cbcaa725d5e3b,E031/GARD/pre_onset/automated_pending/E031_GARD_pre_onset__search-Hormuz/20260914T000014631346Z_w0jh8a54/E031_GARD_pre_onset__search-Hormuz.pdf,E031,pre_onset,GARD,listing_capture,https://gard.no/search/?searchTerm=Hormuz,extracted,texts/89599428d37760693a893626fddb7d6644d36bb3436baa1ad09cbcaa725d5e3b.json,,86d2ea5f3f5d0b467558c539c6898b35336b9789e1e2b09a2580f30b2a664e6a,3714065
EV-AA388FA19655,8444c30cdc9105be71001218bd80e8643863708286a1d10d237af757cd864254,E031/GARD/pre_onset/automated_pending/E031_GARD_pre_onset__search-Iran/20260914T000047225784Z_sw9z27xj/E031_GARD_pre_onset__search-Iran.pdf,E031,pre_onset,GARD,listing_capture,https://gard.no/search/?searchTerm=Iran,extracted,texts/8444c30cdc9105be71001218bd80e8643863708286a1d10d237af757cd864254.json,,d72eb45ecb092bed8e2561727bd70e40c67eda4b67ada7bac614a7822ef45e3e,5184523
EV-10BFDAA819E8,b4cf0b104b2b3d50e14dc5e3833895cb01a440f7a67c187cd097997fbabfe242,E031/GARD/pre_onset/automated_pending/E031_GARD_pre_onset__search-Iran/20260914T000047225784Z_sw9z27xj/E031_GARD_pre_onset__search-Iran__document-5839153848.html,E031,pre_onset,GARD,article_capture,https://gard.no/en/insights/the-polar-you-dont-always-get-what-you-pay-for/,extracted,texts/b4cf0b104b2b3d50e14dc5e3833895cb01a440f7a67c187cd097997fbabfe242.json,,89f7ca7fb91c07a1247b80d423225a63a9bc373a0e8c56883567b794efcc20c7,506563
EV-10BFDAA819E8,a36ba72735f811761e22b3c47eef2d7006aee58b2bc0e1a48dbc020eeb47185f,E031/GARD/pre_onset/automated_pending/E031_GARD_pre_onset__search-Iran/20260914T000047225784Z_sw9z27xj/E031_GARD_pre_onset__search-Iran__document-5839153848.pdf,E031,pre_onset,GARD,article_capture,https://gard.no/en/insights/the-polar-you-dont-always-get-what-you-pay-for/,extracted,texts/a36ba72735f811761e22b3c47eef2d7006aee58b2bc0e1a48dbc020eeb47185f.json,,a4ab2c372bba037baf65476526190cc38095751734b6226ccbfdad582cdb746a,1607949
EV-D0E1F6527B62,0754ca3181f70b7a266282dd5c60426f130b1b692608601fc93f8d18438de723,E031/GARD/pre_onset/automated_pending/E031_GARD_pre_onset__search-Iran/20260914T000047225784Z_sw9z27xj/E031_GARD_pre_onset__search-Iran__page-2.pdf,E031,pre_onset,GARD,listing_capture,https://gard.no/search/?searchTerm=Iran,extracted,texts/0754ca3181f70b7a266282dd5c60426f130b1b692608601fc93f8d18438de723.json,,aecfacb844e6a670b7bd845f14b7a1d740ca65c9a952e18b3660547d683877d6,5160993
EV-4282E3039324,2153dacbffd409dcf9130ac04758c467b11bf4823f5bbbe1be1d60cdf2cc5630,E031/GARD/pre_onset/automated_pending/E031_GARD_pre_onset__search-Persian-Gulf/20260914T000206275553Z_sxkyaz0n/E031_GARD_pre_onset__search-Persian-Gulf.pdf,E031,pre_onset,GARD,listing_capture,https://gard.no/search/?searchTerm=Persian%20Gulf,extracted,texts/2153dacbffd409dcf9130ac04758c467b11bf4823f5bbbe1be1d60cdf2cc5630.json,,eacbc947c4eb52323f6225463017727d871a1fc18a95dcacc60080d228933301,5252626
EV-F90FB33C57B5,ef1866b29a7fd089145bdd7f258d3b56be7933befe08b9a7eb1cd24c722b0a13,E031/GARD/pre_onset/automated_pending/E031_GARD_pre_onset__search-navigational-warning/20260914T000259872335Z_hpm83wb_/E031_GARD_pre_onset__search-navigational-warning.html,E031,pre_onset,GARD,listing_capture,https://gard.no/search/?searchTerm=navigational%20warning,extracted,texts/ef1866b29a7fd089145bdd7f258d3b56be7933befe08b9a7eb1cd24c722b0a13.json,,b26c09423d23d4e7c261c7dad9051a80e3dda4ce5d64cf4d0e830aba782f3d62,249583
EV-84DAC0A90E41,9d7edb49567274b782b7684b0d9e769cb781b034bfba421e335c24a347c65cd6,E031/GARD/pre_onset/automated_pending/E031_GARD_pre_onset__search-navigational-warning/20260914T000259872335Z_hpm83wb_/E031_GARD_pre_onset__search-navigational-warning.pdf,E031,pre_onset,GARD,listing_capture,https://gard.no/search/?searchTerm=navigational%20warning,extracted,texts/9d7edb49567274b782b7684b0d9e769cb781b034bfba421e335c24a347c65cd6.json,,681618eaeb1c0d1142fae6c2b4b7d648478b8a9263864d4e1e652bece14e3c6a,11251216
EV-88B23CC267CB,daf25c9bcbd928f1db8117f5e40836b9773dce566466ba90ce3a20c3e709d630,E031/GARD/pre_onset/automated_pending/E031_GARD_pre_onset__search-war-risk/20260914T000405120896Z_r5po83mg/E031_GARD_pre_onset__search-war-risk.html,E031,pre_onset,GARD,listing_capture,https://gard.no/search/?searchTerm=war%20risk,extracted,texts/daf25c9bcbd928f1db8117f5e40836b9773dce566466ba90ce3a20c3e709d630.json,,78187af94bbaf6f828813ac684f405c29f92d85ca30c2e8369dc44ec30498da0,247295
EV-F417258285D5,a14ac529715c1a9428b05d1c403a24d8606475396f04a3796455cd2fa20b06cb,E031/GARD/pre_onset/automated_pending/E031_GARD_pre_onset__search-war-risk/20260914T000405120896Z_r5po83mg/E031_GARD_pre_onset__search-war-risk.pdf,E031,pre_onset,GARD,listing_capture,https://gard.no/search/?searchTerm=war%20risk,extracted,texts/a14ac529715c1a9428b05d1c403a24d8606475396f04a3796455cd2fa20b06cb.json,,7f4df03c074e81cbb2448aa5f1ccc8f7b8fb0d49fa7d752ec830cb4dcb1cd60a,7848068
EV-4E605B65C075,d41fe5805cd70825949de41b5fd5c844a60a38b5cef26b42bde5b00e381da305,E031/GARD/pre_onset/automated_pending/E031_GARD_pre_onset__search-war-risk/20260914T000405120896Z_r5po83mg/E031_GARD_pre_onset__search-war-risk__document-07102edbcb.html,E031,pre_onset,GARD,article_capture,https://gard.no/en/circulars/21-2023-red-sea-buyback-charterers-liability-cover/,extracted,texts/d41fe5805cd70825949de41b5fd5c844a60a38b5cef26b42bde5b00e381da305.json,,1939cc36307f4788a3e40cf485d94609a3f3f2b7197a3cca18cb5a33fef4fec8,278024
EV-4E605B65C075,4ca00fe23766281124680201b5b54039917f685773db971832faa4759a8bf245,E031/GARD/pre_onset/automated_pending/E031_GARD_pre_onset__search-war-risk/20260914T000405120896Z_r5po83mg/E031_GARD_pre_onset__search-war-risk__document-07102edbcb.pdf,E031,pre_onset,GARD,article_capture,https://gard.no/en/circulars/21-2023-red-sea-buyback-charterers-liability-cover/,extracted,texts/4ca00fe23766281124680201b5b54039917f685773db971832faa4759a8bf245.json,,bf65408656d7bf1f711eb7e17c60ec65616565b5056ab6d95e146f76a4a02518,145949
EV-6C2CE69DC9FC,8f1c4f5c4e510d19bdb08048da43cebc333e18bce3f9286ed91baac5457220b4,E031/GARD/pre_onset/automated_pending/E031_GARD_pre_onset__search-war-risk/20260914T000405120896Z_r5po83mg/E031_GARD_pre_onset__search-war-risk__document-21e9b063db.html,E031,pre_onset,GARD,article_capture,https://gard.no/en/circulars/20-2023-red-sea-extension-of-cover-for-crew-liabilities/,extracted,texts/8f1c4f5c4e510d19bdb08048da43cebc333e18bce3f9286ed91baac5457220b4.json,,4a61d3908af90f1da163ebbd6f565c405e7259a4ffdce6b742a6eaf522813fc5,285272
EV-6C2CE69DC9FC,5f9e99b91f78418190ccf87d42321edcf1c4afa15124455d7da98bcf5f7dde50,E031/GARD/pre_onset/automated_pending/E031_GARD_pre_onset__search-war-risk/20260914T000405120896Z_r5po83mg/E031_GARD_pre_onset__search-war-risk__document-21e9b063db.pdf,E031,pre_onset,GARD,article_capture,https://gard.no/en/circulars/20-2023-red-sea-extension-of-cover-for-crew-liabilities/,extracted,texts/5f9e99b91f78418190ccf87d42321edcf1c4afa15124455d7da98bcf5f7dde50.json,,7700fa719a4752f765136c4c91f73f7c99d56467c75feb44a94fe7f75e7ea3e4,140951
EV-10BFDAA819E8,06b154a1548fee01edce9748b6531d3a49ac95386f49efc35150e7c54c8e7700,E031/GARD/pre_onset/automated_pending/E031_GARD_pre_onset__search-war-risk/20260914T000405120896Z_r5po83mg/E031_GARD_pre_onset__search-war-risk__document-5839153848.html,E031,pre_onset,GARD,article_capture,https://gard.no/en/insights/the-polar-you-dont-always-get-what-you-pay-for/,extracted,texts/06b154a1548fee01edce9748b6531d3a49ac95386f49efc35150e7c54c8e7700.json,,89f7ca7fb91c07a1247b80d423225a63a9bc373a0e8c56883567b794efcc20c7,506563
EV-10BFDAA819E8,9a7e59720035bd57d123e49f4bab0be78e3599d1a22b7d12eee2ae5d0d09727c,E031/GARD/pre_onset/automated_pending/E031_GARD_pre_onset__search-war-risk/20260914T000405120896Z_r5po83mg/E031_GARD_pre_onset__search-war-risk__document-5839153848.pdf,E031,pre_onset,GARD,article_capture,https://gard.no/en/insights/the-polar-you-dont-always-get-what-you-pay-for/,extracted,texts/9a7e59720035bd57d123e49f4bab0be78e3599d1a22b7d12eee2ae5d0d09727c.json,,f8537f1f20c992f15ff146b48af449d56a8d5b7e466881d90496cbe03c3c6010,1607971
EV-206D346F3F2A,6197a84e8d5c8dec72da13b69bc0b8a40b13c0616888537e8d5a6fc4c437b671,E031/GARD/pre_onset/automated_pending/E031_GARD_pre_onset__search-war-risk/20260914T000405120896Z_r5po83mg/E031_GARD_pre_onset__search-war-risk__document-b28fdbe1a6.html,E031,pre_onset,GARD,article_capture,https://gard.no/en/circulars/19-2023-notice-of-cancellation-for-war-risks/,extracted,texts/6197a84e8d5c8dec72da13b69bc0b8a40b13c0616888537e8d5a6fc4c437b671.json,,89d90f2cbe0d3e3f9a216eb5e0865f3925c682fcce035bc3c899bf37dab5e2c4,322072
EV-206D346F3F2A,b72166375dcc34fe44bca974f06e318d1f989c314f260378130199302b9c295a,E031/GARD/pre_onset/automated_pending/E031_GARD_pre_onset__search-war-risk/20260914T000405120896Z_r5po83mg/E031_GARD_pre_onset__search-war-risk__document-b28fdbe1a6.pdf,E031,pre_onset,GARD,article_capture,https://gard.no/en/circulars/19-2023-notice-of-cancellation-for-war-risks/,extracted,texts/b72166375dcc34fe44bca974f06e318d1f989c314f260378130199302b9c295a.json,,e10b0b55eecf74ddbddc8a859651fb4098c82581452a8d0278e2fe01ddedc4f0,149660
EV-89FCF4A205F2,33f4c3a9df1fc5274e2b5f805c46a8b82acfefa59b07bf91c21ba70b4830add9,E031/GARD/pre_onset/automated_pending/E031_GARD_pre_onset__search-war-risk/20260914T000405120896Z_r5po83mg/E031_GARD_pre_onset__search-war-risk__page-2.html,E031,pre_onset,GARD,listing_capture,https://gard.no/search/?searchTerm=war%20risk,extracted,texts/33f4c3a9df1fc5274e2b5f805c46a8b82acfefa59b07bf91c21ba70b4830add9.json,,2314a8420db895335fea206507de4b4932f71f958d85eff3e053ba331fbe6101,247108
EV-1A917DC38F32,8342ad60fd293f674edd2026b5ac5f9daf9bb58d0e6a77cb9b15b3786a941505,E031/GARD/pre_onset/automated_pending/E031_GARD_pre_onset__search-war-risk/20260914T000405120896Z_r5po83mg/E031_GARD_pre_onset__search-war-risk__page-2.pdf,E031,pre_onset,GARD,listing_capture,https://gard.no/search/?searchTerm=war%20risk,extracted,texts/8342ad60fd293f674edd2026b5ac5f9daf9bb58d0e6a77cb9b15b3786a941505.json,,df5fd9284f9fe5785a32907f610768bb887c48ad7aa149443abf631411070bef,449145
EV-0E7F084C57C0,16bd70f7689222aeb10a16e5a60d553f82aab8a3e1a1afcb061b24f3b4b90873,E031/GARD/pre_onset/automated_pending/E031_GARD_pre_onset__search-war-risk/20260914T000405120896Z_r5po83mg/E031_GARD_pre_onset__search-war-risk__page-3.html,E031,pre_onset,GARD,listing_capture,https://gard.no/search/?searchTerm=war%20risk,extracted,texts/16bd70f7689222aeb10a16e5a60d553f82aab8a3e1a1afcb061b24f3b4b90873.json,,49c11c2290744bb5c2b3afb938c95c20594e72271b4322b32cd519d155900897,241863
EV-B2380B3B7F4B,9c4c700b8655a8ab945bc1b707583e7f655a27ae5c303d9552cfdf71fb017e03,E031/GARD/pre_onset/automated_pending/E031_GARD_pre_onset__search-war-risk/20260914T000405120896Z_r5po83mg/E031_GARD_pre_onset__search-war-risk__page-3.pdf,E031,pre_onset,GARD,listing_capture,https://gard.no/search/?searchTerm=war%20risk,extracted,texts/9c4c700b8655a8ab945bc1b707583e7f655a27ae5c303d9552cfdf71fb017e03.json,,c4c5bfacd06218e52ae576ba1cdb3bc530e33a8a61703b2cb6393d60db1e0901,4149797
EV-2F4BBD4004F9,5c313569fe0a1f22411afc534b558c09529abea247da1d48c7812bce2034f5a8,E031/GARD/pre_onset/automated_pending/E031_GARD_pre_onset__search-war-risk/20260914T000405120896Z_r5po83mg/E031_GARD_pre_onset__search-war-risk__page-4.html,E031,pre_onset,GARD,listing_capture,https://gard.no/search/?searchTerm=war%20risk,extracted,texts/5c313569fe0a1f22411afc534b558c09529abea247da1d48c7812bce2034f5a8.json,,769aed36ea2bb6ef4c7e545823f7293720628f4987137f5c6503b79d65f7f4e8,242044
EV-EFCF1C650B83,40af5a3aa6f1658fe8fc1c019b6dc1754bda903a0a8a7cacfe83b65d0080a261,E031/GARD/pre_onset/automated_pending/E031_GARD_pre_onset__search-war-risk/20260914T000405120896Z_r5po83mg/E031_GARD_pre_onset__search-war-risk__page-4.pdf,E031,pre_onset,GARD,listing_capture,https://gard.no/search/?searchTerm=war%20risk,extracted,texts/40af5a3aa6f1658fe8fc1c019b6dc1754bda903a0a8a7cacfe83b65d0080a261.json,,0ae347817c2ad0088b880262e7b49118be6f07a5d3985ae2e4e614ff4c6df578,480525
EV-4431D0098216,0cd0ea0c3848a7d8805b5e4749d2b5303c32d5379c287ce82c952a071fd09282,E031/GARD/pre_onset/automated_pending/E031_GARD_pre_onset__search-war-risk/20260914T000405120896Z_r5po83mg/E031_GARD_pre_onset__search-war-risk__page-5.html,E031,pre_onset,GARD,listing_capture,https://gard.no/search/?searchTerm=war%20risk,extracted,texts/0cd0ea0c3848a7d8805b5e4749d2b5303c32d5379c287ce82c952a071fd09282.json,,bc5d1f6e244dfccea87ce7326167c4d6dd6f3e391b279cbc52bc159c89ad1424,243613
EV-666180691D32,9acfb3ecbd29c5eba4df65b1acfe931bc75b456af2028fb1d0f7a5b316f7f4b4,E031/GARD/pre_onset/automated_pending/E031_GARD_pre_onset__search-war-risk/20260914T000405120896Z_r5po83mg/E031_GARD_pre_onset__search-war-risk__page-5.pdf,E031,pre_onset,GARD,listing_capture,https://gard.no/search/?searchTerm=war%20risk,extracted,texts/9acfb3ecbd29c5eba4df65b1acfe931bc75b456af2028fb1d0f7a5b316f7f4b4.json,,41ab955b7cd27f7e33ce8d14eb0966521d88424b3031f08f2108252afa21da20,484773
EV-77218136D9A3,8bd8aaf4a3690a72df950890c557457dbabb5db574769a40fdc3705f39b0a799,E031/GARD/pre_onset/automated_pending/E031_GARD_pre_onset__search-war-risk/20260914T000405120896Z_r5po83mg/E031_GARD_pre_onset__search-war-risk__page-6.html,E031,pre_onset,GARD,listing_capture,https://gard.no/search/?searchTerm=war%20risk,extracted,texts/8bd8aaf4a3690a72df950890c557457dbabb5db574769a40fdc3705f39b0a799.json,,dc87dd8e471c07f9c4590d1c5b51f73d814500f393a0f908f36c256afbc4efdd,243007
EV-AA657C880124,d8a2b820ee55e6dacae81c0dd9c45704d33616469fe3c884dffbbbf5e4bc4f7a,E031/GARD/pre_onset/automated_pending/E031_GARD_pre_onset__search-war-risk/20260914T000405120896Z_r5po83mg/E031_GARD_pre_onset__search-war-risk__page-6.pdf,E031,pre_onset,GARD,listing_capture,https://gard.no/search/?searchTerm=war%20risk,extracted,texts/d8a2b820ee55e6dacae81c0dd9c45704d33616469fe3c884dffbbbf5e4bc4f7a.json,,a1c309544364ca04ec9faceab870db9fabb2515ea0d1f8611def19b991fe059b,4620502
EV-A5EA5C92E3D4,48b8ad93872a8eafe5a4e8b1bde75c48e2415d3760d036285579ec617e99b5c9,E031/GARD/pre_onset/automated_pending/E031_GARD_pre_onset__search-war-risk/20260914T000405120896Z_r5po83mg/E031_GARD_pre_onset__search-war-risk__page-7.html,E031,pre_onset,GARD,listing_capture,https://gard.no/search/?searchTerm=war%20risk,extracted,texts/48b8ad93872a8eafe5a4e8b1bde75c48e2415d3760d036285579ec617e99b5c9.json,,8f3e9da35705a2127e479572c0faef41fa86742bb3dfba079581bf7b181557cf,236848
EV-960B333D31FD,0a2c6f8dd847fc8b8e6a17ee687cf825833e791444e7237c440a5c1a802aabe3,E031/GARD/pre_onset/automated_pending/E031_GARD_pre_onset__search-war-risk/20260914T000405120896Z_r5po83mg/E031_GARD_pre_onset__search-war-risk__page-7.pdf,E031,pre_onset,GARD,listing_capture,https://gard.no/search/?searchTerm=war%20risk,extracted,texts/0a2c6f8dd847fc8b8e6a17ee687cf825833e791444e7237c440a5c1a802aabe3.json,,6f41a684e28834f3c4ae0cb24d52ee0f04b484e18a46b0a52da85f6004519d91,1453169
EV-8AF3427E3B27,4a2e7d855d17de4afd74a9956fb009a4fdabfe68e952a65448a716a1bada528e,E031/IUA_JWC_LMA/onset/automated_pending/E031_IUA_JWC_LMA_onset__page-1/20260913T211755097365Z_sj2sl9_h/E031_IUA_JWC_LMA_onset__page-1.html,E031,onset,IUA_JWC_LMA,listing_capture,https://lmalloyds.com/specialist-areas/underwriting/listed-areas/,extracted,texts/4a2e7d855d17de4afd74a9956fb009a4fdabfe68e952a65448a716a1bada528e.json,,33d4304a5a5e69cafd237fe1178a162b3757de2c85ef29c7683653dea9bff701,177056
EV-0831C44EB9E2,33cb29c5d7e4dda5b490a3c8a2a91abab4d24faa7e33b6fa35e2dfe20b2ff89e,E031/IUA_JWC_LMA/onset/automated_pending/E031_IUA_JWC_LMA_onset__page-1/20260913T211755097365Z_sj2sl9_h/E031_IUA_JWC_LMA_onset__page-1.pdf,E031,onset,IUA_JWC_LMA,listing_capture,https://lmalloyds.com/specialist-areas/underwriting/listed-areas/,extracted,texts/33cb29c5d7e4dda5b490a3c8a2a91abab4d24faa7e33b6fa35e2dfe20b2ff89e.json,,ecf65078f24e2a636f6e57951e50fb9e3ed729f42c0cc6e0b0c04bc6df39083b,1874087
EV-54C3E46E9D51,59ef0bdc4a83c328251bf9ea140b9595ae6898a5ae96ba08a66bb817cc7e41e2,E031/IUA_JWC_LMA/pre_onset/automated_pending/E031_IUA_JWC_LMA_pre_onset__page-1/20260913T211748448740Z_5f0qs8rw/E031_IUA_JWC_LMA_pre_onset__page-1.html,E031,pre_onset,IUA_JWC_LMA,listing_capture,https://lmalloyds.com/specialist-areas/underwriting/listed-areas/,extracted,texts/59ef0bdc4a83c328251bf9ea140b9595ae6898a5ae96ba08a66bb817cc7e41e2.json,,33d4304a5a5e69cafd237fe1178a162b3757de2c85ef29c7683653dea9bff701,177050
EV-D946B080E358,b1ef8a911334ce327b3af69e812c87a5cb457036f8e7df58b8efc7fdc653802a,E031/IUA_JWC_LMA/pre_onset/automated_pending/E031_IUA_JWC_LMA_pre_onset__page-1/20260913T211748448740Z_5f0qs8rw/E031_IUA_JWC_LMA_pre_onset__page-1.pdf,E031,pre_onset,IUA_JWC_LMA,listing_capture,https://lmalloyds.com/specialist-areas/underwriting/listed-areas/,extracted,texts/b1ef8a911334ce327b3af69e812c87a5cb457036f8e7df58b8efc7fdc653802a.json,,a0b5fed609004aa85248c8d17716d3b288755c5ee9fc2590b9fd8bc09d076641,1873609
EV-523ADC41AAB4,9d3d9ddc231bb50f8010f57272a1b4bc24cd9d2525b892a1a228351295cc6f29,E031/MARAD/onset/automated_pending/E031_MARAD_onset__Arabian-Gulf/20260913T211526493266Z_e7diyuh6/E031_MARAD_onset__Arabian-Gulf.html,E031,onset,MARAD,listing_capture,https://www.maritime.dot.gov/msci-alerts?field_msci_geographic_location_target_id=&field_msci_effective_date_value%5Bmin%5D=2024-02-28&field_msci_effective_date_value%5Bmax%5D=2024-03-13&keys=Arabian+Gulf,extracted,texts/9d3d9ddc231bb50f8010f57272a1b4bc24cd9d2525b892a1a228351295cc6f29.json,,7f999194ebfd21437c649ac0e0348ecade703bdf27b1522d5a6b5de195b494a2,78608
EV-3B6925DA3BE3,da70623cc0823feb53fd6399a97d896078080c0c18c676491229e67ef7bbd0a3,E031/MARAD/onset/automated_pending/E031_MARAD_onset__Arabian-Gulf/20260913T211526493266Z_e7diyuh6/E031_MARAD_onset__Arabian-Gulf.pdf,E031,onset,MARAD,listing_capture,https://www.maritime.dot.gov/msci-alerts?field_msci_geographic_location_target_id=&field_msci_effective_date_value%5Bmin%5D=2024-02-28&field_msci_effective_date_value%5Bmax%5D=2024-03-13&keys=Arabian+Gulf,extracted,texts/da70623cc0823feb53fd6399a97d896078080c0c18c676491229e67ef7bbd0a3.json,,af6ca999b3ef331e0a52973219be9f3f60ccf4e2aa4fda06b775d72f08946b9e,224527
EV-FED1E6335BEB,5282e26d7a95526110e537fbbe870bb01be18f8f945392f7ab0e105ef762a199,E031/MARAD/onset/automated_pending/E031_MARAD_onset__Gulf-of-Oman/20260913T211531058531Z_1q27w3o6/E031_MARAD_onset__Gulf-of-Oman.html,E031,onset,MARAD,listing_capture,https://www.maritime.dot.gov/msci-alerts?field_msci_geographic_location_target_id=&field_msci_effective_date_value%5Bmin%5D=2024-02-28&field_msci_effective_date_value%5Bmax%5D=2024-03-13&keys=Gulf+of+Oman,extracted,texts/5282e26d7a95526110e537fbbe870bb01be18f8f945392f7ab0e105ef762a199.json,,7f999194ebfd21437c649ac0e0348ecade703bdf27b1522d5a6b5de195b494a2,78507
EV-A0C78255D19A,5c213ff3e3adf8fbb1f9af9efeb7aad3dab5abe35807294bb0ccc4efc82e9674,E031/MARAD/onset/automated_pending/E031_MARAD_onset__Gulf-of-Oman/20260913T211531058531Z_1q27w3o6/E031_MARAD_onset__Gulf-of-Oman.pdf,E031,onset,MARAD,listing_capture,https://www.maritime.dot.gov/msci-alerts?field_msci_geographic_location_target_id=&field_msci_effective_date_value%5Bmin%5D=2024-02-28&field_msci_effective_date_value%5Bmax%5D=2024-03-13&keys=Gulf+of+Oman,extracted,texts/5c213ff3e3adf8fbb1f9af9efeb7aad3dab5abe35807294bb0ccc4efc82e9674.json,,d54791745f1fca728c04277bc3d097db42b2d89988296d0b6c07fd98095ad94b,224065
EV-596FEE02B456,d72771dd402ac5cb0f20c8188ca9d6d49123da92c9b7cbf749d00a50e6853c1d,E031/MARAD/onset/automated_pending/E031_MARAD_onset__Hormuz/20260913T211535212615Z_7njtp0xq/E031_MARAD_onset__Hormuz.html,E031,onset,MARAD,listing_capture,https://www.maritime.dot.gov/msci-alerts?field_msci_geographic_location_target_id=&field_msci_effective_date_value%5Bmin%5D=2024-02-28&field_msci_effective_date_value%5Bmax%5D=2024-03-13&keys=Hormuz,extracted,texts/d72771dd402ac5cb0f20c8188ca9d6d49123da92c9b7cbf749d00a50e6853c1d.json,,7f999194ebfd21437c649ac0e0348ecade703bdf27b1522d5a6b5de195b494a2,78596
EV-BF9BD5D88859,d351a7785568e5850c669464010841108d5e8dda12995bfca3b846a6c5234506,E031/MARAD/onset/automated_pending/E031_MARAD_onset__Hormuz/20260913T211535212615Z_7njtp0xq/E031_MARAD_onset__Hormuz.pdf,E031,onset,MARAD,listing_capture,https://www.maritime.dot.gov/msci-alerts?field_msci_geographic_location_target_id=&field_msci_effective_date_value%5Bmin%5D=2024-02-28&field_msci_effective_date_value%5Bmax%5D=2024-03-13&keys=Hormuz,extracted,texts/d351a7785568e5850c669464010841108d5e8dda12995bfca3b846a6c5234506.json,,4ce4fcf5bea2e9bf2d1b0702f6dd00634d7eef8e43d38c7f17ff66eaaa2eb925,223728
EV-D76F3EA3B0A9,868ecb56be9705c11c20e4e340958468d22f779512a91f51ca49b5b0ec68a55b,E031/MARAD/onset/automated_pending/E031_MARAD_onset__Iran/20260913T211539264438Z_2blrur85/E031_MARAD_onset__Iran.html,E031,onset,MARAD,listing_capture,https://www.maritime.dot.gov/msci-alerts?field_msci_geographic_location_target_id=&field_msci_effective_date_value%5Bmin%5D=2024-02-28&field_msci_effective_date_value%5Bmax%5D=2024-03-13&keys=Iran,extracted,texts/868ecb56be9705c11c20e4e340958468d22f779512a91f51ca49b5b0ec68a55b.json,,7f999194ebfd21437c649ac0e0348ecade703bdf27b1522d5a6b5de195b494a2,78592
EV-386B3042940C,d9db668957704c1f94d1b06fb9a715576bbabb4910d2a6f1388c9c31ede60ff3,E031/MARAD/onset/automated_pending/E031_MARAD_onset__Iran/20260913T211539264438Z_2blrur85/E031_MARAD_onset__Iran.pdf,E031,onset,MARAD,listing_capture,https://www.maritime.dot.gov/msci-alerts?field_msci_geographic_location_target_id=&field_msci_effective_date_value%5Bmin%5D=2024-02-28&field_msci_effective_date_value%5Bmax%5D=2024-03-13&keys=Iran,extracted,texts/d9db668957704c1f94d1b06fb9a715576bbabb4910d2a6f1388c9c31ede60ff3.json,,3d0bef2ac0d132584609513597e3af36ea838dd15cf31b40139d6e03987b5a00,223072
EV-42295D3814E1,5581747c825324ce45bcf15f14ea6c285b2bc05b12779b267ceb9cbcf8dc2b37,E031/MARAD/onset/automated_pending/E031_MARAD_onset__Persian-Gulf/20260913T211543163639Z_mtgcsj1u/E031_MARAD_onset__Persian-Gulf.html,E031,onset,MARAD,listing_capture,https://www.maritime.dot.gov/msci-alerts?field_msci_geographic_location_target_id=&field_msci_effective_date_value%5Bmin%5D=2024-02-28&field_msci_effective_date_value%5Bmax%5D=2024-03-13&keys=Persian+Gulf,extracted,texts/5581747c825324ce45bcf15f14ea6c285b2bc05b12779b267ceb9cbcf8dc2b37.json,,7f999194ebfd21437c649ac0e0348ecade703bdf27b1522d5a6b5de195b494a2,78608
EV-7853575D7930,764074af0c93cbe275c843e2060c57696d2c00e9f2777f458067916f5e177e0f,E031/MARAD/onset/automated_pending/E031_MARAD_onset__Persian-Gulf/20260913T211543163639Z_mtgcsj1u/E031_MARAD_onset__Persian-Gulf.pdf,E031,onset,MARAD,listing_capture,https://www.maritime.dot.gov/msci-alerts?field_msci_geographic_location_target_id=&field_msci_effective_date_value%5Bmin%5D=2024-02-28&field_msci_effective_date_value%5Bmax%5D=2024-03-13&keys=Persian+Gulf,extracted,texts/764074af0c93cbe275c843e2060c57696d2c00e9f2777f458067916f5e177e0f.json,,066854bc9d41533abeaefd1755aa85ba1f0dc38b868793cba2e08781e84fabca,224091
EV-9FD9DFD75672,469dd3771997d38a84e2553bc6a72882bd5040cbcf5156041aad0e879cf78dff,E031/MARAD/pre_onset/automated_pending/E031_MARAD_pre_onset__Arabian-Gulf/20260913T211506779831Z_tzd76_eg/E031_MARAD_pre_onset__Arabian-Gulf.html,E031,pre_onset,MARAD,listing_capture,https://www.maritime.dot.gov/msci-alerts?field_msci_geographic_location_target_id=&field_msci_effective_date_value%5Bmin%5D=2024-01-29&field_msci_effective_date_value%5Bmax%5D=2024-02-27&keys=Arabian+Gulf,extracted,texts/469dd3771997d38a84e2553bc6a72882bd5040cbcf5156041aad0e879cf78dff.json,,7f999194ebfd21437c649ac0e0348ecade703bdf27b1522d5a6b5de195b494a2,78608
EV-7508ABF5EBAE,c58d027b93dee12c98f8c2cffee6a94ebb3ad2c71d22a98e86a9bb3e49eea5d2,E031/MARAD/pre_onset/automated_pending/E031_MARAD_pre_onset__Arabian-Gulf/20260913T211506779831Z_tzd76_eg/E031_MARAD_pre_onset__Arabian-Gulf.pdf,E031,pre_onset,MARAD,listing_capture,https://www.maritime.dot.gov/msci-alerts?field_msci_geographic_location_target_id=&field_msci_effective_date_value%5Bmin%5D=2024-01-29&field_msci_effective_date_value%5Bmax%5D=2024-02-27&keys=Arabian+Gulf,extracted,texts/c58d027b93dee12c98f8c2cffee6a94ebb3ad2c71d22a98e86a9bb3e49eea5d2.json,,d653060c2400ae9057dcf5ece2acf8065011fd9b883df084564d4adc19399b42,223171
EV-3510A649AC61,d3c3e075a7674a6bb8fd591d4d203a9c975b4434afec4fb83fe95647ce77a48f,E031/MARAD/pre_onset/automated_pending/E031_MARAD_pre_onset__Gulf-of-Oman/20260913T211510852462Z_85vtp2rc/E031_MARAD_pre_onset__Gulf-of-Oman.html,E031,pre_onset,MARAD,listing_capture,https://www.maritime.dot.gov/msci-alerts?field_msci_geographic_location_target_id=&field_msci_effective_date_value%5Bmin%5D=2024-01-29&field_msci_effective_date_value%5Bmax%5D=2024-02-27&keys=Gulf+of+Oman,extracted,texts/d3c3e075a7674a6bb8fd591d4d203a9c975b4434afec4fb83fe95647ce77a48f.json,,7f999194ebfd21437c649ac0e0348ecade703bdf27b1522d5a6b5de195b494a2,78608
EV-679825B8DEE5,55a1eabe8c556b6149e6b3db12db78405dc2d4c11e19a3a6a360acdf8b5058c9,E031/MARAD/pre_onset/automated_pending/E031_MARAD_pre_onset__Gulf-of-Oman/20260913T211510852462Z_85vtp2rc/E031_MARAD_pre_onset__Gulf-of-Oman.pdf,E031,pre_onset,MARAD,listing_capture,https://www.maritime.dot.gov/msci-alerts?field_msci_geographic_location_target_id=&field_msci_effective_date_value%5Bmin%5D=2024-01-29&field_msci_effective_date_value%5Bmax%5D=2024-02-27&keys=Gulf+of+Oman,extracted,texts/55a1eabe8c556b6149e6b3db12db78405dc2d4c11e19a3a6a360acdf8b5058c9.json,,bd42d08c24681f7de2fb7bbaff0ced8b4436254d7618334e1a1ed3eaa89d7d3a,222701
EV-9F3947AD7407,2b81d207cda40b9522b822dc5364062c643cadf688f3a3ec849659155c62ca2d,E031/MARAD/pre_onset/automated_pending/E031_MARAD_pre_onset__Hormuz/20260913T211514880165Z_jng99sek/E031_MARAD_pre_onset__Hormuz.html,E031,pre_onset,MARAD,listing_capture,https://www.maritime.dot.gov/msci-alerts?field_msci_geographic_location_target_id=&field_msci_effective_date_value%5Bmin%5D=2024-01-29&field_msci_effective_date_value%5Bmax%5D=2024-02-27&keys=Hormuz,extracted,texts/2b81d207cda40b9522b822dc5364062c643cadf688f3a3ec849659155c62ca2d.json,,7f999194ebfd21437c649ac0e0348ecade703bdf27b1522d5a6b5de195b494a2,78596
EV-F411342F1322,d5db7f6a104f2fe977391e2097e684db907b215e4f769851c585bbf4cc66bee9,E031/MARAD/pre_onset/automated_pending/E031_MARAD_pre_onset__Hormuz/20260913T211514880165Z_jng99sek/E031_MARAD_pre_onset__Hormuz.pdf,E031,pre_onset,MARAD,listing_capture,https://www.maritime.dot.gov/msci-alerts?field_msci_geographic_location_target_id=&field_msci_effective_date_value%5Bmin%5D=2024-01-29&field_msci_effective_date_value%5Bmax%5D=2024-02-27&keys=Hormuz,extracted,texts/d5db7f6a104f2fe977391e2097e684db907b215e4f769851c585bbf4cc66bee9.json,,fa5f6be9f9a53966d907593cab229e4d853b3ed10697f068a4081d24698d4742,222366
EV-1E9DA3D0FE44,d5d8332ccdbce9d91d0fa86b4d121ba0cc5cd394e95cdb7058f949b3ade7153d,E031/MARAD/pre_onset/automated_pending/E031_MARAD_pre_onset__Iran/20260913T211518948663Z_xhl2o08_/E031_MARAD_pre_onset__Iran.html,E031,pre_onset,MARAD,listing_capture,https://www.maritime.dot.gov/msci-alerts?field_msci_geographic_location_target_id=&field_msci_effective_date_value%5Bmin%5D=2024-01-29&field_msci_effective_date_value%5Bmax%5D=2024-02-27&keys=Iran,extracted,texts/d5d8332ccdbce9d91d0fa86b4d121ba0cc5cd394e95cdb7058f949b3ade7153d.json,,7f999194ebfd21437c649ac0e0348ecade703bdf27b1522d5a6b5de195b494a2,78592
EV-6271D3A5FF92,0d92d7c9fab8cdd292c96d925c88be806245b9f3d112bf54c41c455b093ba158,E031/MARAD/pre_onset/automated_pending/E031_MARAD_pre_onset__Iran/20260913T211518948663Z_xhl2o08_/E031_MARAD_pre_onset__Iran.pdf,E031,pre_onset,MARAD,listing_capture,https://www.maritime.dot.gov/msci-alerts?field_msci_geographic_location_target_id=&field_msci_effective_date_value%5Bmin%5D=2024-01-29&field_msci_effective_date_value%5Bmax%5D=2024-02-27&keys=Iran,extracted,texts/0d92d7c9fab8cdd292c96d925c88be806245b9f3d112bf54c41c455b093ba158.json,,829eac62f2cc81ce06dd53e1d7547f4e10f89da15f3c8f806a7f6b841efc6ee8,221241
EV-464B2E33F4CD,2a5da92d5dd0b267d98703f19bcba9fc3a0868b1e16d5f7ae7ca3d9053c5a06f,E031/MARAD/pre_onset/automated_pending/E031_MARAD_pre_onset__Persian-Gulf/20260913T211522698110Z_nsg58mq6/E031_MARAD_pre_onset__Persian-Gulf.html,E031,pre_onset,MARAD,listing_capture,https://www.maritime.dot.gov/msci-alerts?field_msci_geographic_location_target_id=&field_msci_effective_date_value%5Bmin%5D=2024-01-29&field_msci_effective_date_value%5Bmax%5D=2024-02-27&keys=Persian+Gulf,extracted,texts/2a5da92d5dd0b267d98703f19bcba9fc3a0868b1e16d5f7ae7ca3d9053c5a06f.json,,7f999194ebfd21437c649ac0e0348ecade703bdf27b1522d5a6b5de195b494a2,78608
EV-D266917A19B6,49daedb385cd94687527a5fc53110d9d8ff8a126155aad8ca1a82a82a206c146,E031/MARAD/pre_onset/automated_pending/E031_MARAD_pre_onset__Persian-Gulf/20260913T211522698110Z_nsg58mq6/E031_MARAD_pre_onset__Persian-Gulf.pdf,E031,pre_onset,MARAD,listing_capture,https://www.maritime.dot.gov/msci-alerts?field_msci_geographic_location_target_id=&field_msci_effective_date_value%5Bmin%5D=2024-01-29&field_msci_effective_date_value%5Bmax%5D=2024-02-27&keys=Persian+Gulf,extracted,texts/49daedb385cd94687527a5fc53110d9d8ff8a126155aad8ca1a82a82a206c146.json,,7ec082e7cd81cf5315f8bf2388cd7b6d7d9b683ee42b0fba408db87a2cb84e82,222139
EV-A8EDCF2B6EDA,1293d25e018ce4f644a8615ece20f1833a3729964f13f0dc3257968942717d74,E031/UKMTO_ADVISORY/onset/20240302-UKMTO ADVISORY SECURITY NOTIFICATION 022045ZMAR2024.pdf,E031,onset,UKMTO_ADVISORY,metadata/manual PDF,,extracted,texts/1293d25e018ce4f644a8615ece20f1833a3729964f13f0dc3257968942717d74.json,,4aaecf6debe004fa600cfc22ced2c223c21bed0470769cfb809642fb77b77f9e,203278
EV-30EFD9FAE366,bf3d2fa0705e4e1065a06a557a4ba7d64c86435ae212645c92f4e6dfbf0266ef,E031/UKMTO_ADVISORY/onset/20240306-ADVISORY INCIDENT 045.pdf,E031,onset,UKMTO_ADVISORY,metadata/manual PDF,,extracted,texts/bf3d2fa0705e4e1065a06a557a4ba7d64c86435ae212645c92f4e6dfbf0266ef.json,,ee73c7c3f027840d67b31eeae5ee4f2bb6b9c44cb07323b9ed2280addcdaacaa,301549
EV-D2C1AEB49B11,2eabcf24739cdcc5a6d846e925e7a0d7b195731a3166c2b32724fb9bf96de13f,E031/UKMTO_ADVISORY/onset/E031_UKMTO_ADVISORY_onset__2024-02.pdf,E031,onset,UKMTO_ADVISORY,metadata/manual PDF,,extracted,texts/2eabcf24739cdcc5a6d846e925e7a0d7b195731a3166c2b32724fb9bf96de13f.json,,a09ef90aa5ff22cde5e2ad6d1d686844c58c810e97987744a671d329426303d1,120395
EV-4AEF62D82F12,1e8dc8ec9e9b0ac47fe2c7a02b650be66b635896fe2355f280bbbf915b6c4cd8,E031/UKMTO_ADVISORY/onset/E031_UKMTO_ADVISORY_onset__2024-03.pdf,E031,onset,UKMTO_ADVISORY,metadata/manual PDF,,extracted,texts/1e8dc8ec9e9b0ac47fe2c7a02b650be66b635896fe2355f280bbbf915b6c4cd8.json,,a723122e428e43f32305b97f896c70e75405c093601233b96eb7c0717ca62472,113820
EV-01B554B66A53,f859ce8b67edf8527845e906bbb330ff137160f05a32f2ee9c3a76f9eb4af876,E031/UKMTO_ADVISORY/pre_onset/20240130 UKMTO ADVISORY INCIDENT  025.pdf,E031,pre_onset,UKMTO_ADVISORY,metadata/manual PDF,,extracted,texts/f859ce8b67edf8527845e906bbb330ff137160f05a32f2ee9c3a76f9eb4af876.json,,1af84cbe10d2c35826a1d1baaecfab0f2ae198f740797de840f8a3ce5bccd41f,180079
EV-AA3290EA90A5,ab4ff89bb19dc660be867544dd421002c5aef46210fbf7ac99a6ecaf741dff48,E031/UKMTO_ADVISORY/pre_onset/20240130 UKMTO ADVISORY INCIDENT 025 UPDATE 001.pdf,E031,pre_onset,UKMTO_ADVISORY,metadata/manual PDF,,extracted,texts/ab4ff89bb19dc660be867544dd421002c5aef46210fbf7ac99a6ecaf741dff48.json,,b56f4031b2235a8d4a5521fd5e621d58ccd3303a89dde6196e8d539a68f26f3e,179770
EV-9D66DE4305CB,c0b87c8996e991d77dcea894a434e71b888528bfc0774f5761a933b4a8b68a09,E031/UKMTO_ADVISORY/pre_onset/20240202 UKMTO ADVISORY 022100ZFEB2024.pdf,E031,pre_onset,UKMTO_ADVISORY,metadata/manual PDF,,extracted,texts/c0b87c8996e991d77dcea894a434e71b888528bfc0774f5761a933b4a8b68a09.json,,0a04ab3fe962509fe9a75458bbcc5398542a65e6f8dd452db3346ca4a04a74f4,210159
EV-FB4B9EDC4D0E,03ccda74035f94f02020714771913590967c9b146f22747f4b2afe89d884cbde,E031/UKMTO_ADVISORY/pre_onset/20240221 UKMTO ADVISORY 210035ZFEB2024.pdf,E031,pre_onset,UKMTO_ADVISORY,metadata/manual PDF,,extracted,texts/03ccda74035f94f02020714771913590967c9b146f22747f4b2afe89d884cbde.json,,9933fe5000b695330b1ab7f7bd23f74dd80f3f67fceca6b17300ae2f5ab64086,212906
EV-DD3082A47F31,407ec7390657c1313ead3c970ab347b64a33bd9a558904de8e66afb5f5ef1068,E031/UKMTO_ADVISORY/pre_onset/20240223-UKMTO ADVISORY  038 FEB 24.pdf,E031,pre_onset,UKMTO_ADVISORY,metadata/manual PDF,,extracted,texts/407ec7390657c1313ead3c970ab347b64a33bd9a558904de8e66afb5f5ef1068.json,,5853d4c1e58fa5675ed9394b88243bb9e269649e84c2d0694869af753ca2c347,187786
EV-8CAE9A61CE46,8eac2853492ab3652d42778f975e280665be62230e3c68ddd024f54a4576a198,E031/UKMTO_ADVISORY/pre_onset/20240225-ADVISORY INCIDENT 040.pdf,E031,pre_onset,UKMTO_ADVISORY,metadata/manual PDF,,extracted,texts/8eac2853492ab3652d42778f975e280665be62230e3c68ddd024f54a4576a198.json,,2f2c526ed882dc0240c082a4f5d346d5ea0e389526cb3251b889bfadd9fff56c,440287
EV-1CB459B1F841,a6ecf6851da51796c613546cabcc4590d4021c547a163613a4daef9a8fad0c0a,E031/UKMTO_ADVISORY/pre_onset/20240227 UKMTO ADVISORY INCIDENT 041 - UPDATE 001.pdf,E031,pre_onset,UKMTO_ADVISORY,metadata/manual PDF,,extracted,texts/a6ecf6851da51796c613546cabcc4590d4021c547a163613a4daef9a8fad0c0a.json,,33e1e1a4af190912736c05c281ce8c45622fd120635234cca52f777bea1bbcac,260783
EV-272FC149DD08,dd827544738ec740aba3c9588c38a776b293203f9ea089dd33579f5adc8d483a,E031/UKMTO_ADVISORY/pre_onset/20240227 UKMTO ADVISORY INCIDENT 041.pdf,E031,pre_onset,UKMTO_ADVISORY,metadata/manual PDF,,extracted,texts/dd827544738ec740aba3c9588c38a776b293203f9ea089dd33579f5adc8d483a.json,,c1df0c70112084caffb6227534283cb4f216f5b8025d7385b5f3a9b6ffb65b68,258705
EV-ADBFA5A32106,7e88a73321e1288ed75cf90fb04780f20e47fdf6b145f28e0a8966ec96d69e04,E031/UKMTO_ADVISORY/pre_onset/E031_UKMTO_ADVISORY_pre_onset__2024-01.pdf,E031,pre_onset,UKMTO_ADVISORY,metadata/manual PDF,,extracted,texts/7e88a73321e1288ed75cf90fb04780f20e47fdf6b145f28e0a8966ec96d69e04.json,,4a4aeb2674d3eb66b3435d4ce5a72e50b0d4427baa138cc7828bf481d4a435d9,110557
EV-CCF71E3961B4,8093165c7cad5323d3ebe09523cf5ab42cb2c98a654368050a42006d764cb6be,E031/UKMTO_ADVISORY/pre_onset/E031_UKMTO_ADVISORY_pre_onset__2024-02.pdf,E031,pre_onset,UKMTO_ADVISORY,metadata/manual PDF,,extracted,texts/8093165c7cad5323d3ebe09523cf5ab42cb2c98a654368050a42006d764cb6be.json,,8c96c5845ed1d9c020bd5f5f2be603bfe1c16478e70fbb69a8721016acd0c657,121182
EV-42B183112FE9,fec1d46f20345eafc7f34ecadeddef92cc387ea68fbfa976610212c766ec5a31,E031/UKMTO_WARNING/onset/20240302 UKMTO WARNING INCIDENT 032 UPDATE 004 (1).pdf,E031,onset,UKMTO_WARNING,metadata/manual PDF,,extracted,texts/fec1d46f20345eafc7f34ecadeddef92cc387ea68fbfa976610212c766ec5a31.json,,a987da0efa78f264a0c978dccac7db84a7c1e32d7dc2bc8a89f365e7b8f7d6a6,268797
EV-42B183112FE9,fec1d46f20345eafc7f34ecadeddef92cc387ea68fbfa976610212c766ec5a31,E031/UKMTO_WARNING/onset/20240302 UKMTO WARNING INCIDENT 032 UPDATE 004 (2).pdf,E031,onset,UKMTO_WARNING,metadata/manual PDF,,extracted,texts/fec1d46f20345eafc7f34ecadeddef92cc387ea68fbfa976610212c766ec5a31.json,,a987da0efa78f264a0c978dccac7db84a7c1e32d7dc2bc8a89f365e7b8f7d6a6,268797
EV-42B183112FE9,fec1d46f20345eafc7f34ecadeddef92cc387ea68fbfa976610212c766ec5a31,E031/UKMTO_WARNING/onset/20240302 UKMTO WARNING INCIDENT 032 UPDATE 004.pdf,E031,onset,UKMTO_WARNING,metadata/manual PDF,,extracted,texts/fec1d46f20345eafc7f34ecadeddef92cc387ea68fbfa976610212c766ec5a31.json,,a987da0efa78f264a0c978dccac7db84a7c1e32d7dc2bc8a89f365e7b8f7d6a6,268797
EV-5DB1A58DE190,d374edd0aca39ad92f9f01f32e6576e90cb4d93da9e9fde65688d917e9ff0727,E031/UKMTO_WARNING/onset/20240304 UKMTO WARNING INCIDENT 044 UPDATE 001.pdf,E031,onset,UKMTO_WARNING,metadata/manual PDF,,extracted,texts/d374edd0aca39ad92f9f01f32e6576e90cb4d93da9e9fde65688d917e9ff0727.json,,a55fe1046d5791b8af9c9762f7dba0b5e30170e7daacf5bf84c5dc0379333b41,248128
EV-C8B0DD3FD7B6,9ad521274c7e3ad8a9571dd579d67fb1121821ad634ff716ff69dc30e976e1d6,E031/UKMTO_WARNING/onset/20240304 UKMTO WARNING INCIDENT 044 UPDATE 002.pdf,E031,onset,UKMTO_WARNING,metadata/manual PDF,,extracted,texts/9ad521274c7e3ad8a9571dd579d67fb1121821ad634ff716ff69dc30e976e1d6.json,,4b63598b400df3d21f447f81ddba1359fb09de90492b028e4e93f8b59fed5230,247995
EV-DBB62C501FB2,8c16f06f6f0e6f2de6b56f5b475f687d8728ef26cd4e1407009a5202c63b238d,E031/UKMTO_WARNING/onset/20240304 UKMTO WARNING INCIDENT 044 UPDATE 003.pdf,E031,onset,UKMTO_WARNING,metadata/manual PDF,,extracted,texts/8c16f06f6f0e6f2de6b56f5b475f687d8728ef26cd4e1407009a5202c63b238d.json,,504f31b7f74eb33c0ed14cc4694984bf6eecaf04fc532dfd41fc7812be9ba4b7,249572
EV-6A91CF9DB271,e297200f5e785174fb7f7ebc102eb348bb128574043975c05b5388dbfbf554ff,E031/UKMTO_WARNING/onset/20240304 UKMTO WARNING INCIDENT 044.pdf,E031,onset,UKMTO_WARNING,metadata/manual PDF,,extracted,texts/e297200f5e785174fb7f7ebc102eb348bb128574043975c05b5388dbfbf554ff.json,,a70af2b35e48c7a4511fd801b1fe33d4103b2e91ccc07eaf0474ff0dc4953282,246928
EV-1E0F5DE68AD2,1b9785113b3ddabfb716d4dc7e6168d1505a5a42c9250ca574a861f5d347dd09,E031/UKMTO_WARNING/onset/20240306 UKMTO WARNING INCIDENT 046 UPDATE 001.pdf,E031,onset,UKMTO_WARNING,metadata/manual PDF,,extracted,texts/1b9785113b3ddabfb716d4dc7e6168d1505a5a42c9250ca574a861f5d347dd09.json,,864cfa61e33a3fa1621722c0b830a20139caddfdbbef382ebb7c7812720dbe17,249379
EV-179196643861,ff3e70499ce98ea9e88a396815ea08900632b4b529e19d4014a12e8ed390acd7,E031/UKMTO_WARNING/onset/20240306 UKMTO WARNING INCIDENT 046 UPDATE 002.pdf,E031,onset,UKMTO_WARNING,metadata/manual PDF,,extracted,texts/ff3e70499ce98ea9e88a396815ea08900632b4b529e19d4014a12e8ed390acd7.json,,1b1eeb26b6af1d8d193a060bdcdd74a4207ef3f868455528a1747053acd14705,252722
EV-D989D4A80816,0b8dcee92691a3156eb66f6cd280909224fbb2fe204abac3ceabd237c08e7d5e,E031/UKMTO_WARNING/onset/20240306 UKMTO WARNING INCIDENT 046 UPDATE 003.pdf,E031,onset,UKMTO_WARNING,metadata/manual PDF,,extracted,texts/0b8dcee92691a3156eb66f6cd280909224fbb2fe204abac3ceabd237c08e7d5e.json,,aec7bc6dba4d47584363310bd501ec81c87b6570e4b45aff290ac9aeeeb9d6dc,256288
EV-F8D5E0BB68C6,861be373be2733b9c93747849ee99d65692e0937aeff34da63b5fec4cbeb14ff,E031/UKMTO_WARNING/onset/20240306 UKMTO WARNING INCIDENT 046.pdf,E031,onset,UKMTO_WARNING,metadata/manual PDF,,extracted,texts/861be373be2733b9c93747849ee99d65692e0937aeff34da63b5fec4cbeb14ff.json,,9acdf5d9c955ef1b90eddd9387aeb97598903e616d0c16c1303e07168493d9e5,250309
EV-C5D5E0F69657,3aa4c8d3141ec21f516360a44d156f923a14adb18fb21733ef9fc681427f958f,E031/UKMTO_WARNING/onset/20240308 UKMTO WARNING INCIDENT 047 UPDATE 001.pdf,E031,onset,UKMTO_WARNING,metadata/manual PDF,,extracted,texts/3aa4c8d3141ec21f516360a44d156f923a14adb18fb21733ef9fc681427f958f.json,,7f361a9ac8fe473f3ba463afd64664feb43630a09a575765de432ae213a864d2,256123
EV-4CE32515DB8B,b9b0da0369538993e9e7f67dad655ea6bbc3aba145288e08e7a31b199bbb170d,E031/UKMTO_WARNING/onset/20240308 UKMTO WARNING INCIDENT 047 UPDATE 002.pdf,E031,onset,UKMTO_WARNING,metadata/manual PDF,,extracted,texts/b9b0da0369538993e9e7f67dad655ea6bbc3aba145288e08e7a31b199bbb170d.json,,7d133354bf859580b75eeda20ba8d63b0cad9ad47aba273ed08d48a9732710d8,259188
EV-5B3BEA0AD922,5b451bdcb31e2c8c59a7319bbcf04c85b61b851280877eff268cfc60f77ec5d9,E031/UKMTO_WARNING/onset/20240308 UKMTO WARNING INCIDENT 047.pdf,E031,onset,UKMTO_WARNING,metadata/manual PDF,,extracted,texts/5b451bdcb31e2c8c59a7319bbcf04c85b61b851280877eff268cfc60f77ec5d9.json,,c094d56907a1f95d1cc08838e73061c3fc9aab019abb4ebae85ba83a31d84de8,253307
EV-75086452A0DE,315d94b9ccb181c9fa22bd142276adb128937755f47c0bb7e1b8058623fdbba8,E031/UKMTO_WARNING/onset/20240311 UKMTO WARNING INCIDENT 048 UPDATE 001.pdf,E031,onset,UKMTO_WARNING,metadata/manual PDF,,extracted,texts/315d94b9ccb181c9fa22bd142276adb128937755f47c0bb7e1b8058623fdbba8.json,,97bca222f375858c06e00fabe05ad6220974ca8f38f268eb4fcff023212badf7,272066
EV-9D3436D29292,eb46c8dc8a07ca9c63f0fdc186798a3dd4120ef2f53105ceef2c5061ca1bbfb4,E031/UKMTO_WARNING/onset/20240311 UKMTO WARNING INCIDENT 048.pdf,E031,onset,UKMTO_WARNING,metadata/manual PDF,,extracted,texts/eb46c8dc8a07ca9c63f0fdc186798a3dd4120ef2f53105ceef2c5061ca1bbfb4.json,,3fe6920a1740d30da6800876e63baea313a440fee7efff7910f230bb7ade4458,255974
EV-187F9EFFFF4A,1665e79d67f86f8799f27676e27ffc5492e5c5adb4d57511f74998205c92eaee,E031/UKMTO_WARNING/onset/20240312-WARNING INCIDENT 049 - UPDATE 001.pdf,E031,onset,UKMTO_WARNING,metadata/manual PDF,,extracted,texts/1665e79d67f86f8799f27676e27ffc5492e5c5adb4d57511f74998205c92eaee.json,,e0579c7330693650a777603427f4d7b02f20c7697178fd6d016425994aa18314,214198
EV-69BCEADCA9C1,a934abe2f66d1bd4fa7bcfc080254d022dfa98fea0545540e5de782a63ce1c1b,E031/UKMTO_WARNING/onset/20240312-WARNING INCIDENT 049 - UPDATE 002.pdf,E031,onset,UKMTO_WARNING,metadata/manual PDF,,extracted,texts/a934abe2f66d1bd4fa7bcfc080254d022dfa98fea0545540e5de782a63ce1c1b.json,,08e277db379751039e2cc265c66e7f657173de5b67ec8f852f54ebd5d7d93804,197411
EV-D4FF3DCACC2E,6da7639a01d4018d7fc958c2edd390e3ca7163cac82c1fd80bd4e15331ca0b49,E031/UKMTO_WARNING/onset/20240312-WARNING INCIDENT 049.pdf,E031,onset,UKMTO_WARNING,metadata/manual PDF,,extracted,texts/6da7639a01d4018d7fc958c2edd390e3ca7163cac82c1fd80bd4e15331ca0b49.json,,35e997ec3ebcb9ee2f7a639edf3226620030a312c332941e37ce3379c39f7e2d,212984
EV-260EF7739F91,d8ad5c177dfd864fba469451b25f31df488c7b363332776a6033baacd748ff70,E031/UKMTO_WARNING/onset/E031_UKMTO_WARNING_onset__2024-02.pdf,E031,onset,UKMTO_WARNING,metadata/manual PDF,,extracted,texts/d8ad5c177dfd864fba469451b25f31df488c7b363332776a6033baacd748ff70.json,,8b3be49de1a62737f4f0a10721c3e89c29bca32baae1e763e86cdc8b75893fe6,193473
EV-0F5406829097,123bda0f95fc0de7b24c4b2a32d15621a279d10c52a728f3e56f4d27563821d6,E031/UKMTO_WARNING/onset/E031_UKMTO_WARNING_onset__2024-03.pdf,E031,onset,UKMTO_WARNING,metadata/manual PDF,,extracted,texts/123bda0f95fc0de7b24c4b2a32d15621a279d10c52a728f3e56f4d27563821d6.json,,c30ae23bf24d0bc71e6cdbac70590ab1cc4223618966002c6c6cbb9dc11f5f4f,191540
EV-7313D2C30AA6,744bbc3e89ec7f967aaab4253e85f495787c916bac77a2abaccf39391db81e54,E031/UKMTO_WARNING/pre_onset/20240129 UKMTO WARNING INCIDENT 024.pdf,E031,pre_onset,UKMTO_WARNING,metadata/manual PDF,,extracted,texts/744bbc3e89ec7f967aaab4253e85f495787c916bac77a2abaccf39391db81e54.json,,55192c7732fb682700b15ada50a2db3198d07f7ebd8d613de63afce62050c70b,267475
EV-B36B139D33E3,87f4d78d1aeea118381c2cf32946b725c64272dc297dc0173e71d4db0514a0f4,E031/UKMTO_WARNING/pre_onset/20240201 UKMTO WARNING INCIDENT 026 UPDATE 001.pdf,E031,pre_onset,UKMTO_WARNING,metadata/manual PDF,,extracted,texts/87f4d78d1aeea118381c2cf32946b725c64272dc297dc0173e71d4db0514a0f4.json,,68959db28df44a30c53088f2877fba8155b1dea9d49a66109b186fd71dc11337,262826
EV-4D7DEAC1291F,de5816b417d3c3c97b67050b318d529d0f1a3fddce08bc8f77cca4853b1fe388,E031/UKMTO_WARNING/pre_onset/20240201 UKMTO WARNING INCIDENT 026.pdf,E031,pre_onset,UKMTO_WARNING,metadata/manual PDF,,extracted,texts/de5816b417d3c3c97b67050b318d529d0f1a3fddce08bc8f77cca4853b1fe388.json,,5daf82a6ebc675b8ee6eccc6ff4d2ca9fdc906b3e427e29690065988d17a04a7,259363
EV-BB8DA7C8802F,4a54f9bcf28df2a9c27a8dc720894795b963b6c4b0e83c4d8d25ec8a2ae58907,E031/UKMTO_WARNING/pre_onset/20240201 UKMTO WARNING INCIDENT 027 Update 001.pdf,E031,pre_onset,UKMTO_WARNING,metadata/manual PDF,,extracted,texts/4a54f9bcf28df2a9c27a8dc720894795b963b6c4b0e83c4d8d25ec8a2ae58907.json,,bcb215db79d2f9cd512a81f882f5175a99de9c24b3e9b8d6653ad055f301e187,267251
EV-04E2B178ED7E,aa449eb7037a616d8afd655a95c7b576d9bb4b3a704243622749e032fd8d4e19,E031/UKMTO_WARNING/pre_onset/20240201 UKMTO WARNING INCIDENT 027.pdf,E031,pre_onset,UKMTO_WARNING,metadata/manual PDF,,extracted,texts/aa449eb7037a616d8afd655a95c7b576d9bb4b3a704243622749e032fd8d4e19.json,,b83100c28551de16d2f0f37613a93e26461845702d6098427370fc1408f20330,259238
EV-0EEFEB23B750,0736ccb9eb2da63c7eaeec932c30732eca01e81ddc6b3ee85ab519c7fc5c1ee7,E031/UKMTO_WARNING/pre_onset/20240206 UKMTO WARNING INCIDENT 028 UPDATE 01.pdf,E031,pre_onset,UKMTO_WARNING,metadata/manual PDF,,extracted,texts/0736ccb9eb2da63c7eaeec932c30732eca01e81ddc6b3ee85ab519c7fc5c1ee7.json,,a47c920f33b478ebfd2746d71552d472ea846784a2738be85639b4b5fa8b1621,258715
EV-34AF4C8BA77B,306779270fa936341ed909b3b5e7ad0db7656435b04dcfb8dcfe3a2cd254678f,E031/UKMTO_WARNING/pre_onset/20240206-UKMTO WARNING INCIDENT 028 (1).pdf,E031,pre_onset,UKMTO_WARNING,metadata/manual PDF,,extracted,texts/306779270fa936341ed909b3b5e7ad0db7656435b04dcfb8dcfe3a2cd254678f.json,,d4a737ad577d12db92b95da23b854fb6add104238e53ebe0f540daa64f560934,260135
EV-34AF4C8BA77B,306779270fa936341ed909b3b5e7ad0db7656435b04dcfb8dcfe3a2cd254678f,E031/UKMTO_WARNING/pre_onset/20240206-UKMTO WARNING INCIDENT 028.pdf,E031,pre_onset,UKMTO_WARNING,metadata/manual PDF,,extracted,texts/306779270fa936341ed909b3b5e7ad0db7656435b04dcfb8dcfe3a2cd254678f.json,,d4a737ad577d12db92b95da23b854fb6add104238e53ebe0f540daa64f560934,260135
EV-3C4318B234B4,40f616b6640f842d7fed562ab4c857a7798684b5fa80fbe1bd87a1a073397e73,E031/UKMTO_WARNING/pre_onset/20240212 UKMTO WARNING INCIDENT 029  ATTACK UPDATE 001.pdf,E031,pre_onset,UKMTO_WARNING,metadata/manual PDF,,extracted,texts/40f616b6640f842d7fed562ab4c857a7798684b5fa80fbe1bd87a1a073397e73.json,,397e9b82107ba28dd25d97ac8c282ae513c76c6d9f9f513744744f6fd0759db2,262026
EV-B899F958D0A5,7080d8950a1b63376f5357f8ace9d0a2ef13ddee6ae850c1ef004b88b1ac9cc2,E031/UKMTO_WARNING/pre_onset/20240212 UKMTO WARNING INCIDENT 029  ATTACK UPDATE 002.pdf,E031,pre_onset,UKMTO_WARNING,metadata/manual PDF,,extracted,texts/7080d8950a1b63376f5357f8ace9d0a2ef13ddee6ae850c1ef004b88b1ac9cc2.json,,2ef678506935423d2cdb5289bf85b16586823176a7b6091a67117ff6c9783c65,262954
EV-973ECF78FF14,95151b73903e3275c49e3fd1d8689f044ad64fc880b2ef08322d6bd703bac562,E031/UKMTO_WARNING/pre_onset/20240212 UKMTO WARNING INCIDENT FLASH 029 ATTACK.pdf,E031,pre_onset,UKMTO_WARNING,metadata/manual PDF,,extracted,texts/95151b73903e3275c49e3fd1d8689f044ad64fc880b2ef08322d6bd703bac562.json,,22ad8993a481887ec1dcfe217599f2ce5b98ee8c72be587d5fecc23710f917a5,260245
EV-4431A7C30960,627c3291e0ce80f21307639bff667e698d7267e56d0158cf8641fe41cdc441dd,E031/UKMTO_WARNING/pre_onset/20240215 UKMTO WARNING INCIDENT 30 UPDATE 001.pdf,E031,pre_onset,UKMTO_WARNING,metadata/manual PDF,,extracted,texts/627c3291e0ce80f21307639bff667e698d7267e56d0158cf8641fe41cdc441dd.json,,3df1653d9f8d433d2f19e585694ff6a1ec3c774f4845682f5976e957af94e729,230109
EV-D0FA72BFAEA9,c7510c5f19a3c3235232c33c81875c88c416b8f2aeb9240adaa5419d689fde01,E031/UKMTO_WARNING/pre_onset/20240215 UKMTO WARNING INCIDENT 30.pdf,E031,pre_onset,UKMTO_WARNING,metadata/manual PDF,,extracted,texts/c7510c5f19a3c3235232c33c81875c88c416b8f2aeb9240adaa5419d689fde01.json,,f2a2adc30fe9228b79e1abc7e31e2e982cb2db077028e09688f051e2a5761e4f,227348
EV-CA946F60617E,d24ee0fb11f8ef5168e3e207e4cc3169ad42aaab591f515cbf2f039675dbf954,E031/UKMTO_WARNING/pre_onset/20240216-UKMTO WARNING INCIDENT 031 Update 001.pdf,E031,pre_onset,UKMTO_WARNING,metadata/manual PDF,,extracted,texts/d24ee0fb11f8ef5168e3e207e4cc3169ad42aaab591f515cbf2f039675dbf954.json,,40531d5fb63b0e96eefb9ca62683951de66deaba118c5014c01ae096e503603e,262508
EV-CB309B8132C5,e5e61dce228992009351c5d2e275e2ae69479e39308ce7d1d4f0f29595eb73b6,E031/UKMTO_WARNING/pre_onset/20240216UKMTO WARNING INCIDENT 031docx.pdf,E031,pre_onset,UKMTO_WARNING,metadata/manual PDF,,extracted,texts/e5e61dce228992009351c5d2e275e2ae69479e39308ce7d1d4f0f29595eb73b6.json,,80192600a2ca455d967814f5da1cceae72880295aea50fea391a07dbcb6b3184,258970
EV-4D75D9F98DB5,008a2f6ec124395e054a075cd13fcbc17aab3cb88c563e11fb0c32ce384eaa11,E031/UKMTO_WARNING/pre_onset/20240218 UKMTO WARNING INCIDENT 032 UPDATE 001.pdf,E031,pre_onset,UKMTO_WARNING,metadata/manual PDF,,extracted,texts/008a2f6ec124395e054a075cd13fcbc17aab3cb88c563e11fb0c32ce384eaa11.json,,a6a440bb9bb0757556a776a42bd147b35efcd26923709e63972b9426d84603f2,231464
EV-1E0A25D0830A,be5faeb4a77af0feac58164326ac55aa7c93de2ad7351a03c9a1002c98621eff,E031/UKMTO_WARNING/pre_onset/20240218 UKMTO WARNING INCIDENT 032.pdf,E031,pre_onset,UKMTO_WARNING,metadata/manual PDF,,extracted,texts/be5faeb4a77af0feac58164326ac55aa7c93de2ad7351a03c9a1002c98621eff.json,,b60d1b574902c60a352375c88d14971d904d64bc7a8d70827f4566fd107418bc,230104
EV-3F0F90934B56,0e342fe37d996d67f66275967d4ad890a6633f3f75ccb46550e6794ecb4cce8c,E031/UKMTO_WARNING/pre_onset/20240219 UKMTO WARNING 032 UPDATE 003.pdf,E031,pre_onset,UKMTO_WARNING,metadata/manual PDF,,extracted,texts/0e342fe37d996d67f66275967d4ad890a6633f3f75ccb46550e6794ecb4cce8c.json,,99e714cdc2a0e050c7736f3787a66602d33d66de9dfc3adf3ea96d42e66d2b6f,232797
EV-8E09CA44A6E0,43114940f072d48acced72207eb41a3e19e69d4735e190644422b569721f315d,E031/UKMTO_WARNING/pre_onset/20240219 UKMTO WARNING INCIDENT 032 UPDATE 002.pdf,E031,pre_onset,UKMTO_WARNING,metadata/manual PDF,,extracted,texts/43114940f072d48acced72207eb41a3e19e69d4735e190644422b569721f315d.json,,fc4a9ccc261c5509064f3fb18740f9b3fce31f013a2722eac5bada61461750c3,231763
EV-D939602914EA,db017e269a79e8ce3b851babbb30a4cbd39375f524aae64f27b8568802bc5480,E031/UKMTO_WARNING/pre_onset/20240219 UKMTO WARNING INCIDENT 034 UPDATE 001.pdf,E031,pre_onset,UKMTO_WARNING,metadata/manual PDF,,extracted,texts/db017e269a79e8ce3b851babbb30a4cbd39375f524aae64f27b8568802bc5480.json,,014ead8206cd5108de3f9abcd6488ec5a7295d2069a9f0ae337df5d8ea740fef,217671
EV-1596B7CF86B2,92762c0cdd9057acfaf30820f80cd81eb14467760b3701f41d5d8db17f7ceb3f,E031/UKMTO_WARNING/pre_onset/20240219 UKMTO WARNING INCIDENT 034.pdf,E031,pre_onset,UKMTO_WARNING,metadata/manual PDF,,extracted,texts/92762c0cdd9057acfaf30820f80cd81eb14467760b3701f41d5d8db17f7ceb3f.json,,23c9ed3cd3a4ee9cd4da0a3bf4facc555d85c2d85eca65d619088789e753996d,215317
EV-32E6B9437C50,ba1f094577c6fbdb69ab93745d83a19ca848926cb724a17aefdf1ad2bf0c6b40,E031/UKMTO_WARNING/pre_onset/20240219 UKMTO WARNING INCIDENT 035 UPDATE 001.pdf,E031,pre_onset,UKMTO_WARNING,metadata/manual PDF,,extracted,texts/ba1f094577c6fbdb69ab93745d83a19ca848926cb724a17aefdf1ad2bf0c6b40.json,,86e6809b437210b6c9a13ab92f1b0d5397b6e6443c1494d5e033b56b038d51d9,217202
EV-223492322564,4ab7c7c978ab2ea71e28e27c7986bedc5dd5a7d6e81a19b9e58428f218a4afd1,E031/UKMTO_WARNING/pre_onset/20240219 UKMTO WARNING INCIDENT 035.pdf,E031,pre_onset,UKMTO_WARNING,metadata/manual PDF,,extracted,texts/4ab7c7c978ab2ea71e28e27c7986bedc5dd5a7d6e81a19b9e58428f218a4afd1.json,,fa8f7e6fcb5bb44ac41a027f809bb1d3b551b874469e71df657d9a30c8ac5971,214776
EV-1BF94067D3A0,b671ddcf1442584eb6bd2b77d05faf553b0d27694fd58ae078ff9c9e27b8f50b,E031/UKMTO_WARNING/pre_onset/20240219-UKMTO WARNING INCIDENT 033 UPDATE 001.pdf,E031,pre_onset,UKMTO_WARNING,metadata/manual PDF,,extracted,texts/b671ddcf1442584eb6bd2b77d05faf553b0d27694fd58ae078ff9c9e27b8f50b.json,,0311079b7bc132cce3dbd875120adfaba32f30830176b70094952b5ce133d8fc,213094
EV-165408249C7C,e61cff424ba73e5ce7051af93195bbfefde4e479f127d5f69451184b092118d0,E031/UKMTO_WARNING/pre_onset/20240219-UKMTO WARNING INCIDENT 033 UPDATE 002.pdf,E031,pre_onset,UKMTO_WARNING,metadata/manual PDF,,extracted,texts/e61cff424ba73e5ce7051af93195bbfefde4e479f127d5f69451184b092118d0.json,,65712d746bd7f25534ad6adbdb0f899d900c9995c7a06c4fbac50c6560422bf3,216973
EV-5D5239D3A491,6c7ca1ac8931261b7f898c6f5489f2c83f9f4e28aabd06a1a0320515d31a1af3,E031/UKMTO_WARNING/pre_onset/20240219-UKMTO WARNING INCIDENT 033.pdf,E031,pre_onset,UKMTO_WARNING,metadata/manual PDF,,extracted,texts/6c7ca1ac8931261b7f898c6f5489f2c83f9f4e28aabd06a1a0320515d31a1af3.json,,3b45beb77d1265318eb40cd1d4fdd82e677f1c2df816311d34c28be1007d0d87,209329
EV-BFD2E66C748D,bd2ac6c1352f3c922bbaffb941082344e6a808ea501c57d3d07d1d5c1deeee0e,E031/UKMTO_WARNING/pre_onset/20240222-UKMTO WARNING INCIDENT 037 - Update 001.pdf,E031,pre_onset,UKMTO_WARNING,metadata/manual PDF,,extracted,texts/bd2ac6c1352f3c922bbaffb941082344e6a808ea501c57d3d07d1d5c1deeee0e.json,,52a41e3bf5abf4377bbae4c935965abf7dae978c20314a0d595fd0effcadaf17,215141
EV-BB6593AFCCD4,d071ebee933819991c8b985c39ebbbd9090fcd833512ea57b863b1621902697b,E031/UKMTO_WARNING/pre_onset/20240222-UKMTO WARNING INCIDENT 037.pdf,E031,pre_onset,UKMTO_WARNING,metadata/manual PDF,,extracted,texts/d071ebee933819991c8b985c39ebbbd9090fcd833512ea57b863b1621902697b.json,,c49b2ffd27f3996536349933db0b781404651b6fe36aa3fa3052ff1509065cb1,209633
EV-E7613C1A421A,31d09fecdc6844242ea63119dd478ad094fc11f47414595f9fdc40853fcebe71,E031/UKMTO_WARNING/pre_onset/20240222-WARNING INCIDENT 037 - Update 002.pdf,E031,pre_onset,UKMTO_WARNING,metadata/manual PDF,,extracted,texts/31d09fecdc6844242ea63119dd478ad094fc11f47414595f9fdc40853fcebe71.json,,52a0363d55132f62b9c1deb86bf89212420a7fa2e20d271cf8129a9a12b16c62,214216
EV-395608F79AF6,be1c7ef8df950c3e3031aa79bd59126240118d81b4f3b0217629aeb45430c1a6,E031/UKMTO_WARNING/pre_onset/20240224-WARNING INCIDENT 039 - Update 001.pdf,E031,pre_onset,UKMTO_WARNING,metadata/manual PDF,,extracted,texts/be1c7ef8df950c3e3031aa79bd59126240118d81b4f3b0217629aeb45430c1a6.json,,f72c0209003f4703a4d7ef6e6f3ec9c2862165af683e983bc11b3ffa57ad6eb4,212787
EV-0A63B3DD3557,932cce53af1903a1fa7cf1acf18ac2f20bda35d5a1a8069d417a51aefdb54756,E031/UKMTO_WARNING/pre_onset/20240224-WARNING INCIDENT 039.pdf,E031,pre_onset,UKMTO_WARNING,metadata/manual PDF,,extracted,texts/932cce53af1903a1fa7cf1acf18ac2f20bda35d5a1a8069d417a51aefdb54756.json,,a0166addabb90bdce11b75baf997f61e506e25121db7d2758158c4d7e0de31cb,212949
EV-0871A65ADA59,a2d385dc7018962671bfdd6b72c9ab52d606260747c85896f4725c2f6ed68d33,E031/UKMTO_WARNING/pre_onset/20240227 UKMTO WARNING INCIDENT 042 UPDATE 001.pdf,E031,pre_onset,UKMTO_WARNING,metadata/manual PDF,,extracted,texts/a2d385dc7018962671bfdd6b72c9ab52d606260747c85896f4725c2f6ed68d33.json,,ad625512b8f62e34255625029fe7d3c4b06e489fc1a68556b71f8051a7be7119,270463
EV-F5EB7CE87516,6d4a7147ca56d87bf1e6b89432b99482c8c81b2a09aa12f38fd0d1ae77b8cd21,E031/UKMTO_WARNING/pre_onset/20240227 UKMTO WARNING INCIDENT 042.pdf,E031,pre_onset,UKMTO_WARNING,metadata/manual PDF,,extracted,texts/6d4a7147ca56d87bf1e6b89432b99482c8c81b2a09aa12f38fd0d1ae77b8cd21.json,,dd8938b29c055095e8e1450891e130f567b2a3a93e721a827a39ee0a694c9d73,265578
EV-3973EE94276B,cb84a416287ed3234634317ba901d6811f56830171235301fedf73c8b814b596,E031/UKMTO_WARNING/pre_onset/E031_UKMTO_WARNING_pre_onset__2024-01.pdf,E031,pre_onset,UKMTO_WARNING,metadata/manual PDF,,extracted,texts/cb84a416287ed3234634317ba901d6811f56830171235301fedf73c8b814b596.json,,615debdb34b68ae18ad3e5b7910e80649a4ed669db69f365cf55f42067a1cd51,246421
EV-2C7E99343A15,2cc64d50f577f6a159b8e26d24c05d24cdc6c39692c17779a064fa362da7da70,E031/UKMTO_WARNING/pre_onset/E031_UKMTO_WARNING_pre_onset__2024-02.pdf,E031,pre_onset,UKMTO_WARNING,metadata/manual PDF,,extracted,texts/2cc64d50f577f6a159b8e26d24c05d24cdc6c39692c17779a064fa362da7da70.json,,7cbbf4c05778acbff5264c3a41245b5ddffbb28d9fe0f8c77d272afa5815d416,188001
EV-6B5006C03170,406c5479cf24be1cd8f7df97ac4701f2ba94049483f7576df53ce9744887ff65,E031/UKMTO_WARNING/pre_onset/automated_pending/E031_UKMTO_WARNING_pre_onset__2024-01/20260913T182340161617Z/E031_UKMTO_WARNING_pre_onset__2024-01.html,E031,pre_onset,UKMTO_WARNING,listing_capture,https://www.ukmto.org/ukmto-products/warnings/2024,extracted,texts/406c5479cf24be1cd8f7df97ac4701f2ba94049483f7576df53ce9744887ff65.json,,70471011aa91e4fbdb0591e4f21fee8bcfdef3779158db14349e1a152dba1186,331615
EV-92924C307CC3,ebc5ac46e3a0d81b378c35e35cec64ff91541c26c356668299be175d1f5fc972,E031/UKMTO_WARNING/pre_onset/automated_pending/E031_UKMTO_WARNING_pre_onset__2024-01/20260913T182340161617Z/E031_UKMTO_WARNING_pre_onset__2024-01.pdf,E031,pre_onset,UKMTO_WARNING,listing_capture,https://www.ukmto.org/ukmto-products/warnings/2024,extracted,texts/ebc5ac46e3a0d81b378c35e35cec64ff91541c26c356668299be175d1f5fc972.json,,0167d12c3c4691f25eb4d0a89a61cc5b6c17e46e9f51174071bca8d67d9eb5ba,127241
EV-65BEB86E2BC0,5dc2138535afb8522155b6650d6bbafcbceec11f8fc12dc3d4ca27277577b4e4,E032/GARD/onset/automated_pending/E032_GARD_onset__search-Gulf-of-Oman/20260914T002952698397Z_3chkkcww/E032_GARD_onset__search-Gulf-of-Oman.html,E032,onset,GARD,listing_capture,https://gard.no/search/?searchTerm=Gulf%20of%20Oman,extracted,texts/5dc2138535afb8522155b6650d6bbafcbceec11f8fc12dc3d4ca27277577b4e4.json,,6fa1e1afec4bde06041ef70a1c98328676224726359cb7407f9832498bae0a39,239090
EV-E15810A035C3,18ce9154261332140a057b7612e7753e30827e06c5542d05578f516bc174d62f,E032/GARD/onset/automated_pending/E032_GARD_onset__search-Gulf-of-Oman/20260914T002952698397Z_3chkkcww/E032_GARD_onset__search-Gulf-of-Oman.pdf,E032,onset,GARD,listing_capture,https://gard.no/search/?searchTerm=Gulf%20of%20Oman,extracted,texts/18ce9154261332140a057b7612e7753e30827e06c5542d05578f516bc174d62f.json,,962e866036ffb34787ade793b1ac80cd9dc3d347ca0acfbdf64b0e752bc0913b,2171666
EV-797618880ACC,6f128974fec22efa8f625b4824df747e58ff5855e4b53cc74e1e52150c2faf93,E032/GARD/onset/automated_pending/E032_GARD_onset__search-Hormuz/20260914T003030089602Z_4e98p3bc/E032_GARD_onset__search-Hormuz.html,E032,onset,GARD,listing_capture,https://gard.no/search/?searchTerm=Hormuz,extracted,texts/6f128974fec22efa8f625b4824df747e58ff5855e4b53cc74e1e52150c2faf93.json,,b79c4b1fa3760ce02d0639b5741c7df34f783cb6bff232659a6a707fefc93083,239136
EV-F82C6909012C,6f5f46a68616c256ce5ae482950d9e0f7b91496cb298bf31d6a4ea19a7c0ac84,E032/GARD/onset/automated_pending/E032_GARD_onset__search-Hormuz/20260914T003030089602Z_4e98p3bc/E032_GARD_onset__search-Hormuz.pdf,E032,onset,GARD,listing_capture,https://gard.no/search/?searchTerm=Hormuz,extracted,texts/6f5f46a68616c256ce5ae482950d9e0f7b91496cb298bf31d6a4ea19a7c0ac84.json,,31664139714e22f9cbc0aa4e4252ad24c24778aba3e58ace968f4952abc3cb41,3714550
EV-4D2EA43CD058,067314d7b451da233d13eb6be86731a5b7e1854c25b85a44860700e4e6338afa,E032/GARD/onset/automated_pending/E032_GARD_onset__search-Iran/20260914T003102713443Z_4c6u0n7c/E032_GARD_onset__search-Iran.html,E032,onset,GARD,listing_capture,https://gard.no/search/?searchTerm=Iran,extracted,texts/067314d7b451da233d13eb6be86731a5b7e1854c25b85a44860700e4e6338afa.json,,b7d5bf99e0bcfe2992f141002b0860785d0356a9a7bc40bf4d39216fcd8221f6,252586
EV-4D2EA43CD058,067314d7b451da233d13eb6be86731a5b7e1854c25b85a44860700e4e6338afa,E032/GARD/pre_onset/automated_pending/E032_GARD_pre_onset__search-Iran/20260914T002057316780Z_j1nmc83f/E032_GARD_pre_onset__search-Iran.html,E032,pre_onset,GARD,listing_capture,https://gard.no/search/?searchTerm=Iran,extracted,texts/067314d7b451da233d13eb6be86731a5b7e1854c25b85a44860700e4e6338afa.json,,b7d5bf99e0bcfe2992f141002b0860785d0356a9a7bc40bf4d39216fcd8221f6,252586
EV-225492D33AB7,5504840a1b91e4da2d5cb54d6b2868f4d9869df77a137d2bcb77cca624c3312f,E032/GARD/onset/automated_pending/E032_GARD_onset__search-Iran/20260914T003102713443Z_4c6u0n7c/E032_GARD_onset__search-Iran.pdf,E032,onset,GARD,listing_capture,https://gard.no/search/?searchTerm=Iran,extracted,texts/5504840a1b91e4da2d5cb54d6b2868f4d9869df77a137d2bcb77cca624c3312f.json,,c67d9203ab5c1c19f4ff851281aa5ec0fd896308ed1d8d7d95410a7bc70f1b07,5184497
EV-6FFB52B3112A,a2d64a073789840e31b32ce85cc3ce3061c232541c9628ded897328a3df992b7,E032/GARD/onset/automated_pending/E032_GARD_onset__search-Iran/20260914T003102713443Z_4c6u0n7c/E032_GARD_onset__search-Iran__page-2.html,E032,onset,GARD,listing_capture,https://gard.no/search/?searchTerm=Iran,extracted,texts/a2d64a073789840e31b32ce85cc3ce3061c232541c9628ded897328a3df992b7.json,,8f5d5e27b5347123420ec210c214ec177039982db9c51fe7e484fc09af726a38,241976
EV-6FFB52B3112A,a2d64a073789840e31b32ce85cc3ce3061c232541c9628ded897328a3df992b7,E032/GARD/pre_onset/automated_pending/E032_GARD_pre_onset__search-Iran/20260914T002057316780Z_j1nmc83f/E032_GARD_pre_onset__search-Iran__page-2.html,E032,pre_onset,GARD,listing_capture,https://gard.no/search/?searchTerm=Iran,extracted,texts/a2d64a073789840e31b32ce85cc3ce3061c232541c9628ded897328a3df992b7.json,,8f5d5e27b5347123420ec210c214ec177039982db9c51fe7e484fc09af726a38,241976
EV-8ECD573C75E2,5619d17098a642ccf31f9a9645a5e86f586c2e7cef196efd8a3b6717daf379c8,E032/GARD/onset/automated_pending/E032_GARD_onset__search-Iran/20260914T003102713443Z_4c6u0n7c/E032_GARD_onset__search-Iran__page-2.pdf,E032,onset,GARD,listing_capture,https://gard.no/search/?searchTerm=Iran,extracted,texts/5619d17098a642ccf31f9a9645a5e86f586c2e7cef196efd8a3b6717daf379c8.json,,4a7e72a4039b9bbe84ceb6ee872502145359dd890a3044de9107c082a3fece3b,5161013
EV-8C6D8255CD7C,8ad63a853a32128034f3bf297418b97856a886ad1886808912d02d7139ab83b4,E032/GARD/onset/automated_pending/E032_GARD_onset__search-Persian-Gulf/20260914T003218621951Z_j7ifeaqm/E032_GARD_onset__search-Persian-Gulf.html,E032,onset,GARD,listing_capture,https://gard.no/search/?searchTerm=Persian%20Gulf,extracted,texts/8ad63a853a32128034f3bf297418b97856a886ad1886808912d02d7139ab83b4.json,,8f6190ad786aedb4425055399e00eca62523c04326756472f0a68739bc2d8470,246026
EV-DC9A5E55E690,8a537d5487a8c6e22a0569e97669931a579dc884975195bb71f68f6df5a372eb,E032/GARD/onset/automated_pending/E032_GARD_onset__search-Persian-Gulf/20260914T003218621951Z_j7ifeaqm/E032_GARD_onset__search-Persian-Gulf.pdf,E032,onset,GARD,listing_capture,https://gard.no/search/?searchTerm=Persian%20Gulf,extracted,texts/8a537d5487a8c6e22a0569e97669931a579dc884975195bb71f68f6df5a372eb.json,,87785c772d5dc65db90c4053b7188e096090b064b03954fd2ccbd96f5bbf15e7,5252569
EV-C5FBB51F4C8F,11ec4222ac597388ffed20e5c57672dcd871cb8e70edbd4cf1ca1226a637deeb,E032/GARD/onset/automated_pending/E032_GARD_onset__search-navigational-warning/20260914T003311461010Z_edlmtk2r/E032_GARD_onset__search-navigational-warning.html,E032,onset,GARD,listing_capture,https://gard.no/search/?searchTerm=navigational%20warning,extracted,texts/11ec4222ac597388ffed20e5c57672dcd871cb8e70edbd4cf1ca1226a637deeb.json,,b26c09423d23d4e7c261c7dad9051a80e3dda4ce5d64cf4d0e830aba782f3d62,249583
EV-440E14820AAF,230beff7daad01fa454ead4df4560230bd90d53b7419630432ac9a0068a7dfcc,E032/GARD/onset/automated_pending/E032_GARD_onset__search-navigational-warning/20260914T003311461010Z_edlmtk2r/E032_GARD_onset__search-navigational-warning.pdf,E032,onset,GARD,listing_capture,https://gard.no/search/?searchTerm=navigational%20warning,extracted,texts/230beff7daad01fa454ead4df4560230bd90d53b7419630432ac9a0068a7dfcc.json,,c4efaa06a4dd6df2e833648cfd6d1e7a166565784fc5266127343d2379bcb81d,11251260
EV-CF3934CA4161,3eda9f45c5be79a1c155229585cc8eda7d07dd8af868b8404cd9a7ddc0dd13c7,E032/GARD/onset/automated_pending/E032_GARD_onset__search-war-risk/20260914T003416731174Z_ni7yi9bk/E032_GARD_onset__search-war-risk.html,E032,onset,GARD,listing_capture,https://gard.no/search/?searchTerm=war%20risk,extracted,texts/3eda9f45c5be79a1c155229585cc8eda7d07dd8af868b8404cd9a7ddc0dd13c7.json,,78187af94bbaf6f828813ac684f405c29f92d85ca30c2e8369dc44ec30498da0,247295
EV-2B545632997D,af6cb39f9fda3e498d01c5aeb8524f74b3514e2da48dcb4656e191bf803872e5,E032/GARD/onset/automated_pending/E032_GARD_onset__search-war-risk/20260914T003416731174Z_ni7yi9bk/E032_GARD_onset__search-war-risk.pdf,E032,onset,GARD,listing_capture,https://gard.no/search/?searchTerm=war%20risk,extracted,texts/af6cb39f9fda3e498d01c5aeb8524f74b3514e2da48dcb4656e191bf803872e5.json,,221737c2934e3cb93c74e301478956506e5b2a1f6dfb412493977d548e2c24bf,7848554
EV-10ACC1408AC5,76ca730727bb8a311395a82165969fcdbf3fd2dfd334e93b3215fba45e63d8cb,E032/GARD/onset/automated_pending/E032_GARD_onset__search-war-risk/20260914T003416731174Z_ni7yi9bk/E032_GARD_onset__search-war-risk__page-2.html,E032,onset,GARD,listing_capture,https://gard.no/search/?searchTerm=war%20risk,extracted,texts/76ca730727bb8a311395a82165969fcdbf3fd2dfd334e93b3215fba45e63d8cb.json,,2314a8420db895335fea206507de4b4932f71f958d85eff3e053ba331fbe6101,247108
EV-B42C05A387EE,91876b1e975a246be44dd4e9d0ad2ebe3f55cc5cd6a1a448d15751f90b304400,E032/GARD/onset/automated_pending/E032_GARD_onset__search-war-risk/20260914T003416731174Z_ni7yi9bk/E032_GARD_onset__search-war-risk__page-2.pdf,E032,onset,GARD,listing_capture,https://gard.no/search/?searchTerm=war%20risk,extracted,texts/91876b1e975a246be44dd4e9d0ad2ebe3f55cc5cd6a1a448d15751f90b304400.json,,c7c24bda1d130428368f3021b0cf7c0d8aa0971408c12fb7569495443ca15574,4151378
EV-E15D062B406F,2c9e1fa29915ab055b6453890b886f211fd6872c871b15aa7e3bbcd7778804d4,E032/GARD/onset/automated_pending/E032_GARD_onset__search-war-risk/20260914T003416731174Z_ni7yi9bk/E032_GARD_onset__search-war-risk__page-3.html,E032,onset,GARD,listing_capture,https://gard.no/search/?searchTerm=war%20risk,extracted,texts/2c9e1fa29915ab055b6453890b886f211fd6872c871b15aa7e3bbcd7778804d4.json,,49c11c2290744bb5c2b3afb938c95c20594e72271b4322b32cd519d155900897,241863
EV-A7C0E2DFB122,bde1abd5199756d6ebb8d2fe8bb27832a7212c4a84f51568473516bc18b7c38d,E032/GARD/onset/automated_pending/E032_GARD_onset__search-war-risk/20260914T003416731174Z_ni7yi9bk/E032_GARD_onset__search-war-risk__page-3.pdf,E032,onset,GARD,listing_capture,https://gard.no/search/?searchTerm=war%20risk,extracted,texts/bde1abd5199756d6ebb8d2fe8bb27832a7212c4a84f51568473516bc18b7c38d.json,,78621ea2d88512ac16ef512315f8deb43db894619d1034e555d829c54cb97ed8,4149780
EV-ECA6204D8E63,634a86369e3ed0be7d2865a4cad6f92f8dc02b15b14a06429f6ae8d676100599,E032/GARD/onset/automated_pending/E032_GARD_onset__search-war-risk/20260914T003416731174Z_ni7yi9bk/E032_GARD_onset__search-war-risk__page-4.html,E032,onset,GARD,listing_capture,https://gard.no/search/?searchTerm=war%20risk,extracted,texts/634a86369e3ed0be7d2865a4cad6f92f8dc02b15b14a06429f6ae8d676100599.json,,769aed36ea2bb6ef4c7e545823f7293720628f4987137f5c6503b79d65f7f4e8,242044
EV-AA03FBA178E0,25ba6602beb9b29b0e5dcf44c75104b51a8b5f1c4b9ec163c5e941f5096077ee,E032/GARD/onset/automated_pending/E032_GARD_onset__search-war-risk/20260914T003416731174Z_ni7yi9bk/E032_GARD_onset__search-war-risk__page-4.pdf,E032,onset,GARD,listing_capture,https://gard.no/search/?searchTerm=war%20risk,extracted,texts/25ba6602beb9b29b0e5dcf44c75104b51a8b5f1c4b9ec163c5e941f5096077ee.json,,4d2f7c1237f5808427db6501562a113115e55d3fc8676ce4dee9b9dc8e834ffb,480540
EV-ACAB9DC3EA76,f6803acc30b4ae213534ecde93fc547cfb668aa76eb791aaf865e81ff58808fa,E032/GARD/onset/automated_pending/E032_GARD_onset__search-war-risk/20260914T003416731174Z_ni7yi9bk/E032_GARD_onset__search-war-risk__page-5.html,E032,onset,GARD,listing_capture,https://gard.no/search/?searchTerm=war%20risk,extracted,texts/f6803acc30b4ae213534ecde93fc547cfb668aa76eb791aaf865e81ff58808fa.json,,bc5d1f6e244dfccea87ce7326167c4d6dd6f3e391b279cbc52bc159c89ad1424,243613
EV-46AF005BD2E6,fbe21a2796f2459560c7ad7bcde0b6dddf48abc47d9e31b474813538ef3d583a,E032/GARD/onset/automated_pending/E032_GARD_onset__search-war-risk/20260914T003416731174Z_ni7yi9bk/E032_GARD_onset__search-war-risk__page-5.pdf,E032,onset,GARD,listing_capture,https://gard.no/search/?searchTerm=war%20risk,extracted,texts/fbe21a2796f2459560c7ad7bcde0b6dddf48abc47d9e31b474813538ef3d583a.json,,6293e1d9c1c9df583744d612ddfa8dae0a6c8daa87113ef11252f6113e9a1a25,484779
EV-531FB1735A29,3216fe008b7d4a67145e93d40e9b19b5572cc3411fa00f62ed530512800f9411,E032/GARD/onset/automated_pending/E032_GARD_onset__search-war-risk/20260914T003416731174Z_ni7yi9bk/E032_GARD_onset__search-war-risk__page-6.html,E032,onset,GARD,listing_capture,https://gard.no/search/?searchTerm=war%20risk,extracted,texts/3216fe008b7d4a67145e93d40e9b19b5572cc3411fa00f62ed530512800f9411.json,,dc87dd8e471c07f9c4590d1c5b51f73d814500f393a0f908f36c256afbc4efdd,243007
EV-7C3B6DE525A5,99e6ee8aad4ae554cb0c36ea865d6d03740e77ff9c8f1356f6883334414d1d58,E032/GARD/onset/automated_pending/E032_GARD_onset__search-war-risk/20260914T003416731174Z_ni7yi9bk/E032_GARD_onset__search-war-risk__page-6.pdf,E032,onset,GARD,listing_capture,https://gard.no/search/?searchTerm=war%20risk,extracted,texts/99e6ee8aad4ae554cb0c36ea865d6d03740e77ff9c8f1356f6883334414d1d58.json,,39f1d412d5c5097f26d690d2ddf51d3dd7ffccfe26df6559e5dca63aec6c3e53,4621223
EV-578D2C9E0310,e43669f59daccb1f9526dca67318afc02a2e2e3cc57b5a5189834a6ed8443eb4,E032/GARD/onset/automated_pending/E032_GARD_onset__search-war-risk/20260914T003416731174Z_ni7yi9bk/E032_GARD_onset__search-war-risk__page-7.html,E032,onset,GARD,listing_capture,https://gard.no/search/?searchTerm=war%20risk,extracted,texts/e43669f59daccb1f9526dca67318afc02a2e2e3cc57b5a5189834a6ed8443eb4.json,,8f3e9da35705a2127e479572c0faef41fa86742bb3dfba079581bf7b181557cf,236848
EV-2928A5CFCFFE,2d7a9b4b271bacbcf6c85d6c70ec1bd5ad6d41a927d08dbee1baa6f2b7436e86,E032/GARD/onset/automated_pending/E032_GARD_onset__search-war-risk/20260914T003416731174Z_ni7yi9bk/E032_GARD_onset__search-war-risk__page-7.pdf,E032,onset,GARD,listing_capture,https://gard.no/search/?searchTerm=war%20risk,extracted,texts/2d7a9b4b271bacbcf6c85d6c70ec1bd5ad6d41a927d08dbee1baa6f2b7436e86.json,,3f870acda2759343a93dba395861a4fa8ff948242821b3249acc9933ad2d7ad1,1453173
EV-85D5C14E18AC,7734b1e0fd0fe0adf76ba531fa5bcf0e31f903a39e770333b0a89805f5a5a5d8,E032/GARD/pre_onset/automated_pending/E032_GARD_pre_onset__search-Gulf-of-Oman/20260914T001952240083Z_0y90hpbg/E032_GARD_pre_onset__search-Gulf-of-Oman.html,E032,pre_onset,GARD,listing_capture,https://gard.no/search/?searchTerm=Gulf%20of%20Oman,extracted,texts/7734b1e0fd0fe0adf76ba531fa5bcf0e31f903a39e770333b0a89805f5a5a5d8.json,,6fa1e1afec4bde06041ef70a1c98328676224726359cb7407f9832498bae0a39,239090
EV-2D62D28583DC,3d2e5b2f4bd1de4e6395b42f3171953ae98c977f53bbf903ee6349e84ecce3c2,E032/GARD/pre_onset/automated_pending/E032_GARD_pre_onset__search-Gulf-of-Oman/20260914T001952240083Z_0y90hpbg/E032_GARD_pre_onset__search-Gulf-of-Oman.pdf,E032,pre_onset,GARD,listing_capture,https://gard.no/search/?searchTerm=Gulf%20of%20Oman,extracted,texts/3d2e5b2f4bd1de4e6395b42f3171953ae98c977f53bbf903ee6349e84ecce3c2.json,,5664c18de20f7af80f2b7b5862dc871077cafb4c1578ac0c28bd9ca0db8a359f,2171671
EV-04707963D8A8,deff23c966e318b5f882e719a00aa3322c1d128705621b415dc82b969c9792b0,E032/GARD/pre_onset/automated_pending/E032_GARD_pre_onset__search-Hormuz/20260914T002024363616Z_0rat3ocb/E032_GARD_pre_onset__search-Hormuz.html,E032,pre_onset,GARD,listing_capture,https://gard.no/search/?searchTerm=Hormuz,extracted,texts/deff23c966e318b5f882e719a00aa3322c1d128705621b415dc82b969c9792b0.json,,b79c4b1fa3760ce02d0639b5741c7df34f783cb6bff232659a6a707fefc93083,239136
EV-04707963D8A8,deff23c966e318b5f882e719a00aa3322c1d128705621b415dc82b969c9792b0,E047/GARD/pre_onset/automated_pending/E047_GARD_pre_onset__search-Hormuz/20260914T004028671981Z_voi2lq32/E047_GARD_pre_onset__search-Hormuz.html,E047,pre_onset,GARD,listing_capture,https://gard.no/search/?searchTerm=Hormuz,extracted,texts/deff23c966e318b5f882e719a00aa3322c1d128705621b415dc82b969c9792b0.json,,b79c4b1fa3760ce02d0639b5741c7df34f783cb6bff232659a6a707fefc93083,239136
EV-1D5E518909C5,67d5b7b8e6b8f4f388a93ee7493d31ccc0946e986b40372402f94ccef5a75d7c,E032/GARD/pre_onset/automated_pending/E032_GARD_pre_onset__search-Hormuz/20260914T002024363616Z_0rat3ocb/E032_GARD_pre_onset__search-Hormuz.pdf,E032,pre_onset,GARD,listing_capture,https://gard.no/search/?searchTerm=Hormuz,extracted,texts/67d5b7b8e6b8f4f388a93ee7493d31ccc0946e986b40372402f94ccef5a75d7c.json,,039ad10b9634987fde8d7a266413e2d423ec25b1a0fb35690d4072e7c6210c53,3714083
EV-63C6B0F26F35,d53fc02d99386f8335e36de22bdfc4532ac84d9dcd346c8762b3999a79f88245,E032/GARD/pre_onset/automated_pending/E032_GARD_pre_onset__search-Iran/20260914T002057316780Z_j1nmc83f/E032_GARD_pre_onset__search-Iran.pdf,E032,pre_onset,GARD,listing_capture,https://gard.no/search/?searchTerm=Iran,extracted,texts/d53fc02d99386f8335e36de22bdfc4532ac84d9dcd346c8762b3999a79f88245.json,,d39114ba78bd0c5668a88578c5f7f236d6ca45d7119a460942f2a7937e8b2883,5184482
EV-3BBE9D3F3237,090dfe9593402c4a5bfc0fd33426ae05b9e9b3217154f8c217924dab8f766fec,E032/GARD/pre_onset/automated_pending/E032_GARD_pre_onset__search-Iran/20260914T002057316780Z_j1nmc83f/E032_GARD_pre_onset__search-Iran__page-2.pdf,E032,pre_onset,GARD,listing_capture,https://gard.no/search/?searchTerm=Iran,extracted,texts/090dfe9593402c4a5bfc0fd33426ae05b9e9b3217154f8c217924dab8f766fec.json,,d2ed77bdcc967102c5eb0be10ef85e2d704cc0c9e936362bf98e0819677efb36,5161000
EV-8A13BCD66719,67a342a0b5c83d03bdacf1a2f8120b3fd8a145f7ae964f629fb0a3890addeec1,E032/GARD/pre_onset/automated_pending/E032_GARD_pre_onset__search-Persian-Gulf/20260914T002213627275Z_3oa4z_93/E032_GARD_pre_onset__search-Persian-Gulf.html,E032,pre_onset,GARD,listing_capture,https://gard.no/search/?searchTerm=Persian%20Gulf,extracted,texts/67a342a0b5c83d03bdacf1a2f8120b3fd8a145f7ae964f629fb0a3890addeec1.json,,8f6190ad786aedb4425055399e00eca62523c04326756472f0a68739bc2d8470,246026
EV-3283D116D30C,105d0db53a4103e44009a7eb35512e5ceeb7f2e2891f3d0fab7a06bd30cd9665,E032/GARD/pre_onset/automated_pending/E032_GARD_pre_onset__search-Persian-Gulf/20260914T002213627275Z_3oa4z_93/E032_GARD_pre_onset__search-Persian-Gulf.pdf,E032,pre_onset,GARD,listing_capture,https://gard.no/search/?searchTerm=Persian%20Gulf,extracted,texts/105d0db53a4103e44009a7eb35512e5ceeb7f2e2891f3d0fab7a06bd30cd9665.json,,44a0f2a45b0dd0d2a22f2ab446c2dd6b326866515b2d2c558aa7a7737884f18f,5253042
EV-0B09AE27042D,7bbbf68564f2c9dadde24275a78b1e3a49546247317347fdb3b238dda29e26a9,E032/GARD/pre_onset/automated_pending/E032_GARD_pre_onset__search-navigational-warning/20260914T002306975312Z_pvmdu2_8/E032_GARD_pre_onset__search-navigational-warning.html,E032,pre_onset,GARD,listing_capture,https://gard.no/search/?searchTerm=navigational%20warning,extracted,texts/7bbbf68564f2c9dadde24275a78b1e3a49546247317347fdb3b238dda29e26a9.json,,b26c09423d23d4e7c261c7dad9051a80e3dda4ce5d64cf4d0e830aba782f3d62,249583
EV-0B384C8749ED,7ced4c85240efec50f0476893a854328706713ae8904b7496fcadce9b1bf151c,E032/GARD/pre_onset/automated_pending/E032_GARD_pre_onset__search-navigational-warning/20260914T002306975312Z_pvmdu2_8/E032_GARD_pre_onset__search-navigational-warning.pdf,E032,pre_onset,GARD,listing_capture,https://gard.no/search/?searchTerm=navigational%20warning,extracted,texts/7ced4c85240efec50f0476893a854328706713ae8904b7496fcadce9b1bf151c.json,,340dd38509151a8feb696feaf3120cd590901d73be5182b385bab1f5b6ea5ff5,11251233
EV-7EE62FC4A155,6c6ebc7dac3cdf4e5ef3d682f79544e7c662fdb097cd4c179b2f5b4c7a6e5841,E032/GARD/pre_onset/automated_pending/E032_GARD_pre_onset__search-war-risk/20260914T002412559922Z_hj884b3j/E032_GARD_pre_onset__search-war-risk.html,E032,pre_onset,GARD,listing_capture,https://gard.no/search/?searchTerm=war%20risk,extracted,texts/6c6ebc7dac3cdf4e5ef3d682f79544e7c662fdb097cd4c179b2f5b4c7a6e5841.json,,78187af94bbaf6f828813ac684f405c29f92d85ca30c2e8369dc44ec30498da0,247295
EV-455503D0A113,8d7d666a7be4135cd2f845ef0de580c10855973c0d3a7df7c7472df7d3cfd37e,E032/GARD/pre_onset/automated_pending/E032_GARD_pre_onset__search-war-risk/20260914T002412559922Z_hj884b3j/E032_GARD_pre_onset__search-war-risk.pdf,E032,pre_onset,GARD,listing_capture,https://gard.no/search/?searchTerm=war%20risk,extracted,texts/8d7d666a7be4135cd2f845ef0de580c10855973c0d3a7df7c7472df7d3cfd37e.json,,3b5fd065706d99d5de810eb8d333053e4dd9fce19ae8ec167d2e8119603070db,7848542
EV-2F4AEF97D9CF,d8d34d9965755ed00b1a7b2c81ebdf458a03ba6098e088daf97a7c1e176ef9a4,E032/GARD/pre_onset/automated_pending/E032_GARD_pre_onset__search-war-risk/20260914T002412559922Z_hj884b3j/E032_GARD_pre_onset__search-war-risk__page-2.html,E032,pre_onset,GARD,listing_capture,https://gard.no/search/?searchTerm=war%20risk,extracted,texts/d8d34d9965755ed00b1a7b2c81ebdf458a03ba6098e088daf97a7c1e176ef9a4.json,,2314a8420db895335fea206507de4b4932f71f958d85eff3e053ba331fbe6101,247108
EV-35782AC74744,c17c1f434d5e00328cee4cbde503c90d3646c32818b16720642dd312d929bc85,E032/GARD/pre_onset/automated_pending/E032_GARD_pre_onset__search-war-risk/20260914T002412559922Z_hj884b3j/E032_GARD_pre_onset__search-war-risk__page-2.pdf,E032,pre_onset,GARD,listing_capture,https://gard.no/search/?searchTerm=war%20risk,extracted,texts/c17c1f434d5e00328cee4cbde503c90d3646c32818b16720642dd312d929bc85.json,,dc95c3cdaa712ff7268317a7a0d8e619a820575d0eb29b349c18b63affa19507,4149022
EV-FFD5911E013D,e4c92cebb52d81f213fa313f22d5e9f8829865621bb56ecd1e7e4e25bd0c4642,E032/GARD/pre_onset/automated_pending/E032_GARD_pre_onset__search-war-risk/20260914T002412559922Z_hj884b3j/E032_GARD_pre_onset__search-war-risk__page-3.html,E032,pre_onset,GARD,listing_capture,https://gard.no/search/?searchTerm=war%20risk,extracted,texts/e4c92cebb52d81f213fa313f22d5e9f8829865621bb56ecd1e7e4e25bd0c4642.json,,49c11c2290744bb5c2b3afb938c95c20594e72271b4322b32cd519d155900897,241863
EV-476CC98CF10A,7c3e53e12736af9536eecf3e14bb737c3a66ccc85e478b0fc47887253d891cee,E032/GARD/pre_onset/automated_pending/E032_GARD_pre_onset__search-war-risk/20260914T002412559922Z_hj884b3j/E032_GARD_pre_onset__search-war-risk__page-3.pdf,E032,pre_onset,GARD,listing_capture,https://gard.no/search/?searchTerm=war%20risk,extracted,texts/7c3e53e12736af9536eecf3e14bb737c3a66ccc85e478b0fc47887253d891cee.json,,2b97476ec9251eca00cb65f3d969d31afd940d2d64ad3c3edbfe80a6c472674a,4149764
EV-33F92F7BEE44,4343da222dbe5cbab292706804ad8341d57c55e231f2a18def838bc3c607e228,E032/GARD/pre_onset/automated_pending/E032_GARD_pre_onset__search-war-risk/20260914T002412559922Z_hj884b3j/E032_GARD_pre_onset__search-war-risk__page-4.html,E032,pre_onset,GARD,listing_capture,https://gard.no/search/?searchTerm=war%20risk,extracted,texts/4343da222dbe5cbab292706804ad8341d57c55e231f2a18def838bc3c607e228.json,,769aed36ea2bb6ef4c7e545823f7293720628f4987137f5c6503b79d65f7f4e8,242044
EV-F40415D2935F,d37d1a724748b5cc48112b6319a3b631924527e8c663ae74857b536408e33b96,E032/GARD/pre_onset/automated_pending/E032_GARD_pre_onset__search-war-risk/20260914T002412559922Z_hj884b3j/E032_GARD_pre_onset__search-war-risk__page-4.pdf,E032,pre_onset,GARD,listing_capture,https://gard.no/search/?searchTerm=war%20risk,extracted,texts/d37d1a724748b5cc48112b6319a3b631924527e8c663ae74857b536408e33b96.json,,d017a643ba319d08beff5f56ac61e75fa62e5eb52552076efd68bf2f8c0d3454,480522
EV-704C6FD88770,59c4f1abbbbd3854bb0a6ef61d5a1fe994c6d8bb7eb63250c6fc71e09ec56b18,E032/GARD/pre_onset/automated_pending/E032_GARD_pre_onset__search-war-risk/20260914T002412559922Z_hj884b3j/E032_GARD_pre_onset__search-war-risk__page-5.html,E032,pre_onset,GARD,listing_capture,https://gard.no/search/?searchTerm=war%20risk,extracted,texts/59c4f1abbbbd3854bb0a6ef61d5a1fe994c6d8bb7eb63250c6fc71e09ec56b18.json,,bc5d1f6e244dfccea87ce7326167c4d6dd6f3e391b279cbc52bc159c89ad1424,243613
EV-F61C924E26A9,37e8f2c7edff7516e22e245e7eeff1fe329d8c5ff9c536f580a698a50db7b7ae,E032/GARD/pre_onset/automated_pending/E032_GARD_pre_onset__search-war-risk/20260914T002412559922Z_hj884b3j/E032_GARD_pre_onset__search-war-risk__page-5.pdf,E032,pre_onset,GARD,listing_capture,https://gard.no/search/?searchTerm=war%20risk,extracted,texts/37e8f2c7edff7516e22e245e7eeff1fe329d8c5ff9c536f580a698a50db7b7ae.json,,104f1ffc2a37db26db73bcef94c648f1533845ab5944a7589fe9cc8ce491fbc4,484780
EV-2D9743E01FC7,4aa560ed25d07270ae5fa7bf14b088e85f54dc6d74af7e87d249eeb53e3e4be5,E032/GARD/pre_onset/automated_pending/E032_GARD_pre_onset__search-war-risk/20260914T002412559922Z_hj884b3j/E032_GARD_pre_onset__search-war-risk__page-6.html,E032,pre_onset,GARD,listing_capture,https://gard.no/search/?searchTerm=war%20risk,extracted,texts/4aa560ed25d07270ae5fa7bf14b088e85f54dc6d74af7e87d249eeb53e3e4be5.json,,dc87dd8e471c07f9c4590d1c5b51f73d814500f393a0f908f36c256afbc4efdd,243007
EV-4009DECCE7A8,3cf9f41d7f0f17cc0cd58fd570a46e1ca4f536cd223a47127caec64e53acce1e,E032/GARD/pre_onset/automated_pending/E032_GARD_pre_onset__search-war-risk/20260914T002412559922Z_hj884b3j/E032_GARD_pre_onset__search-war-risk__page-6.pdf,E032,pre_onset,GARD,listing_capture,https://gard.no/search/?searchTerm=war%20risk,extracted,texts/3cf9f41d7f0f17cc0cd58fd570a46e1ca4f536cd223a47127caec64e53acce1e.json,,aa54c59cc05ee3660cd29ca29beac845f48de5aca44b73099e4dbf5c9d56eb7e,4621231
EV-C912570C0431,bdb5ed6a4e23cc2adfe7b1c783f4a6fddeba2f5d461b104a39d3993ddfbb2e5e,E032/GARD/pre_onset/automated_pending/E032_GARD_pre_onset__search-war-risk/20260914T002412559922Z_hj884b3j/E032_GARD_pre_onset__search-war-risk__page-7.html,E032,pre_onset,GARD,listing_capture,https://gard.no/search/?searchTerm=war%20risk,extracted,texts/bdb5ed6a4e23cc2adfe7b1c783f4a6fddeba2f5d461b104a39d3993ddfbb2e5e.json,,8f3e9da35705a2127e479572c0faef41fa86742bb3dfba079581bf7b181557cf,236848
EV-EBD29D9CF4CC,b328f3da5b8a7700375a91e395fad7fa146d57709f24fa6cb028faee3aaa80b9,E032/GARD/pre_onset/automated_pending/E032_GARD_pre_onset__search-war-risk/20260914T002412559922Z_hj884b3j/E032_GARD_pre_onset__search-war-risk__page-7.pdf,E032,pre_onset,GARD,listing_capture,https://gard.no/search/?searchTerm=war%20risk,extracted,texts/b328f3da5b8a7700375a91e395fad7fa146d57709f24fa6cb028faee3aaa80b9.json,,07aca3d5dc4534c50bac49ac74dfa3160d2c385c9edd852dd397bff53e5d7211,1453196
EV-4883184A03F8,97b02d4b335ef073f193578236f3de3c899fc797c04ba4c3cc4b16998bc30659,E032/IUA_JWC_LMA/onset/automated_pending/E032_IUA_JWC_LMA_onset__page-1/20260913T211807967453Z_w_txfcq2/E032_IUA_JWC_LMA_onset__page-1.html,E032,onset,IUA_JWC_LMA,listing_capture,https://lmalloyds.com/specialist-areas/underwriting/listed-areas/,extracted,texts/97b02d4b335ef073f193578236f3de3c899fc797c04ba4c3cc4b16998bc30659.json,,33d4304a5a5e69cafd237fe1178a162b3757de2c85ef29c7683653dea9bff701,177060
EV-F364E6711522,b43ee1ba5be17a0c1b15d63baf9732bf1bdcaa2182b0befcdd0576329011a710,E032/IUA_JWC_LMA/onset/automated_pending/E032_IUA_JWC_LMA_onset__page-1/20260913T211807967453Z_w_txfcq2/E032_IUA_JWC_LMA_onset__page-1.pdf,E032,onset,IUA_JWC_LMA,listing_capture,https://lmalloyds.com/specialist-areas/underwriting/listed-areas/,extracted,texts/b43ee1ba5be17a0c1b15d63baf9732bf1bdcaa2182b0befcdd0576329011a710.json,,eb3bc7a4aa6fb7f18b8aeaab4aa088014b5e82f18e93cd8cf4110f61df5c0eea,1873630
EV-A54E350276F4,6d98c4da9eed6a6518e63ca73c142090c0c520368993870d95b8f5f06ba8b423,E032/IUA_JWC_LMA/pre_onset/automated_pending/E032_IUA_JWC_LMA_pre_onset__page-1/20260913T211801541923Z_rhbp66j5/E032_IUA_JWC_LMA_pre_onset__page-1.html,E032,pre_onset,IUA_JWC_LMA,listing_capture,https://lmalloyds.com/specialist-areas/underwriting/listed-areas/,extracted,texts/6d98c4da9eed6a6518e63ca73c142090c0c520368993870d95b8f5f06ba8b423.json,,33d4304a5a5e69cafd237fe1178a162b3757de2c85ef29c7683653dea9bff701,177029
EV-E2FE017B1A3C,b85e39f0bb41bbc270f6636b9721b8cc3a95abc2838dd5f5f9da8da38548f1bb,E032/IUA_JWC_LMA/pre_onset/automated_pending/E032_IUA_JWC_LMA_pre_onset__page-1/20260913T211801541923Z_rhbp66j5/E032_IUA_JWC_LMA_pre_onset__page-1.pdf,E032,pre_onset,IUA_JWC_LMA,listing_capture,https://lmalloyds.com/specialist-areas/underwriting/listed-areas/,extracted,texts/b85e39f0bb41bbc270f6636b9721b8cc3a95abc2838dd5f5f9da8da38548f1bb.json,,c65ca17f996dfbe051cc88a0eae67f1f85616512c5fd2ce5a219b8affafab0bd,1874390
EV-D0E389C7483A,01428bb4c3e62afb339e590667510d63321794707e3351e9edfc73d44161d91d,E032/MARAD/onset/automated_pending/E032_MARAD_onset__Arabian-Gulf/20260913T211607587625Z_eyve5s5k/E032_MARAD_onset__Arabian-Gulf.html,E032,onset,MARAD,listing_capture,https://www.maritime.dot.gov/msci-alerts?field_msci_geographic_location_target_id=&field_msci_effective_date_value%5Bmin%5D=2024-09-07&field_msci_effective_date_value%5Bmax%5D=2024-09-21&keys=Arabian+Gulf,extracted,texts/01428bb4c3e62afb339e590667510d63321794707e3351e9edfc73d44161d91d.json,,7f999194ebfd21437c649ac0e0348ecade703bdf27b1522d5a6b5de195b494a2,78608
EV-28470EBCD76C,0c9c7ce593a11c8bc750a1edf4c8712cec230e5b4bc6e8e4a8b3900ba82b85ae,E032/MARAD/onset/automated_pending/E032_MARAD_onset__Arabian-Gulf/20260913T211607587625Z_eyve5s5k/E032_MARAD_onset__Arabian-Gulf.pdf,E032,onset,MARAD,listing_capture,https://www.maritime.dot.gov/msci-alerts?field_msci_geographic_location_target_id=&field_msci_effective_date_value%5Bmin%5D=2024-09-07&field_msci_effective_date_value%5Bmax%5D=2024-09-21&keys=Arabian+Gulf,extracted,texts/0c9c7ce593a11c8bc750a1edf4c8712cec230e5b4bc6e8e4a8b3900ba82b85ae.json,,c826f854a125165452154f5e645f81391a0a3ae003fa324b027b1a1696374b69,223192
EV-FF6887F5EEFE,0169e03af568780afadb43f851c8b1110bad8ce0bd0245620c1a60479d58289c,E032/MARAD/onset/automated_pending/E032_MARAD_onset__Gulf-of-Oman/20260913T211612408374Z_5_maet_r/E032_MARAD_onset__Gulf-of-Oman.html,E032,onset,MARAD,listing_capture,https://www.maritime.dot.gov/msci-alerts?field_msci_geographic_location_target_id=&field_msci_effective_date_value%5Bmin%5D=2024-09-07&field_msci_effective_date_value%5Bmax%5D=2024-09-21&keys=Gulf+of+Oman,extracted,texts/0169e03af568780afadb43f851c8b1110bad8ce0bd0245620c1a60479d58289c.json,,7f999194ebfd21437c649ac0e0348ecade703bdf27b1522d5a6b5de195b494a2,78608
EV-5C7E043199D5,d0ab4d0cd9f32897e44a0f725e3306c5d755280bd6dfee8970e398a90b744813,E032/MARAD/onset/automated_pending/E032_MARAD_onset__Gulf-of-Oman/20260913T211612408374Z_5_maet_r/E032_MARAD_onset__Gulf-of-Oman.pdf,E032,onset,MARAD,listing_capture,https://www.maritime.dot.gov/msci-alerts?field_msci_geographic_location_target_id=&field_msci_effective_date_value%5Bmin%5D=2024-09-07&field_msci_effective_date_value%5Bmax%5D=2024-09-21&keys=Gulf+of+Oman,extracted,texts/d0ab4d0cd9f32897e44a0f725e3306c5d755280bd6dfee8970e398a90b744813.json,,e08eab51462f31c226dd346de316ff01676fe6705051d5ebd8a12646dc85c844,222217
EV-1B904C706193,624ff40d786d01509565903bfb524b0c1a54063f415055cdb423f2a87fc9c30c,E032/MARAD/onset/automated_pending/E032_MARAD_onset__Hormuz/20260913T211616382129Z_fb90ygyw/E032_MARAD_onset__Hormuz.html,E032,onset,MARAD,listing_capture,https://www.maritime.dot.gov/msci-alerts?field_msci_geographic_location_target_id=&field_msci_effective_date_value%5Bmin%5D=2024-09-07&field_msci_effective_date_value%5Bmax%5D=2024-09-21&keys=Hormuz,extracted,texts/624ff40d786d01509565903bfb524b0c1a54063f415055cdb423f2a87fc9c30c.json,,7f999194ebfd21437c649ac0e0348ecade703bdf27b1522d5a6b5de195b494a2,78596
EV-9B66575E0BB3,f897ce7133a280b7e965f8ad08c46b44e43ea4a8b39c5f8c3650708b271c103f,E032/MARAD/onset/automated_pending/E032_MARAD_onset__Hormuz/20260913T211616382129Z_fb90ygyw/E032_MARAD_onset__Hormuz.pdf,E032,onset,MARAD,listing_capture,https://www.maritime.dot.gov/msci-alerts?field_msci_geographic_location_target_id=&field_msci_effective_date_value%5Bmin%5D=2024-09-07&field_msci_effective_date_value%5Bmax%5D=2024-09-21&keys=Hormuz,extracted,texts/f897ce7133a280b7e965f8ad08c46b44e43ea4a8b39c5f8c3650708b271c103f.json,,2d27489db746ff09388b5756d96306ea92c272fea715b0313c0c2c30eefe2639,222353
EV-C74DCF6B10A5,01c5d59125b1e2ff7bc73a4a4dafe5c6b4b510a0e4f77f1738bb3bf921cd7334,E032/MARAD/onset/automated_pending/E032_MARAD_onset__Iran/20260913T211620197590Z_tzp0cpr7/E032_MARAD_onset__Iran.html,E032,onset,MARAD,listing_capture,https://www.maritime.dot.gov/msci-alerts?field_msci_geographic_location_target_id=&field_msci_effective_date_value%5Bmin%5D=2024-09-07&field_msci_effective_date_value%5Bmax%5D=2024-09-21&keys=Iran,extracted,texts/01c5d59125b1e2ff7bc73a4a4dafe5c6b4b510a0e4f77f1738bb3bf921cd7334.json,,7f999194ebfd21437c649ac0e0348ecade703bdf27b1522d5a6b5de195b494a2,78592
EV-E568FD2A2EC6,fabeb770573dd2a52f809f8499a1e51e41607c840b9c4f6f4c8320cdbed1543d,E032/MARAD/onset/automated_pending/E032_MARAD_onset__Iran/20260913T211620197590Z_tzp0cpr7/E032_MARAD_onset__Iran.pdf,E032,onset,MARAD,listing_capture,https://www.maritime.dot.gov/msci-alerts?field_msci_geographic_location_target_id=&field_msci_effective_date_value%5Bmin%5D=2024-09-07&field_msci_effective_date_value%5Bmax%5D=2024-09-21&keys=Iran,extracted,texts/fabeb770573dd2a52f809f8499a1e51e41607c840b9c4f6f4c8320cdbed1543d.json,,a11984c871744f31b6bc6169bc6b6cab5cc0c87c2678c1c1bf5953f8149d6715,221226
EV-DE5607F7F306,b8f76390c9e67cb90d55f182dfcb3e956a6765e8485ba6b0035723227ace579d,E032/MARAD/onset/automated_pending/E032_MARAD_onset__Persian-Gulf/20260913T211624069346Z_nf_xf9qk/E032_MARAD_onset__Persian-Gulf.html,E032,onset,MARAD,listing_capture,https://www.maritime.dot.gov/msci-alerts?field_msci_geographic_location_target_id=&field_msci_effective_date_value%5Bmin%5D=2024-09-07&field_msci_effective_date_value%5Bmax%5D=2024-09-21&keys=Persian+Gulf,extracted,texts/b8f76390c9e67cb90d55f182dfcb3e956a6765e8485ba6b0035723227ace579d.json,,7f999194ebfd21437c649ac0e0348ecade703bdf27b1522d5a6b5de195b494a2,78608
EV-113B54E15867,d1ea33fe2970c17ec12b319b231a953dade629ed08586acb3c9e6781d56e37b2,E032/MARAD/onset/automated_pending/E032_MARAD_onset__Persian-Gulf/20260913T211624069346Z_nf_xf9qk/E032_MARAD_onset__Persian-Gulf.pdf,E032,onset,MARAD,listing_capture,https://www.maritime.dot.gov/msci-alerts?field_msci_geographic_location_target_id=&field_msci_effective_date_value%5Bmin%5D=2024-09-07&field_msci_effective_date_value%5Bmax%5D=2024-09-21&keys=Persian+Gulf,extracted,texts/d1ea33fe2970c17ec12b319b231a953dade629ed08586acb3c9e6781d56e37b2.json,,c9082ad9fc8dec14b338943d8f73a64dda7e6508912ec66c1e7509bc75ba1dce,222600
EV-69F5D6CD821A,ab458314a1a9ccda0a1ea94b47c89370d9424f477deb474e15b3c034f7d2c347,E032/MARAD/pre_onset/automated_pending/E032_MARAD_pre_onset__Arabian-Gulf/20260913T211547286276Z_0zh0y452/E032_MARAD_pre_onset__Arabian-Gulf.html,E032,pre_onset,MARAD,listing_capture,https://www.maritime.dot.gov/msci-alerts?field_msci_geographic_location_target_id=&field_msci_effective_date_value%5Bmin%5D=2024-08-08&field_msci_effective_date_value%5Bmax%5D=2024-09-06&keys=Arabian+Gulf,extracted,texts/ab458314a1a9ccda0a1ea94b47c89370d9424f477deb474e15b3c034f7d2c347.json,,7f999194ebfd21437c649ac0e0348ecade703bdf27b1522d5a6b5de195b494a2,78608
EV-CDCF79E6761A,43714acad05a898f5830e35ee75234bb38381182243fef3b3f79a41a1cefb52f,E032/MARAD/pre_onset/automated_pending/E032_MARAD_pre_onset__Arabian-Gulf/20260913T211547286276Z_0zh0y452/E032_MARAD_pre_onset__Arabian-Gulf.pdf,E032,pre_onset,MARAD,listing_capture,https://www.maritime.dot.gov/msci-alerts?field_msci_geographic_location_target_id=&field_msci_effective_date_value%5Bmin%5D=2024-08-08&field_msci_effective_date_value%5Bmax%5D=2024-09-06&keys=Arabian+Gulf,extracted,texts/43714acad05a898f5830e35ee75234bb38381182243fef3b3f79a41a1cefb52f.json,,040565db73f86520a463ca7bc5a6ce6662b574adcdbbcd0519b919b2ee48fdaf,224640
EV-C7E5502E64DE,76b76ab308a53865774369a17a61e81207ccb34ba12b8daf475aa38a340d8917,E032/MARAD/pre_onset/automated_pending/E032_MARAD_pre_onset__Gulf-of-Oman/20260913T211551581309Z_2y5mz6a0/E032_MARAD_pre_onset__Gulf-of-Oman.html,E032,pre_onset,MARAD,listing_capture,https://www.maritime.dot.gov/msci-alerts?field_msci_geographic_location_target_id=&field_msci_effective_date_value%5Bmin%5D=2024-08-08&field_msci_effective_date_value%5Bmax%5D=2024-09-06&keys=Gulf+of+Oman,extracted,texts/76b76ab308a53865774369a17a61e81207ccb34ba12b8daf475aa38a340d8917.json,,7f999194ebfd21437c649ac0e0348ecade703bdf27b1522d5a6b5de195b494a2,78608
EV-582460CD2B58,611dd27d1e0da0666a77cf9d4c6e8dd2faf134d98d77dd81105c25c53a17ab30,E032/MARAD/pre_onset/automated_pending/E032_MARAD_pre_onset__Gulf-of-Oman/20260913T211551581309Z_2y5mz6a0/E032_MARAD_pre_onset__Gulf-of-Oman.pdf,E032,pre_onset,MARAD,listing_capture,https://www.maritime.dot.gov/msci-alerts?field_msci_geographic_location_target_id=&field_msci_effective_date_value%5Bmin%5D=2024-08-08&field_msci_effective_date_value%5Bmax%5D=2024-09-06&keys=Gulf+of+Oman,extracted,texts/611dd27d1e0da0666a77cf9d4c6e8dd2faf134d98d77dd81105c25c53a17ab30.json,,d62e2b0c64c55a7724bf26eae302c6cf7dc80cc57f679bae088a6f536ae8c775,224304
EV-0790FA2DF2BE,cbff9bdd38f4de1df2f0a1f539a1aed2382e7da7f9544a4491096381142b5798,E032/MARAD/pre_onset/automated_pending/E032_MARAD_pre_onset__Hormuz/20260913T211555759408Z_a6asl8mo/E032_MARAD_pre_onset__Hormuz.html,E032,pre_onset,MARAD,listing_capture,https://www.maritime.dot.gov/msci-alerts?field_msci_geographic_location_target_id=&field_msci_effective_date_value%5Bmin%5D=2024-08-08&field_msci_effective_date_value%5Bmax%5D=2024-09-06&keys=Hormuz,extracted,texts/cbff9bdd38f4de1df2f0a1f539a1aed2382e7da7f9544a4491096381142b5798.json,,7f999194ebfd21437c649ac0e0348ecade703bdf27b1522d5a6b5de195b494a2,78596
EV-9545B5A6D102,353b63e9cb614173d5a0be5efd09da2af57cf865edc64e212a26d891eaadf93f,E032/MARAD/pre_onset/automated_pending/E032_MARAD_pre_onset__Hormuz/20260913T211555759408Z_a6asl8mo/E032_MARAD_pre_onset__Hormuz.pdf,E032,pre_onset,MARAD,listing_capture,https://www.maritime.dot.gov/msci-alerts?field_msci_geographic_location_target_id=&field_msci_effective_date_value%5Bmin%5D=2024-08-08&field_msci_effective_date_value%5Bmax%5D=2024-09-06&keys=Hormuz,extracted,texts/353b63e9cb614173d5a0be5efd09da2af57cf865edc64e212a26d891eaadf93f.json,,f0c7cbe074a88ac7689e17bbc770756cb1c329cd16e395b52e90bd5f1295e686,223962
EV-C7EFDC09989B,2f1ca71b4b80f9a5b6f10d91ffb239b13bf4d141323c5e4cce9d6ff9428c14a7,E032/MARAD/pre_onset/automated_pending/E032_MARAD_pre_onset__Iran/20260913T211559681458Z_0ujwuejr/E032_MARAD_pre_onset__Iran.html,E032,pre_onset,MARAD,listing_capture,https://www.maritime.dot.gov/msci-alerts?field_msci_geographic_location_target_id=&field_msci_effective_date_value%5Bmin%5D=2024-08-08&field_msci_effective_date_value%5Bmax%5D=2024-09-06&keys=Iran,extracted,texts/2f1ca71b4b80f9a5b6f10d91ffb239b13bf4d141323c5e4cce9d6ff9428c14a7.json,,7f999194ebfd21437c649ac0e0348ecade703bdf27b1522d5a6b5de195b494a2,78592
EV-C39188A10E69,9edc7d6f245cd6876f2a545ffbf3ab03a625a3ad4086076ee55da20f3686cd91,E032/MARAD/pre_onset/automated_pending/E032_MARAD_pre_onset__Iran/20260913T211559681458Z_0ujwuejr/E032_MARAD_pre_onset__Iran.pdf,E032,pre_onset,MARAD,listing_capture,https://www.maritime.dot.gov/msci-alerts?field_msci_geographic_location_target_id=&field_msci_effective_date_value%5Bmin%5D=2024-08-08&field_msci_effective_date_value%5Bmax%5D=2024-09-06&keys=Iran,extracted,texts/9edc7d6f245cd6876f2a545ffbf3ab03a625a3ad4086076ee55da20f3686cd91.json,,b1d5443e8a20b1696a348a8c40fce05f11ef357b400773f96a7c38d966d6574d,223182
EV-D7BB594D5B12,a17343330a4029b21fd2c5d30f91554ff22a0f1b7def2099d9ab8a5600ff2b6c,E032/MARAD/pre_onset/automated_pending/E032_MARAD_pre_onset__Persian-Gulf/20260913T211603735167Z_71isxrcn/E032_MARAD_pre_onset__Persian-Gulf.html,E032,pre_onset,MARAD,listing_capture,https://www.maritime.dot.gov/msci-alerts?field_msci_geographic_location_target_id=&field_msci_effective_date_value%5Bmin%5D=2024-08-08&field_msci_effective_date_value%5Bmax%5D=2024-09-06&keys=Persian+Gulf,extracted,texts/a17343330a4029b21fd2c5d30f91554ff22a0f1b7def2099d9ab8a5600ff2b6c.json,,7f999194ebfd21437c649ac0e0348ecade703bdf27b1522d5a6b5de195b494a2,78608
EV-55BDF32AF120,6f15030295431f2dc41dd9f5c58772107764b490f526fa9ff07bd86e52a979fd,E032/MARAD/pre_onset/automated_pending/E032_MARAD_pre_onset__Persian-Gulf/20260913T211603735167Z_71isxrcn/E032_MARAD_pre_onset__Persian-Gulf.pdf,E032,pre_onset,MARAD,listing_capture,https://www.maritime.dot.gov/msci-alerts?field_msci_geographic_location_target_id=&field_msci_effective_date_value%5Bmin%5D=2024-08-08&field_msci_effective_date_value%5Bmax%5D=2024-09-06&keys=Persian+Gulf,extracted,texts/6f15030295431f2dc41dd9f5c58772107764b490f526fa9ff07bd86e52a979fd.json,,e719a9ef6a37bf9d16ad50a2d7a535ab4348b176cea6e17d156d557f84402f8c,224084
EV-063109FD0A98,93d247080ecff8f28a177ca7c0dc83cbed0a36dab831d630e430af89bf20104f,E047/GARD/onset/automated_pending/E047_GARD_onset__search-Gulf-of-Oman/20260914T004956879363Z_vjddg0be/E047_GARD_onset__search-Gulf-of-Oman.html,E047,onset,GARD,listing_capture,https://gard.no/search/?searchTerm=Gulf%20of%20Oman,extracted,texts/93d247080ecff8f28a177ca7c0dc83cbed0a36dab831d630e430af89bf20104f.json,,6fa1e1afec4bde06041ef70a1c98328676224726359cb7407f9832498bae0a39,238930
EV-85FDFF37D1AA,3fd085bc01308310242691a3d31bfa2d43c1a3185ca56ef1a861c1f4f1bb08de,E047/GARD/onset/automated_pending/E047_GARD_onset__search-Gulf-of-Oman/20260914T004956879363Z_vjddg0be/E047_GARD_onset__search-Gulf-of-Oman.pdf,E047,onset,GARD,listing_capture,https://gard.no/search/?searchTerm=Gulf%20of%20Oman,extracted,texts/3fd085bc01308310242691a3d31bfa2d43c1a3185ca56ef1a861c1f4f1bb08de.json,,86c3a67abfdd56b7e7cbc0aec5b3a41316c14f153c1e3e1a74e2bf8ac85db954,2171518
EV-4028661688D4,851a191e7b0cf0fcd12d32b0c839b302ebe8d06cf6ecc45b302c0666cd29d0ec,E047/GARD/onset/automated_pending/E047_GARD_onset__search-Hormuz/20260914T005028772857Z_ktkl4x7_/E047_GARD_onset__search-Hormuz.html,E047,onset,GARD,listing_capture,https://gard.no/search/?searchTerm=Hormuz,extracted,texts/851a191e7b0cf0fcd12d32b0c839b302ebe8d06cf6ecc45b302c0666cd29d0ec.json,,b79c4b1fa3760ce02d0639b5741c7df34f783cb6bff232659a6a707fefc93083,239136
EV-2035889D4AD3,9e49962398c83aa7bb066edb0741eb71ac2b694ede71ce81755f107fe2a2a7ce,E047/GARD/onset/automated_pending/E047_GARD_onset__search-Hormuz/20260914T005028772857Z_ktkl4x7_/E047_GARD_onset__search-Hormuz.pdf,E047,onset,GARD,listing_capture,https://gard.no/search/?searchTerm=Hormuz,extracted,texts/9e49962398c83aa7bb066edb0741eb71ac2b694ede71ce81755f107fe2a2a7ce.json,,238f3675476199d2030e5268b5c09d7e30780c734fdb46dffca4fbd08592602d,3713951
EV-32249B05410E,dde38cf29acbb0635c62fa41f6bf42f007d0c00ceeec1f55e52f9f71f9d4eb03,E047/GARD/onset/automated_pending/E047_GARD_onset__search-Iran/20260914T005101860192Z_93pubstt/E047_GARD_onset__search-Iran.html,E047,onset,GARD,listing_capture,https://gard.no/search/?searchTerm=Iran,extracted,texts/dde38cf29acbb0635c62fa41f6bf42f007d0c00ceeec1f55e52f9f71f9d4eb03.json,,b7d5bf99e0bcfe2992f141002b0860785d0356a9a7bc40bf4d39216fcd8221f6,252426
EV-5607D2D65112,c0382c0b4edfc41ea5df76b9275b7149083aabdff817704d3147c9486e2d40bd,E047/GARD/onset/automated_pending/E047_GARD_onset__search-Iran/20260914T005101860192Z_93pubstt/E047_GARD_onset__search-Iran.pdf,E047,onset,GARD,listing_capture,https://gard.no/search/?searchTerm=Iran,extracted,texts/c0382c0b4edfc41ea5df76b9275b7149083aabdff817704d3147c9486e2d40bd.json,,d1ec2c388530584dee978bf9bbf236f72dacf69eac6bfbc100343a354e064b2a,5184485
EV-7C12F3B99A66,01b00054e086066c98e8557a640705f4d3e219da39d9ce1136191b04c101bd71,E047/GARD/onset/automated_pending/E047_GARD_onset__search-Iran/20260914T005101860192Z_93pubstt/E047_GARD_onset__search-Iran__page-2.html,E047,onset,GARD,listing_capture,https://gard.no/search/?searchTerm=Iran,extracted,texts/01b00054e086066c98e8557a640705f4d3e219da39d9ce1136191b04c101bd71.json,,8f5d5e27b5347123420ec210c214ec177039982db9c51fe7e484fc09af726a38,241816
EV-BF6FC9CBE0C1,1c35fea5aab1bcc92f4d88b973db90319715f7e6615561a08982655d0ad46384,E047/GARD/onset/automated_pending/E047_GARD_onset__search-Iran/20260914T005101860192Z_93pubstt/E047_GARD_onset__search-Iran__page-2.pdf,E047,onset,GARD,listing_capture,https://gard.no/search/?searchTerm=Iran,extracted,texts/1c35fea5aab1bcc92f4d88b973db90319715f7e6615561a08982655d0ad46384.json,,403f2ee1e4e1c490c406db3a3d91f00acb9da6f5a822878cbd764a1ac32b3824,5161006
EV-79905EBCB232,afe3d0df8f8b69832093970da2bd27f151ea625707b0053500bea4028cdc5f6d,E047/GARD/onset/automated_pending/E047_GARD_onset__search-Persian-Gulf/20260914T005217526233Z_qfpshcz2/E047_GARD_onset__search-Persian-Gulf.html,E047,onset,GARD,listing_capture,https://gard.no/search/?searchTerm=Persian%20Gulf,extracted,texts/afe3d0df8f8b69832093970da2bd27f151ea625707b0053500bea4028cdc5f6d.json,,8f6190ad786aedb4425055399e00eca62523c04326756472f0a68739bc2d8470,246026
EV-8D9DD6141C4B,e751cbf4b2cbb8d8f360996c35e155ccb68cdbd89e2639b51f62526542e73d4f,E047/GARD/onset/automated_pending/E047_GARD_onset__search-Persian-Gulf/20260914T005217526233Z_qfpshcz2/E047_GARD_onset__search-Persian-Gulf.pdf,E047,onset,GARD,listing_capture,https://gard.no/search/?searchTerm=Persian%20Gulf,extracted,texts/e751cbf4b2cbb8d8f360996c35e155ccb68cdbd89e2639b51f62526542e73d4f.json,,21fb80ef7065c4803f396a672ca6c6e8987cb6f52f0940307d3a30dceca65aa5,5253031
EV-322A6BF306A9,db39bf284cde20bf63a6cbbb26de5c1146b8a2c57cc179bbae54541496feede7,E047/GARD/onset/automated_pending/E047_GARD_onset__search-navigational-warning/20260914T005310369670Z_3tg5ps6w/E047_GARD_onset__search-navigational-warning.html,E047,onset,GARD,listing_capture,https://gard.no/search/?searchTerm=navigational%20warning,extracted,texts/db39bf284cde20bf63a6cbbb26de5c1146b8a2c57cc179bbae54541496feede7.json,,b26c09423d23d4e7c261c7dad9051a80e3dda4ce5d64cf4d0e830aba782f3d62,249423
EV-A82D56B2AC45,6b0a592c04b74fcea440b7f3ca58ddc94102201019d9bd97617b34879a18bcc9,E047/GARD/onset/automated_pending/E047_GARD_onset__search-navigational-warning/20260914T005310369670Z_3tg5ps6w/E047_GARD_onset__search-navigational-warning.pdf,E047,onset,GARD,listing_capture,https://gard.no/search/?searchTerm=navigational%20warning,extracted,texts/6b0a592c04b74fcea440b7f3ca58ddc94102201019d9bd97617b34879a18bcc9.json,,d935570730bc37fac996d5c0b29d296b46be368df133f21c70f5ca1eebeb164c,11251258
EV-C1BE60D141D7,d9b3dfffb3ba84ce94f9c6a31a64f2387a0f4d483aca51aa61d09e7c15afb855,E047/GARD/onset/automated_pending/E047_GARD_onset__search-war-risk/20260914T010216923288Z_kkcarj32/E047_GARD_onset__search-war-risk.html,E047,onset,GARD,listing_capture,https://gard.no/search/?searchTerm=war%20risk,extracted,texts/d9b3dfffb3ba84ce94f9c6a31a64f2387a0f4d483aca51aa61d09e7c15afb855.json,,78187af94bbaf6f828813ac684f405c29f92d85ca30c2e8369dc44ec30498da0,247411
EV-A2F8768E0423,9327eb54008ae96318cfe4765b9a72304bbe129bdfc97138663aed43c61d11f3,E047/GARD/onset/automated_pending/E047_GARD_onset__search-war-risk/20260914T010216923288Z_kkcarj32/E047_GARD_onset__search-war-risk.pdf,E047,onset,GARD,listing_capture,https://gard.no/search/?searchTerm=war%20risk,extracted,texts/9327eb54008ae96318cfe4765b9a72304bbe129bdfc97138663aed43c61d11f3.json,,93cc23218ed24b14ca0076d209794976978d9357e0982fa1c5e010eece624283,7848082
EV-7A7278035437,fefbeb13b018e278149a99e8e4328fd19acf95cd6ba9b64ee0c36fbe68e3b9d5,E047/GARD/onset/automated_pending/E047_GARD_onset__search-war-risk/20260914T010216923288Z_kkcarj32/E047_GARD_onset__search-war-risk__page-2.html,E047,onset,GARD,listing_capture,https://gard.no/search/?searchTerm=war%20risk,extracted,texts/fefbeb13b018e278149a99e8e4328fd19acf95cd6ba9b64ee0c36fbe68e3b9d5.json,,2314a8420db895335fea206507de4b4932f71f958d85eff3e053ba331fbe6101,247224
EV-4294EF6E6BB3,96af0b6d043ec1622d79d6c21c0d03100b8a5824ed0703eeb3a7c9fcfaac839b,E047/GARD/onset/automated_pending/E047_GARD_onset__search-war-risk/20260914T010216923288Z_kkcarj32/E047_GARD_onset__search-war-risk__page-2.pdf,E047,onset,GARD,listing_capture,https://gard.no/search/?searchTerm=war%20risk,extracted,texts/96af0b6d043ec1622d79d6c21c0d03100b8a5824ed0703eeb3a7c9fcfaac839b.json,,9e2c9a3e43e013c8f049a9f09b0dff42aab830f275ba455d030cac3979465416,7824884
EV-04F1F8AC02D4,2135d6b49fbb756948f786ece9d29f0e42205f8fea5db6716528becc610d1b23,E047/GARD/onset/automated_pending/E047_GARD_onset__search-war-risk/20260914T010216923288Z_kkcarj32/E047_GARD_onset__search-war-risk__page-3.html,E047,onset,GARD,listing_capture,https://gard.no/search/?searchTerm=war%20risk,extracted,texts/2135d6b49fbb756948f786ece9d29f0e42205f8fea5db6716528becc610d1b23.json,,49c11c2290744bb5c2b3afb938c95c20594e72271b4322b32cd519d155900897,241979
EV-A8BA6647ECBA,35515d68748a512bfbf00f35c1f856d3d8fac40c89a62a6952f888ab263c8cf7,E047/GARD/onset/automated_pending/E047_GARD_onset__search-war-risk/20260914T010216923288Z_kkcarj32/E047_GARD_onset__search-war-risk__page-3.pdf,E047,onset,GARD,listing_capture,https://gard.no/search/?searchTerm=war%20risk,extracted,texts/35515d68748a512bfbf00f35c1f856d3d8fac40c89a62a6952f888ab263c8cf7.json,,ce38721c0bf2055ace0254b9f966a6240713925f82d699b22e8e65c672e5dd79,4149800
EV-4D2320B454A6,7ac1be35ecdfb7247386141c297064392a047576c694afdff90985311ba2bc28,E047/GARD/onset/automated_pending/E047_GARD_onset__search-war-risk/20260914T010216923288Z_kkcarj32/E047_GARD_onset__search-war-risk__page-4.html,E047,onset,GARD,listing_capture,https://gard.no/search/?searchTerm=war%20risk,extracted,texts/7ac1be35ecdfb7247386141c297064392a047576c694afdff90985311ba2bc28.json,,769aed36ea2bb6ef4c7e545823f7293720628f4987137f5c6503b79d65f7f4e8,242160
EV-7F710A5CB551,391ef7c1ae8ea7811e1a8f5a85777dc3383a34d80613813e9ec279d6a2c9f6e2,E047/GARD/onset/automated_pending/E047_GARD_onset__search-war-risk/20260914T010216923288Z_kkcarj32/E047_GARD_onset__search-war-risk__page-4.pdf,E047,onset,GARD,listing_capture,https://gard.no/search/?searchTerm=war%20risk,extracted,texts/391ef7c1ae8ea7811e1a8f5a85777dc3383a34d80613813e9ec279d6a2c9f6e2.json,,cfbfa519eb3f54fd0ea3327b1d69d20da7532fbc18eaaf9347051b230023d44a,480535
EV-E10026F3D768,4fb9780856fd8e3d3b430e4edbc6bae3ff0fc820d10733eb588db6ac78601f9b,E047/GARD/onset/automated_pending/E047_GARD_onset__search-war-risk/20260914T010216923288Z_kkcarj32/E047_GARD_onset__search-war-risk__page-5.html,E047,onset,GARD,listing_capture,https://gard.no/search/?searchTerm=war%20risk,extracted,texts/4fb9780856fd8e3d3b430e4edbc6bae3ff0fc820d10733eb588db6ac78601f9b.json,,bc5d1f6e244dfccea87ce7326167c4d6dd6f3e391b279cbc52bc159c89ad1424,243729
EV-326BC052A066,80a573d46742fe0fc9db439efbb79fe9152ae88ff59d6a3a0d573cb662541cc0,E047/GARD/onset/automated_pending/E047_GARD_onset__search-war-risk/20260914T010216923288Z_kkcarj32/E047_GARD_onset__search-war-risk__page-5.pdf,E047,onset,GARD,listing_capture,https://gard.no/search/?searchTerm=war%20risk,extracted,texts/80a573d46742fe0fc9db439efbb79fe9152ae88ff59d6a3a0d573cb662541cc0.json,,291996215e5fd11c1406bfa79180991732a5a4abdd0316eab9f5ada7b290e509,484773
EV-F6975941F3EB,dc82b89ac8ec728a5098237c3025f3a490ef1eedc9ca016dedfb8f3abc3f4f10,E047/GARD/onset/automated_pending/E047_GARD_onset__search-war-risk/20260914T010216923288Z_kkcarj32/E047_GARD_onset__search-war-risk__page-6.html,E047,onset,GARD,listing_capture,https://gard.no/search/?searchTerm=war%20risk,extracted,texts/dc82b89ac8ec728a5098237c3025f3a490ef1eedc9ca016dedfb8f3abc3f4f10.json,,dc87dd8e471c07f9c4590d1c5b51f73d814500f393a0f908f36c256afbc4efdd,243123
EV-D2F286DFE10A,b8f298c3f46580ac18128d5090489de41b83f4fb2ba4eed419f6fa9290ca7de0,E047/GARD/onset/automated_pending/E047_GARD_onset__search-war-risk/20260914T010216923288Z_kkcarj32/E047_GARD_onset__search-war-risk__page-6.pdf,E047,onset,GARD,listing_capture,https://gard.no/search/?searchTerm=war%20risk,extracted,texts/b8f298c3f46580ac18128d5090489de41b83f4fb2ba4eed419f6fa9290ca7de0.json,,f8a5a48fc88a5e71497ebe5403587c05cce5a5883a1df087c602c240ba83ea1e,4621265
EV-36571FE53791,94793b932fe490d46c9513d2ff3b56a3e2382f067dd75e9826ce347c7b74d95a,E047/GARD/onset/automated_pending/E047_GARD_onset__search-war-risk/20260914T010216923288Z_kkcarj32/E047_GARD_onset__search-war-risk__page-7.html,E047,onset,GARD,listing_capture,https://gard.no/search/?searchTerm=war%20risk,extracted,texts/94793b932fe490d46c9513d2ff3b56a3e2382f067dd75e9826ce347c7b74d95a.json,,8f3e9da35705a2127e479572c0faef41fa86742bb3dfba079581bf7b181557cf,236964
EV-26FC8A223B84,90edc2a89d77a49aa4509fd21431729976fae2878221657c65ceb863e0577aec,E047/GARD/onset/automated_pending/E047_GARD_onset__search-war-risk/20260914T010216923288Z_kkcarj32/E047_GARD_onset__search-war-risk__page-7.pdf,E047,onset,GARD,listing_capture,https://gard.no/search/?searchTerm=war%20risk,extracted,texts/90edc2a89d77a49aa4509fd21431729976fae2878221657c65ceb863e0577aec.json,,3971908680c12116ce08fbcfb633e8c54b95265321f36b76dce74c98fe453d1d,1453187
EV-93628ABD04AC,c4c1c8a6030ca2b86cb8b596667b23c48cd5a4c748d5489ecaf7c8d60c97ba54,E047/GARD/pre_onset/automated_pending/E047_GARD_pre_onset__search-Gulf-of-Oman/20260914T003956915330Z_jxgf3svv/E047_GARD_pre_onset__search-Gulf-of-Oman.html,E047,pre_onset,GARD,listing_capture,https://gard.no/search/?searchTerm=Gulf%20of%20Oman,extracted,texts/c4c1c8a6030ca2b86cb8b596667b23c48cd5a4c748d5489ecaf7c8d60c97ba54.json,,6fa1e1afec4bde06041ef70a1c98328676224726359cb7407f9832498bae0a39,239090
EV-DF99A782D93D,5f8aa1af0d42af632ef0980ead3df796426c7f0ce247de57690772b537ab6c61,E047/GARD/pre_onset/automated_pending/E047_GARD_pre_onset__search-Gulf-of-Oman/20260914T003956915330Z_jxgf3svv/E047_GARD_pre_onset__search-Gulf-of-Oman.pdf,E047,pre_onset,GARD,listing_capture,https://gard.no/search/?searchTerm=Gulf%20of%20Oman,extracted,texts/5f8aa1af0d42af632ef0980ead3df796426c7f0ce247de57690772b537ab6c61.json,,e130627826149ef364328b677e83a057812d9880b087eae8bda4643ddd99db0a,2171527
EV-4A1A648F8969,14067282104d5f70435e7c81b69bb5e5a5618eea077341eb1cf175d85edb986f,E047/GARD/pre_onset/automated_pending/E047_GARD_pre_onset__search-Hormuz/20260914T004028671981Z_voi2lq32/E047_GARD_pre_onset__search-Hormuz.pdf,E047,pre_onset,GARD,listing_capture,https://gard.no/search/?searchTerm=Hormuz,extracted,texts/14067282104d5f70435e7c81b69bb5e5a5618eea077341eb1cf175d85edb986f.json,,318142ad595064bf2dc7e85165b2b3335dced66aa826d51cc8949502e79d1639,3714405
EV-A2466A1ABCFB,706edca7f3d5f5877a034e3ab86e8620634f756a4a07283d2bc2410e3376bb74,E047/GARD/pre_onset/automated_pending/E047_GARD_pre_onset__search-Iran/20260914T004101233744Z_x_ffhaw3/E047_GARD_pre_onset__search-Iran.html,E047,pre_onset,GARD,listing_capture,https://gard.no/search/?searchTerm=Iran,extracted,texts/706edca7f3d5f5877a034e3ab86e8620634f756a4a07283d2bc2410e3376bb74.json,,b7d5bf99e0bcfe2992f141002b0860785d0356a9a7bc40bf4d39216fcd8221f6,252586
EV-1E582B243CF4,d0d59d266be5f6688711a4c843229106b6144ff533b17f8f826c0dd5530387bd,E047/GARD/pre_onset/automated_pending/E047_GARD_pre_onset__search-Iran/20260914T004101233744Z_x_ffhaw3/E047_GARD_pre_onset__search-Iran.pdf,E047,pre_onset,GARD,listing_capture,https://gard.no/search/?searchTerm=Iran,extracted,texts/d0d59d266be5f6688711a4c843229106b6144ff533b17f8f826c0dd5530387bd.json,,98ba3a7a1e09bb41b2decc0288f636c21f027564bf9bc5ddd3079842ec5ecd75,5184515
EV-9B675FFE5638,8415a02b35b4c3f9f42fe0fc5bb2e3a9a8047268751c9ea98a0d69aa1a854722,E047/GARD/pre_onset/automated_pending/E047_GARD_pre_onset__search-Iran/20260914T004101233744Z_x_ffhaw3/E047_GARD_pre_onset__search-Iran__page-2.html,E047,pre_onset,GARD,listing_capture,https://gard.no/search/?searchTerm=Iran,extracted,texts/8415a02b35b4c3f9f42fe0fc5bb2e3a9a8047268751c9ea98a0d69aa1a854722.json,,8f5d5e27b5347123420ec210c214ec177039982db9c51fe7e484fc09af726a38,241976
EV-175D0F7D90A4,43ad5d54151ee9b8a39cfd56fa7c19912ac736e8cb466b612119de0b21bfb170,E047/GARD/pre_onset/automated_pending/E047_GARD_pre_onset__search-Iran/20260914T004101233744Z_x_ffhaw3/E047_GARD_pre_onset__search-Iran__page-2.pdf,E047,pre_onset,GARD,listing_capture,https://gard.no/search/?searchTerm=Iran,extracted,texts/43ad5d54151ee9b8a39cfd56fa7c19912ac736e8cb466b612119de0b21bfb170.json,,036657856d0de40e64b67dc1818be3f77b0e63e95740a7f139c5fab791237ac9,5161737
EV-114DA11F5EEE,9fa9c924df0f27d33f290b7b5ebf7806ded036194dabe017843b963ce4663c7d,E047/GARD/pre_onset/automated_pending/E047_GARD_pre_onset__search-Persian-Gulf/20260914T004217945315Z_4klct6eu/E047_GARD_pre_onset__search-Persian-Gulf.html,E047,pre_onset,GARD,listing_capture,https://gard.no/search/?searchTerm=Persian%20Gulf,extracted,texts/9fa9c924df0f27d33f290b7b5ebf7806ded036194dabe017843b963ce4663c7d.json,,8f6190ad786aedb4425055399e00eca62523c04326756472f0a68739bc2d8470,245866
EV-774DD15AED35,7ae2cc4e172265710d2d90a7668a771b8b491ce30aa04b6e7f45f619dbb6f90a,E047/GARD/pre_onset/automated_pending/E047_GARD_pre_onset__search-Persian-Gulf/20260914T004217945315Z_4klct6eu/E047_GARD_pre_onset__search-Persian-Gulf.pdf,E047,pre_onset,GARD,listing_capture,https://gard.no/search/?searchTerm=Persian%20Gulf,extracted,texts/7ae2cc4e172265710d2d90a7668a771b8b491ce30aa04b6e7f45f619dbb6f90a.json,,049f5752a4401699ae481fd6e8566fce413f2eea40357fb7c9649797bc00c83b,5252577
EV-50EC75C7F7CC,27b4de17bbb51d8bf26e4363b796548f2701677a5a85ef798759cc2045a016bb,E047/GARD/pre_onset/automated_pending/E047_GARD_pre_onset__search-navigational-warning/20260914T004311294396Z_pw2s9iyh/E047_GARD_pre_onset__search-navigational-warning.html,E047,pre_onset,GARD,listing_capture,https://gard.no/search/?searchTerm=navigational%20warning,extracted,texts/27b4de17bbb51d8bf26e4363b796548f2701677a5a85ef798759cc2045a016bb.json,,b15fd905844eaf4356cb418bfd1cc44a5399e84f3c64ba1f94a942c373888a86,246639
EV-9BF849C04C2C,8440cf3b99849b0759524816330fa1416df870276bf46832e3faf59f9ed31cd3,E047/GARD/pre_onset/automated_pending/E047_GARD_pre_onset__search-navigational-warning/20260914T004311294396Z_pw2s9iyh/E047_GARD_pre_onset__search-navigational-warning.pdf,E047,pre_onset,GARD,listing_capture,https://gard.no/search/?searchTerm=navigational%20warning,extracted,texts/8440cf3b99849b0759524816330fa1416df870276bf46832e3faf59f9ed31cd3.json,,e5b50bdfd78965027d7d14de10bcedb7f9978d2f81efadc776f8f8b0feee8de2,11251240
EV-2838B67626A1,a211fcb34f0ac6482904105f30b3711495b9ea46e5f982682d411db66a799678,E047/GARD/pre_onset/automated_pending/E047_GARD_pre_onset__search-war-risk/20260914T004416250871Z_nb0h3b07/E047_GARD_pre_onset__search-war-risk.html,E047,pre_onset,GARD,listing_capture,https://gard.no/search/?searchTerm=war%20risk,extracted,texts/a211fcb34f0ac6482904105f30b3711495b9ea46e5f982682d411db66a799678.json,,78187af94bbaf6f828813ac684f405c29f92d85ca30c2e8369dc44ec30498da0,247295
EV-1E1AA5289C09,f40a81442e27210592db93f4b66bf406b2490fe9122c41169b530cd9e36dbccb,E047/GARD/pre_onset/automated_pending/E047_GARD_pre_onset__search-war-risk/20260914T004416250871Z_nb0h3b07/E047_GARD_pre_onset__search-war-risk.pdf,E047,pre_onset,GARD,listing_capture,https://gard.no/search/?searchTerm=war%20risk,extracted,texts/f40a81442e27210592db93f4b66bf406b2490fe9122c41169b530cd9e36dbccb.json,,1c7ce9a2d19ce7f9b05fa2c1316529e12f1fb52a4e3fa8d97725543f6e6cc3fe,7848075
EV-9E17058A7575,6d5755413e2c9d5ed39af75232813ef4bf8694d98e280167a1f7475c9f51704a,E047/GARD/pre_onset/automated_pending/E047_GARD_pre_onset__search-war-risk/20260914T004416250871Z_nb0h3b07/E047_GARD_pre_onset__search-war-risk__document-a18e6aad2d.html,E047,pre_onset,GARD,article_capture,https://gard.no/en/about-gard/company-news/winner-of-gard-sponsored-writing-competition/,extracted,texts/6d5755413e2c9d5ed39af75232813ef4bf8694d98e280167a1f7475c9f51704a.json,,77aeca3f160419de21dbcc32dd08327a0e29b38a0ee2a91af9074b9d1d9e04d9,381953
EV-9E17058A7575,2445d844c0dbe27d0c616afda847cb9cdb84e1302a1928a3254d3546f7ed7185,E047/GARD/pre_onset/automated_pending/E047_GARD_pre_onset__search-war-risk/20260914T004416250871Z_nb0h3b07/E047_GARD_pre_onset__search-war-risk__document-a18e6aad2d.pdf,E047,pre_onset,GARD,article_capture,https://gard.no/en/about-gard/company-news/winner-of-gard-sponsored-writing-competition/,extracted,texts/2445d844c0dbe27d0c616afda847cb9cdb84e1302a1928a3254d3546f7ed7185.json,,fa8dbd41d550cb256a31aad08fbb6c5875e4c7d423ff6afc4ceb188dee20363a,482366
EV-70B44EA100F0,c1cf225a7911d184a6316ee12b7fe71b2228d5fb93f36fc3fdf81cc32544d9fd,E047/GARD/pre_onset/automated_pending/E047_GARD_pre_onset__search-war-risk/20260914T004416250871Z_nb0h3b07/E047_GARD_pre_onset__search-war-risk__page-2.html,E047,pre_onset,GARD,listing_capture,https://gard.no/search/?searchTerm=war%20risk,extracted,texts/c1cf225a7911d184a6316ee12b7fe71b2228d5fb93f36fc3fdf81cc32544d9fd.json,,2314a8420db895335fea206507de4b4932f71f958d85eff3e053ba331fbe6101,247108
EV-59439C92B309,1d41aadf7bc2a10367416cec34174593d777d68735e1391c7700a3e0eea7d5d8,E047/GARD/pre_onset/automated_pending/E047_GARD_pre_onset__search-war-risk/20260914T004416250871Z_nb0h3b07/E047_GARD_pre_onset__search-war-risk__page-2.pdf,E047,pre_onset,GARD,listing_capture,https://gard.no/search/?searchTerm=war%20risk,extracted,texts/1d41aadf7bc2a10367416cec34174593d777d68735e1391c7700a3e0eea7d5d8.json,,478e12e012ca109fde67b150b7218d4701014b46b0527b69f0379a1dbf50b26b,4148984
EV-5D01603B803B,d38b02f5de170fd43a76dbfb16778c81cc2ab936101967ab7d996fc78eed2c1d,E047/GARD/pre_onset/automated_pending/E047_GARD_pre_onset__search-war-risk/20260914T004416250871Z_nb0h3b07/E047_GARD_pre_onset__search-war-risk__page-3.html,E047,pre_onset,GARD,listing_capture,https://gard.no/search/?searchTerm=war%20risk,extracted,texts/d38b02f5de170fd43a76dbfb16778c81cc2ab936101967ab7d996fc78eed2c1d.json,,49c11c2290744bb5c2b3afb938c95c20594e72271b4322b32cd519d155900897,241863
EV-0985D1F34216,192e4ef8a10bf80c31dde9358ca802efbd6c05d89dea819fc8a19711156191a1,E047/GARD/pre_onset/automated_pending/E047_GARD_pre_onset__search-war-risk/20260914T004416250871Z_nb0h3b07/E047_GARD_pre_onset__search-war-risk__page-3.pdf,E047,pre_onset,GARD,listing_capture,https://gard.no/search/?searchTerm=war%20risk,extracted,texts/192e4ef8a10bf80c31dde9358ca802efbd6c05d89dea819fc8a19711156191a1.json,,c521d3afd8834b8de21f802c5e9b499305c4580f407a007212590b007c04e79f,480790
EV-C2F5754F940C,1182f8713769f025a7979458f6634a06f4bb41e16ea393ccdf2f9ee53a49d26a,E047/GARD/pre_onset/automated_pending/E047_GARD_pre_onset__search-war-risk/20260914T004416250871Z_nb0h3b07/E047_GARD_pre_onset__search-war-risk__page-4.html,E047,pre_onset,GARD,listing_capture,https://gard.no/search/?searchTerm=war%20risk,extracted,texts/1182f8713769f025a7979458f6634a06f4bb41e16ea393ccdf2f9ee53a49d26a.json,,769aed36ea2bb6ef4c7e545823f7293720628f4987137f5c6503b79d65f7f4e8,242044
EV-1ABEF78CBB25,2ff5a22bbd295ed9211e2d07eb0513a7e5a1b5fb0413d0963b5c0b0982692a31,E047/GARD/pre_onset/automated_pending/E047_GARD_pre_onset__search-war-risk/20260914T004416250871Z_nb0h3b07/E047_GARD_pre_onset__search-war-risk__page-4.pdf,E047,pre_onset,GARD,listing_capture,https://gard.no/search/?searchTerm=war%20risk,extracted,texts/2ff5a22bbd295ed9211e2d07eb0513a7e5a1b5fb0413d0963b5c0b0982692a31.json,,dbfa16e8ecc805b34a4883d1cf1ef89f5b61220da5d400212e411213a9346445,481006
EV-44127B9C0F50,fe4709f6b1a04f352429738a4b7af05eb2c3afe2a4b6047fc09d3ac6ab953428,E047/GARD/pre_onset/automated_pending/E047_GARD_pre_onset__search-war-risk/20260914T004416250871Z_nb0h3b07/E047_GARD_pre_onset__search-war-risk__page-5.html,E047,pre_onset,GARD,listing_capture,https://gard.no/search/?searchTerm=war%20risk,extracted,texts/fe4709f6b1a04f352429738a4b7af05eb2c3afe2a4b6047fc09d3ac6ab953428.json,,bc5d1f6e244dfccea87ce7326167c4d6dd6f3e391b279cbc52bc159c89ad1424,243613
EV-8894F2C71367,ce4302ee6c7637a335c2c921c3802c74e4759c890e81cea0a610716d7c47ee4c,E047/GARD/pre_onset/automated_pending/E047_GARD_pre_onset__search-war-risk/20260914T004416250871Z_nb0h3b07/E047_GARD_pre_onset__search-war-risk__page-5.pdf,E047,pre_onset,GARD,listing_capture,https://gard.no/search/?searchTerm=war%20risk,extracted,texts/ce4302ee6c7637a335c2c921c3802c74e4759c890e81cea0a610716d7c47ee4c.json,,3a6e60f70a3e6f330ceb3d1bc07999067a910ec9198b3250f089b89f6ff4cd86,484777
EV-85B124B3DE06,4333cedb2dd962ea6426ef87e5cde9e93af79fd68e506e97c7bb679fbf537262,E047/GARD/pre_onset/automated_pending/E047_GARD_pre_onset__search-war-risk/20260914T004416250871Z_nb0h3b07/E047_GARD_pre_onset__search-war-risk__page-6.html,E047,pre_onset,GARD,listing_capture,https://gard.no/search/?searchTerm=war%20risk,extracted,texts/4333cedb2dd962ea6426ef87e5cde9e93af79fd68e506e97c7bb679fbf537262.json,,dc87dd8e471c07f9c4590d1c5b51f73d814500f393a0f908f36c256afbc4efdd,243007
EV-4E89BA12D870,7799167aa1238b7d3bfeb86f2310272ec3266c599fd6bbc34ef95b525046aedf,E047/GARD/pre_onset/automated_pending/E047_GARD_pre_onset__search-war-risk/20260914T004416250871Z_nb0h3b07/E047_GARD_pre_onset__search-war-risk__page-6.pdf,E047,pre_onset,GARD,listing_capture,https://gard.no/search/?searchTerm=war%20risk,extracted,texts/7799167aa1238b7d3bfeb86f2310272ec3266c599fd6bbc34ef95b525046aedf.json,,851e339d714969e055c4e203519cfb2036e57a6991503ad907b4dfc958493c13,4620511
EV-ED825834F9CE,f81b4d21563209a1a0ddb169ec67d870a33aa0ceaf355f0be27f3a5b4326a584,E047/GARD/pre_onset/automated_pending/E047_GARD_pre_onset__search-war-risk/20260914T004416250871Z_nb0h3b07/E047_GARD_pre_onset__search-war-risk__page-7.html,E047,pre_onset,GARD,listing_capture,https://gard.no/search/?searchTerm=war%20risk,extracted,texts/f81b4d21563209a1a0ddb169ec67d870a33aa0ceaf355f0be27f3a5b4326a584.json,,8f3e9da35705a2127e479572c0faef41fa86742bb3dfba079581bf7b181557cf,236848
EV-9671BDC8F4B5,5793367abef90c71de211d2637f161cfb0fdcf74ecb1010ddfff4d431ac50f6b,E047/GARD/pre_onset/automated_pending/E047_GARD_pre_onset__search-war-risk/20260914T004416250871Z_nb0h3b07/E047_GARD_pre_onset__search-war-risk__page-7.pdf,E047,pre_onset,GARD,listing_capture,https://gard.no/search/?searchTerm=war%20risk,extracted,texts/5793367abef90c71de211d2637f161cfb0fdcf74ecb1010ddfff4d431ac50f6b.json,,cce26ab7095f4cefdeec740d2eb6f48a310a88190022b0547c3393ded0b5ceb6,1453192
EV-C894CEC24467,9c15075bc0132a574edc3b3f363fb3a04fa23da92f2beff3c8de928ba95a7dde,E047/IUA_JWC_LMA/onset/automated_pending/E047_IUA_JWC_LMA_onset__page-1/20260913T211820994223Z_nyruj3g1/E047_IUA_JWC_LMA_onset__page-1.html,E047,onset,IUA_JWC_LMA,listing_capture,https://lmalloyds.com/specialist-areas/underwriting/listed-areas/,extracted,texts/9c15075bc0132a574edc3b3f363fb3a04fa23da92f2beff3c8de928ba95a7dde.json,,33d4304a5a5e69cafd237fe1178a162b3757de2c85ef29c7683653dea9bff701,177054
EV-47C758EEECEA,f70b64ea265b7dcb0017af3474d0d63f1d77cc82612f9ec01db8ac593b5ee460,E047/IUA_JWC_LMA/onset/automated_pending/E047_IUA_JWC_LMA_onset__page-1/20260913T211820994223Z_nyruj3g1/E047_IUA_JWC_LMA_onset__page-1.pdf,E047,onset,IUA_JWC_LMA,listing_capture,https://lmalloyds.com/specialist-areas/underwriting/listed-areas/,extracted,texts/f70b64ea265b7dcb0017af3474d0d63f1d77cc82612f9ec01db8ac593b5ee460.json,,7557fbf303438df782a23b477c54c066c6a6adee4ea176f9f59c8accec0b684b,1873951
EV-0F6E332CEB68,113890bc705527a914ab2281760143ca222aea34bc6ca3dc48ebfc62505b1460,E047/IUA_JWC_LMA/pre_onset/automated_pending/E047_IUA_JWC_LMA_pre_onset__page-1/20260913T211814436490Z_y4aa2564/E047_IUA_JWC_LMA_pre_onset__page-1.html,E047,pre_onset,IUA_JWC_LMA,listing_capture,https://lmalloyds.com/specialist-areas/underwriting/listed-areas/,extracted,texts/113890bc705527a914ab2281760143ca222aea34bc6ca3dc48ebfc62505b1460.json,,33d4304a5a5e69cafd237fe1178a162b3757de2c85ef29c7683653dea9bff701,177034
EV-06BF790CF184,37b9dfaf947c3dc855e6d5d5102704c9dd4171f51571fd3413534c0adbb31c45,E047/IUA_JWC_LMA/pre_onset/automated_pending/E047_IUA_JWC_LMA_pre_onset__page-1/20260913T211814436490Z_y4aa2564/E047_IUA_JWC_LMA_pre_onset__page-1.pdf,E047,pre_onset,IUA_JWC_LMA,listing_capture,https://lmalloyds.com/specialist-areas/underwriting/listed-areas/,extracted,texts/37b9dfaf947c3dc855e6d5d5102704c9dd4171f51571fd3413534c0adbb31c45.json,,cd40463af27e6c70b99873de43f228bf2bf28ca09dc05a6f8cea5bfe6c37db20,1874122
EV-E0211E50B5D1,cf21d81fa70c264e2d4a2a19a64a4de4b673a23d4fd11c23e174ac57318f3faf,E047/MARAD/onset/automated_pending/E047_MARAD_onset__Arabian-Gulf/20260913T211647836070Z_wb8xdzpx/E047_MARAD_onset__Arabian-Gulf.html,E047,onset,MARAD,listing_capture,https://www.maritime.dot.gov/msci-alerts?field_msci_geographic_location_target_id=&field_msci_effective_date_value%5Bmin%5D=2025-11-16&field_msci_effective_date_value%5Bmax%5D=2025-11-30&keys=Arabian+Gulf,extracted,texts/cf21d81fa70c264e2d4a2a19a64a4de4b673a23d4fd11c23e174ac57318f3faf.json,,7f999194ebfd21437c649ac0e0348ecade703bdf27b1522d5a6b5de195b494a2,78608
EV-496984B1F2AF,1bc0617ce9c7f6a1074a7f3857b1c3b9fb0b2c6c8ca13dbb272d60cdc24f4c75,E047/MARAD/onset/automated_pending/E047_MARAD_onset__Arabian-Gulf/20260913T211647836070Z_wb8xdzpx/E047_MARAD_onset__Arabian-Gulf.pdf,E047,onset,MARAD,listing_capture,https://www.maritime.dot.gov/msci-alerts?field_msci_geographic_location_target_id=&field_msci_effective_date_value%5Bmin%5D=2025-11-16&field_msci_effective_date_value%5Bmax%5D=2025-11-30&keys=Arabian+Gulf,extracted,texts/1bc0617ce9c7f6a1074a7f3857b1c3b9fb0b2c6c8ca13dbb272d60cdc24f4c75.json,,5d62f3e796396aad55b26bb4fb1be379c912f20e269042100864ec87eb0447bc,223774
EV-BB9417548A64,a36efc9de1398c72e3cf844813e541fd1216293eecc376a582f382e40f1c59f2,E047/MARAD/onset/automated_pending/E047_MARAD_onset__Gulf-of-Oman/20260913T211651887956Z_w7h_b_en/E047_MARAD_onset__Gulf-of-Oman.html,E047,onset,MARAD,listing_capture,https://www.maritime.dot.gov/msci-alerts?field_msci_geographic_location_target_id=&field_msci_effective_date_value%5Bmin%5D=2025-11-16&field_msci_effective_date_value%5Bmax%5D=2025-11-30&keys=Gulf+of+Oman,extracted,texts/a36efc9de1398c72e3cf844813e541fd1216293eecc376a582f382e40f1c59f2.json,,7f999194ebfd21437c649ac0e0348ecade703bdf27b1522d5a6b5de195b494a2,78608
EV-36A5E9545203,b6692734bc00a3f6c61fee573110b09431f928965b0fd484d5bc38343450df44,E047/MARAD/onset/automated_pending/E047_MARAD_onset__Gulf-of-Oman/20260913T211651887956Z_w7h_b_en/E047_MARAD_onset__Gulf-of-Oman.pdf,E047,onset,MARAD,listing_capture,https://www.maritime.dot.gov/msci-alerts?field_msci_geographic_location_target_id=&field_msci_effective_date_value%5Bmin%5D=2025-11-16&field_msci_effective_date_value%5Bmax%5D=2025-11-30&keys=Gulf+of+Oman,extracted,texts/b6692734bc00a3f6c61fee573110b09431f928965b0fd484d5bc38343450df44.json,,f72e9f905c683759f1587813a23388d07e04e35f9c239e51587fcfecf10d19cf,223780
EV-67AA012B2C84,879b95c7bb7af0a9a4cc7e006d17e33238d609dce4a84011fa93a109f650f9aa,E047/MARAD/onset/automated_pending/E047_MARAD_onset__Hormuz/20260913T211655812361Z__udkgefl/E047_MARAD_onset__Hormuz.html,E047,onset,MARAD,listing_capture,https://www.maritime.dot.gov/msci-alerts?field_msci_geographic_location_target_id=&field_msci_effective_date_value%5Bmin%5D=2025-11-16&field_msci_effective_date_value%5Bmax%5D=2025-11-30&keys=Hormuz,extracted,texts/879b95c7bb7af0a9a4cc7e006d17e33238d609dce4a84011fa93a109f650f9aa.json,,7f999194ebfd21437c649ac0e0348ecade703bdf27b1522d5a6b5de195b494a2,78596
EV-1CF72537299F,b5119bf40da959388ae0c7346e959da13c4de90fedf72d6dca9795f1682895a5,E047/MARAD/onset/automated_pending/E047_MARAD_onset__Hormuz/20260913T211655812361Z__udkgefl/E047_MARAD_onset__Hormuz.pdf,E047,onset,MARAD,listing_capture,https://www.maritime.dot.gov/msci-alerts?field_msci_geographic_location_target_id=&field_msci_effective_date_value%5Bmin%5D=2025-11-16&field_msci_effective_date_value%5Bmax%5D=2025-11-30&keys=Hormuz,extracted,texts/b5119bf40da959388ae0c7346e959da13c4de90fedf72d6dca9795f1682895a5.json,,350964369fddb1d5054de3062d2144a299f72ed680051dc25a1a7b217c7b8550,222968
EV-EA3FCAFC74D8,da4f457fbac6d547022dd8f0d638cb0b9e7f3f6276cff152917b49537d2d1afe,E047/MARAD/onset/automated_pending/E047_MARAD_onset__Iran/20260913T211700177130Z_tln3aryp/E047_MARAD_onset__Iran.html,E047,onset,MARAD,listing_capture,https://www.maritime.dot.gov/msci-alerts?field_msci_geographic_location_target_id=&field_msci_effective_date_value%5Bmin%5D=2025-11-16&field_msci_effective_date_value%5Bmax%5D=2025-11-30&keys=Iran,extracted,texts/da4f457fbac6d547022dd8f0d638cb0b9e7f3f6276cff152917b49537d2d1afe.json,,7f999194ebfd21437c649ac0e0348ecade703bdf27b1522d5a6b5de195b494a2,78592
EV-D45CD3BCF4A8,ef0adc393c5e502e1061de8394477fc90dabfaa3a260451dcc6f3808ed557ded,E047/MARAD/onset/automated_pending/E047_MARAD_onset__Iran/20260913T211700177130Z_tln3aryp/E047_MARAD_onset__Iran.pdf,E047,onset,MARAD,listing_capture,https://www.maritime.dot.gov/msci-alerts?field_msci_geographic_location_target_id=&field_msci_effective_date_value%5Bmin%5D=2025-11-16&field_msci_effective_date_value%5Bmax%5D=2025-11-30&keys=Iran,extracted,texts/ef0adc393c5e502e1061de8394477fc90dabfaa3a260451dcc6f3808ed557ded.json,,69fc47c9ab6e8360a167afe0c32caa0da756381bac1fbc41d7ba082a44261b45,222323
EV-991F0B60CFC1,0a5808c3cbb8f9305a6bd1f266a9b1f93bc37fb9a5d4f1e385bdb1cbb8df301b,E047/MARAD/onset/automated_pending/E047_MARAD_onset__Persian-Gulf/20260913T211703974252Z_6ay0l40w/E047_MARAD_onset__Persian-Gulf.html,E047,onset,MARAD,listing_capture,https://www.maritime.dot.gov/msci-alerts?field_msci_geographic_location_target_id=&field_msci_effective_date_value%5Bmin%5D=2025-11-16&field_msci_effective_date_value%5Bmax%5D=2025-11-30&keys=Persian+Gulf,extracted,texts/0a5808c3cbb8f9305a6bd1f266a9b1f93bc37fb9a5d4f1e385bdb1cbb8df301b.json,,7f999194ebfd21437c649ac0e0348ecade703bdf27b1522d5a6b5de195b494a2,78608
EV-068D03FA8A69,11c30b17e0397a4418a0056ab2ea8cb4015a688bf8fd5aac778cf0e3309020c5,E047/MARAD/onset/automated_pending/E047_MARAD_onset__Persian-Gulf/20260913T211703974252Z_6ay0l40w/E047_MARAD_onset__Persian-Gulf.pdf,E047,onset,MARAD,listing_capture,https://www.maritime.dot.gov/msci-alerts?field_msci_geographic_location_target_id=&field_msci_effective_date_value%5Bmin%5D=2025-11-16&field_msci_effective_date_value%5Bmax%5D=2025-11-30&keys=Persian+Gulf,extracted,texts/11c30b17e0397a4418a0056ab2ea8cb4015a688bf8fd5aac778cf0e3309020c5.json,,292a45bc7fb5cca7724fc9c79ef11f8b4be2b9d36ff5d9aa1face2ccbfa6b456,223674
EV-97648C47DC07,8128af4b1bddf529d5f6d71bf635c3afe8eca80d4d43d74e390fd6b6b4559122,E047/MARAD/pre_onset/automated_pending/E047_MARAD_pre_onset__Arabian-Gulf/20260913T211628206515Z_gld0dxro/E047_MARAD_pre_onset__Arabian-Gulf.html,E047,pre_onset,MARAD,listing_capture,https://www.maritime.dot.gov/msci-alerts?field_msci_geographic_location_target_id=&field_msci_effective_date_value%5Bmin%5D=2025-10-17&field_msci_effective_date_value%5Bmax%5D=2025-11-15&keys=Arabian+Gulf,extracted,texts/8128af4b1bddf529d5f6d71bf635c3afe8eca80d4d43d74e390fd6b6b4559122.json,,7f999194ebfd21437c649ac0e0348ecade703bdf27b1522d5a6b5de195b494a2,78608
EV-0A20DFB92603,72dcabab63b23a0f6e660827351a5d7f2cac6c99d36232fce11260529303969c,E047/MARAD/pre_onset/automated_pending/E047_MARAD_pre_onset__Arabian-Gulf/20260913T211628206515Z_gld0dxro/E047_MARAD_pre_onset__Arabian-Gulf.pdf,E047,pre_onset,MARAD,listing_capture,https://www.maritime.dot.gov/msci-alerts?field_msci_geographic_location_target_id=&field_msci_effective_date_value%5Bmin%5D=2025-10-17&field_msci_effective_date_value%5Bmax%5D=2025-11-15&keys=Arabian+Gulf,extracted,texts/72dcabab63b23a0f6e660827351a5d7f2cac6c99d36232fce11260529303969c.json,,b6de79b89d5b4dd1f45d994477420ae468bc3929bd2cb0a1fb5508ae04e1f548,222574
EV-F15ED4B56207,143d6b5005bf38209c14429966e3ce69ca9acc94cd6e6c866d9198480ff77040,E047/MARAD/pre_onset/automated_pending/E047_MARAD_pre_onset__Gulf-of-Oman/20260913T211632143081Z_s2tyf6j3/E047_MARAD_pre_onset__Gulf-of-Oman.html,E047,pre_onset,MARAD,listing_capture,https://www.maritime.dot.gov/msci-alerts?field_msci_geographic_location_target_id=&field_msci_effective_date_value%5Bmin%5D=2025-10-17&field_msci_effective_date_value%5Bmax%5D=2025-11-15&keys=Gulf+of+Oman,extracted,texts/143d6b5005bf38209c14429966e3ce69ca9acc94cd6e6c866d9198480ff77040.json,,7f999194ebfd21437c649ac0e0348ecade703bdf27b1522d5a6b5de195b494a2,78608
EV-C09E181EB0EC,4f78bac928cff5bde16aaa95150df2105a393ded1a1aace6fbe6bd16c68de873,E047/MARAD/pre_onset/automated_pending/E047_MARAD_pre_onset__Gulf-of-Oman/20260913T211632143081Z_s2tyf6j3/E047_MARAD_pre_onset__Gulf-of-Oman.pdf,E047,pre_onset,MARAD,listing_capture,https://www.maritime.dot.gov/msci-alerts?field_msci_geographic_location_target_id=&field_msci_effective_date_value%5Bmin%5D=2025-10-17&field_msci_effective_date_value%5Bmax%5D=2025-11-15&keys=Gulf+of+Oman,extracted,texts/4f78bac928cff5bde16aaa95150df2105a393ded1a1aace6fbe6bd16c68de873.json,,6615579c2651e123b9279d12b3d717dbb256bc1bf6d60622c4c1f95b66567dc5,222098
EV-50775EEB4479,2a586f4048928d4fd6002fa4b45c048b407a4183d889cf4c04b229f2efaa2496,E047/MARAD/pre_onset/automated_pending/E047_MARAD_pre_onset__Hormuz/20260913T211636156100Z_fuugidh2/E047_MARAD_pre_onset__Hormuz.html,E047,pre_onset,MARAD,listing_capture,https://www.maritime.dot.gov/msci-alerts?field_msci_geographic_location_target_id=&field_msci_effective_date_value%5Bmin%5D=2025-10-17&field_msci_effective_date_value%5Bmax%5D=2025-11-15&keys=Hormuz,extracted,texts/2a586f4048928d4fd6002fa4b45c048b407a4183d889cf4c04b229f2efaa2496.json,,7f999194ebfd21437c649ac0e0348ecade703bdf27b1522d5a6b5de195b494a2,78596
EV-7807F86EBC75,f32c5335b7c3bf495ab5f029b4c7831616cd134c25c692e235322fa4fb13565a,E047/MARAD/pre_onset/automated_pending/E047_MARAD_pre_onset__Hormuz/20260913T211636156100Z_fuugidh2/E047_MARAD_pre_onset__Hormuz.pdf,E047,pre_onset,MARAD,listing_capture,https://www.maritime.dot.gov/msci-alerts?field_msci_geographic_location_target_id=&field_msci_effective_date_value%5Bmin%5D=2025-10-17&field_msci_effective_date_value%5Bmax%5D=2025-11-15&keys=Hormuz,extracted,texts/f32c5335b7c3bf495ab5f029b4c7831616cd134c25c692e235322fa4fb13565a.json,,3464b1bf1085f3a4313d7eac01b199983f38e05906088759e98f4b26e5b16bb2,221768
EV-99808D8F31C1,cd1f87955f48b4f86126074aa75a63f89c7d7eecf6d2f088688a7cec9a4ba104,E047/MARAD/pre_onset/automated_pending/E047_MARAD_pre_onset__Iran/20260913T211640002560Z_4ik8gafh/E047_MARAD_pre_onset__Iran.html,E047,pre_onset,MARAD,listing_capture,https://www.maritime.dot.gov/msci-alerts?field_msci_geographic_location_target_id=&field_msci_effective_date_value%5Bmin%5D=2025-10-17&field_msci_effective_date_value%5Bmax%5D=2025-11-15&keys=Iran,extracted,texts/cd1f87955f48b4f86126074aa75a63f89c7d7eecf6d2f088688a7cec9a4ba104.json,,7f999194ebfd21437c649ac0e0348ecade703bdf27b1522d5a6b5de195b494a2,78592
EV-E20B55070C33,7e6e342e1a65c563a7305640d5f43ef9fbf7f7db4f446278393bf0371c0b1e23,E047/MARAD/pre_onset/automated_pending/E047_MARAD_pre_onset__Iran/20260913T211640002560Z_4ik8gafh/E047_MARAD_pre_onset__Iran.pdf,E047,pre_onset,MARAD,listing_capture,https://www.maritime.dot.gov/msci-alerts?field_msci_geographic_location_target_id=&field_msci_effective_date_value%5Bmin%5D=2025-10-17&field_msci_effective_date_value%5Bmax%5D=2025-11-15&keys=Iran,extracted,texts/7e6e342e1a65c563a7305640d5f43ef9fbf7f7db4f446278393bf0371c0b1e23.json,,efb4c39c1872cb8910ecbb7a372008d8bfabb32166e574813d602977eb81b914,221423
EV-679A76E2FED0,ec25113afb71f7af62a864adb52662b3108d02a10e687db411ead6c31b129f0f,E047/MARAD/pre_onset/automated_pending/E047_MARAD_pre_onset__Persian-Gulf/20260913T211643812067Z_wi9anm1p/E047_MARAD_pre_onset__Persian-Gulf.html,E047,pre_onset,MARAD,listing_capture,https://www.maritime.dot.gov/msci-alerts?field_msci_geographic_location_target_id=&field_msci_effective_date_value%5Bmin%5D=2025-10-17&field_msci_effective_date_value%5Bmax%5D=2025-11-15&keys=Persian+Gulf,extracted,texts/ec25113afb71f7af62a864adb52662b3108d02a10e687db411ead6c31b129f0f.json,,7f999194ebfd21437c649ac0e0348ecade703bdf27b1522d5a6b5de195b494a2,78608
EV-5F0C0198DA37,970178a1934184e9841bade2aa8e2343871b02d5ebf5856361c61daef0afeb56,E047/MARAD/pre_onset/automated_pending/E047_MARAD_pre_onset__Persian-Gulf/20260913T211643812067Z_wi9anm1p/E047_MARAD_pre_onset__Persian-Gulf.pdf,E047,pre_onset,MARAD,listing_capture,https://www.maritime.dot.gov/msci-alerts?field_msci_geographic_location_target_id=&field_msci_effective_date_value%5Bmin%5D=2025-10-17&field_msci_effective_date_value%5Bmax%5D=2025-11-15&keys=Persian+Gulf,extracted,texts/970178a1934184e9841bade2aa8e2343871b02d5ebf5856361c61daef0afeb56.json,,8653536d3e392070af817bd4a3902ed212545d6a9eee748c19e1df359837cb70,222303
EV-64173B43D523,bf424254b659b5b608971243a42e7fae3f102a0134f1270c487cf796e42a50b6,E051/GARD/onset/E051_Gard_Circular-01-2026_published-2026-03-01_effective-2026-03-05.pdf,E051,onset,GARD,metadata/manual PDF,,extracted,texts/bf424254b659b5b608971243a42e7fae3f102a0134f1270c487cf796e42a50b6.json,2,a6122a2c7b60ead79c9100278a4be0b25e51962aa47bb49831fc438989457bf8,249440
EV-6D8E4B9237A9,f5e66d523b5de75121d1384dac89d0dcebb6b395b656b3a091f16b2938ab4090,E051/GARD/pre_onset/E051_GARD_PreOnset_Search_Gulf-of-Oman_Captured-2026-09-11.pdf,E051,pre_onset,GARD,metadata/manual PDF,,extracted,texts/f5e66d523b5de75121d1384dac89d0dcebb6b395b656b3a091f16b2938ab4090.json,40,84a0cc46c93fdc2ee2f158e3a5f881645111e3c96de7abafd8fe285d603b4256,2551311
EV-9570C202B6E2,f2a975ec28d84403ae18401a5e31c1ce47ee98ec4b5368449891426ab8c988fa,E051/GARD/pre_onset/E051_GARD_PreOnset_Search_Hormuz_Captured-2026-09-11.pdf,E051,pre_onset,GARD,metadata/manual PDF,,extracted,texts/f2a975ec28d84403ae18401a5e31c1ce47ee98ec4b5368449891426ab8c988fa.json,38,64eb3046043b58a302301ab03f02391d70431157313420effb410fdeb8de8c3b,3884280
EV-E78B1AF32EF5,88d9cb7fe4e49a9bf6ca77c51fd0c1d446c069eed86bf0cc48ec1e0880445a2d,E051/GARD/pre_onset/E051_GARD_PreOnset_Search_Iran_Captured-2026-09-11.pdf,E051,pre_onset,GARD,metadata/manual PDF,,extracted,texts/88d9cb7fe4e49a9bf6ca77c51fd0c1d446c069eed86bf0cc48ec1e0880445a2d.json,41,e3d9de28f0973b4d38a3ec570eca036b4d0f8fa1e824703bca15136def818b6a,4802351
EV-282CC36E8FA1,a5d49f1acf6690a75a9e58c483e5f8e35f6d81953c8cfdd3f3a7b8ab9be7f7d0,E051/GARD/pre_onset/E051_GARD_PreOnset_Search_Iran_Page-02_Captured-2026-09-11.pdf,E051,pre_onset,GARD,metadata/manual PDF,,extracted,texts/a5d49f1acf6690a75a9e58c483e5f8e35f6d81953c8cfdd3f3a7b8ab9be7f7d0.json,42,bde81205a92582baeb075212dfb307e26a957fa59b791346b79c32200bc06ea9,3600969
EV-92D0B5191B95,f836cb23fd3a878a04e47b2144f54312a8720c83add7cbefbebb5ea0e9a7707d,E051/GARD/pre_onset/E051_GARD_PreOnset_Search_Navigational-Warning_Captured-2026-09-11.pdf,E051,pre_onset,GARD,metadata/manual PDF,,extracted,texts/f836cb23fd3a878a04e47b2144f54312a8720c83add7cbefbebb5ea0e9a7707d.json,43,70d5edfcb7630fa1911896124bce4441f46310e8bb1e2b17c97d87b2410961c3,10445492
EV-29461C98907A,800f6e94e8c546ef9ebef4be7f8d195ded67569994398ae03677d525602b44d6,E051/GARD/pre_onset/E051_GARD_PreOnset_Search_Persian-Gulf_Captured-2026-09-11.pdf,E051,pre_onset,GARD,metadata/manual PDF,,extracted,texts/800f6e94e8c546ef9ebef4be7f8d195ded67569994398ae03677d525602b44d6.json,39,8b60aca693767f339094806d1ad93b27454a97794b09830c728b1dbfb472bfd2,5436043
EV-896450393158,45d02cf26b5e691881a6a049036167ef09ff647bcfc890462ebc0425d5232e79,E051/GARD/pre_onset/E051_GARD_PreOnset_Search_War-Risk_Captured-2026-09-11.pdf,E051,pre_onset,GARD,metadata/manual PDF,,extracted,texts/45d02cf26b5e691881a6a049036167ef09ff647bcfc890462ebc0425d5232e79.json,44,31bab115e7ec3ffe41d88c9738be7ca851147075d566279f2d576158d6c74416,8317177
EV-AF84484BFF6A,b7aa310ea6b9a482e9025b40e0dcbd173ff6491b2e82729c2708b55b2180e71f,E051/GARD/pre_onset/E051_GARD_PreOnset_Search_War-Risk_Page-02_Captured-2026-09-11.pdf,E051,pre_onset,GARD,metadata/manual PDF,,extracted,texts/b7aa310ea6b9a482e9025b40e0dcbd173ff6491b2e82729c2708b55b2180e71f.json,45,97e4e77bfe3c295cf11cdf894a24eb335781a321deba7478b9af06b1950e0b77,4730169
EV-58DDDF5A491B,5a7106df1d92b7aee153c77158ab56d9077e96fd2004cf871e00ce75630234fd,E051/GARD/pre_onset/E051_GARD_PreOnset_Search_War-Risk_Page-03_Captured-2026-09-11.pdf,E051,pre_onset,GARD,metadata/manual PDF,,extracted,texts/5a7106df1d92b7aee153c77158ab56d9077e96fd2004cf871e00ce75630234fd.json,46,e76734176085f47c509000db85641203d28a3fd04ca0e01e8d2d8cc8ea7be1aa,921375
EV-0EA189C62073,be55098478e589a27f1de5a18cd54ef20d49af3c3333943ee1386e71071cdc74,E051/GARD/pre_onset/E051_GARD_PreOnset_Search_War-Risk_Page-04_Captured-2026-09-11.pdf,E051,pre_onset,GARD,metadata/manual PDF,,extracted,texts/be55098478e589a27f1de5a18cd54ef20d49af3c3333943ee1386e71071cdc74.json,47,a374585d05cd66648af435741734d967ab127166b5709d8e0d2cf0e35f4a32c0,931533
EV-7273D46393BC,7e20c3c9737208837225847517726ff29cfdf5c2d6a6964c4e33c8fa2fd98eda,E051/GARD/pre_onset/E051_GARD_PreOnset_Search_War-Risk_Page-05_Captured-2026-09-11.pdf,E051,pre_onset,GARD,metadata/manual PDF,,extracted,texts/7e20c3c9737208837225847517726ff29cfdf5c2d6a6964c4e33c8fa2fd98eda.json,48,e28050d9c9a22dce3f3c955fe5798c05259dcd765a2eecc92c03c8397b549cfb,4269802
EV-4E0C19A50A46,0425e560386c72719c2206f9dbbea566298c7028f4a7cd4133370ec43f6d6aa7,E051/GARD/pre_onset/E051_GARD_PreOnset_Search_War-Risk_Page-06_Captured-2026-09-11.pdf,E051,pre_onset,GARD,metadata/manual PDF,,extracted,texts/0425e560386c72719c2206f9dbbea566298c7028f4a7cd4133370ec43f6d6aa7.json,49,9481cf5a968beac0bc0616d7e8dc4258c6dd6c3aeca3c0b6dba356a7996624db,1947706
EV-B71E38BA40A0,7d4d216c7aaa4ea67c2e11ad022ed429a5b4a3131f98dc94de0de01b893548e4,E051/GARD/pre_onset/E051_GARD_PreOnset_Search_War-Risk_Page-07_Captured-2026-09-11.pdf,E051,pre_onset,GARD,metadata/manual PDF,,extracted,texts/7d4d216c7aaa4ea67c2e11ad022ed429a5b4a3131f98dc94de0de01b893548e4.json,50,6241b62a6ae8936a6e77d2aac31326a44ad395497b01f46109c8c7669bec75b8,1455907
EV-11769EF92C64,629ed482242b3c71edf86a461e430f078d85fbc3810eacd37467d1344f51427b,E051/GARD/pre_onset/E051_GARD_PreOnset_Sitemap_Captured-2026-09-11.pdf,E051,pre_onset,GARD,metadata/manual PDF,,extracted,texts/629ed482242b3c71edf86a461e430f078d85fbc3810eacd37467d1344f51427b.json,51,91c787121d70240dc5c194740240cdbb769f1af852793f668ab19733be6e22ed,46986
EV-103258AE9ECC,df761598928c937850a48d41260f7445ae56e25a8d1a792c1b4430f04be299d9,E051/IUA_JWC_LMA/onset/E051_IUA_JWC_JWLA-033_issued-2026-03-03.pdf,E051,onset,IUA_JWC_LMA,metadata/manual PDF,,extracted,texts/df761598928c937850a48d41260f7445ae56e25a8d1a792c1b4430f04be299d9.json,3,ff2007c05e2759c19bd2134cbc54a3d536b0895c6f2a3a9358ec84629bf8eded,208144
EV-75A7F3538179,537f4cf057867f1812909088dd32284157bf2d357f48fc85f5fcc986172e926a,E051/IUA_JWC_LMA/pre_onset/E051_LMA_PreOnset_Listed-Areas_Search-Audit_Captured-2026-09-11.pdf,E051,pre_onset,IUA_JWC_LMA,metadata/manual PDF,,extracted,texts/537f4cf057867f1812909088dd32284157bf2d357f48fc85f5fcc986172e926a.json,52,ecf3249541fea96fe719a5e6eace7a30af57347ddd15c12cb13d59d42eccccae,1336717
EV-DB4A3E8ABFC0,7cb2953ce534988a0cddfdd289c7c6a565aa36a99ebde6db4391f91fa8446544,E051/MARAD/onset/E051_MARAD_2026-0001B_effective-2026-03-06.pdf,E051,onset,MARAD,metadata/manual PDF,,extracted,texts/7cb2953ce534988a0cddfdd289c7c6a565aa36a99ebde6db4391f91fa8446544.json,4,4eaa67c3c942e7afa1508017d4532ea9279bb3da3c3402fa24e9c7707c95dac5,274986
EV-53A874A71025,bbd274aa6211059d544e4f11601d5503d02a6a60e0ad05e26033343120567aab,E051/MARAD/onset/E051_MARAD_2026-001A_effective-2026-02-28.pdf,E051,onset,MARAD,metadata/manual PDF,,extracted,texts/bbd274aa6211059d544e4f11601d5503d02a6a60e0ad05e26033343120567aab.json,5,f0a8aa74bb215ecb13f99f9e8fa7d84738a002d715188df8d3d9d13ff2b0f1d3,280011
EV-1B979F33AB96,85f97cd9d32d3e3521843b3a308d260403d8d712741aa65a55322ed177532fe8,E051/MARAD/pre_onset/E051_MARAD_Search_PreOnset_2026-01-27_to_2026-02-25.pdf,E051,pre_onset,MARAD,metadata/manual PDF,,extracted,texts/85f97cd9d32d3e3521843b3a308d260403d8d712741aa65a55322ed177532fe8.json,6,930c8f47010a9b3121f3e20522b8bca849c127ac78e8b1146030854560dbefd1,252759
EV-53C26520CBE2,b8865cfc5bdb980de66e9154773088af9495bb0a385e3cc55963032d0e56f0e5,E051/UKMTO_ADVISORY/onset/20260228-UKMTO_ADVISORY_003-26-UPDATE_01.pdf,E051,onset,UKMTO_ADVISORY,metadata/manual PDF,,extracted,texts/b8865cfc5bdb980de66e9154773088af9495bb0a385e3cc55963032d0e56f0e5.json,10,669febb8ac27852a6a2955028e5458c5d9bda9ea126b3dd562bcd7246235298a,139321
EV-5B8C2899115E,c7afb2663b9ab390416283276738c4a3813573ae7e58d0f9abf54e187421c006,E051/UKMTO_ADVISORY/onset/20260228-UKMTO_ADVISORY_003-26.pdf,E051,onset,UKMTO_ADVISORY,metadata/manual PDF,,extracted,texts/c7afb2663b9ab390416283276738c4a3813573ae7e58d0f9abf54e187421c006.json,11,52749ac23e1dbeb4938dfd13a6ff8356496c41d80fe1e6a6cc8314241ff020c6,248106
EV-D02B64784285,3b3b30ff51e50c6fa74544fbfa039728b8f57ef46d7725c86a326a7644cbf0a4,E051/UKMTO_ADVISORY/onset/20260301-UKMTO_ADVISORY_003-26-UPDATE_002.pdf,E051,onset,UKMTO_ADVISORY,metadata/manual PDF,,extracted,texts/3b3b30ff51e50c6fa74544fbfa039728b8f57ef46d7725c86a326a7644cbf0a4.json,12,34e57f1bf2b82e3e77ceea4923ac75c72a9a2fcbdf4e85f710e529f909ba5981,132811
EV-64A936241501,ce313bd01498ad4ea349c5bdc3368613ae4db7ca545e929cce10743c5b08bd11,E051/UKMTO_ADVISORY/pre_onset/20260203-UKMTO_ADVISORY_001-26.pdf,E051,pre_onset,UKMTO_ADVISORY,metadata/manual PDF,,extracted,texts/ce313bd01498ad4ea349c5bdc3368613ae4db7ca545e929cce10743c5b08bd11.json,9,cb3f98d1d228ec794873465d46b4f38f1f0357e08c38d213c4d2b671502d93b1,223125
EV-66DAAC08A20C,731469409e2faf7b4e9e6c0d4f6d279123be0dcacd4b84ea2f1bb17afcdf38b9,E051/UKMTO_WARNING/onset/20260301-UKMTO_WARNING_004-26.pdf,E051,onset,UKMTO_WARNING,metadata/manual PDF,,extracted,texts/731469409e2faf7b4e9e6c0d4f6d279123be0dcacd4b84ea2f1bb17afcdf38b9.json,13,8cb1f6f4ffbdf9855d27a87c8ca31c472873b5a188a8bdf146f06938cd66c6e4,238182
EV-7EC6BE2F0630,e4d415ae4d13a77756f9dc11c51fc1d856b33669a15271c6b02805c82b5fd777,E051/UKMTO_WARNING/onset/20260301-UKMTO_WARNING_005-26.pdf,E051,onset,UKMTO_WARNING,metadata/manual PDF,,extracted,texts/e4d415ae4d13a77756f9dc11c51fc1d856b33669a15271c6b02805c82b5fd777.json,14,d92ba369eedbecc9427f4291f03705d450232072607c707d0b9d8d9f5334ae64,251148
EV-0C22FD126ABC,902794191370d5e6959e67ddfbb5661f23e22347ae16d153bf9c6076d6425c19,E051/UKMTO_WARNING/onset/20260301-UKMTO_WARNING_006-26.pdf,E051,onset,UKMTO_WARNING,metadata/manual PDF,,extracted,texts/902794191370d5e6959e67ddfbb5661f23e22347ae16d153bf9c6076d6425c19.json,15,b94b0aa72ff91699ac738a92bbe2298c37a3fe96736bca0a61cc30666d3413a1,241674
EV-F693765FAE7D,d59984f571d570a935ae79a4cb99de7bf3427d77b8e147334e3de3d3e281dddb,E051/UKMTO_WARNING/onset/20260301-UKMTO_WARNING_007-26.pdf,E051,onset,UKMTO_WARNING,metadata/manual PDF,,extracted,texts/d59984f571d570a935ae79a4cb99de7bf3427d77b8e147334e3de3d3e281dddb.json,16,536f8087964e6ee94ba352197f37895d33f9260bccb3a135a84bdd68ed7acc4d,282355
EV-8274B87424D4,f3237190139ee139d864be0f0105f46e3e49b12c26919ca870ddd4dffd15d7e3,E051/UKMTO_WARNING/onset/20260302-UKMTO_WARNING_005-26-UPDATE_001.pdf,E051,onset,UKMTO_WARNING,metadata/manual PDF,,extracted,texts/f3237190139ee139d864be0f0105f46e3e49b12c26919ca870ddd4dffd15d7e3.json,17,fee45e84cde5a8ad975e14f598a5a7fd67f1aee224f54b278a6468d58b243dbb,254789
EV-ECF66EBE96A9,096fa7df9085dd0d887638da6ada9b12273c87518084fd263c972f45cb9e4584,E051/UKMTO_WARNING/onset/20260302-UKMTO_WARNING_008-26.pdf,E051,onset,UKMTO_WARNING,metadata/manual PDF,,extracted,texts/096fa7df9085dd0d887638da6ada9b12273c87518084fd263c972f45cb9e4584.json,18,95685368c8fc1a6f1bc4f8a01eaa6bcbb25e2590b6885cd7ecffba4e15b5dd51,216287
EV-E4EB851B78C8,e9c189711a49d4d5da8467c2ed7d101e22c93aba54cc97af3c07322a641e9ced,E051/UKMTO_WARNING/onset/20260303-UKMTO_WARNING_009-26.pdf,E051,onset,UKMTO_WARNING,metadata/manual PDF,,extracted,texts/e9c189711a49d4d5da8467c2ed7d101e22c93aba54cc97af3c07322a641e9ced.json,19,833f144f8b216e153e978dfe3369c477b240b4e75fa6e4bfb6487b450b9e642d,261007
EV-AEA7F16BF706,33a049b80750fcc49c9f2099f09d74243af5fb49a36f7ce9d59c767f50f0a700,E051/UKMTO_WARNING/onset/20260304-UKMTO_WARNING_010-26.pdf,E051,onset,UKMTO_WARNING,metadata/manual PDF,,extracted,texts/33a049b80750fcc49c9f2099f09d74243af5fb49a36f7ce9d59c767f50f0a700.json,20,be9a4864c70b387133566deee7467b29bbd5d7098eee1c4768eead524ec6a078,228997
EV-2291492A1206,92443ff866921eb4ffcb157d464b94cf0c3ede00af4f0d0ff5c8ab3a34fd11e3,E051/UKMTO_WARNING/onset/20260304-UKMTO_WARNING_011-26.pdf,E051,onset,UKMTO_WARNING,metadata/manual PDF,,extracted,texts/92443ff866921eb4ffcb157d464b94cf0c3ede00af4f0d0ff5c8ab3a34fd11e3.json,21,b263025e6f6e0b33c3e3ba375e8c812c513b8a4a228560ac05b561f1017ad77c,227011
EV-37B2539EB42B,7a12fe69184ea19762ef3c83683587188f654e5a64bc251e0d2cff346aeee420,E051/UKMTO_WARNING/onset/20260304-UKMTO_WARNING_012-26-UPDATE_001.pdf,E051,onset,UKMTO_WARNING,metadata/manual PDF,,extracted,texts/7a12fe69184ea19762ef3c83683587188f654e5a64bc251e0d2cff346aeee420.json,22,9cae3d071adfd302fad576c82eef77cad1b6ea8382009cfd8a1bd4355c5da4ad,234170
EV-0CF723975609,6848bb2c6750cfbd10ed4ff055bc63f316e0d832b1f33dc5bbff7f162e948fe2,E051/UKMTO_WARNING/onset/20260304-UKMTO_WARNING_012-26.pdf,E051,onset,UKMTO_WARNING,metadata/manual PDF,,extracted,texts/6848bb2c6750cfbd10ed4ff055bc63f316e0d832b1f33dc5bbff7f162e948fe2.json,23,e56bb9daabfc7b99b70432a8c65fec97daeddd93d74eeb38a3de6c25325e5d0a,229954
EV-45A556494475,08fcdedc185c359f8e4ca85b3adc1a95912cc98daa793f3d6889c0b07ab56635,E051/UKMTO_WARNING/onset/20260304-UKMTO_WARNING_013-26.pdf,E051,onset,UKMTO_WARNING,metadata/manual PDF,,extracted,texts/08fcdedc185c359f8e4ca85b3adc1a95912cc98daa793f3d6889c0b07ab56635.json,24,e52be75510cbaa60f8ae5d603949d38cb386514c0c28e7869ce6990bc52a4e26,241899
EV-67E99D84A7AA,22af59f6442dfc6a276ad0a9c9aefbaeec5e886c51a4e1cd016b51da097bdbf4,E051/UKMTO_WARNING/onset/20260304-UKMTO_WARNING_014-26-UPDATE_001.pdf,E051,onset,UKMTO_WARNING,metadata/manual PDF,,extracted,texts/22af59f6442dfc6a276ad0a9c9aefbaeec5e886c51a4e1cd016b51da097bdbf4.json,25,f8f1ae29127a9a24cd1f1a98e8e6b6892a685f616505f431e6391ec1624a3774,256397
EV-F7D8BAA969D1,a1dc892a829a35e0502d2f65b47d6c54bf033d0c51f0f1b09bcdfeea356f603a,E051/UKMTO_WARNING/onset/20260304-UKMTO_WARNING_014-26.pdf,E051,onset,UKMTO_WARNING,metadata/manual PDF,,extracted,texts/a1dc892a829a35e0502d2f65b47d6c54bf033d0c51f0f1b09bcdfeea356f603a.json,26,975ccb887fdd9847887d8b25a5011861e51ae78423fbd39107630e11658aeab9,249318
EV-F7319C9D359B,24c275df01938ab3b282218352889b21cfdb01b1d0551cb928d02d62f6bcedfd,E051/UKMTO_WARNING/onset/20260306-UKMTO_WARNING_015-26.pdf,E051,onset,UKMTO_WARNING,metadata/manual PDF,,extracted,texts/24c275df01938ab3b282218352889b21cfdb01b1d0551cb928d02d62f6bcedfd.json,27,690a8c4a8397d606b4f3828ab427c6e270e8134cfe715bb614dd9125ed1a9f84,213663
EV-112A77A38F81,7d26187564b8762ab428c64522820e18dcfcc53abe4e09591030b785abb63227,E051/UKMTO_WARNING/onset/20260307-UKMTO_WARNING_016-26-UK-OS-UPDATE_001.pdf,E051,onset,UKMTO_WARNING,metadata/manual PDF,,extracted,texts/7d26187564b8762ab428c64522820e18dcfcc53abe4e09591030b785abb63227.json,28,c24fc66164ee988d45177a1dacb3d84e1c62715de415298194e0c53d2cc4e2eb,236962
EV-AB9FC91ACBCB,b0f0cb6c403f214c1060d88e852386b5e010c9a58c66ea86102f64c2d6e46154,E051/UKMTO_WARNING/onset/20260307-UKMTO_WARNING_016-26-UK-OS.pdf,E051,onset,UKMTO_WARNING,metadata/manual PDF,,extracted,texts/b0f0cb6c403f214c1060d88e852386b5e010c9a58c66ea86102f64c2d6e46154.json,29,35e8b1dfb0cb5bfba5e46fc35cd8e87906a4078b9313701277cd758d5ac5b2ee,231771
EV-B2B824400328,5fabeebe6a541762800e5df35f85fe4924639adc17fc6f6611fd300650b308bd,E051/UKMTO_WARNING/onset/20260310-UKMTO_WARNING_017-26.pdf,E051,onset,UKMTO_WARNING,metadata/manual PDF,,extracted,texts/5fabeebe6a541762800e5df35f85fe4924639adc17fc6f6611fd300650b308bd.json,30,7c944830e415670ff2e141d14e8137ac62bccf4f7672165ec7a6f1b8243926e9,221416
EV-66F5BAFD6C82,90c27e74095070693f88d918dcd29c59525cf304abb818a4692b5f23570cc714,E051/UKMTO_WARNING/onset/20260311-UKMTO_WARNING_018-26-UPDATE_001.pdf,E051,onset,UKMTO_WARNING,metadata/manual PDF,,extracted,texts/90c27e74095070693f88d918dcd29c59525cf304abb818a4692b5f23570cc714.json,31,eeeb46adb5a315f0dcb88406e6d08ce1d3dc0c5a5b5de7600c0d334a0429696b,318347
EV-2C573A84DA75,4e1ccb838582a7cdb9b3a0bb8846ffe0133f88455842fb18f293d8817f9eafb8,E051/UKMTO_WARNING/onset/20260311-UKMTO_WARNING_018-26.pdf,E051,onset,UKMTO_WARNING,metadata/manual PDF,,extracted,texts/4e1ccb838582a7cdb9b3a0bb8846ffe0133f88455842fb18f293d8817f9eafb8.json,32,f9cb5106e098043cac70543b1ec85ce37d875b07704473a8868d55d187db25ce,317901
EV-CD4136C47B95,674d1c534aab1ec855ca59f47067face0d9e09a7e8a14d879a51ac7b006a7429,E051/UKMTO_WARNING/onset/20260311-UKMTO_WARNING_019-26.pdf,E051,onset,UKMTO_WARNING,metadata/manual PDF,,extracted,texts/674d1c534aab1ec855ca59f47067face0d9e09a7e8a14d879a51ac7b006a7429.json,33,8a89fa3193125b997c7b62027ed50c706b96a9207caa861cfcf674fb93356961,318733
EV-78461BFB3545,afa56e1c8bd85a34832341aabc012acef3af414dbc3baf2a4ac7e9de878eaa08,E051/UKMTO_WARNING/onset/20260311-UKMTO_WARNING_020-26.pdf,E051,onset,UKMTO_WARNING,metadata/manual PDF,,extracted,texts/afa56e1c8bd85a34832341aabc012acef3af414dbc3baf2a4ac7e9de878eaa08.json,34,5cd6deca1713d7848ff7533c3916d0dcd051edbea88a4d6e63e0febd72eeda8b,260797
EV-CBC5C7818442,35515481beede5e213a4e0663582959313c5b3884b2f331c0ceb34ca14bd5e15,E051/UKMTO_WARNING/onset/20260311-UKMTO_WARNING_021-26-UPDATE_001.pdf,E051,onset,UKMTO_WARNING,metadata/manual PDF,,extracted,texts/35515481beede5e213a4e0663582959313c5b3884b2f331c0ceb34ca14bd5e15.json,35,3fa6f55c5c9fd56231d3c6edb8c4d880b1f82c5fad6254d20f88fc9b1d7da359,209318
EV-64F93AB27157,c0b3baac7c1b17614ea5d9d9ac55966ee54bd8b43ab01ac86151f1a965e27813,E051/UKMTO_WARNING/onset/20260311-UKMTO_WARNING_021-26.pdf,E051,onset,UKMTO_WARNING,metadata/manual PDF,,extracted,texts/c0b3baac7c1b17614ea5d9d9ac55966ee54bd8b43ab01ac86151f1a965e27813.json,36,6965db735899bf198713854fe663edf2d2fba3cd7edd7a5677e82351f2be5beb,220786
EV-1F5FE85CF7AF,ed1be8a30a355eabb9c7f0fcc83996b78724befd81ffdd45d2bc440f42203983,E051/UKMTO_WARNING/onset/20260312-UKMTO_WARNING_022-26.pdf,E051,onset,UKMTO_WARNING,metadata/manual PDF,,extracted,texts/ed1be8a30a355eabb9c7f0fcc83996b78724befd81ffdd45d2bc440f42203983.json,37,cea406eb42b322db337a46aaad28ad679999cef7bdb6026dfc893339d1195cb8,235479
EV-7135563E567E,e1827ad3cb4b40b3641ba7e8e856e6114a5ed0f5b390d9b8a21a28af7635e0ef,E051/UKMTO_WARNING/pre_onset/E051_UKMTO_Warnings_PreOnset_February-2026_two-excluded-no-Hormuz-records.pdf,E051,pre_onset,UKMTO_WARNING,metadata/manual PDF,,extracted,texts/e1827ad3cb4b40b3641ba7e8e856e6114a5ed0f5b390d9b8a21a28af7635e0ef.json,7,918899e7d795668f91f3f6c809cdd5cb93b0ef82a49fb9d02e534d8b166dc1cb,106287
EV-6FC9BEA785DB,88633bb18c984f51d96aadda7440902701da95ae939db7134d8767e76391b455,E051/UKMTO_WARNING/pre_onset/E051_UKMTO_Warnings_PreOnset_January-2026_zero-records.pdf,E051,pre_onset,UKMTO_WARNING,metadata/manual PDF,,extracted,texts/88633bb18c984f51d96aadda7440902701da95ae939db7134d8767e76391b455.json,8,aae44c37da64b7c85c88e73b368b80dba18d796fcaafafcc74cee44ac2ad1dd4,96636
EV-45768F08B6B1,9c606a0b78ac18f66f1859c56447cdd911331279d4049151164d087bc10f50a2,MARAD/E038_MARAD_onset__all-alerts.pdf,E038,onset,MARAD,metadata/manual PDF,,extracted,texts/9c606a0b78ac18f66f1859c56447cdd911331279d4049151164d087bc10f50a2.json,73,9ec1c47c0d529b3f539a04749198b11f3c28d611ea9e65a9397646f6d689bfb1,252925
EV-49145D2C2F20,1cf2d79d0aae6b3ba674820a14729f45ba6a5f9a1388419eae8417ef2acad586,MARAD/E038_MARAD_pre_onset__all-alerts.pdf,E038,pre_onset,MARAD,metadata/manual PDF,,extracted,texts/1cf2d79d0aae6b3ba674820a14729f45ba6a5f9a1388419eae8417ef2acad586.json,53,74bb40e0c18593945242865a726b4c33a1a038117287909c989a1f9abd7cb93f,251714
EV-8A69BE1C38A3,e8ff66f5c697f531f07ae8b620369e95d8c35090571a2aa69551abc3dc17f335,MARAD/E042_MARAD_onset__all-alerts.pdf,E042,onset,MARAD,metadata/manual PDF,,extracted,texts/e8ff66f5c697f531f07ae8b620369e95d8c35090571a2aa69551abc3dc17f335.json,113,b8055db643392d6f42340fbb19da5e08007646d71f37e8e2ca65b771de1085a6,252524
EV-7070BC261290,5605315d7beb0c63225405e59ed97d52a7b3c2952a12c5526b0dbfb0560e0978,MARAD/E042_MARAD_pre_onset__all-alerts.pdf,E042,pre_onset,MARAD,metadata/manual PDF,,extracted,texts/5605315d7beb0c63225405e59ed97d52a7b3c2952a12c5526b0dbfb0560e0978.json,93,f4c48816474666c5bebc103aa9c1c9090f1ab899ef8f7f515e4bbe2fbb6d7ab9,254315
EV-0CBCCD6B488D,9b8d61bc82605f806c9d240bfb69d17e8402945740774ff05290fff8c334745b,MARAD/E045_MARAD_onset__all-alerts.pdf,E045,onset,MARAD,metadata/manual PDF,,extracted,texts/9b8d61bc82605f806c9d240bfb69d17e8402945740774ff05290fff8c334745b.json,153,16860c94fefa1172b7f4c126e17445e3cc2b57d3249e07cdd3abf374dbaff623,252683
EV-9812AB87FC6B,f7b6c823854a2217109370cb3e3c6e404b579537c150c094348bac56cee5be33,MARAD/E045_MARAD_pre_onset__all-alerts.pdf,E045,pre_onset,MARAD,metadata/manual PDF,,extracted,texts/f7b6c823854a2217109370cb3e3c6e404b579537c150c094348bac56cee5be33.json,133,eac1eed4b56bf08b4ea86c0d270a8a8104a795b3395b17bd510fe5b1779e851f,252870
EV-134E3012B640,733cac110902a00790be3017e0d1dcf4f2a558cd6e05fb12fa13c09b74356fcc,Shared/Gard/E042_GARD_GPS-interference_published-2025-07-22.pdf,E042,pre_onset,GARD,metadata/manual PDF,,extracted,texts/733cac110902a00790be3017e0d1dcf4f2a558cd6e05fb12fa13c09b74356fcc.json,194,95795e4dc82edeba79901ffddddc877a7232aa06a02e4ef14e2848d36d24ff1d,484789
EV-CB335E144739,18363d1d97d37223b53524fce41d2cd010a34f39ddbdfce57b7eadcfce19cd0c,Shared/Gard/Gard_Sitemap.pdf,"E038, E042, E045","onset, pre_onset",GARD,metadata/manual PDF,,extracted,texts/18363d1d97d37223b53524fce41d2cd010a34f39ddbdfce57b7eadcfce19cd0c.json,"54, 74, 94, 114, 134, 154",828b979f30db8d7d3e6eb705b92ca78850ea186af0820d62701d2f0e5e8a7a83,73730
EV-1EB92CE23775,daac667780825cad5fafac4ca1b3154868fce658a11b467073c3c8e1f6cc2b4c,Shared/Gard/Gulf_of_Oman.pdf,"E038, E042, E045","onset, pre_onset",GARD,metadata/manual PDF,,extracted,texts/daac667780825cad5fafac4ca1b3154868fce658a11b467073c3c8e1f6cc2b4c.json,"55, 75, 95, 115, 135, 155",90a2340d7bbbdbd4681b16a7ac5d2a87e8ba269a20480ba04e76932642f30ed8,2551271
EV-50EEA13E7AA5,e29669cf76b7be6b7529254cbea1996be9ab827226884f494dee1e8b960d3d39,Shared/Gard/Hormuz.pdf,"E038, E042, E045","onset, pre_onset",GARD,metadata/manual PDF,,extracted,texts/e29669cf76b7be6b7529254cbea1996be9ab827226884f494dee1e8b960d3d39.json,"56, 76, 96, 116, 136, 156",af66d6658f82bb1bbf6d7672ba2cc446e0ee63009ddd00058f977bac7bd71fac,3884226
EV-7B50DB00AC3D,e1c6c65f16a866c34d6ed05c8dd9577258ebdf62c21bfc2eb804efc409f130da,Shared/Gard/Iran_Page1.pdf,"E038, E042, E045","onset, pre_onset",GARD,metadata/manual PDF,,extracted,texts/e1c6c65f16a866c34d6ed05c8dd9577258ebdf62c21bfc2eb804efc409f130da.json,"57, 77, 97, 117, 137, 157",32e2b61d33c29b3a9fd09c68f55bb55bbd28bc0ea9bc9be96f20b5a44e18bfbe,4802322
EV-34B6D831006A,0d02c0d9a178bb4a8c7b9c81abd6cc8c33a2a28578c69521e9550c631677dc5d,Shared/Gard/Iran_Page2.pdf,"E038, E042, E045","onset, pre_onset",GARD,metadata/manual PDF,,extracted,texts/0d02c0d9a178bb4a8c7b9c81abd6cc8c33a2a28578c69521e9550c631677dc5d.json,"58, 78, 98, 118, 138, 158",e68f9d4db51d439e5b037f12494f794f8fe33e546af98cf225e1c9c25a20abd2,3602778
EV-8D8E5EC421E9,895c35391f216d83f770d5659373b92869952b3d7e066dae18936573f805b526,Shared/Gard/Persian_Gulf.pdf,"E038, E042, E045","onset, pre_onset",GARD,metadata/manual PDF,,extracted,texts/895c35391f216d83f770d5659373b92869952b3d7e066dae18936573f805b526.json,"59, 79, 99, 119, 139, 159",8fa997371bcac62cdb82999a2698336ad343712f46ea60f4d9751be16c204c3c,5435970
EV-1B003431D890,729b1bb3f1de986ca5bc45b2288223870c27ba60685b228459beb1fc6a6e8188,Shared/Gard/Shared_Gard_Search_navigational-warning_retrieved-2026-09-12.pdf,"E038, E042, E045","onset, pre_onset",GARD,metadata/manual PDF,,extracted,texts/729b1bb3f1de986ca5bc45b2288223870c27ba60685b228459beb1fc6a6e8188.json,"60, 80, 100, 120, 140, 160",b8fc25eeea270ee0f55fc87abb4941ee9aee2baff89d0fa2a084a45a9711171f,10445482
EV-74CD26A9BC3C,1031afdbd323baab5feff05b7e4c81dfcdf2b9b235d2298b011efeeab284e736,Shared/Gard/war_risk_page1.pdf,"E038, E042, E045","onset, pre_onset",GARD,metadata/manual PDF,,extracted,texts/1031afdbd323baab5feff05b7e4c81dfcdf2b9b235d2298b011efeeab284e736.json,"61, 81, 101, 121, 141, 161",296a5a33395a346523811249f43dfb6ad69af799769b0222a4c6c261bbb134dc,8317123
EV-E9DE0DB633A4,c68db5d501a5e600192ecb0705b83c37199361d637ea86b9db14f1b165d392e1,Shared/Gard/war_risk_page2.pdf,"E038, E042, E045","onset, pre_onset",GARD,metadata/manual PDF,,extracted,texts/c68db5d501a5e600192ecb0705b83c37199361d637ea86b9db14f1b165d392e1.json,"62, 82, 102, 122, 142, 162",10b5f0e9ac6db959fe7a6a7bb8ad6863cc86261f55714e59466ecc9658f8cfe2,4730220
EV-30EFE9622F90,b3a567a935a7a6545d5632bf1a53b09bf3c9ca09f127a04561dad92da2a6c14b,Shared/Gard/war_risk_page3.pdf,"E038, E042, E045","onset, pre_onset",GARD,metadata/manual PDF,,extracted,texts/b3a567a935a7a6545d5632bf1a53b09bf3c9ca09f127a04561dad92da2a6c14b.json,"63, 83, 103, 123, 143, 163",ef9ce6eac3176bed0d153fe19c8d41f98edc8968bca457a498d7c8005a8c864f,921339
EV-2BF642E0DD5C,313642e43771170259b9227c2929abb1a5c907c5e2509d4d5bc35c8803f05595,Shared/Gard/war_risk_page4.pdf,"E038, E042, E045","onset, pre_onset",GARD,metadata/manual PDF,,extracted,texts/313642e43771170259b9227c2929abb1a5c907c5e2509d4d5bc35c8803f05595.json,"64, 84, 104, 124, 144, 164",206bbc7ed956e343e213c86469bd6805bfb2172fd477b88ef877d89df7bbb8bf,931495
EV-860CB1436855,8742e90804c5d23711418cacd36bb3f779a82aa40a57207e4b9915f8e93e3154,Shared/Gard/war_risk_page5.pdf,"E038, E042, E045","onset, pre_onset",GARD,metadata/manual PDF,,extracted,texts/8742e90804c5d23711418cacd36bb3f779a82aa40a57207e4b9915f8e93e3154.json,"65, 85, 105, 125, 145, 165",f08a3ef73e5fb8feb0c7911255591f5566f2e3547a617ad8550d18d5445ecb91,4269408
EV-52F906659847,0955d34746021d3cae1cca840fd08d7939b5ec127d927c2bdccf39cef35d9bc8,Shared/Gard/war_risk_page6.pdf,"E038, E042, E045","onset, pre_onset",GARD,metadata/manual PDF,,extracted,texts/0955d34746021d3cae1cca840fd08d7939b5ec127d927c2bdccf39cef35d9bc8.json,"66, 86, 106, 126, 146, 166",6b88d4340d5761c4d4d3ba17ed8df3d124c87b07f0508e5e01be54c36fc92211,1947318
EV-3678F789A577,7b8435c8d0abc35ef42624a0fc519174da7441249eb0fcb207edb3f33b672825,Shared/Gard/war_risk_page7.pdf,"E038, E042, E045","onset, pre_onset",GARD,metadata/manual PDF,,extracted,texts/7b8435c8d0abc35ef42624a0fc519174da7441249eb0fcb207edb3f33b672825.json,"67, 87, 107, 127, 147, 167",4bbdd068877065247bf6391584be130142a16451732cfdfb2d540823e7f08012,1455539
EV-206FA826104C,b237c08e9b7e13cc014717ddb65d3ccd93c4bcad782fdb27a974f2e6209756fc,Shared/IUA-JWC/Shared_IUA_JWC_JWLA-032_issued-2023-12-18.pdf,"E038, E042, E045","onset, pre_onset",IUA_JWC_LMA,metadata/manual PDF,,extracted,texts/b237c08e9b7e13cc014717ddb65d3ccd93c4bcad782fdb27a974f2e6209756fc.json,"68, 88, 108, 128, 148, 168",c3343ba97fa167c9b3007171bc1756faa0a48e0bf399376da248e756dbe385b3,201988
EV-E2B11E9118E9,a4661edf771326f259ecff9d6b7a5c4e454b9fe24d2561b2e6cca4db61d808e6,Shared/IUA-JWC/Shared_IUA_JWC_JWLA-033_issued-2026-03-03.pdf,"E038, E042, E045","onset, pre_onset",IUA_JWC_LMA,metadata/manual PDF,,extracted,texts/a4661edf771326f259ecff9d6b7a5c4e454b9fe24d2561b2e6cca4db61d808e6.json,"69, 89, 109, 129, 149, 169",ff2007c05e2759c19bd2134cbc54a3d536b0895c6f2a3a9358ec84629bf8eded,208144
EV-CB8EE654CA1E,78595b6bdf7d1d59910aaab2c1d9987c3b92c6af3fa09cefc522c990c18a33ad,Shared/IUA-JWC/Shared_LMA_JWC_Minutes_2025-06-04_no-immediate-changes.pdf,"E038, E042, E045","onset, pre_onset",IUA_JWC_LMA,metadata/manual PDF,,extracted,texts/78595b6bdf7d1d59910aaab2c1d9987c3b92c6af3fa09cefc522c990c18a33ad.json,"70, 90, 110, 130, 150, 170",9bdc305ddd882ec04739ef16cb400b595f94e267a17fd2a179819ee4bf05a7d4,159907
EV-2788CE3314A6,f4c16af4f088586b0d84cccebc8fa55bfcc2a483ce3dbb242a67bbf16bd61c26,Shared_IUA_JWC_Risk_List_Index_retrieved-2026-09-12.pdf,"E038, E042, E045","onset, pre_onset",IUA_JWC_LMA,metadata/manual PDF,,extracted,texts/f4c16af4f088586b0d84cccebc8fa55bfcc2a483ce3dbb242a67bbf16bd61c26.json,"71, 91, 111, 131, 151, 171",9378447fd932bc0138f9c02b15c602a3f80fbd1856a92b166f56a55f3f486dba,170779
EV-92C5E77F3302,e4b9facc55c4c73d741185ac504b1b36bdd3b3dd90e8f7e1618d0d15b679029e,Shared_LMA_JWC_Listed-Areas_methodology_retrieved-2026-09-11.pdf,"E038, E042, E045","onset, pre_onset",IUA_JWC_LMA,metadata/manual PDF,,extracted,texts/e4b9facc55c4c73d741185ac504b1b36bdd3b3dd90e8f7e1618d0d15b679029e.json,"72, 92, 112, 132, 152, 172",043a51b0ceab19696f8024e84f2b763779cfb1cfe912b9989800991343d6ed98,1337165
EV-2D14D56AE07A,c9b438746dd31e2f5f698e9d610ecdbf2ca990a574d640431d363750a0a9b83a,UKMTO/Advisories/20250310_UKMTO_ADVISORY_INCIDENT 006-25.pdf,E038,onset,UKMTO_ADVISORY,metadata/manual PDF,,extracted,texts/c9b438746dd31e2f5f698e9d610ecdbf2ca990a574d640431d363750a0a9b83a.json,192,651c4bbea4641a9f08aaacd1cb300f1c00ac673735f5d4d1f0a21c5ea1ebf807,287325
EV-99FC40384DCE,2e9b60c42eb4a3fe82ca8f67eb985784d3faf7d3d76fc41821ae31a80e7bc418,UKMTO/Advisories/20250314_UKMTO_ADVISORY_INCIDENT 006-25-UPDATE 001.pdf,,,,metadata/manual PDF,,extracted,texts/2e9b60c42eb4a3fe82ca8f67eb985784d3faf7d3d76fc41821ae31a80e7bc418.json,,7f5ec4523bd137d6b9d110701088ed83a01b76f36db753803d84173877742a59,291106
EV-87F68405A9D5,e6ac649161f8e8f2d06964b271bb03dbb192eee2a67405ac6c1f42483ba335f3,UKMTO/Advisories/20250704-UKMTO_ADVISORY_INCIDENT_025-25-OSHMG UO.pdf,,,,metadata/manual PDF,,extracted,texts/e6ac649161f8e8f2d06964b271bb03dbb192eee2a67405ac6c1f42483ba335f3.json,,81a57e0855b9e17a05526ba04c57c1307a72e225b8b254f24300e944e9214849,243979
EV-1A31F5AA54A1,a57dbe37663323167b333e89ddf50791ad73da0ca762ab35ee61b001e214a6a4,UKMTO/Advisories/20250916-UKMTO_ADVISORY_031_25.pdf,E045,pre_onset,UKMTO_ADVISORY,metadata/manual PDF,,extracted,texts/a57dbe37663323167b333e89ddf50791ad73da0ca762ab35ee61b001e214a6a4.json,195,d297b28aa11f053e2306c97a8144906efc5e301c6285d3b6bc4e5a80097c04cb,244275
EV-519EFD7AB7DA,fca48f3f54ecd686ec54ec0157586836cc6e778df7bc64fed0e45890cfaf9e1c,UKMTO/Advisories/20251007-UKMTO_ADVISORY_034-25.pdf,E045,pre_onset,UKMTO_ADVISORY,metadata/manual PDF,,extracted,texts/fca48f3f54ecd686ec54ec0157586836cc6e778df7bc64fed0e45890cfaf9e1c.json,193,b2e461140f1d8b683c9815a251ec8e253868677097ca0a35f18101e731527ce8,222090
EV-CE545A6BD69A,580e49eb6ec93c8f1753fc1b540743f235350ff31bbccc2ce323547ed17f9278,UKMTO/Advisories/20251016 -UKMTO_ADVISORY_035-25-INTERIM-TELEPHONE-NUMBERS.pdf,E045,onset,UKMTO_ADVISORY,metadata/manual PDF,,extracted,texts/580e49eb6ec93c8f1753fc1b540743f235350ff31bbccc2ce323547ed17f9278.json,196,6965ff5dcab89ceaea5f9a422c522b5e39a6e4f939ba99c4a39dc6b4da223072,176118
EV-E29A64ABCA23,5010c506fd03da899d4ab16e770bacadf402e894a923e093cb85143d09a93fcd,UKMTO/Advisories/20251018-UKMTO_ADVISORY_036-25 - Update-002.pdf,E045,onset,UKMTO_ADVISORY,metadata/manual PDF,,extracted,texts/5010c506fd03da899d4ab16e770bacadf402e894a923e093cb85143d09a93fcd.json,197,ecc64e7a0b924ff8ecdbf004339ad9ff6e0590c03582e23e7016656979b72d5a,235196
EV-B21A2E3AE3CB,cbab7b72c3027cad26dfba6cda7b1b85795859b72e79e1b9773da0f8b70dcffa,UKMTO/Advisories/20251028-UKMTO_ADVISORY_037-25.pdf,,,,metadata/manual PDF,,extracted,texts/cbab7b72c3027cad26dfba6cda7b1b85795859b72e79e1b9773da0f8b70dcffa.json,,b328f9c3bb346eb2bb8d8e6666f316635b41c03c9d0dd9549d4926124bfe79ff,188597
EV-8A61095B6642,9ffc2e78d30c6edd62af749681d4ef9c8a1e1d3882ada46ef1a7aa2833b438d6,UKMTO/Advisories/20251028-UKMTO_ADVISORY_037-25_UPDATE 001.pdf,,,,metadata/manual PDF,,extracted,texts/9ffc2e78d30c6edd62af749681d4ef9c8a1e1d3882ada46ef1a7aa2833b438d6.json,,697a282a09bee5cdd2cc3d2f0d32e665364171105da9338ae5da53673147c61e,193292
EV-57FF6F7BA7E7,96b742e38ae0b38d68d6573a2d803d2a9f38403161a3565e4b66ffd892f15003,UKMTO/Advisories/20251031 -UKMTO_ADVISORY_038-25-INTERIM-TELEPHONE-NUMBERS.pdf,,,,metadata/manual PDF,,extracted,texts/96b742e38ae0b38d68d6573a2d803d2a9f38403161a3565e4b66ffd892f15003.json,,85f8515621305cd67a3e82a499c5c98aab6bcad37504e01aefe847e0dcd78d0b,124497
EV-CAC42CA5B74C,7d6285a1dfe43ea0fa9d1f6023902d294acfebf24ca9952555cc92a628cf34cc,UKMTO/Archive/E038_UKMTO_Advisories_2025-01_archive-all-records.pdf,E038,pre_onset,UKMTO_ADVISORY,metadata/manual PDF,,extracted,texts/7d6285a1dfe43ea0fa9d1f6023902d294acfebf24ca9952555cc92a628cf34cc.json,173,d5ecac056c37862d6609168f4934327e8eb99336a87a488b6db5ae95851d4774,101900
EV-38BBD21FF96B,1c2c0473a11f1adb02621eba7c0aec97a9404cc539e41109aa8d8e3ec7b83728,UKMTO/Archive/E038_UKMTO_Advisories_2025-02_archive-all-records.pdf,E038,"onset, pre_onset",UKMTO_ADVISORY,metadata/manual PDF,,extracted,texts/1c2c0473a11f1adb02621eba7c0aec97a9404cc539e41109aa8d8e3ec7b83728.json,"174, 175",9b2cfc0a75d1b95c5b370fcbeb26a2be1c360b7e1e50cb07c93d4eaaa03f5406,109579
EV-2AA9E55286D5,5f28fab0ac43b1cd09b908f67e9af646caba58366b292abc02903150dbc78fcf,UKMTO/Archive/E038_UKMTO_Advisories_2025-03_archive-all-records.pdf,E038,onset,UKMTO_ADVISORY,metadata/manual PDF,,extracted,texts/5f28fab0ac43b1cd09b908f67e9af646caba58366b292abc02903150dbc78fcf.json,176,943c0c814b483ade009112c648aee5a67eeb8aceb67d3de93eab5c0086b1466b,106548
EV-05684D04B66A,97a3d4f554424f12a793c8dc0d531f558a40ce71aaa2d2545677013bbdfcb518,UKMTO/Archive/E038_UKMTO_Warnings_2025-01_archive-all-records.pdf,E038,pre_onset,UKMTO_WARNING,metadata/manual PDF,,extracted,texts/97a3d4f554424f12a793c8dc0d531f558a40ce71aaa2d2545677013bbdfcb518.json,177,69bcdef5e4522744008a1b39ae557230c787b1b6d005ca903c4b93e399a0d07b,104281
EV-95B6ED6BA872,9195720d4a1d9f87a752434be24ebceb736b2983f953fff86eba75b53e0794fe,UKMTO/Archive/E038_UKMTO_Warnings_2025-02_archive-all-records.pdf,E038,"onset, pre_onset",UKMTO_WARNING,metadata/manual PDF,,extracted,texts/9195720d4a1d9f87a752434be24ebceb736b2983f953fff86eba75b53e0794fe.json,"178, 179",60a623b632a9a2c833f05bb772852ebeced1c94fd7a00865002c5f9b61f0c8e7,87923
EV-7C11DFE344ED,c3bdad5dee7f064471a46c61cc6a1287d8006d8b8505b8632237768591f8e567,UKMTO/Archive/E038_UKMTO_Warnings_2025-03_archive-all-records.pdf,E038,onset,UKMTO_WARNING,metadata/manual PDF,,extracted,texts/c3bdad5dee7f064471a46c61cc6a1287d8006d8b8505b8632237768591f8e567.json,180,e0b4b5c4630debb8cf170c89a5056e9c727fd58bf7690e5657d8f2c3778a8655,95232
EV-0ACC0F31CAC5,8182eafc08c32e3819997c14aff61b6e905bdf0ebdd8b20091e71eafdcec2050,UKMTO/Archive/E042_UKMTO_Advisories_2025-07_archive-all-records.pdf,E042,"onset, pre_onset",UKMTO_ADVISORY,metadata/manual PDF,,extracted,texts/8182eafc08c32e3819997c14aff61b6e905bdf0ebdd8b20091e71eafdcec2050.json,"181, 191",68e9720b594015037f6df1ee983f07747dc20dcf8e93ce9755249fc99b58f7eb,105291
EV-E42CFFE2CCBC,413530b725d0e16e4a334016f950988b47eb6a34e568b6bd99a9d211e879398b,UKMTO/Archive/E042_UKMTO_Warnings_2025-07_archive-all-records.pdf,E042,pre_onset,UKMTO_WARNING,metadata/manual PDF,,extracted,texts/413530b725d0e16e4a334016f950988b47eb6a34e568b6bd99a9d211e879398b.json,182,093936d3b4909dc4e6b50da9e3b8d8788c2d31d8669e6021db940ed296089772,130475
EV-B1D3F6873944,214419d64f683ed54013af15f0f23f2771be66d38f28caf15e4ed97ed4a5a782,UKMTO/Archive/E042_UKMTO_Warnings_2025-08_archive-all-records.pdf,E042,"onset, pre_onset",UKMTO_WARNING,metadata/manual PDF,,extracted,texts/214419d64f683ed54013af15f0f23f2771be66d38f28caf15e4ed97ed4a5a782.json,"183, 184",fa5bbebf14e03da8fc79224f30269ec8f3512b92b00f8fc2db445f514ca21b70,96634
EV-F5DEB89D1A05,92fae100ca1a1e3fe8398051ab1bbe9fe3cc42a8c535c74995ab17aafd06a713,UKMTO/Archive/E045_UKMTO_Advisories_2025-09_archive-all-records.pdf,E045,pre_onset,UKMTO_ADVISORY,metadata/manual PDF,,extracted,texts/92fae100ca1a1e3fe8398051ab1bbe9fe3cc42a8c535c74995ab17aafd06a713.json,185,75adc4473556b011cfca9f059aa72cddf44ddc97b3d2aec5381bca8c2502fcf8,98133
EV-8CFE6A0B5879,99fcc9252b2027a9c57fa741aeeb09fe4f15cc81dd97c783684efe382e6dc979,UKMTO/Archive/E045_UKMTO_Advisories_2025-10_archive-all-records.pdf,E045,"onset, pre_onset",UKMTO_ADVISORY,metadata/manual PDF,,extracted,texts/99fcc9252b2027a9c57fa741aeeb09fe4f15cc81dd97c783684efe382e6dc979.json,"186, 187",4177b4ec5dceef80af9b185db174518db8c52036cbeb7e671c09c56e5dc71b51,107743
EV-C8484D3AD168,f56e399ad1788fb7fe0ede87e12cc635153cea99587adc3c592dd9966b28f6a7,UKMTO/Archive/E045_UKMTO_Warnings_2025-09_archive-all-records.pdf,E045,pre_onset,UKMTO_WARNING,metadata/manual PDF,,extracted,texts/f56e399ad1788fb7fe0ede87e12cc635153cea99587adc3c592dd9966b28f6a7.json,188,6eeedefa90b735bef75062838c2b6d5e78a0bdd0f73ffbc8325007e48f9329e9,106062
EV-9665971FCABE,a7650cb407e94c9cee10b3f9c4b7a1bdcad3de53a9cccab5a17a82690ee5d046,UKMTO/Archive/E045_UKMTO_Warnings_2025-10_archive-all-records.pdf,E045,"onset, pre_onset",UKMTO_WARNING,metadata/manual PDF,,extracted,texts/a7650cb407e94c9cee10b3f9c4b7a1bdcad3de53a9cccab5a17a82690ee5d046.json,"189, 190",cd816e948b6db24bd59524e4f1ffd37a88053c9b390d1555eacbc6a7faccca24,106534
EV-BCE889F17B36,dae5b9b3640ab260a07193758618a5d5360d939309c8d64950eaf31034c76ed9,UKMTO/Warnings/20250124_INCIDENT 001-25_SUSPICIOUS APPROACH.pdf,,,,metadata/manual PDF,,extracted,texts/dae5b9b3640ab260a07193758618a5d5360d939309c8d64950eaf31034c76ed9.json,,4819c2f41e695ef8f8006e0975f259157edff9b3c5ef306b8ae236410ff11529,179404
EV-A6416BB7D465,b53ea6ced0d8fbf37d1ba6637ef5293e1f378d3d8279a96bdc555600f6d0af9d,UKMTO/Warnings/20250706-UKMTO_WARNING_INCIDENT_026-25 Update 001.pdf,,,,metadata/manual PDF,,extracted,texts/b53ea6ced0d8fbf37d1ba6637ef5293e1f378d3d8279a96bdc555600f6d0af9d.json,,3fb82277497756823bac740ac63cf8766e39cc67e44b34eb17f494393a8b56d5,238806
EV-8130655ECCEC,d424eda988283c464db369fb355c952970c275543c75d2c9f44d6238e40468a2,UKMTO/Warnings/20250706-UKMTO_WARNING_INCIDENT_026-25 Update 002-OSHMG UO.pdf,,,,metadata/manual PDF,,extracted,texts/d424eda988283c464db369fb355c952970c275543c75d2c9f44d6238e40468a2.json,,07897faeba367a3dcfe79330112cb269f108b41d8c2d8d05ac77b0ddcf50b7a7,239602
EV-EF3D7D4F640C,ac986599927cb118a5c14df7af0fe2c8f10acd78fc1f5c7b598392bb9e11ad9a,UKMTO/Warnings/20250706-UKMTO_WARNING_INCIDENT_026-25 Update 003-OSHMG UO.pdf,,,,metadata/manual PDF,,extracted,texts/ac986599927cb118a5c14df7af0fe2c8f10acd78fc1f5c7b598392bb9e11ad9a.json,,59d48b98308f8a7c48658f4568fcb3e2525692c1b3f8a46f8faf7763e63e74a0,242438
EV-6F3583C6EAF2,38ecfb9363d855406ef63131892977d054f1a3372e9f44d3b5fee8cbb68c3dd2,UKMTO/Warnings/20250706-UKMTO_WARNING_INCIDENT_026-25 Update 004.pdf,,,,metadata/manual PDF,,extracted,texts/38ecfb9363d855406ef63131892977d054f1a3372e9f44d3b5fee8cbb68c3dd2.json,,39bf22c38bd5c4d296d64544e8ab0fbdeace0d5aa8032c53d2349456345608e7,245732
EV-7AAE3EED4CE6,f93d4c8a0875fca3f8dbd7a7d4129fa1521f639c1bfa066470098cdfa37ddd12,UKMTO/Warnings/20250706-UKMTO_WARNING_INCIDENT_026-25-OSHMG UO.pdf,,,,metadata/manual PDF,,extracted,texts/f93d4c8a0875fca3f8dbd7a7d4129fa1521f639c1bfa066470098cdfa37ddd12.json,,39461f304f36b7c87ff005b158134ce813e812da8cb2a19bb9a45865c5749eb7,236726
EV-631988395E36,60bc7e9f012977c14ed8bbc5e782456be78d8eb931362c3d645e5445d2de7e95,UKMTO/Warnings/20250707-UKMTO_WARNING_INCIDENT_027-25-OSHMG UO.pdf,,,,metadata/manual PDF,,extracted,texts/60bc7e9f012977c14ed8bbc5e782456be78d8eb931362c3d645e5445d2de7e95.json,,963decb244c89eb509db8eb033fadef4c995204b454af24f126932ca73414ef1,210437
EV-BB9E0AD1936B,89a8cf29206e06691b905ef315a53542d1f295397592247e922ec3708a90d846,UKMTO/Warnings/20250707-UKMTO_WARNING_INCIDENT_027-25-UPDATE 001-OSHMG UO.pdf,,,,metadata/manual PDF,,extracted,texts/89a8cf29206e06691b905ef315a53542d1f295397592247e922ec3708a90d846.json,,015e85cff5206d7d73d0eecbe9359a08224ad74a973951f2e2b412fd67c49ba9,218723
EV-87C922E8AFA2,e5efbf5ed4f0cd9b6a123eecb34ac5151ead6fced850f4d748a629a3e98d4b27,UKMTO/Warnings/20250708-UKMTO_WARNING_INCIDENT_027-25-UPDATE 002.pdf,,,,metadata/manual PDF,,extracted,texts/e5efbf5ed4f0cd9b6a123eecb34ac5151ead6fced850f4d748a629a3e98d4b27.json,,471c46b006ff3d7147805b266b8f9e6d8a386fc7fe97405a2c0ce4b896df3b19,223405
EV-038A41BDC006,48232fbcc3f8af52cda8bf05373aa46cfbd9f3918d7151b02cf4ea429ae8a811,UKMTO/Warnings/20250709-UKMTO_WARNING_INCIDENT_027-25-UPDATE 003.pdf,,,,metadata/manual PDF,,extracted,texts/48232fbcc3f8af52cda8bf05373aa46cfbd9f3918d7151b02cf4ea429ae8a811.json,,d157d648be10a3141c83c641ca9ea7b47a370f3c61f73d66d4e55179b20a942b,224124
EV-4C037D43544C,9a878fd5421afa68566e4e4ea6850d44032d9b493e03161206b16d6678d86a43,UKMTO/Warnings/20250709-UKMTO_WARNING_INCIDENT_027-25-UPDATE 004.pdf,,,,metadata/manual PDF,,extracted,texts/9a878fd5421afa68566e4e4ea6850d44032d9b493e03161206b16d6678d86a43.json,,d322f51c75b1b8863b1c28210c7f57504e009c3ea9715c1f282fc8e34fbba23b,225651
EV-1A4FABD2E3CA,98bb9b0d512c91268276a175847db3049cffccb5932e834f8833d96956067fb1,UKMTO/Warnings/20250724 - UKMTO_WARNING_INCIDENT_028-25-OS-HMG UO.pdf,E042,pre_onset,UKMTO_WARNING,metadata/manual PDF,,extracted,texts/98bb9b0d512c91268276a175847db3049cffccb5932e834f8833d96956067fb1.json,198,a084b56e054730a04a1dbb5b5a023d258c20fc42b0ab3fedf18a9018f37aef94,253930
EV-D43DD7F5AE1A,aff704b2b6a06c16b4b30372dbf6d82ee387e08dab0262d10f13d8a6dd7a4b7d,UKMTO/Warnings/20250724 - UKMTO_WARNING_INCIDENT_028-25-update 001-OS-HMG UO.pdf,E042,pre_onset,UKMTO_WARNING,metadata/manual PDF,,extracted,texts/aff704b2b6a06c16b4b30372dbf6d82ee387e08dab0262d10f13d8a6dd7a4b7d.json,199,032014092137aaf351430912acd1a580ad709f553e457189da4c8695dcfc8b7e,260106
EV-AD7227DD778F,6531f547add67279f8e454a9dce321cb054c2f4d0942edb23fc7d8515279b097,UKMTO/Warnings/20250831-WARNING 029 - 25.pdf,,,,metadata/manual PDF,,extracted,texts/6531f547add67279f8e454a9dce321cb054c2f4d0942edb23fc7d8515279b097.json,,368e372f3b64bc45c9408cc6f5b4fd1fa4dd41c720cefc2a2936923f8ef1a6ee,199928
EV-6FDEE342679D,50541d2e04e4b6f13b4009acfae088771fb9e61d4c57d61ef102238003e53e26,UKMTO/Warnings/20250904 - UKMTO_WARNING_INCIDENT_030-25.pdf,,,,metadata/manual PDF,,extracted,texts/50541d2e04e4b6f13b4009acfae088771fb9e61d4c57d61ef102238003e53e26.json,,6053440731ca40a4ff3e0c52ed6a7ad1cc2567c76c4e5fad1fe65d047a992cda,262150
EV-F1DF3BE42D2E,99c5330ca229a4cb5cad6107e8c45020d90749e44ec8e84556da399bcab469c3,UKMTO/Warnings/20250923-UKMTO_WARNING_032-25.pdf,E045,pre_onset,UKMTO_WARNING,metadata/manual PDF,,extracted,texts/99c5330ca229a4cb5cad6107e8c45020d90749e44ec8e84556da399bcab469c3.json,200,6e44d8f827b7a6861b7e00044c843ff2793d72453e15c17d91198c76778d04af,243240
EV-218F368BB8F2,c48335dfa7e15f0e1f640edb243c5a7615d0c8de04e21d2885932a2ed431e869,UKMTO/Warnings/20250929_UKMTO_WARNING_033 -UPDATE 001.pdf,E045,pre_onset,UKMTO_WARNING,metadata/manual PDF,,extracted,texts/c48335dfa7e15f0e1f640edb243c5a7615d0c8de04e21d2885932a2ed431e869.json,201,dfd38414cc9c807abf97f766ffd7e88bbd7fd40e62d3e0bc74954db07a9c5c65,272322
EV-E892B392E427,18dc892ba10e08bc5bdba514c87de535f5d763d98b6d0c0ad7c61138de53ea73,UKMTO/Warnings/20250929_UKMTO_WARNING_033-25.pdf,E045,pre_onset,UKMTO_WARNING,metadata/manual PDF,,extracted,texts/18dc892ba10e08bc5bdba514c87de535f5d763d98b6d0c0ad7c61138de53ea73.json,202,957c6bbc9a16a0f1c8bee739e1e424326bb26b7fe9e2e585baf21b5527b2af61,267443
EV-107AE45355C4,7aa2d785ecaea546533db3e0c4510bf7bba49b7894f36eb0eead5b7927d8c5bc,UKMTO/Warnings/20251018-UKMTO_WARNING_036-25 - Update-001.pdf,E045,onset,UKMTO_WARNING,metadata/manual PDF,,extracted,texts/7aa2d785ecaea546533db3e0c4510bf7bba49b7894f36eb0eead5b7927d8c5bc.json,203,7f9645c0eee82cacf2f823c35b8d214502f39942564b0a7ef0dd7b61c9d93e63,234666
EV-57A3A2576E6A,3bb3e931b2ffafb12b56dc9dfb944511226916d833aab84a9bc88e59a0c10d13,UKMTO/Warnings/20251018-UKMTO_WARNING_036-25.pdf,E045,onset,UKMTO_WARNING,metadata/manual PDF,,extracted,texts/3bb3e931b2ffafb12b56dc9dfb944511226916d833aab84a9bc88e59a0c10d13.json,204,4a3f1ce6df2dfb87af74d4bca8170c112a1e195a87644c9e0eb5a0c73cdc4c4c,230061
